query_id,seconds
ce40d2c4-f403-4736-ace1-7fca9c722aba,0.0006395813828703467
647d126c-564b-46c6-a8a7-6eda23449e10,0.0006395813828703467
e8acd86c-e651-47fa-8440-2eb759a5f5ea,0.0006395813828703467
4d5a3c5c-4b7c-4633-a9f9-a39d9e885344,0.0006395813828703467
5bede7e0-5a07-480a-ba01-b2e7adffd4e2,0.0006395813828703467
b36e15b4-74a1-433c-8a0b-ad79e29ab837,0.0006395813828703467
6c512c5b-f2d6-471f-8984-5672f49f6fb7,0.0006395813828703467
da59acd0-881b-42c0-b403-4b39e44a591c,0.0006395813828703467
8e7e3452-5510-40d9-ac52-738cb7384ec4,0.0006395813828703467
68c18f33-3e20-4749-88f1-bb474eb30da0,0.0006395813828703467
e9a21d20-3a8c-47ee-bae8-2682720ec526,0.0006395813828703467
80a1cedb-aec4-468d-81ec-9d3ef02a8145,0.0006395813828703467
d423a7eb-9ba3-4492-aec2-d47c6a5161f2,0.0006395813828703467
f80d260e-da2b-4eeb-b123-4646f089d609,0.0006395813828703467
39576651-e3e0-4925-b6e4-1ca30630ee22,0.0006395813828703467
c005f888-4c96-44f4-875b-a769cbd6e20c,0.0006395813828703467
83eab852-6fa6-4276-af14-18d778ec1190,0.0006395813828703467
57972309-2b29-48eb-a6c3-cbdaeda41a84,0.0006395813828703467
68d9ab39-5f61-4047-83c6-7e07bba03a83,0.0006395813828703467
47335a90-c4ce-4bec-9871-a2ed211283cc,0.0006395813828703467
893ae90f-e924-45eb-a57d-e03bdf1fd1c1,0.0006395813828703467
0f89c580-f57e-48c8-a9ed-e6f5f8a944dd,0.0006395813828703467
719d5d4b-7781-4db5-8390-f585a00eab5b,0.0006395813828703467
b9f177c7-ef88-4fa5-83e5-0f8bf4d31fd1,0.0006395813828703467
229ce405-344e-4c96-a78d-1696fbab71c7,0.0006395813828703467
b94bc44b-a209-4657-ba3e-7c86c2c3e1a6,0.0006395813828703467
eef5462e-ecc7-4ef4-babf-7831fc73c909,0.0006395813828703467
5a8d2b67-0d7f-4f54-9108-c6b8dff6434f,0.0006395813828703467
ce0d1bd7-042f-4503-8ef9-3c0f04e5c433,0.0006395813828703467
056160dd-bd95-45e1-8f7f-c3649ee78e24,0.0006395813828703467
2da6c37b-e4a2-44c2-a6b4-ef9c9b3cc1ef,0.0006395813828703467
1d640f82-ac32-43a5-8ccc-8a502fc4f342,0.0006395813828703467
bf96e1b4-b4f7-4c7d-9004-20759bc39f8a,0.0006395813828703467
9fe11d6e-2634-44c3-84ff-35b6873d6750,0.0006395813828703467
f88e315c-c4d8-47ee-98b0-57b309221aa3,0.0006395813828703467
38878a2e-ae69-44f2-b606-b72dd15ddf92,0.0006395813828703467
094243a1-1a81-4b07-937d-007194798264,0.0006395813828703467
d86e4b65-10ba-44e1-8b17-e4b952e6f8af,0.0006395813828703467
3c4d6443-4cf9-4e03-bbb5-f06281ff7a2b,0.0006395813828703467
0281c798-3494-4ec9-a1ad-1a70e7fcf71c,0.0006395813828703467
f7f7e3ef-e4f0-418f-b1e2-81164989b876,0.0006395813828703467
b77a9faa-330e-41a2-b893-b0b98c448a3f,0.0006395813828703467
19183d8e-60a7-4d68-a838-3360e352a774,0.0006395813828703467
dc2e63b2-e6eb-462b-8227-30bf82d15704,0.0006395813828703467
46744b36-df02-42d9-bc8d-f70a245a83e9,0.0006395813828703467
a70ba480-c9fa-49ff-b4df-a68424d4635f,0.0006395813828703467
f39724f8-39fd-4fe5-a1db-4c366c2e6988,0.0006395813828703467
13a90db1-36ec-4707-ad2c-1c0afd34c24a,0.0006395813828703467
dac9ab34-e9a4-43c1-a6c1-299711a25985,0.0006395813828703467
1a3acc25-e593-4999-8652-612f42aff0f3,0.0006395813828703467
59ee69b1-f4d6-4cea-bc17-2ec1f066615f,0.0006395813828703467
b7ea0a28-9c7f-469f-a581-845e3ff2b383,0.0006395813828703467
305e9600-e316-46b0-9e95-2ef5dedd1178,0.0006395813828703467
3e7842a3-416b-4e96-97a4-444e96ff0655,0.0006395813828703467
55d7decd-7a10-4a37-9923-5e970c10be77,0.0006395813828703467
941f7ab7-04dc-495f-822b-6fc8f0cc34b0,0.0006395813828703467
b62518aa-0278-4bbb-823b-bd8c0295b153,0.0006395813828703467
4b0ef0af-25f3-464b-a238-80b0f96395d6,0.0006395813828703467
0b334104-8268-40d9-9ad7-05dbbe9bd30a,0.0006395813828703467
89aeefef-73f0-4da1-88e0-b0e381475595,0.0006395813828703467
08e79974-675c-4ce5-9e1d-952c088522d1,0.0006395813828703467
2b1cbd52-01d8-4798-aac4-3893c05a368d,0.0006395813828703467
0b23b2b2-5736-4599-a0f5-da43bee2461b,0.0006395813828703467
27dd4b34-cfc2-4cfd-97be-1fe008e3cdcc,0.0006395813828703467
6e1c9f55-c77a-4527-8170-e98a869f0f30,0.0006395813828703467
8f4c2f14-b410-42f9-9855-843cc57c5771,0.0006395813828703467
075fcad0-3d05-449c-b372-a07ebbe3d334,0.0006395813828703467
d5a55717-ccfd-4ef7-95a5-dc6bf0ad65cf,0.0006395813828703467
f723e4d6-b608-43ec-8f46-b0c6ce85bd15,0.0006395813828703467
d2e16cd5-565e-443a-b0a1-4a830d981bce,0.0006395813828703467
38cbff2d-02dc-4190-b053-d00e63654a23,0.0006395813828703467
a93e7f40-30ad-45f7-a3cd-19ee5d5dc492,0.0006395813828703467
af740e63-89a7-42e0-8590-798437f7490d,0.0006395813828703467
c36868e1-21bd-435d-a51b-e5c0f6b86306,0.0006395813828703467
c9d7b764-40e1-4090-a025-b06c50f1d6a0,0.0006395813828703467
8adda8ac-2a34-457c-8f8d-df128285da7b,0.0006395813828703467
055869b8-82e0-4321-94cb-6dcc0a3933c0,0.0006395813828703467
3061dbd0-d2ff-4692-94a0-e1e24bd09987,0.0006395813828703467
4d70a67d-9ada-4426-9735-919c642953cf,0.0006395813828703467
667eb8fb-d529-42e9-aae1-4f47c5fc14f2,0.0006395813828703467
ada03f12-0d44-450b-b662-54ac89504269,0.0006395813828703467
344b2a80-0461-485e-ab1a-aec252145cff,0.0006395813828703467
967cdb76-b6e2-4d81-bd92-d1e4508fc827,0.0006395813828703467
aa42b71d-d091-4982-8230-745b4352154e,0.0006395813828703467
69891229-9313-405d-a4b7-2d8d9edbad4d,0.0006395813828703467
9d5dad3e-14d6-47d1-89b2-febf0d64403e,0.0006395813828703467
b713f4e2-8589-478f-9641-10592d6adccb,0.0006395813828703467
7a987b7d-4618-407f-aba4-f400d076c2f6,0.0006395813828703467
e1fe9412-6c1c-4a1f-b358-9b8fddb37ad5,0.0006395813828703467
23a40595-4d16-4bae-a06d-90782f3c5d3d,0.0006395813828703467
e523314a-995c-4a27-9ba1-0774e1f160bd,0.0006395813828703467
d5fb047c-589f-428b-a708-ae2c6b69930d,0.0006395813828703467
f78f8e3c-a0b8-4a3f-ba6c-75118e124a9b,0.0006395813828703467
3eda1b15-51e0-40c8-be10-f4f137d38239,0.0006395813828703467
71380afc-fd03-410f-a6e2-69ccd15f720c,0.0006395813828703467
66df9bc5-b665-4eaa-9a55-c43ca060ce1f,0.0006395813828703467
6c15cc08-fa1a-44af-a4f4-6e527d830c3e,0.0006395813828703467
d7d68e34-2f36-4a12-88d5-6162f8495d32,0.0006395813828703467
1eecd927-ec6a-4f73-b208-1cf87dddaffa,0.0006395813828703467
20d6d164-7b97-4160-83a3-a333f657364b,0.0006395813828703467
988d764d-5cb4-4063-9841-b2a10498f8d8,0.0006395813828703467
c45d06c7-db3c-427a-bdb3-a2d96cc14f19,0.0006395813828703467
93d2366a-c962-48d0-a1f1-af84f4dc50cf,0.0006395813828703467
88642e64-82a7-4ca3-b5a2-28d3c2863d4d,0.0006395813828703467
afe555c5-8337-44b0-8afb-b9258593717d,0.0006395813828703467
505bb088-b4f1-443d-81d8-39c23e83c98b,0.0006395813828703467
81a21fc0-8876-4144-bc17-256dac1a34a3,0.0006395813828703467
beac4a2f-8b22-4ba2-a581-eff46c834bb8,0.0006395813828703467
d383abfb-8bdb-4729-add7-15646a2e002c,0.0006395813828703467
f54d10e2-3f25-4f65-91f1-07f412bd4e24,0.0006395813828703467
c616000d-04f4-446e-9d2e-29a663dc18e4,0.0006395813828703467
bf950026-be37-40bc-8a5f-b00aaa0079ce,0.0006395813828703467
51adf3b1-00f5-4de1-b6d3-6f584af23c39,0.0006395813828703467
1703f7c5-12a1-44c4-9b5d-494842810951,0.0006395813828703467
951f835e-6473-4947-88f0-e3ded9270ff0,0.0006395813828703467
2761b804-c889-4bd6-be5d-a24285588d3a,0.0006395813828703467
92d80130-47ff-410f-a6fc-4ea6c979d0d6,0.0006395813828703467
ad50bd8b-05a6-460f-9d70-5cd2b4eff870,0.0006395813828703467
64f15482-9f18-4b97-a13a-f349936a2481,0.0006395813828703467
60121f60-46df-4137-b3cc-2d6c3a706c2c,0.0006395813828703467
a2d3653e-388f-4a22-8655-db90c407cee1,0.0006395813828703467
5f611ba0-0624-4d64-b66d-53978f9edaea,0.0006395813828703467
4c39f148-8215-4015-b721-8d1976c22a36,0.0006395813828703467
b148fb30-aa7c-4a80-8a1b-923ebca0add3,0.0006395813828703467
157c3c0a-d614-4437-9b11-66ba60533505,0.0006395813828703467
8049a209-1c8f-4c04-87ac-578f5acf1eb5,0.0006395813828703467
691eaef5-3cd5-4866-824f-47aaf2735de1,0.0006395813828703467
60fd8745-ca21-4159-b5c6-2a732e4658fc,0.0006395813828703467
1714727f-aec8-438a-b9b6-ad7d77cfcfde,0.0010196601563166041
41b26e08-614b-4957-9fcb-ed99f1870429,0.0010196601563166041
d9a5a587-a6a5-4121-8c8c-001dd81dc6c0,0.0010196601563166041
0846600f-fc75-405c-8acc-53f0e32cfade,0.0010196601563166041
f7b700cb-4b59-4ff2-afeb-04241078870b,0.0010196601563166041
67cf1847-e02d-4b85-b6f5-5f7a3759e8d7,0.0010196601563166041
93df4fe9-827b-413c-a6be-f96f46be0f08,0.0010196601563166041
fe185fbe-17c2-4a4e-8716-bad69a237d53,0.0010196601563166041
699626ff-f911-4cbb-b305-afc74fa30dd7,0.0010196601563166041
4f36b3fe-d47b-4d8b-bb44-0773ad84143d,0.0010196601563166041
24d2e8bb-34e2-4a16-9bf6-3205e37724cc,0.0010196601563166041
2d972621-0292-43d0-abb0-7d527d13e97b,0.0010196601563166041
cafde594-c04e-48a1-b6b4-2457f05cb8ea,0.0010196601563166041
85358eaa-05b8-40fa-85dc-25ec1c6bc95b,0.0010196601563166041
d344ff04-9124-4fa1-b3f6-31fc96e8ba19,0.0010196601563166041
7cb6c94f-8a47-4afc-b2f3-d8438103babc,0.0010196601563166041
ab70a3f6-2d7c-4c9e-bd63-8f1cd8fe1a07,0.0010196601563166041
cca0c511-41d0-470a-9bcc-0055fdc70e08,0.0010196601563166041
a86ac8d7-a883-4c93-89cf-c024144e219e,0.0010196601563166041
9ca34add-2de5-4d7e-aebe-5e1f25cc1629,0.0010196601563166041
70f2d97b-0fee-4340-9bf2-f9d71db39063,0.0010196601563166041
917fec3c-28c4-4168-8d8e-d3368ff66b12,0.0010196601563166041
8685d979-9d97-4c13-825d-db1a449cd7d3,0.0010196601563166041
7c59593d-e306-4956-abca-4c1b908316a6,0.0010196601563166041
b4ec3927-afb1-4643-b557-078ba717cf11,0.0010196601563166041
a7c240c5-c90b-4f98-a1ea-8aaf2da66095,0.0010196601563166041
ede1fef9-7f4d-474c-926d-459437779e7e,0.0010196601563166041
3f3f444d-9f3e-45f0-8b73-13c351ff82f3,0.0010196601563166041
836849ac-8328-4f0c-a3d6-32bb1451d5f0,0.0010196601563166041
d595b916-f9b5-441b-92d3-9df795b1ea53,0.0010196601563166041
bedb37f6-4af5-4a54-876c-5a0ff4b86858,0.0010196601563166041
884adc87-8f38-4dc7-b673-94821d318857,0.0010196601563166041
5a434341-c21d-49bd-8c01-856f8a45f041,0.0010196601563166041
0687ac2a-fed5-48ea-8a00-ae126998736a,0.0010196601563166041
62a6190c-0143-4e60-bb6f-493db96e2422,0.0010196601563166041
f9bf75eb-decf-4344-817d-8b145bd2cbf1,0.0010196601563166041
0a462baa-bb91-4313-8f97-ee0537435c3a,0.0010196601563166041
1760d430-11c2-4556-ab5e-4b0a6438c9fd,0.0010196601563166041
c95da384-b781-47fd-ac4c-a46a3bdb760b,0.0010196601563166041
ec959bcf-9ced-489e-b3b4-f5f7498cfd46,0.0010196601563166041
23f2d026-9a4a-4d54-b0e8-436db2f130e3,0.0010196601563166041
4ad5a7dc-1f68-4a40-8647-cd2072befa82,0.0010196601563166041
05c2e5a4-28c6-42db-833d-e08b890cf49a,0.0010196601563166041
705d4665-fc05-4356-b257-51e38dd6d398,0.0010196601563166041
b7ab868f-e437-428a-b63a-36845d087ab1,0.0010196601563166041
fbc540d2-3774-420c-89cb-64016ab7dc68,0.0010196601563166041
a164f20c-6794-48fe-a0d0-19dbdb771586,0.0010196601563166041
d349e1e9-3296-4cb9-a8e5-2480925cf25a,0.0010196601563166041
f4d76401-b38a-41de-ace2-2fb9b1fe448a,0.0010196601563166041
edc627f6-2667-43bf-ad03-1aed2e691c01,0.0010196601563166041
336464c2-53fd-4fbb-b4a6-eb25e2915513,0.0010196601563166041
fb00a45d-574a-411c-b4d6-2d80641dfff4,0.0010196601563166041
4311fd7c-d35f-4553-98cd-baed1bd3a8e5,0.0010196601563166041
ae40a1dd-0bb4-42ab-9432-961e7e3ab6af,0.0010196601563166041
12bcdf27-de08-42ac-aedf-11843ca2ac54,0.0010196601563166041
a43cd5a1-1e22-4ea4-bb03-29b154aca319,0.0010196601563166041
1f04f297-3769-417d-9d9c-a0648b850ce7,0.0010196601563166041
05d9172d-3bdb-4bd5-b8a4-051d4fca663d,0.0010196601563166041
d5ca5e89-912e-454a-84e8-990982dd5a12,0.0010196601563166041
7466e908-1c91-4165-9ad1-9e1f504fe8af,0.0010196601563166041
2df7e93b-4e8b-413b-a2a6-3aabffc28d80,0.0010196601563166041
78e901ac-d5b0-41db-bdaa-96b6b303b9c9,0.0010196601563166041
2c41e0ed-312c-42cd-b9ce-1b9dafd2f740,0.0010196601563166041
ac3f3d38-c6a0-4fd8-ae2d-273569c8c365,0.0010196601563166041
862ea239-d3e1-455a-854d-4f4f8d4e9198,0.0010196601563166041
c06babd1-3f46-46c9-9300-e542a7abe671,0.0010196601563166041
cc5ee0c7-bb74-4930-8e9b-58b5c7ea2257,0.0010196601563166041
3eed2e16-01c1-47e9-834c-a04244d93910,0.0010196601563166041
c74dc0db-77c7-4988-9134-2c4372a4021b,0.0010196601563166041
0735a70f-90c7-40f6-9a3e-79904f20465e,0.0010196601563166041
b4560cec-dcf9-47ff-9372-b78bb6b5eedc,0.0010196601563166041
e606a81b-ba46-421b-b4e8-f65d3e8c902b,0.0010196601563166041
f6c2af2a-5370-4187-aef9-b3ae7062888d,0.0010196601563166041
d01d1064-692d-4d9e-8fa8-dcd6b8b6f78e,0.0010196601563166041
275f5228-7d5b-46f6-9f24-35680eaf3acd,0.0010196601563166041
a008bcee-e15a-4e23-bc01-88867dc0156c,0.0010196601563166041
16c96382-f867-4645-aa74-534f0e255fd7,0.0010196601563166041
0eb330a2-a92a-4380-84eb-58cc2b358e0a,0.0010196601563166041
c060da8c-fe2d-44ed-9d5e-981e015d3493,0.0010196601563166041
11f0e217-1625-4371-a9dd-59fc6b7579d3,0.0010196601563166041
db843ea3-dcaf-46d8-8fcf-f59de4bb3723,0.0010196601563166041
4fcf9a01-5b65-4993-91e8-3d97a36190d1,0.0010196601563166041
9d0df2ef-d04b-4f64-92a6-0d8b0dc0a070,0.0010196601563166041
a5b4b053-7cde-4605-b615-284952e77f2f,0.0010196601563166041
039bc7c9-dc17-4834-809d-11eebcd031cd,0.0010196601563166041
dc753547-47f4-47c2-9e04-d77ba90fcf11,0.0010196601563166041
29225af5-56b5-457e-8b51-c149cb78f89c,0.0010196601563166041
8dc3258a-bf6b-4569-82cd-a98cda8a1fc0,0.0010196601563166041
a2f0c20e-b86d-4a30-a87f-c570b1ff8f8a,0.0010196601563166041
8a91b87a-3b1e-4e23-b318-4c8fc1ae9891,0.0010196601563166041
bedfe4d9-ce82-4be3-aaa8-2fb45d599d6c,0.0010196601563166041
6d387481-7b37-46aa-8be0-9c51a2e68f06,0.0010196601563166041
e7428ecb-22dc-4337-b95c-4693d6c9e964,0.0010196601563166041
d4b36b99-8f97-4f6e-bdfa-7ad64c275eea,0.0010196601563166041
4fb2658d-3249-4f55-b872-c172fa0c7fc7,0.0010196601563166041
71725311-14db-4825-adfc-7da10ce4900e,0.0010196601563166041
8fc8fd2c-da90-40b8-a282-18f104cec7e3,0.0010196601563166041
467ace09-ba8b-45bf-bb9d-bdc562aa74a9,0.0010196601563166041
d403039e-f922-404c-a0d4-26acdcd09130,0.0010196601563166041
0ffd2d5e-ba53-43ce-a224-4af034d77d1d,0.0010196601563166041
554e16dc-c491-4398-a766-642858fc99fc,0.0010196601563166041
dcbcf3a5-f665-45d8-9fdd-22719ce672e5,0.0010196601563166041
bc834aeb-ce68-4287-8036-aa4198dd2efa,0.0010196601563166041
6f96a2b8-4241-4c77-a6c5-6157e8ac1d25,0.0010196601563166041
6cc32ff2-2c49-486b-8f88-7af99ca8cc8d,0.0010196601563166041
e402c272-4f0e-4ebe-badf-aeee76ea5b02,0.0010196601563166041
982b2d7e-018a-4c4a-bd7d-eea0090587af,0.0010196601563166041
6bad1644-6595-485e-8303-c71502e08827,0.0010196601563166041
076f3925-a948-4d93-a516-1febeed37cb3,0.0010196601563166041
f79c48dd-e597-4956-abf7-4369bd38840e,0.0010196601563166041
b806793e-abf5-44f7-b7b1-b7ce20f0fef8,0.0010196601563166041
551c2437-4d79-4714-a4b6-b79336a87fbc,0.0010196601563166041
4cfa329e-18ab-42cf-bcea-09324fb5402d,0.0010196601563166041
8266d224-3f31-43b2-bde5-3fff0c723bef,0.0010196601563166041
2f75d38a-4101-465f-9141-215b84d8e6e6,0.0010196601563166041
a375bcfb-f4e0-49fb-b536-2a747610adf4,0.0010196601563166041
3cdf7760-52d9-4f69-8ef3-82e7e7f638b3,0.0010196601563166041
2063f3b8-eee5-4013-a0be-70fbfdbb1d92,0.0010196601563166041
7ab268d1-6fba-449e-84d9-8225928cdff3,0.0010196601563166041
c23d1bb3-19a0-487a-94ee-85c5ceab3401,0.0010196601563166041
72edfecb-92c2-491b-be30-3518bf92166e,0.0010196601563166041
d8d37b09-40c9-49ba-8247-dad5bfd8a472,0.0010196601563166041
207979bf-794c-4dd8-ba5d-62c6d0d82a82,0.0010196601563166041
953e79d9-74d3-4617-9d28-af3cdc2bbb4f,0.0010196601563166041
6cd73223-c7b3-47a3-8e4f-5555e99022f3,0.0010196601563166041
733af1a2-47fa-4821-906d-1d4976ca4a29,0.0010196601563166041
5fdf835f-2e30-4e74-af74-ebc8f9058280,0.0010196601563166041
55ad6a04-54a7-44f9-8264-fc33c730e5bb,0.0010196601563166041
3046c000-30c5-45f5-81d6-0a835a1ff3d9,0.0008556158827559557
992e099f-cc53-4632-a7a2-823eafd333f2,0.0008556158827559557
3102049e-5005-48ec-a5a2-29e59039918c,0.0008556158827559557
eef9a778-125e-4bae-ab95-4676167467f1,0.0008556158827559557
967aec47-24ed-4b5c-aa36-214378e7a15a,0.0008556158827559557
8bd455ca-9caa-45d2-bded-df51af2f807d,0.0008556158827559557
24241c48-90a8-4841-a21e-8414c83cf526,0.0008556158827559557
742f34d8-c3ed-49b1-acbe-455378b1f328,0.0008556158827559557
1c98c7b7-c51a-4fd4-bf9b-ba446cae5b47,0.0008556158827559557
287bf522-418f-4ef6-b6f7-6cfe566cc084,0.0008556158827559557
82bc7697-cf09-4891-8b01-92331b443a9f,0.0008556158827559557
081fe9c1-0708-477b-84cf-ac9e87070fa6,0.0008556158827559557
e942c148-0e85-445c-b513-b8a95b3650a2,0.0008556158827559557
cd78e214-7b45-4a04-819b-60ce2683c8a9,0.0008556158827559557
f627a834-8aa9-4435-8fb5-1af7efe5aabc,0.0008556158827559557
1f73ebf3-bc79-4ce5-9c92-9fe9d0febd03,0.0008556158827559557
21042758-0361-4f84-b50b-3bf22dfa5bc1,0.0008556158827559557
e4d9a58e-bc7d-49d9-8710-f5dba507fa63,0.0008556158827559557
8df3cb2f-c1fb-4a2d-860f-d8d80344b403,0.0008556158827559557
d81ef840-2143-4c10-92cd-59da59ef7e7e,0.0008556158827559557
0958d079-fb71-4b6d-b193-a41d6f8fadf9,0.0008556158827559557
d4323185-59dd-46dd-a20d-373cd8f746be,0.0008556158827559557
cd3870e4-9c29-4f16-889a-4105c9909df4,0.0008556158827559557
d9839230-715a-44cd-98ee-4a440442d785,0.0008556158827559557
481a41d0-64f2-491e-bcaf-47368a3125de,0.0008556158827559557
62997318-115d-477a-9412-5f8c1ffd011c,0.0008556158827559557
645d19b2-4da4-491c-a881-cff611a473c4,0.0008556158827559557
ed7e0ec2-bd87-4a5c-9cfb-7ec9202fb197,0.0008556158827559557
95e2a997-c980-4a75-a5a4-08e5bc1d0174,0.0008556158827559557
5b8e3812-6ecb-40eb-9e40-a7fdf22db8e7,0.0008556158827559557
feda58e0-f7e3-4e79-bde8-d7cee59faaac,0.0008556158827559557
0ce595d9-81b8-4a03-85fb-73b8de3add40,0.0008556158827559557
73f54f90-2d59-4c93-bbf8-d4ca27e179b5,0.0008556158827559557
512ea79c-ce68-4e2b-9661-bfe81f12fcf4,0.0008556158827559557
425fff84-549b-4657-a769-743aa56b3f75,0.0008556158827559557
02d06b89-b291-474b-b040-673e431008a3,0.0008556158827559557
3951ea90-2801-4af2-829b-8553243acbef,0.0008556158827559557
670bc9f6-6aea-4d06-b296-572836b7ed72,0.0008556158827559557
fbc5ad36-a6e0-42b0-80e2-a211cac64d33,0.0008556158827559557
ca9e33f4-508e-46b4-844f-949851e8c0f0,0.0008556158827559557
1bd35f3d-ee80-4bcd-b3e6-c9ac896f8cb2,0.0008556158827559557
ba34f75b-9ec2-40fa-8e8e-b5903fd6d27e,0.0008556158827559557
aa1a944e-fef5-4028-bd56-e2b01059ed26,0.0008556158827559557
4590ae44-f622-4751-81f5-a2bf25fb8814,0.0008556158827559557
f56735c2-0080-4fbb-8f27-cdb448a877ad,0.0008556158827559557
a78e0704-51e1-4cf7-985b-0d00b48c1bae,0.0008556158827559557
4d61d73f-a439-427b-a6d2-fa29d59e6803,0.0008556158827559557
bac2ed05-7cd6-4866-b191-3c8bfccca037,0.0008556158827559557
6ce0bb89-5623-448c-a5e8-fabdddbc9f60,0.0008556158827559557
af99d1a3-d047-4d5e-8fb3-297e98737ae7,0.0008556158827559557
cf90d212-d07e-434f-9c73-cc8e91e035ae,0.0008556158827559557
e5a55273-fc63-4341-b804-3c3054508ce6,0.0008556158827559557
97f467c9-5f9a-4f34-997f-9e7ab04e5ce2,0.0008556158827559557
fbd0eab5-85f9-46bf-8913-edc789d7ffe7,0.0008556158827559557
fe0019a5-2ab1-4d44-a90f-3617068d7909,0.0008556158827559557
282d0d9e-7d1d-45cc-9a4b-2cf416542903,0.0008556158827559557
416a5518-ea91-4185-9872-a85cf5a77304,0.0008556158827559557
5396f871-0b73-4c51-9125-8123d4e48e8e,0.0008556158827559557
051bd1ff-49b8-439f-ac6c-9362d989f9e1,0.0008556158827559557
30d4b97d-ffdd-43d2-9f26-91b3e2381cee,0.0008556158827559557
9d86753d-2a7b-43b0-b542-bd842e24ef76,0.0008556158827559557
e7151810-c3f9-416e-9613-7e5c17bba502,0.0008556158827559557
285a2e52-b192-4da1-bf9b-6290c2e9e343,0.0008556158827559557
8fd3766f-7ab4-4a24-92ec-7829e94a97c4,0.0008556158827559557
f6887229-a32a-49e3-8602-20b3afccc4c0,0.0008556158827559557
59933cc5-aabf-4930-be33-630951605391,0.0008556158827559557
0d52599a-9fd5-4a40-96b0-2b2b9478881b,0.0008556158827559557
251b4b07-6beb-465c-8a31-d654524cffdb,0.0008556158827559557
093227dc-e229-463e-b56a-5d4f2e133edc,0.0008556158827559557
6d480737-35d8-4796-aac0-e7ce751f8885,0.0008556158827559557
8e59598b-a90c-4272-9c54-b6ab4358326f,0.0008556158827559557
60fee1ed-1c6a-452d-a81f-024a6c1888e2,0.0008556158827559557
ab4a7f84-9665-4c48-87da-23d9c5e8b23a,0.0008556158827559557
12c90d6d-b94b-499d-b5aa-8eb60bf2cf41,0.0008556158827559557
f13ef1c0-1bc4-4189-8b78-288aeb1426d3,0.0008556158827559557
35be31a7-fcc4-4ac9-ae60-e37260652fe3,0.0008556158827559557
8c9ee319-1c93-452d-a36c-70c1c7a492e4,0.0008556158827559557
0ae7d75e-5dbd-426a-aae2-04006e6f8db1,0.0008556158827559557
d005190a-7ea4-48f5-abc3-91c46b67f4b2,0.0008556158827559557
8da8236a-befa-41ec-a07f-d6a7a1e3989a,0.0008556158827559557
e2a2ec1f-2f83-43e7-9c3c-45c6df182182,0.0008556158827559557
53ea02b2-6ad6-4f4f-81fe-27ac49a729a2,0.0008556158827559557
88b99beb-4ef0-47f3-9936-4a18976fb081,0.0008556158827559557
38d0640e-f341-44d3-9a46-1e538e34dc32,0.0008556158827559557
697da988-0d30-45ec-853c-2c6a8f8daafe,0.0008556158827559557
f636d858-7199-4259-a2cc-da2b74683b59,0.0008556158827559557
117bcaca-a5bc-45f4-ada0-8c9bbf4eab3c,0.0008556158827559557
3c1a5346-99c3-4e47-a5e1-9c36ca43098b,0.0008556158827559557
5c21004f-189a-4876-a6ef-711ce0e92609,0.0008556158827559557
496cc508-4412-420e-80e6-436eb08fd0d3,0.0008556158827559557
afe16ebf-3599-4049-b682-7b2a71e2bd7d,0.0008556158827559557
75e3aaaa-1372-4143-b6a1-3451f1d82460,0.0008556158827559557
1aedbc12-571e-43fe-a617-1e851b524897,0.0008556158827559557
f3efc588-e040-4742-8306-a133a5e9de5c,0.0008556158827559557
81d87ad7-957b-4f58-a9ca-408de7ed96b1,0.0008556158827559557
32746711-fbf1-4007-bac4-f2175938b9b2,0.0008556158827559557
97f15d7a-840f-4034-abcb-9954f5792533,0.0008556158827559557
65226e9c-a366-468f-8772-65460a560c2f,0.0008556158827559557
6feb59eb-adbc-43f6-bb07-c7e412f4f141,0.0008556158827559557
b203434e-cf2f-4077-a3de-dda918e830ab,0.0008556158827559557
2f178cb8-cf66-4ebb-af1a-3c22b23c269f,0.0008556158827559557
69c004e4-7f43-42e2-9370-031f2b54c060,0.0008556158827559557
f552f031-9825-4c5d-8fff-4731d4ea6ca1,0.0008556158827559557
eb13a23f-617e-48ff-978a-68a949a0cf8d,0.0008556158827559557
3623cc21-e689-40c4-9151-481f9306aa3b,0.0008556158827559557
93d3a92a-384b-4970-9c08-fa7e992b9e27,0.0008556158827559557
a387f642-c1d3-4e22-9dea-b1c1fcdc2f71,0.0008556158827559557
877155e6-4c28-4d27-8c95-e9a92b9ce895,0.0008556158827559557
313bb4b3-c2b6-4a23-a3c4-7ef67ab7c189,0.0008556158827559557
cc46fb62-0276-47df-b2ae-778165535391,0.0008556158827559557
8995bfb4-de83-49d0-a59f-cd65e37b555c,0.0008556158827559557
222bda09-9202-49c3-a8b3-b093a96b3ed0,0.0008556158827559557
c5acbae1-6db7-46f8-ad9b-554ea36fb4f2,0.0008556158827559557
4cfa1032-d64d-4a86-bb1b-58c78de439f6,0.0008556158827559557
d5d6cf6b-feec-4e99-a088-a255e56e1392,0.0008556158827559557
bd8e1d16-d5aa-412d-8bcb-15d450d5bf9e,0.0008556158827559557
b4e17b86-30a1-4ac3-ba0c-8c8c6d0d2719,0.0008556158827559557
c5df20d6-a0c8-4c58-8e47-8b9cb502ad91,0.0008556158827559557
699f1765-0f1b-4e4b-9b5f-7710239ae50e,0.0008556158827559557
acfdd5b9-7082-4973-9e27-be4c59cae61e,0.0008556158827559557
7a2e3ae5-8aaf-4275-af0c-6501bb5e9f25,0.0008556158827559557
1b9eb295-e4b8-4165-940a-686660d9f1f4,0.0008556158827559557
b2d27335-13e4-4bfd-98f7-c65f82f6a24d,0.0008556158827559557
2bf9a453-edec-4d4b-a7b0-1b5027dc48b7,0.0008556158827559557
39f760b5-b426-4fa5-90ef-9db8b7921057,0.0008556158827559557
56d72f39-44e1-437b-a700-bfa5ccb8f4a7,0.0008556158827559557
54604cb8-9f4c-4283-99aa-5c58be679ea9,0.0008556158827559557
b5127cfa-42e6-4e5c-bc8c-880e58d1849b,0.0008556158827559557
4f1588a1-8abf-4336-b948-39d23dc5b4a6,0.0025715999296380687
e2e8959b-4930-4c76-b00e-3d49832f63af,0.0025715999296380687
eb23d0e5-7582-42d8-9440-a873474cb379,0.0025715999296380687
1287e5a4-85ca-4f71-a0d2-a606b96c8e48,0.0025715999296380687
75972d3b-7fb0-470b-aedd-443dabbbea59,0.0025715999296380687
9ded19cb-5f60-4aad-b1af-810ba0fc00b5,0.0025715999296380687
e6eeda3d-6376-4d73-8c62-83254ad69c67,0.0025715999296380687
548fb8b5-9a01-4807-92ea-9ab715a52f26,0.0025715999296380687
f4cbdb97-0ab5-4599-8b6f-51c4ffa7d012,0.0025715999296380687
89f30838-e702-462a-862b-cdf60bc3a2a3,0.0025715999296380687
ac77c0ed-f049-456c-8587-e2f652c66e82,0.0025715999296380687
a0d1f96b-6c40-4f09-a2d2-254130df9a49,0.0025715999296380687
7a21ee95-5567-4225-915c-822bca14c76f,0.0025715999296380687
e7663556-7ed5-4d48-89a5-e9becb70ef4d,0.0025715999296380687
345e9cb8-e50d-4aa7-870e-b10c272df883,0.0025715999296380687
a3d730c9-3b70-4f5c-8f48-8bf2644c831e,0.0025715999296380687
d8adc9a5-de54-4a2f-8c96-95c687166406,0.0025715999296380687
2e130706-240b-4963-a3ee-ff3424350552,0.0025715999296380687
8ed6a725-37cb-4ad4-8c8a-0ab2e7f359b1,0.0025715999296380687
8749b1cc-d864-4268-af43-51c1f378a38d,0.0025715999296380687
9f6b4432-5cb0-4d1b-b743-3ff3b84753d5,0.0025715999296380687
c00a37c4-6db1-46fb-8014-ba9178f45c52,0.0025715999296380687
834be6a9-7451-44bf-a7e8-891a23e1474b,0.0025715999296380687
0d21452b-53ba-4bcf-b8e4-40c127fc8397,0.0025715999296380687
d7e63ed1-166c-4db9-9ddc-a10ad3c36af1,0.0025715999296380687
bbdd0b1e-544e-49a1-8644-c2af4a299ac0,0.0025715999296380687
1110591c-961d-49e6-bc79-ce28d1e7e601,0.0025715999296380687
f21e1414-fa9c-44a8-b8a8-119a4d89f5b4,0.0025715999296380687
e3d2078d-d516-41d6-8fbe-445ee96b0f2b,0.0025715999296380687
f8909bae-79eb-4fca-8bfa-afeb4a0461cc,0.0025715999296380687
176998fd-61e0-42c7-b104-b25d2e9fd051,0.0025715999296380687
6f0d9822-9311-4a91-b214-5d639c3d6ab8,0.0025715999296380687
fe53ffb0-4030-4787-a9df-ff7ff5303787,0.0025715999296380687
0f967525-8077-4607-ac6c-56c0734f204e,0.0025715999296380687
feadb274-2d51-420e-8ad9-275ef3d0c371,0.0025715999296380687
35154903-3d77-4d3c-be5c-6133d38fd576,0.0025715999296380687
ed2c4ebf-8793-4388-8edb-715934fd9f18,0.0025715999296380687
d5957b15-956a-4bb4-a555-d5ada7e0ec74,0.0025715999296380687
f03c1d31-0398-4209-bbf8-673218fb901d,0.0025715999296380687
601f643a-d98f-4b30-9b0f-ddbb5eb09046,0.0025715999296380687
bbc1fd3d-8783-4ff1-9c73-59e5bc0ba29a,0.0025715999296380687
a03a1448-c571-4984-8892-83f7b9b4b7b6,0.0025715999296380687
445adb27-c8eb-4d68-bf52-eb8220394288,0.0025715999296380687
d5b9a0c1-845b-4d13-8709-14954e5ad60b,0.0025715999296380687
fb9b7db1-eff9-40a5-94cc-d9490ca1325f,0.0025715999296380687
6213ab28-cc72-452c-8041-c1bb20c2e680,0.0025715999296380687
18ab52db-c774-4617-8041-2ebd309af4a6,0.0025715999296380687
64f84cfb-33f4-4f06-9648-46680b86398a,0.0025715999296380687
cbdf59d4-fcd5-4180-bb10-f3a547498682,0.0025715999296380687
cfb6e472-45c9-4216-bf53-9726c0696e6e,0.0025715999296380687
5f205815-474a-48c9-abab-3c3a0bffb6cc,0.0025715999296380687
5170cf91-d937-4be8-aeb9-84811d0418ca,0.0025715999296380687
c2056b10-5bc0-4786-b51c-89bc512903b6,0.0025715999296380687
f8fea95b-fc39-43b4-a1d6-05d0950682a8,0.0025715999296380687
5089e4fc-eae3-4462-8e32-1c12daea385d,0.0025715999296380687
d7aaaec5-53f8-41e0-b5a4-c710fb67a872,0.0025715999296380687
bd0f9a7b-30ca-4b96-8c69-f2b8cc8e251b,0.0025715999296380687
9c3be7a2-6c9c-4ac0-9572-d6ebda2f5a62,0.0025715999296380687
8ef7d4f6-a851-46f0-96dd-304c150ca78b,0.0025715999296380687
c84a726f-50bd-4a2a-9762-2ec7df349a2c,0.0025715999296380687
849526f0-7ac7-43fa-aba0-84505c2ca6bc,0.0025715999296380687
f1499ff7-523a-4fcb-a412-356a46c539d8,0.0025715999296380687
e7885e66-9cef-47ec-8d35-237d274fee9d,0.0025715999296380687
9c22ddb0-7641-43f5-afa0-8432c80e0eb2,0.0025715999296380687
7b28abac-cb93-4c5a-b9a3-c210e8b30611,0.0025715999296380687
cd86dbb9-b840-41fc-aad9-217117039389,0.0025715999296380687
69c32115-120e-4a58-91fc-c68c942d2d65,0.0025715999296380687
0af6a489-675f-4107-ab0d-c6f16302c21f,0.0025715999296380687
318bcf9f-5a5c-455d-bb88-13a6011ac691,0.0025715999296380687
9bd933a7-0e94-49ca-a20a-8580d6e73f81,0.0025715999296380687
0ab0d496-dc0d-4adf-9e66-7a11ff4b9d83,0.0025715999296380687
b89fb8d3-e77e-457b-8485-7c4285fd350e,0.0025715999296380687
df1ab393-f56e-4f29-a1ab-3fda0b825ea3,0.0025715999296380687
c2fd0b6d-ec0b-40d0-a7a6-2e16e4857a9c,0.0025715999296380687
4930afff-811a-4215-b8fa-90e8884d62cf,0.0025715999296380687
0ad42207-8433-42cb-96af-751cff310c85,0.0025715999296380687
fc733a08-fc69-4f90-9bd5-aa6cce9732ec,0.0025715999296380687
84642642-c875-417d-825e-bbca372a68ab,0.0025715999296380687
40776496-13cd-469e-a4cf-481a998cd568,0.0025715999296380687
aa26eff7-d928-4fbd-b133-685fb792db0b,0.0025715999296380687
c51d4dc9-2170-41e0-b701-e7d3924c4f1e,0.0025715999296380687
1928d3ca-293c-4f35-806e-9ae96743b22f,0.0025715999296380687
e798253c-3733-486d-a0f0-3185897f5cd2,0.0025715999296380687
94ffe3af-cb69-47fd-b1ca-2e7e3544b048,0.0025715999296380687
0de02215-f275-4d6e-a034-1ff7a3b74a13,0.0025715999296380687
a46435ba-4aa4-425b-b371-4ebdac290595,0.0025715999296380687
81c986e7-2ef6-4cb0-95a3-ca71a9a879d7,0.0025715999296380687
e90d520e-0ff4-4d5a-bb78-7237c044c6b8,0.0025715999296380687
d45479a4-f2ca-4a94-8e80-63f27bbd8db7,0.0025715999296380687
b12d49ad-b856-4f52-a769-82e365e7417c,0.0025715999296380687
5e66d8a3-37c4-4ba9-b481-fac0e4703405,0.0025715999296380687
1731f468-4169-45bc-92d5-4ac2b87eb430,0.0025715999296380687
541e8ea1-2f48-4e32-b79a-a747054c02ea,0.0025715999296380687
cd09736a-9a55-4823-9871-eed158f796ef,0.0025715999296380687
f345de14-4861-4fb9-8a5b-68a8d9ecdc0a,0.0025715999296380687
e009836b-1ed1-40e7-b149-723c9dd89fcf,0.0025715999296380687
34bc539f-20cb-4b3c-b5cc-dfdd93c00852,0.0025715999296380687
b5867ac1-adfc-4dd4-b911-981ea6d05d76,0.0025715999296380687
9e50b3f2-8e26-49e7-91e3-17124f0d4e7c,0.0025715999296380687
c93b2532-a736-4095-9089-c827feab4c64,0.0025715999296380687
1fa5debc-d58c-4c90-ba2b-96cb2ee8e355,0.0025715999296380687
d5f792ff-9758-4f90-ab6a-eee3465d7381,0.0025715999296380687
607aa191-6aa8-40ad-a4b4-3bfc24b0a728,0.0025715999296380687
703f6420-caf1-4356-a851-6fbc8c403285,0.0025715999296380687
11bec764-b7f9-436f-b511-fd0c7a5d9887,0.0025715999296380687
0bb4af1c-8f08-4397-bd5f-18bc733a38c5,0.0025715999296380687
8a01cffa-842b-42ca-a19c-4005529ddd94,0.0025715999296380687
95a0ac98-e181-43d2-b9d0-b7f4fe2626e2,0.0025715999296380687
8a4e5001-9196-4256-b860-21e84ee479b5,0.0025715999296380687
e97725de-6d88-4b38-8559-966d86718037,0.0025715999296380687
1f936fa4-53f9-453a-8b5f-b94fc2838acb,0.0025715999296380687
2c13d9c1-c817-4414-989c-7dab0b84c82d,0.0025715999296380687
37cbac94-e2ef-4188-880a-d24e4f617566,0.0025715999296380687
d704ac53-fdad-4f7c-ba73-1d3a08ce232d,0.0025715999296380687
52d12d53-7ea2-4987-8fc4-6594b42dc25e,0.0025715999296380687
cf788199-e4ca-4820-ac38-fc87a51c3a64,0.0025715999296380687
789f55b9-66ae-4935-af5a-63a0bdfb3bdf,0.0025715999296380687
d4b8c473-bb43-4d73-84d3-93d16b17ddf7,0.0025715999296380687
d305fce6-449f-413f-b597-bddac6185ae0,0.0025715999296380687
1fe7ca9f-40b7-4f86-91d9-9296fc472fe3,0.0025715999296380687
94813fae-4cf7-47db-b988-01550f3ae389,0.0025715999296380687
388e9586-84d4-4424-98c5-bf78a1ea2f19,0.0025715999296380687
d4d0f138-1234-4a0e-865b-321fa4aa424d,0.0025715999296380687
a100cedf-ef90-4c8b-bd6c-09b757056fff,0.0025715999296380687
84412101-d6fc-4a9e-be32-bddab978dc0c,0.0025715999296380687
2f635d19-84ce-4804-9a70-4fce5b9aef40,0.0025715999296380687
6544e18c-5c50-4067-b41a-6905bea78364,0.0025715999296380687
f99e2fcd-70aa-4d0e-8bd1-d7fb68f8f266,0.0025715999296380687
3c847cdf-10c8-49e1-b0b2-2d22f6289d9d,0.00161961197659366
88842946-7c8f-4b84-b837-dacdad4b7d39,0.00161961197659366
1134c5c6-ac89-4360-81f5-d6ad2dad1eb1,0.00161961197659366
23c4680f-8599-4f32-b076-c5ab69670543,0.00161961197659366
e06eaa5a-a6aa-43e8-8070-df1581ec34b7,0.00161961197659366
68b1cd57-68b5-4494-869b-fce93bedfb22,0.00161961197659366
3f2ac1d5-d792-4cd5-a870-5e02c32b9ade,0.00161961197659366
ca313cf5-a896-46d6-b236-66cf4d4713ec,0.00161961197659366
6e23db59-2843-4b5f-9209-0c7fbff0b342,0.00161961197659366
1fedb316-5837-43ec-a64c-906130db1efe,0.00161961197659366
b3022f2c-5b28-4e2d-89ea-4e8307ece8eb,0.00161961197659366
11baa045-5386-4d3f-948f-bbf079f9acf3,0.00161961197659366
631743eb-1e98-4a41-aea8-e5e1562d2ef9,0.00161961197659366
5e4508c9-5d7a-46b6-bb8a-7fadcd9d6778,0.00161961197659366
5aa9c3a6-2720-4c4e-bba6-bc8e7448d8d5,0.00161961197659366
2c3317c8-7849-41a6-999f-9bd8caccc294,0.00161961197659366
0231b184-35a8-44b5-8a18-0e4d9bcef94f,0.00161961197659366
eee8e9d9-6cae-4592-82f8-6c33c41312ce,0.00161961197659366
a6fca1c0-ee41-4b39-95c1-fde3606854d4,0.00161961197659366
f61b1923-7b24-4d8c-9175-aa774573b0e0,0.00161961197659366
bef7d90c-0bdd-42bb-8f43-9dbb9e3ffbad,0.00161961197659366
6ad55f4a-f074-4d73-95cb-927e996dfa11,0.00161961197659366
d3d5b094-d2d5-4372-a987-4853447b4822,0.00161961197659366
6d44f75f-f875-465e-9ff5-2330291a0e10,0.00161961197659366
1232c071-970d-47ae-acdf-88c32a285920,0.00161961197659366
85bfcfd3-fd1b-4bb3-af3a-b71b504a4641,0.00161961197659366
67af6597-8e73-448c-88ec-1a76943029e5,0.00161961197659366
4a1530f2-5ca5-4f88-8c49-236b9086b3a3,0.00161961197659366
628aa151-34ff-495d-96c3-de19477c112f,0.00161961197659366
5d3e6ebf-24de-4a7f-9e24-42950a6ee913,0.00161961197659366
7e523961-d57b-452a-87e9-1fc96a1dd0f5,0.00161961197659366
057c6c18-7f95-4db1-9599-7dab9edf9d3a,0.00161961197659366
0862263e-e153-4eba-879f-8075bed8910d,0.00161961197659366
03a8c72a-aabb-4093-bcfc-158e05306a9e,0.00161961197659366
c85ba63e-f021-4e4a-a7c3-ef75a35e98a3,0.00161961197659366
c08341b4-2e06-4d5c-8eaf-ea7d13022556,0.00161961197659366
46fc95be-74d6-4806-b543-ae4fd902a3a9,0.00161961197659366
1b046691-451a-4aef-97a2-666bd7a8b3cc,0.00161961197659366
a1a3333f-d99e-4df9-a505-445301732c3c,0.00161961197659366
ebdb7c73-94d2-4dcb-9151-837e0c64a533,0.00161961197659366
10c9e8cb-a706-4c93-9304-59b29189b8b4,0.00161961197659366
b90ba09d-64ef-4b60-8b3b-9cabd98c168d,0.00161961197659366
dad37376-34bb-4e41-a6c4-17fb0cb0b8b6,0.00161961197659366
35d74a4c-7064-45f3-b1bc-7580d1f9715e,0.00161961197659366
1749d174-45d3-4563-8caf-18a2b50349b3,0.00161961197659366
448256e6-4c08-496b-b6e5-880b51b50d84,0.00161961197659366
5a3ba67c-6190-453a-9947-1ebda176d033,0.00161961197659366
511ba024-e5ac-495f-afa4-e502d1591c14,0.00161961197659366
83d1aa42-d9dd-46d0-a655-0acefd623a16,0.00161961197659366
41f9fee3-c0d2-4988-ba2a-bdc92c16bf4f,0.00161961197659366
f9ae2d21-9f7f-4b52-88be-41a5690ddb78,0.00161961197659366
4e8d15a4-3bfb-4a15-85c2-dc77ea78b8f5,0.00161961197659366
3acb6e20-a6a4-4415-9724-7bef4c9ea678,0.00161961197659366
81e370a9-dc70-4d11-ad83-6ff153bfe7f1,0.00161961197659366
1070dc63-572d-455a-9823-7f55dc33fb03,0.00161961197659366
09a01180-7209-43b8-9048-c099026dcdf5,0.00161961197659366
df815310-04be-4a22-afdb-7e44c82cb6df,0.00161961197659366
702df064-c417-4f0f-bf82-487b9a175518,0.00161961197659366
ffe67eee-12f1-4e03-b356-3b3dcbe9e258,0.00161961197659366
356292c8-890e-4cd6-bcd9-b93041505913,0.00161961197659366
8ebe894c-eae6-47a8-a832-a13d0c786819,0.00161961197659366
29029d95-212d-4b97-a9bc-26db57d7cc51,0.00161961197659366
ed3f1e97-bf9a-49bf-9aad-ff333dcf6969,0.00161961197659366
f5322638-bfb0-4dbc-8a36-24116ebf9d5b,0.00161961197659366
988574a2-c703-433f-9254-aa2826ff9c43,0.00161961197659366
9f229582-04f7-494c-b0dc-ea3d068e6d82,0.00161961197659366
90640f17-69b9-4174-a952-53edc1b4a0c2,0.00161961197659366
ca9d2e7c-184c-4d8a-9a7e-6c9556e8216a,0.00161961197659366
2c50b32b-940c-4baf-b452-9f041758082b,0.00161961197659366
2b1155d5-e913-4319-b824-3a28ee1d7b1b,0.00161961197659366
a068b8c1-b41e-44d4-a45f-a96a658d576d,0.00161961197659366
da50a2b0-6db4-4606-b3ab-f0d35176eebd,0.00161961197659366
3094dc94-e390-439f-ad27-71a2ac3ee01e,0.00161961197659366
d7bd05bb-d322-491d-a87d-438b90261d63,0.00161961197659366
d0e59490-a557-4a02-88ca-e9d25400ac89,0.00161961197659366
283e4199-324f-4f60-9536-76cd34a4028f,0.00161961197659366
0e8896fe-1f5c-4811-9f75-184dc8428a11,0.00161961197659366
2daf6f14-2e85-46f3-bca4-bc138fd07497,0.00161961197659366
05cb7326-41a4-47f8-902a-eca637014fbb,0.00161961197659366
6d26bea5-44c2-438a-bfbe-2263ca37fab1,0.00161961197659366
10ddd320-fab9-43b1-8934-9f4c64e134f1,0.00161961197659366
aa52dc4a-3be2-4018-85bf-cd0fcfafc754,0.00161961197659366
9f13a4bc-bfb1-46d0-98f7-9fe22f9d08f9,0.00161961197659366
69c452e3-984a-43f9-9c90-5718e02a12f0,0.00161961197659366
8d06cfb8-7616-46ad-83e5-2327a9821e78,0.00161961197659366
699fc939-90d8-4796-84da-898d0ed057eb,0.00161961197659366
50be69b6-00a2-412e-a1e7-e918bc20b735,0.00161961197659366
7d6ce844-7386-466e-8b4c-5d84e55b68ab,0.00161961197659366
9a051df3-02e8-4877-9583-d85a83299b9f,0.00161961197659366
8b0737b5-85a7-4df0-aed6-8e44c385cbdb,0.00161961197659366
ad5f7b36-7ef5-43ed-a347-2c30a440b2d3,0.00161961197659366
2352ce16-c20f-4f4a-a1a2-4d3dc7c33a4e,0.00161961197659366
c650c500-425b-4846-a450-13f034803a68,0.00161961197659366
7b8e0821-e3dc-48d2-a3d6-dee4e8a34b5a,0.00161961197659366
56b542d5-06a7-4140-b802-b2c4c31aaef1,0.00161961197659366
6fc0de71-dd1d-475d-b62c-c83a2505dfe7,0.00161961197659366
110d5634-5668-49a5-8daa-11024a9d53ad,0.00161961197659366
7e57fc4c-d09a-4049-8901-f2effae215da,0.00161961197659366
8f79cdfc-2a75-4bf7-8e93-76211965af2c,0.00161961197659366
30d05772-ad85-4fd6-9ab7-2b898ef56d4b,0.00161961197659366
f9bcd73a-b803-4285-93b5-53e3c472b816,0.00161961197659366
179a63fe-6e98-4df7-824a-2949d4860448,0.00161961197659366
5de5d6d1-e5a8-43d0-b1b5-8d10ad20fc82,0.00161961197659366
aa7978ac-e8ca-4df7-8ecc-a32c10fffd4c,0.00161961197659366
406864d8-3c91-4639-b53c-a12b5e74fd3b,0.00161961197659366
aee3d7f9-d739-4b0a-93c8-ab20c9caa46b,0.00161961197659366
a8f6af0f-ea22-4903-b492-3166a728493c,0.00161961197659366
6167e9ee-519e-4c6e-9334-2c5df1e90cd3,0.00161961197659366
c9f9a8c6-dd0d-45ec-ae72-aadfb2e7e342,0.00161961197659366
47d62e6e-112f-4014-b0f9-146f78a80dc9,0.00161961197659366
564fd452-6080-42ee-af73-12d3bb62f8fb,0.00161961197659366
c682e5e5-d42e-47e3-ac01-2a767dcedda4,0.00161961197659366
4afd6629-2388-4d71-8343-416d1a1b24d5,0.00161961197659366
b7e5b18f-b4e5-4e55-918d-6ed9434fda11,0.00161961197659366
106b69cc-ef67-44cd-a008-bb6a730272fb,0.00161961197659366
7d4428a6-3ca4-4ca6-b3bd-6ca2b4b47888,0.00161961197659366
257c2397-a683-467f-94e0-28c613001e95,0.00161961197659366
1e664ad5-dbf3-497a-94f5-980368f9d287,0.00161961197659366
94e26ab9-530b-4750-9bc9-15d6ac0e9f7c,0.00161961197659366
6d5cd0ca-9626-4462-80fc-ee1428f83b51,0.00161961197659366
1ff02486-f403-4e04-8dbb-351249d391f3,0.00161961197659366
7bdbb78d-67c3-462e-b20b-8800e25ba88d,0.00161961197659366
0bdd6104-9cb4-48df-9a38-971590d0871e,0.00161961197659366
f2208e24-4bb3-4fbb-99be-b386846e1165,0.00161961197659366
cc6876e7-e288-45fb-b8ce-e824d5e6ae18,0.00161961197659366
ef0a2967-6d8b-4b62-8f91-08f64ed1d18a,0.00161961197659366
477ccb15-2097-49dc-b236-99fb4ec9c280,0.00161961197659366
81f66898-bd78-4be7-b6e2-34672a5e672f,0.00161961197659366
2e41b453-78a2-456a-93eb-dba14f0f058d,0.0007771139296437468
040adbfa-c293-4c6f-9c71-aa67d9ba2f5b,0.0007771139296437468
4a64104c-4669-4119-b00b-ca7eb79a94a3,0.0007771139296437468
d7a34fef-e4f2-4f9f-9d4d-ac6d699bd5c1,0.0007771139296437468
77fd2d88-8fae-4b66-b99b-f1fb5bffd3d0,0.0007771139296437468
57ed956a-399c-4735-8035-17b80d90cc30,0.0007771139296437468
b29e65d5-724f-49cb-8cec-abb03b2a3e6d,0.0007771139296437468
4440c399-ebce-4ac9-acec-84c1ae9ed152,0.0007771139296437468
f8677a56-a1b0-4f1c-8776-64c71ab0ea73,0.0007771139296437468
a8064131-f501-40c7-9f3e-3f52bd3f82ee,0.0007771139296437468
9ecf27d6-7086-47de-b8f6-a81d15b36109,0.0007771139296437468
fce97fdd-c14e-4720-90ca-e763638ed362,0.0007771139296437468
6cb457d7-866b-4441-8317-e84dafd90f2e,0.0007771139296437468
2cb3c9ef-24c0-4769-8b2a-bf07470d8e45,0.0007771139296437468
7e544f8f-6e3b-483b-8f37-104ada6b98e5,0.0007771139296437468
47ee4926-2275-48a3-b2ac-691294e1f1bf,0.0007771139296437468
0aa37313-2a01-4b30-a2e3-046798e21be7,0.0007771139296437468
656a2f85-2924-471f-92f8-8dc6e1819416,0.0007771139296437468
bf7a048f-ff16-477d-a37b-410b52f5924b,0.0007771139296437468
986856c2-a14c-4912-8ac9-218cdfa88e79,0.0007771139296437468
8bd87dd3-e039-4a01-a63d-8d83068be6fd,0.0007771139296437468
70b978a5-266e-42cd-a56e-685cd8899ad3,0.0007771139296437468
8f38a4f8-62ae-406d-aa41-7c0399f43df0,0.0007771139296437468
747ba60c-3c58-48bc-abc5-45ccf8260639,0.0007771139296437468
5909fc35-184f-4bdd-93af-6c9998e351d1,0.0007771139296437468
091fef53-7f77-4e05-b51e-b2e4b0854ae8,0.0007771139296437468
e8e56c41-07fd-4818-b197-958134998088,0.0007771139296437468
2b042f4a-cc44-4451-b598-8ff3fb81bdd4,0.0007771139296437468
024876b0-2c20-4cf3-8b94-d6a605497842,0.0007771139296437468
384ba587-858f-42ef-812d-23787b01ab37,0.0007771139296437468
0a235b6e-de89-4c48-8561-a6b33e067c07,0.0007771139296437468
b39ce86c-4319-4d41-ad7c-23601ad3b67e,0.0007771139296437468
f2c63071-98fc-41c6-945f-b6cde35fb055,0.0007771139296437468
9017e734-b3ff-4d46-85b2-7dcc0fc46dba,0.0007771139296437468
203055a5-8783-4d0c-ae95-9c5d37faee77,0.0007771139296437468
f63d68a6-0484-442a-867a-cf00e5cc097b,0.0007771139296437468
705b0382-b401-41b1-9526-cfbb7c5c2a03,0.0007771139296437468
dcef9193-3c5c-4562-93bf-f404be179d96,0.0007771139296437468
5501c302-3f32-470f-b5b6-01335c7111e8,0.0007771139296437468
12a3bc9f-3bd2-47ba-882b-afb6b53bd08a,0.0007771139296437468
a1c4e5c7-eeca-4b1e-aa24-afafd0d7eac6,0.0007771139296437468
00e67f3c-dd68-4322-8467-5840f5592467,0.0007771139296437468
2fc5577b-707e-4629-9258-177e03f53aa1,0.0007771139296437468
07313beb-eaeb-43fa-8359-1f974b8b8958,0.0007771139296437468
2416ff87-d6c8-4168-996f-091cb60bd9bc,0.0007771139296437468
b95f4238-1411-4e83-b265-81c538df9a73,0.0007771139296437468
eac44ba1-c3c5-4401-9e37-a7897ce0bdc9,0.0007771139296437468
80ccb4eb-b6e6-464f-a7bb-4ad952418b7c,0.0007771139296437468
8911b153-23b9-42f6-a2f1-c96943c0319b,0.0007771139296437468
1fb56573-02f6-41ee-a7dd-eb67326cbe3b,0.0007771139296437468
12d548ac-ba46-43fd-b1f3-952d4b89adb0,0.0007771139296437468
0dbc05bc-ac4a-4125-807b-1a729999baff,0.0007771139296437468
da34e4ee-0ea9-4a27-bd12-3a6232333562,0.0007771139296437468
36659075-a811-469c-a162-f20bf69a8420,0.0007771139296437468
cb036dcf-6d57-40dd-b0af-f97cf9b057fa,0.0007771139296437468
9a0a54b9-17b2-4455-a918-be98526aa4ed,0.0007771139296437468
b26efb75-ec73-4f11-8fe1-c2cba842ea92,0.0007771139296437468
e9f8edcc-753c-421d-b571-3ac3c2e676b1,0.0007771139296437468
3316bb3a-90c8-4046-8cbd-5a2aa752dc20,0.0007771139296437468
212aab96-4130-4853-99bf-17c950318984,0.0007771139296437468
0c519264-f5e1-4ec3-ba2d-52cdb1d0a2cb,0.0007771139296437468
58445000-aa4d-4808-8672-5fd53c618f6f,0.0007771139296437468
3e418d46-5e8e-45af-b7a1-7a39619b9c6a,0.0007771139296437468
403e94cc-7553-4de7-ba72-4a8c3db0770b,0.0007771139296437468
cf2cbaa7-717d-4573-aaf2-8f396e2e5b25,0.0007771139296437468
366330a1-6f62-4405-8e20-2c61ca8a2672,0.0007771139296437468
f8f1d30b-f8af-41e5-99ce-881aab69423a,0.0007771139296437468
f0b64112-4432-407a-9ec1-e9b05ea870e1,0.0007771139296437468
06671f60-e552-4d84-9f9e-9023aec4115e,0.0007771139296437468
d07f8399-91c9-4924-9316-990923167b03,0.0007771139296437468
2bb1c4f3-a008-44f1-8992-efa21f11943a,0.0007771139296437468
e2ce66a2-c1fa-4607-80d8-f3b22fb17a5b,0.0007771139296437468
e6a34f30-ce34-478c-ad51-ae846bbac91a,0.0007771139296437468
9142a188-f162-4a24-a96d-22c88d48b4dc,0.0007771139296437468
8bfab0ec-18c4-451a-9051-15f4efdab7b6,0.0007771139296437468
16e06e27-b857-4eb4-8c49-dbf84f8f4876,0.0007771139296437468
2c900438-b1e9-47e7-875f-53e7557f4dfd,0.0007771139296437468
161078af-0183-4b5e-bd4c-008c7f1758f8,0.0007771139296437468
9d4f9599-1805-4af7-9429-f82f08dfe7e5,0.0007771139296437468
7140315f-eb78-4dfa-9002-2a453b71d553,0.0007771139296437468
dfde1354-ef78-48ad-aa86-5493b5ff54d4,0.0007771139296437468
c91c5bf3-6b75-4c20-ac1b-3bb084ce9700,0.0007771139296437468
0d98c2fd-2375-40e6-b6ec-429e23b54bba,0.0007771139296437468
804229f0-41fd-46b0-a4a4-72af6c960d25,0.0007771139296437468
eee77486-7b3c-463b-812f-fad8b6a14089,0.0007771139296437468
171786e4-3b59-425a-aaee-665728733748,0.0007771139296437468
782ea1c4-b572-48fd-8c47-e3013c51eac1,0.0007771139296437468
c4cfc672-341a-41b1-af10-efe56f5f0a60,0.0007771139296437468
f47f5287-40be-4037-bc3d-0ce0c1067bed,0.0007771139296437468
e19eb04e-d05e-4bf6-89df-23cc46031c4c,0.0007771139296437468
31842763-c058-474d-9d7b-1d29824dc22b,0.0007771139296437468
33d728c9-889a-464d-9d6f-290fc048138f,0.0007771139296437468
9c43cf53-548b-491e-9042-05b7ef7fe368,0.0007771139296437468
a684772c-0932-4982-b31a-b91e0db97704,0.0007771139296437468
2f23d61f-8848-4b3c-a0d0-fd507f2ed525,0.0007771139296437468
7d2c576b-1d92-4d04-8c26-e137da812e46,0.0007771139296437468
bca161ed-85d7-4707-9843-d26a86ef445b,0.0007771139296437468
0e2f4379-78ab-4aa8-95eb-f35003be1e3c,0.0007771139296437468
a5daf8b1-ddea-4804-8d79-449364585645,0.0007771139296437468
e82659fd-c366-4917-a7d0-7cf0a13f747e,0.0007771139296437468
ea44a7ff-0e5e-4a00-95d5-3778c4646706,0.0007771139296437468
c2530eb6-e357-4847-9621-4b32a8e8302c,0.0007771139296437468
7de29d65-1b40-4f5a-ae5a-f6db58c17f87,0.0007771139296437468
9b756ead-11c5-4447-ae8d-b023b2473519,0.0007771139296437468
4861e7d8-765d-4277-b8e0-f804c8e397fa,0.0007771139296437468
7b229bc0-abe5-45e1-88e8-9288f2746458,0.0007771139296437468
f65a12f4-edbf-46bc-acb1-e46e17985382,0.0007771139296437468
27183d3a-92b4-47a1-9d46-6eb829246755,0.0007771139296437468
1ec3c072-081f-4385-b6ac-810dbf386ed7,0.0007771139296437468
c4e97309-86f2-4137-a979-061edc119397,0.0007771139296437468
06a611c7-2f03-4db3-b79d-7658fd359c7c,0.0007771139296437468
14634096-5602-4170-a35d-dab6bb40af41,0.0007771139296437468
035a7277-c37a-4b91-bd8e-e4624cd0d50e,0.0007771139296437468
50a39ea8-2f12-4765-a55f-8674b8c5f3e4,0.0007771139296437468
1a5ba143-af97-40bf-99bb-4ccb896c71a1,0.0007771139296437468
b3dc8b4f-7538-453d-91dc-54687e9a57ec,0.0007771139296437468
f40b9d8d-20d9-4694-92ef-f011f70ffda7,0.0007771139296437468
044398c2-d3eb-448a-8364-6ad4d727d4a6,0.0007771139296437468
aaca6f79-3096-424d-8c32-896213013b9a,0.0007771139296437468
4c21f108-4186-43e8-a056-a2150effc4df,0.0007771139296437468
099b1265-4713-4faf-8444-f7b247ffb05f,0.0007771139296437468
6c287bc9-f031-4dcd-81fd-95807db52ddf,0.0007771139296437468
748f6dfa-9ed3-4f15-ae6c-7e25d42ac85d,0.0007771139296437468
13f904b3-9ef6-4df4-b429-a1a164a891f2,0.0007771139296437468
e5d93a0b-8f84-4060-98b7-1abef3eae750,0.0007771139296437468
227d5e5e-1b41-487f-8edf-451c8bdc870b,0.0007771139296437468
abbf4cf6-545a-46fd-a550-8e15ff5faae4,0.0007771139296437468
d4678178-4045-4193-bb30-fa7605e0d444,0.0007771139296437468
ecb3d36d-882e-4746-8a20-9a6427639f3c,0.0013329632108707301
1bcbe36a-af56-4035-b7ae-73e4620b7cf9,0.0013329632108707301
96b8d1c5-971b-4a73-8a04-5c526f81575d,0.0013329632108707301
bb51fe51-1674-4528-9a76-e42758bde4f1,0.0013329632108707301
3a512ec3-8c4e-4691-833b-65daf0f57e94,0.0013329632108707301
0a645c81-80e3-414a-9cf5-8e4d6bc134c2,0.0013329632108707301
a1688bee-3440-4355-bee2-76d89c38e553,0.0013329632108707301
85280b6c-ebda-4004-92e5-4dbfd1232a25,0.0013329632108707301
b6e8dad6-6c5f-465e-826f-dfe423c48831,0.0013329632108707301
8c1ead1e-86c3-4292-9817-3800d4ae4f8f,0.0013329632108707301
82776041-467c-4777-aaab-c06ca2222b7c,0.0013329632108707301
de54b516-0c8d-44e2-8698-d25645a8bc2d,0.0013329632108707301
0e2aa2bc-b9f1-44dc-a795-5c646b43a620,0.0013329632108707301
f2faf0e7-d3a3-409b-8fd4-786891b3a95e,0.0013329632108707301
b7f87840-c2f5-4329-92a8-8a6e463029d5,0.0013329632108707301
f82a4561-fc8f-4d2a-8ae1-d8f33bfa2e02,0.0013329632108707301
26ee72fc-a2aa-4ece-af53-d22c6f0f8796,0.0013329632108707301
3dcb4bcb-9d64-4a55-8645-d88c677c7c46,0.0013329632108707301
f4c7eb3f-9377-48df-86fe-a4a4eebee04c,0.0013329632108707301
928588d5-8d41-4c49-9a0c-c96dc6e38afc,0.0013329632108707301
711add0d-95ed-443b-99af-5315b9df5cd5,0.0013329632108707301
ded67595-19b2-4667-8c48-0bab40df8afc,0.0013329632108707301
3cad03c9-ad2e-4547-beb0-a9cb9a618c09,0.0013329632108707301
e0adae82-7563-4705-81c5-47af85f56935,0.0013329632108707301
2f86df4b-7a30-416b-8ff8-4467ff5d7096,0.0013329632108707301
086c7b6c-83c5-4436-a78f-6a79bbc39cc0,0.0013329632108707301
bc1a4afe-ce77-4dbb-806c-d256327c6b5d,0.0013329632108707301
baa85135-eb2a-4694-85b1-bff33abe3e04,0.0013329632108707301
4b1d76bf-873a-4ace-8bb9-27ae8dfba207,0.0013329632108707301
99498223-7c6b-49d2-bc05-f1beb1828cf9,0.0013329632108707301
9ba44206-019f-4dd0-a3ac-be5aac64b894,0.0013329632108707301
bce35de4-575f-4b3b-9809-eb6e115deb8c,0.0013329632108707301
4769114c-493e-494a-bf2b-595766a75023,0.0013329632108707301
d41d3c3f-c286-43ba-b92b-08b06f173000,0.0013329632108707301
4e810ca5-f626-41a4-8fb5-219caeab735a,0.0013329632108707301
77f8a19c-8f36-4d37-9a11-712a679575f2,0.0013329632108707301
3347aff7-57f8-46f2-a43c-f42e06adfd7b,0.0013329632108707301
c5420a11-3019-4d56-bec6-088577f7d1b0,0.0013329632108707301
63604051-92c9-45c3-ac0c-d1384defdfaa,0.0013329632108707301
6ffc3fd2-3f4b-47df-a188-dae1376f254f,0.0013329632108707301
9debeac4-6fe5-40ef-96c1-a15584a79466,0.0013329632108707301
34ee00e8-567b-42eb-930d-fbe1d07787ee,0.0013329632108707301
da5c6439-5b02-40e1-ba42-e212e75d1795,0.0013329632108707301
9c7b32c8-34d2-47eb-ab69-fb4f0504ad3f,0.0013329632108707301
fe4c91d2-c156-4326-a5de-fae1ac32f893,0.0013329632108707301
09373a07-5f0b-4069-944f-63315057e50a,0.0013329632108707301
d6c39607-8d06-450f-8d0f-041f863be85f,0.0013329632108707301
49d3618c-872d-4492-b93a-40b815d94561,0.0013329632108707301
f1604f17-e726-4328-948f-39e10fa57056,0.0013329632108707301
d622eb05-aebb-49fe-8e8d-5faa55b75bfe,0.0013329632108707301
cd09ce76-100d-49b6-876f-f5f71891c30d,0.0013329632108707301
d159a349-9938-4b13-810f-1d30c900f86e,0.0013329632108707301
f51cda02-c385-4e89-bdf8-071796397dbe,0.0013329632108707301
ff1c809c-75ef-42d7-8d9d-06cd5a6aeb26,0.0013329632108707301
f450ff77-fe0d-4987-9b56-1d9d1c0d1150,0.0013329632108707301
5a94e11d-bd28-4203-87bc-9f6358134051,0.0013329632108707301
196b835f-f48a-40bf-ae3a-1f98cdfbebcb,0.0013329632108707301
68a1f58b-754d-4c23-985c-77e307807ec6,0.0013329632108707301
3089c906-eb1a-42eb-a645-d8131ca07c7d,0.0013329632108707301
8f84590b-b13c-44b0-aca4-9cb5d03080ab,0.0013329632108707301
6ecbafdf-5d6d-4bcd-afd2-a38fea1ff855,0.0013329632108707301
e77de2d3-d18f-47b4-8b46-9c2ea6874409,0.0013329632108707301
13c78dbc-d869-40e1-80c6-8b2bebcc2ba5,0.0013329632108707301
2162ad66-7914-400f-b1d3-399ed508ae70,0.0013329632108707301
b333dc96-0aeb-40be-9c5c-87b2213a885b,0.0013329632108707301
802d7102-076d-411b-b55f-360d1949deb5,0.0013329632108707301
fca66536-043b-4b0f-a446-c46b37f836b4,0.0013329632108707301
a8971099-f3ae-4b69-9018-882f9729f24b,0.0013329632108707301
038ac98f-13c5-40a1-b341-ba08dc3b1786,0.0013329632108707301
27893327-ac2b-49be-9be5-666acef56e34,0.0013329632108707301
63dae63a-d74f-45bf-849f-e374462d8473,0.0013329632108707301
32629157-d9a7-4147-a6ba-9021094bc22c,0.0013329632108707301
83ac166d-fe33-4c8e-a9ef-5e4b0a1f3cac,0.0013329632108707301
682b7b49-648e-4325-8eb3-03621c3faa78,0.0013329632108707301
d6cfe6aa-ab85-42c7-a37b-3dbea3aa722f,0.0013329632108707301
def6a4a5-3488-4c54-aaab-d6c37a9136cd,0.0013329632108707301
1752a690-7689-41f9-8e9c-4c108f21b9e9,0.0013329632108707301
596aaa75-c7df-4bbf-b744-b2e54eaa7d8f,0.0013329632108707301
ea3bf5f0-9c0a-49df-80c6-13e94bea6960,0.0013329632108707301
2e4e0d05-6859-4231-93a7-c8aa9cade0ff,0.0013329632108707301
52e96ca6-0b81-4a28-85e5-a09c08bd0766,0.0013329632108707301
6acce71d-52c9-4a04-b121-2dab841a9c4f,0.0013329632108707301
1b36cc7f-28fc-4ced-8b87-68e9c6cc1527,0.0013329632108707301
9766faae-fd41-41c0-a483-672376e7d7cc,0.0013329632108707301
ae1b61d3-2fa6-4d98-894e-fa45d6874137,0.0013329632108707301
19f06ac1-f627-40a6-8cf0-68d0f4a39dff,0.0013329632108707301
cf5400ee-5a34-4372-b3f2-85d0474d9afe,0.0013329632108707301
3831b700-e6d4-48fb-858c-2a0cdc28c217,0.0013329632108707301
41df5805-9385-4b32-93b0-8a16f75c7d14,0.0013329632108707301
c0795ce9-f08d-4e83-8894-30c09950826b,0.0013329632108707301
7c4aa34b-f7e0-4b3a-a1fc-b9460b87c1ad,0.0013329632108707301
97adc258-02ec-4b5c-b9c3-71aeb62692cc,0.0013329632108707301
5fee4059-c4c2-4f69-a430-2192519d853c,0.0013329632108707301
0b722b1a-bc07-434d-aa22-986bb5f8e933,0.0013329632108707301
4fc4e478-942a-4a6a-b70c-7a1e81537cec,0.0013329632108707301
855dd981-54db-4106-accb-9e8313ca8796,0.0013329632108707301
5228478f-eee9-498b-967a-71108dd78a85,0.0013329632108707301
586a068e-5dbb-4ece-bebd-417e69736880,0.0013329632108707301
f37722a0-d70d-4160-81b9-7523545732ac,0.0013329632108707301
5e521d2f-1552-45f9-b8d1-a8d82c92477c,0.0013329632108707301
75aa5ce0-2352-4660-add7-9580f3f4e928,0.0013329632108707301
6aaf6d28-4ba8-4d17-b9ea-20e0057c4bfd,0.0013329632108707301
5d3988cd-d4c6-40d0-b76e-44a603870713,0.0013329632108707301
27f75b72-de5d-4a22-86ba-91f1baf1dbb7,0.0013329632108707301
b6b88426-546c-4358-9325-8ca9cd324b44,0.0013329632108707301
87690a5b-a434-4e97-9a12-21448aec4760,0.0013329632108707301
6f5313c7-a1e1-4124-a577-6f356daea020,0.0013329632108707301
7c629d26-07aa-4033-892b-55650242498c,0.0013329632108707301
df24d7da-2a64-4b25-acf3-8091ab111fbc,0.0013329632108707301
33fb653c-4d3b-43c1-973c-3f6882693e99,0.0013329632108707301
31279730-dc17-4bb2-b0ae-8dc8432432ef,0.0013329632108707301
9b0dfe3b-e9de-4db8-ba77-eeb7f855225b,0.0013329632108707301
f4896c75-384c-4f32-858d-f997fcd50bf7,0.0013329632108707301
fb428543-e298-4dc0-bee2-1f21bd704d6f,0.0013329632108707301
f457b7e8-6256-4739-bb65-84d4b32de657,0.0013329632108707301
d244f177-6dff-4798-ae31-6e466afe10d1,0.0013329632108707301
a0fe5719-4d6f-4227-b5f7-995005b0c6d2,0.0013329632108707301
ee102669-cfe5-4fd9-9de7-85f9976844dd,0.0013329632108707301
0c6a6edf-dc9e-45f0-aff9-5cef3b2617be,0.0013329632108707301
2207299e-a2ab-434f-bbad-7675f55e570d,0.0013329632108707301
97a430ce-8685-422d-b09d-5d59ee3d0331,0.0013329632108707301
125f82f9-d602-4daf-af77-b6afc7f09327,0.0013329632108707301
fb2e0893-5796-479b-933f-8912957c40b6,0.0013329632108707301
09d0dc2f-1d13-4bb4-9d10-71682bb366b6,0.0013329632108707301
3bfdfb97-f13f-44aa-84cb-c2d9ebef1338,0.0013329632108707301
ec74adb9-feb6-4017-936d-804d905c8060,0.0013329632108707301
a3136571-7463-4693-8a33-54deec4de820,0.0013329632108707301
d350322e-0ae0-462f-851b-810965f8e1ce,0.0013329632108707301
51ac1287-1afa-49a6-81ca-4d34f6ed10cf,0.0015987301484301497
f43aca5a-bff3-40f5-bd29-340262652647,0.0015987301484301497
5f0a36aa-d86d-425e-b10f-7e12fac7eac9,0.0015987301484301497
06e47aea-d87e-4c79-94ec-b2bb4887cbed,0.0015987301484301497
0949e8b4-4d7f-44be-bda9-12e7038ec7a1,0.0015987301484301497
0055e39a-cde5-4c17-85c4-4538a4bfb01f,0.0015987301484301497
7034d630-9c8b-4302-9f7c-ae258b016afa,0.0015987301484301497
9b1ce1b7-01fd-4304-a668-b795ae3e7e4b,0.0015987301484301497
de0827d6-0df4-40c4-86b3-36154b4d31f8,0.0015987301484301497
6d213c26-2455-4562-be2f-089a0bd882de,0.0015987301484301497
1b5a4f22-51fb-4524-bad8-a8b6fe36b2f3,0.0015987301484301497
0f7955d5-48fa-4b5c-9eab-01288de6401f,0.0015987301484301497
c53d5690-aab0-45f1-8185-7ea0f835d5c6,0.0015987301484301497
f3128e52-08e4-472f-a352-c4f7cc7de063,0.0015987301484301497
e1f8ed15-a5cc-465a-a26f-67ad57c435c7,0.0015987301484301497
815e2657-665b-4872-a66f-fbaee5bd3dd9,0.0015987301484301497
eb94152f-9196-4c55-a2bc-4c413b10c427,0.0015987301484301497
6a77d052-13ba-402a-ae82-c4b77067802d,0.0015987301484301497
4825c575-0dc6-409c-99e1-5e1027f71d69,0.0015987301484301497
28855744-5879-4a3d-b655-1f1192f180dc,0.0015987301484301497
7fb1b7d5-ab4d-457f-859a-132599e70b3f,0.0015987301484301497
eff2c6a5-c512-4e0e-8cb0-4b7918b7ee8a,0.0015987301484301497
429b97e7-3ddd-4e28-a175-351f3ed5bbcb,0.0015987301484301497
0385a103-2002-47da-a461-46188c43172b,0.0015987301484301497
47fb52eb-ffc8-419f-a91a-ac38717db3ae,0.0015987301484301497
e560fae7-b1e2-4739-aa7d-77f2d334f772,0.0015987301484301497
7569e454-ea3f-4f75-b73b-49c9b0769138,0.0015987301484301497
bef7e1b0-9d44-41e7-8f0a-4dff1378a775,0.0015987301484301497
86610816-aea6-423d-8205-b88527bd4d5e,0.0015987301484301497
792b7f7f-70a8-4396-b508-03e569d0e53a,0.0015987301484301497
9ce04829-26bb-46d0-b7a8-6ae0e3ad8a2a,0.0015987301484301497
99bc521b-b40b-47e8-8ffc-cc8b0a90e043,0.0015987301484301497
a6c0f43c-7059-466e-a4d6-58afd0dd6e0c,0.0015987301484301497
58d45ec8-1568-4e15-aab3-c6a60c9a3298,0.0015987301484301497
5e4ad34a-7e28-4a45-9f6c-d1f8bdabcf0a,0.0015987301484301497
19a1188c-ccb7-467f-ab21-50c45fb832ee,0.0015987301484301497
02bc0be9-219d-4507-888b-ff2b3bbe6f68,0.0015987301484301497
9d15c0a7-5679-4ef2-9f6d-7cf7339c2096,0.0015987301484301497
d5250d6f-5626-4ec9-88d5-b750777e3460,0.0015987301484301497
11cb0159-0786-4a26-8ae6-a3f6f7cb6899,0.0015987301484301497
1fc4acce-57ac-4bfc-891f-f7e77b3118a7,0.0015987301484301497
45dc66e3-7189-4d34-8c35-7e86dab1ba4c,0.0015987301484301497
4506f2ca-44a1-4607-ac76-ac9411ea13e5,0.0015987301484301497
83090f41-e7b4-4273-a525-f9f7ea0dd1f5,0.0015987301484301497
82fdd987-0f8b-4af7-8529-4c7427910e5f,0.0015987301484301497
11461b43-798c-4fc4-9241-952ee7c37a42,0.0015987301484301497
6bc6b3cb-c2f2-4fc7-b9d2-d44391c803d7,0.0015987301484301497
3c980dba-aa47-401f-a4da-6a773debf120,0.0015987301484301497
dac51b90-d2df-4365-b13c-5d69bd6cecb8,0.0015987301484301497
04bdd318-cf5c-426c-88d3-bd45c55e021a,0.0015987301484301497
4aa0fc17-e586-4cb5-9940-6e4317dae39a,0.0015987301484301497
5be260dd-f4a2-4373-baa9-6d9ca5ed8246,0.0015987301484301497
039f0018-73bf-4574-92cc-96f86d11f546,0.0015987301484301497
a83b4872-6f73-4315-a702-4a5cb871be3a,0.0015987301484301497
a0b8d543-af77-483d-83c5-d2949fb3d614,0.0015987301484301497
1df97040-1eef-45ff-b669-16e762134520,0.0015987301484301497
bac45771-5eb5-4b5d-a0f7-2b34073566bd,0.0015987301484301497
cb028d81-106a-4581-9001-b1e39aa297a4,0.0015987301484301497
f7860883-8db9-4a67-ad36-073bc2d23925,0.0015987301484301497
082212bd-e820-46fa-a8d9-90633cc583b9,0.0015987301484301497
a20b0b68-8f75-44c4-afdd-45f8a7d24a7b,0.0015987301484301497
504968a4-061b-4494-b3d2-8547da8b915c,0.0015987301484301497
f703f046-3eb8-4bd1-8834-cf538e283a96,0.0015987301484301497
b9c8f2f8-610c-4d3c-abce-0191d0c24fb4,0.0015987301484301497
3114a2a8-057f-4b91-8d15-767332950e3d,0.0015987301484301497
d2cb426e-199f-4a59-a1c9-2a206645ed53,0.0015987301484301497
d45b3929-c557-4224-9ab2-71b58456caa9,0.0015987301484301497
ff0ac1e1-10f9-446e-a1db-8bf240d3ef80,0.0015987301484301497
9faf69e9-a731-4dcb-a3fb-cb53a681061d,0.0015987301484301497
4ee42f74-1696-416a-81bb-376f160132c5,0.0015987301484301497
b6acfae7-c8f2-4a8b-9c01-63355d44f78e,0.0015987301484301497
e854a30c-619f-4854-b611-f1d18402eeec,0.0015987301484301497
1ede2a46-06cb-4bbb-96d9-1fd3909768ec,0.0015987301484301497
5647c9aa-e335-45a5-b698-e088b5a25dc2,0.0015987301484301497
a23811b2-053a-4659-8570-ae6f56b9ed5e,0.0015987301484301497
f5cf9166-2263-4bfa-98e6-242ee71b6eb7,0.0015987301484301497
67f7a8a1-b7a2-4dae-adea-c1e065181428,0.0015987301484301497
a6289953-8e8e-4111-9fe6-a784ed967c2f,0.0015987301484301497
1bd68b9e-85ac-45a0-9c8b-cbbafd8556e0,0.0015987301484301497
b0a47e03-3f90-4391-84c4-7ecff2940cd4,0.0015987301484301497
8513dcef-5858-41f2-8bc2-7651550dcbef,0.0015987301484301497
7c4977b0-6398-440c-b841-23099e70d8ce,0.0015987301484301497
071ae0df-f32a-44af-ac33-d681b6eabe35,0.0015987301484301497
80ee7c93-2be4-46a4-9a03-071f1fb9964a,0.0015987301484301497
9b32fe77-604c-4f39-96c5-d2cbf2bab932,0.0015987301484301497
1c2e119c-e0f1-40c8-ad69-e17ef473137e,0.0015987301484301497
2aef6e9e-775b-4327-9211-0f517174ab9a,0.0015987301484301497
166537a0-a2c8-49c9-abb5-7ccd5151df9f,0.0015987301484301497
0d4a8ad3-368e-4d90-9f62-ba67223ba10e,0.0015987301484301497
5deb71e1-39f9-4ec2-8fe8-e1fad2466adb,0.0015987301484301497
34743d8f-d27c-4ec3-b3ce-a77d3e05f1ae,0.0015987301484301497
df84b3c0-1fe9-4b73-b452-23b0f717754a,0.0015987301484301497
a5e276d1-7d09-4ef0-b396-f9eea62db8d5,0.0015987301484301497
6f89e78a-fb1e-4ca4-bda5-0ab6f7c8d863,0.0015987301484301497
23874002-833e-4408-966b-a4c2db4ffe15,0.0015987301484301497
94f42380-e900-410a-8255-b7c3675f4462,0.0015987301484301497
2a94f2df-c44f-4f5b-a3c1-5c31ee3b85de,0.0015987301484301497
4b62b5c5-5da9-4faa-b652-45aff509162b,0.0015987301484301497
055bbee2-d802-4fa8-85be-7768e1890ee2,0.0015987301484301497
149c5ca1-c4ff-4261-8727-f876f3022562,0.0015987301484301497
8c7c6ece-fba0-47d1-bab7-0a8f5367d714,0.0015987301484301497
1f1f83ff-f5a9-4312-a3c6-2f0de24259eb,0.0015987301484301497
6e70e022-fce3-4db8-a8f8-d6ab544ac973,0.0015987301484301497
20ed5952-ca5a-44ad-8ba7-20db76f3d045,0.0015987301484301497
1a9b443e-5d14-4808-9535-b5a8060c8439,0.0015987301484301497
452d873c-2cc3-4be9-b247-c9a9ad6e8794,0.0015987301484301497
d95bb455-6a3f-41a4-9b42-0c3ff7f9b76a,0.0015987301484301497
d675b3b9-f31f-4958-9d35-ae5c5ccc479a,0.0015987301484301497
890b7046-2238-40c2-955d-48441ade1499,0.0015987301484301497
449fad9f-bda2-4321-9665-7d86f91df6a0,0.0015987301484301497
da100c16-8826-4581-9b98-5f8652806c2a,0.0015987301484301497
eb15a40b-79b0-4c9a-8cdb-e0067196ae7c,0.0015987301484301497
b679290b-202a-49ca-a864-8b3fcfb56598,0.0015987301484301497
ad455f71-de3f-44d5-be26-37b7fd0e06a3,0.0015987301484301497
834a05eb-7a67-4959-8dcb-227b118d5139,0.0015987301484301497
210fb5c6-0cdb-4137-adc4-9d98e5f6c054,0.0015987301484301497
5c49a99e-0ac1-4c38-a449-14afeaade3db,0.0015987301484301497
60536d74-d729-46f7-b7d0-475af744e51d,0.0015987301484301497
ea5645f1-34fc-488a-b819-4faaa8fcbb90,0.0015987301484301497
30ef6611-f3d1-425f-9a6e-7b65c2fe2419,0.0015987301484301497
36f5a8e6-258a-4bf5-9129-0f7bcdfaf2b2,0.0015987301484301497
b8a1c210-1dac-4096-8153-e2d2f70d5611,0.0015987301484301497
cd845ccc-a60c-45ad-94b2-04884233a407,0.0015987301484301497
0c555e4a-a7f3-427f-876f-a65f7269c3f5,0.0015987301484301497
f32f712c-8066-4231-826c-67678068b004,0.0015987301484301497
be51cbdb-eb05-445c-92eb-047f11b08bac,0.0015987301484301497
73561ca2-2107-47f5-939e-0fa34e268424,0.0015987301484301497
750143ed-9152-41e3-a386-3035d8b628f5,0.0015987301484301497
d94eaba5-cdcb-4973-bfe4-e2c8126ac32b,0.00202246517187632
82c0e22a-8e73-4014-83ba-40bd70a14d5e,0.00202246517187632
c807cdf4-67d9-4f76-8db8-7484b179d16a,0.00202246517187632
cb7a378e-4e6a-4641-96b3-661f8421bcb2,0.00202246517187632
0b55a5ae-b646-4088-9c6d-d53364b0d123,0.00202246517187632
39c24b7a-2e84-4e9e-bba2-b3c42f560dca,0.00202246517187632
c9628135-56f1-4f2a-a15e-6bb2f288f5db,0.00202246517187632
b45e4a17-8275-4c50-837f-b46a489ceee8,0.00202246517187632
6fef2e7b-530a-4915-84a9-2b0f325f5667,0.00202246517187632
21c3ea83-0184-4010-9025-d6f77f370e44,0.00202246517187632
136c2440-95bc-4c4c-ad22-5fd924c12953,0.00202246517187632
5582335c-bc0f-4cb1-975f-512d74a1a6fd,0.00202246517187632
5f634888-acc6-4688-92e1-34bdba83fe5f,0.00202246517187632
6e2f7014-0519-468c-b3b7-6bf011fadd35,0.00202246517187632
a85b8c2c-833b-4808-b0cf-a5d07fe95aee,0.00202246517187632
8e692e53-b650-4098-96f5-404835ac145d,0.00202246517187632
0b22b06e-2d02-48e0-ad1e-560c46d5cfa2,0.00202246517187632
72225f79-e5d2-43bc-a504-99c51e0bb6b9,0.00202246517187632
3d06da5e-f250-4995-ac39-5a2f13994191,0.00202246517187632
6696b6ad-19cd-4574-b604-85c13ca5bc41,0.00202246517187632
bcfa3880-4738-4919-aa76-d9836e146f5f,0.00202246517187632
69ee30cb-bb92-41bf-9e33-05449109b6dd,0.00202246517187632
d68dafad-271d-47f5-bd1f-7817ec81ecbe,0.00202246517187632
5f719054-fc6d-4d45-8ba7-7622b9619549,0.00202246517187632
0ea4a84b-3770-4618-a040-2e59c0e24c03,0.00202246517187632
b7049ad5-7600-4b28-9f87-a58667e4da9a,0.00202246517187632
5e6a9a29-9360-46c2-a357-f3279e71df74,0.00202246517187632
4e211a73-bb60-48ba-9686-b02e04f77574,0.00202246517187632
4f82c40a-a985-42bc-8cc8-2ac8bc2f0ef7,0.00202246517187632
5c185abe-60a4-4772-b314-49832fa304c9,0.00202246517187632
deac837c-69f9-4f3c-8094-554b5a64cd34,0.00202246517187632
2f500ba7-d54f-4de5-ac30-b9dbbf12b474,0.00202246517187632
3344fa6a-a8cf-4847-b049-5890e2fb669a,0.00202246517187632
1d98ab7d-9e39-4b98-9d57-dfea83e7544b,0.00202246517187632
5ec74244-604c-4bae-9d9a-edfe584b00ed,0.00202246517187632
6e0e2f64-1a6c-467b-979c-2ec87d3efd53,0.00202246517187632
0d1a4509-adcb-4e50-b625-c71bd67747a1,0.00202246517187632
e6f698ac-90eb-4f43-821f-c440ede8db1c,0.00202246517187632
99df4048-a377-48b6-a4e6-da336c32fd9d,0.00202246517187632
a90e31cb-e995-4a4e-8fed-02a84482cea6,0.00202246517187632
65c23a48-a0e5-456b-b177-06a86d022c4a,0.00202246517187632
45a7441a-3615-4619-b929-fa0295035d82,0.00202246517187632
11ba59db-5fd5-4540-bb98-907728fbdf41,0.00202246517187632
27ad19a7-feed-4145-afaa-4042523bbacc,0.00202246517187632
f35441b4-51c7-48ba-9bdf-6692c7e2f51d,0.00202246517187632
92924e61-0897-4101-8c7a-291eaccc31f3,0.00202246517187632
6a4fffc1-acd3-4de0-a2ef-527dab59bf6a,0.00202246517187632
5991a130-7515-4a18-b341-19796cabdb60,0.00202246517187632
1993acaf-910b-4146-ad6e-49d88faca9df,0.00202246517187632
b3c79c68-e563-4811-84cb-6a86b8bc1cf9,0.00202246517187632
d48b8a78-26fe-4880-9bb8-32e2409f68d7,0.00202246517187632
46b22909-9356-471f-b2a2-08417db93c5b,0.00202246517187632
19e497cc-19d0-44a1-9737-7b3a850822d5,0.00202246517187632
9339a09f-3d04-45ca-bcbe-7b0c32a39d8b,0.00202246517187632
1fae49f4-1d94-4b4c-8ccb-ee2b2a851bf6,0.00202246517187632
ad0bf1cf-2df5-46fb-935a-09d22568d0b8,0.00202246517187632
c36f0a2d-c9d7-416c-8483-424d91bcff64,0.00202246517187632
bf6921a6-f73e-40d4-b3c3-6875dbb4f68f,0.00202246517187632
1a6e97f8-8a22-421c-8b30-46d22f936d34,0.00202246517187632
ef80cc87-0eea-41f9-ab2a-dedcbb47779f,0.00202246517187632
380cc99c-0afa-438a-aac0-7331347d8817,0.00202246517187632
cae17f93-57da-4107-a8e1-2b96d81c095a,0.00202246517187632
f8d88e73-c246-47d7-b63f-249b5eb45a33,0.00202246517187632
d8fb2606-cd32-47d3-8867-2cedbc638255,0.00202246517187632
44b1fb21-f921-4f32-b7dd-fa5ea185b0bb,0.00202246517187632
8daed7f9-2881-44c5-8f5c-d1d50abd1820,0.00202246517187632
b86cc2d3-7dab-4e7e-a3d8-edae37e64571,0.00202246517187632
8bd72646-9b78-45a7-a219-75db5b5f1b4e,0.00202246517187632
3e0d93bf-dfc0-4b98-b614-a8901a8413cd,0.00202246517187632
c0c49f1a-e2c4-4043-898d-043215defb01,0.00202246517187632
05c409e1-9399-4771-bd0f-a80b646b7506,0.00202246517187632
4bd6b5d9-39e8-4c6a-b7e0-0ce8154569fa,0.00202246517187632
b98f0c4a-4b9a-4e73-8d6a-46697e329c85,0.00202246517187632
0ac9f559-a2e3-463a-869b-eda6b1d89207,0.00202246517187632
244e4b3a-105b-475c-bc63-9b66b56639b8,0.00202246517187632
1df340ae-bc40-45da-8279-f306c9148f6c,0.00202246517187632
801ba683-9bd3-464e-b4d0-c65d4b4c0e07,0.00202246517187632
a8fee773-a399-4b76-9394-23e6cdba66c6,0.00202246517187632
53f8212e-cc2f-4b6b-aeed-cdd86cb91748,0.00202246517187632
2bbd8159-d244-40f4-9997-abebfa8a5b1e,0.00202246517187632
ef7d85cc-4d42-434a-a50c-e811cc44d2cb,0.00202246517187632
e015d86c-e196-4c65-8aab-fd846d441025,0.00202246517187632
9f2e7739-b495-4430-92d6-4a87e81cd27d,0.00202246517187632
3a4cd466-2fcb-4b7a-8592-6f23fd3fb9e8,0.00202246517187632
572402a2-7101-4cea-ad7f-a5db41ca704e,0.00202246517187632
460fc569-4a71-4fad-9b19-8f4c02669085,0.00202246517187632
b9c8a634-5d84-41c0-866d-44f386e36fec,0.00202246517187632
e4556e4c-f9de-408b-805b-9cb5b322c65d,0.00202246517187632
544304d6-4328-4bce-bd41-9ff0921dbddf,0.00202246517187632
6249d092-e087-43a1-ad73-4683505c8bc3,0.00202246517187632
f1d4518f-f29d-4805-8cd0-ca1b1508ad87,0.00202246517187632
c87e8dcd-a0bb-4413-b936-7b2f3089351a,0.00202246517187632
632720c7-d1bd-41b7-90bc-ef15672a7d83,0.00202246517187632
1ad1e412-2b2c-4183-bc3c-a98dcbc9b33f,0.00202246517187632
5d391f46-8f04-44db-a3bc-eaeca3444cb6,0.00202246517187632
b1cdc146-81c0-4c7c-a7b4-d70dc62f8995,0.00202246517187632
064967bf-ff06-4216-97b7-385e05a6bafe,0.00202246517187632
80da2a54-400b-4818-b65d-afc8612a89ce,0.00202246517187632
05828fc1-5e34-4594-afa9-0b6decc960cb,0.00202246517187632
60451d5c-c863-401f-9f0b-7d3d0600ac81,0.00202246517187632
709803ef-2bfd-4f35-936e-9889cab6e731,0.00202246517187632
be70f35d-ecc6-4769-9602-a373f96d9130,0.00202246517187632
f6f867c3-9440-43dd-ba88-181bad3efb68,0.00202246517187632
8d4c823c-a781-4bb3-8238-194e18f0a211,0.00202246517187632
c7f104c6-a4b1-423b-b563-defd4946cbe8,0.00202246517187632
302fea13-058d-4ed3-b06d-3ee056bed715,0.00202246517187632
63a551c2-fff2-4f19-ab83-1e203cd59d0f,0.00202246517187632
5eb7ea95-006e-4bee-9d14-53bb6d1dd5a6,0.00202246517187632
7bbd0167-ef31-4cb6-abe0-d11b3daa0aad,0.00202246517187632
558ce6a8-aba1-4723-b10e-b2f9253592fe,0.00202246517187632
1738435f-304f-4b36-af05-6e32635d1b97,0.00202246517187632
f44872a7-2c6e-4000-ad0c-6730eb68fe56,0.00202246517187632
e1eceefb-7c78-42ee-adcf-fe13e295263e,0.00202246517187632
d0f5667b-257e-4a78-ba88-46af9e85cfda,0.00202246517187632
6ba27860-4173-41c6-bf51-92b35a119231,0.00202246517187632
db0ad4db-0371-4a55-8ce1-b6726470a200,0.00202246517187632
531cfc0f-e435-44a5-9bcb-6be5abe1d189,0.00202246517187632
1c562b39-a8ce-4022-b925-e49495bb2a85,0.00202246517187632
9d30f7fb-272c-4afd-8cfc-4eb4f627ec85,0.00202246517187632
ad49d7c5-f104-4d8f-a555-5e312c6753ac,0.00202246517187632
1573db00-a9d2-4410-99bb-ab817a802c3f,0.00202246517187632
4c54d7e4-43df-42cd-911b-c922c9729a5a,0.00202246517187632
d8e0e230-0004-437a-92eb-dcea02791407,0.00202246517187632
bcd89eed-2776-4043-b39c-61525d656cbd,0.00202246517187632
93b907e3-75e9-474f-b89e-cb00d91e7587,0.00202246517187632
aafeeb8e-0897-443f-8ced-a122c0d7ab35,0.00202246517187632
05e7bb35-11f1-41e9-9588-8ba9b5eb1b4e,0.00202246517187632
ac8c21b8-2a3e-40bb-826a-5b29288937df,0.00202246517187632
b91fd2d7-92cc-4da1-91c4-70097104ebc7,0.0010395856094191913
a3c66711-4e49-42e1-b077-1edce0a363b3,0.0010395856094191913
0ea5ea12-bbe9-4c0c-9a6a-45c21dfdf1f5,0.0010395856094191913
382357ea-c17e-4289-ae27-cede46804b43,0.0010395856094191913
a50c874e-5c50-4611-8942-699face8330f,0.0010395856094191913
1628ce31-8d18-45b6-8ef6-7fb4f7dba443,0.0010395856094191913
71d15e67-68cc-4d2e-9a47-c54e8d5e33fc,0.0010395856094191913
a69c0fb2-ad21-4793-950c-4a4d77667d01,0.0010395856094191913
7c0fcc5b-9881-44a2-adfb-4f75d1405c5f,0.0010395856094191913
f5cc72c9-e072-4290-b851-8b8a4f694abd,0.0010395856094191913
8744b567-dd56-43dc-a6e4-0448a6861b28,0.0010395856094191913
d06633a0-84d8-4d4c-9c98-d2da423474e0,0.0010395856094191913
1215dc61-a276-4c7f-b2f5-f7b99e48894a,0.0010395856094191913
8d0b51e7-ae1a-4905-be9a-8820602deeb0,0.0010395856094191913
8f6632ed-6758-46a8-a850-877a0df30b38,0.0010395856094191913
ca703755-84a6-498b-9603-6212a70bf30f,0.0010395856094191913
eb9f4234-cbf3-4041-aa4c-9e8c1837033a,0.0010395856094191913
b0e3b32c-30cc-4ddf-bad5-f9f33ba2fc9b,0.0010395856094191913
06b1d919-c967-4d36-8e66-aa5b5db10316,0.0010395856094191913
ffc20b85-e41c-4ac9-98bc-e5bf1629beec,0.0010395856094191913
24e901bb-4d8f-47bc-ac53-70fdc75b1270,0.0010395856094191913
60dedcce-6e3b-461c-be56-4db38231eb34,0.0010395856094191913
0125fabf-83fd-4546-8d9f-e280d29a99cf,0.0010395856094191913
a0100b66-4313-4a30-be02-b34d93a2367f,0.0010395856094191913
470fa0ec-e84e-4820-bd57-02bfc1c220a2,0.0010395856094191913
2796a033-1081-41a2-a660-7f89665659bf,0.0010395856094191913
48a38448-7dfd-4160-b5c6-7ead5988c9aa,0.0010395856094191913
a2dbd50b-7e31-4881-8f9b-de60774e7e15,0.0010395856094191913
a675e558-fb6e-477d-b9ff-09da3f10ad0f,0.0010395856094191913
3960d160-7ceb-440e-84d6-1fdc31bed0c4,0.0010395856094191913
aa5b190e-18f7-4d81-89d9-8ed981ffb143,0.0010395856094191913
6e6315cb-afbd-41ad-bbb9-6ed4540e3d09,0.0010395856094191913
154b1f3f-5d2f-4ef6-87fa-407e813b941b,0.0010395856094191913
5cabe5fb-2e9c-40e6-8df0-e570437d4b9c,0.0010395856094191913
d7d86320-f9d1-4641-a4b4-58dfb9bc2081,0.0010395856094191913
1d46dcd3-95f5-495b-91a8-a67caa5bf669,0.0010395856094191913
f96c9267-ee0a-434f-a0ee-8acacd7ceaa5,0.0010395856094191913
64abaa72-f175-4a94-8243-2671b1646089,0.0010395856094191913
4642589d-ede5-4e6c-85fe-f89535246145,0.0010395856094191913
9ddbfe9a-1384-4d98-b5ad-a7185cff2e77,0.0010395856094191913
f445b095-dc1a-4f5b-84dd-9d833b1ed236,0.0010395856094191913
77740dfb-bddc-4a8a-ae91-37913bae73b4,0.0010395856094191913
32e49143-a679-41e5-b5d1-4b2df2302b2a,0.0010395856094191913
32153e20-0d67-45c5-84f1-ccf3c7e92e0c,0.0010395856094191913
a99182c6-7643-478e-9a68-dced3da19180,0.0010395856094191913
df034d40-1d95-48ea-b2d2-7f8a86f85406,0.0010395856094191913
22afe8bb-5669-40e0-bb52-cfc75c59a33c,0.0010395856094191913
d76295d5-2570-4a34-b0d6-b1b525c50b55,0.0010395856094191913
41b723a3-df70-4b52-b867-49d40328dfb8,0.0010395856094191913
1475fe43-230a-4312-8a26-743c2f48b7f5,0.0010395856094191913
f4585bfd-77bb-4c95-89aa-7bdb01a66ae3,0.0010395856094191913
e1102530-1111-48c2-92c8-d669760c4382,0.0010395856094191913
114ebe5e-9af2-4fcc-8577-7e99e73b0bf1,0.0010395856094191913
c17cd24d-f065-4f6b-b9b6-dc3405e3fb39,0.0010395856094191913
bb346d42-860f-4efb-bca8-47dd8d67ca37,0.0010395856094191913
bf06d335-c644-4586-87a3-8ccc941cd3f5,0.0010395856094191913
22da4fc5-78da-4a8b-b301-73ddc87ea7e9,0.0010395856094191913
47999c18-0d46-4a5e-8ac9-85a197c9a16f,0.0010395856094191913
46300044-052d-4d70-8c5a-524ebaa888cd,0.0010395856094191913
06db0a44-2c7d-41ec-a9b0-726154195c84,0.0010395856094191913
b73b2bdf-462e-4163-8e51-e6bf5a0deedb,0.0010395856094191913
28018fc0-93db-46bd-8db5-222b2ceb9495,0.0010395856094191913
62598693-9ec3-46e5-a857-7b0f26a7d79d,0.0010395856094191913
6c1cf9e7-758b-46ef-915c-cce1f63a3626,0.0010395856094191913
b12669a1-2e92-4fdd-9047-d7476cbd8e73,0.0010395856094191913
c8f6f468-c8b6-4dcf-9192-15dcdcfd9774,0.0010395856094191913
5abc492a-17c2-4518-b8e0-1632d4a0447d,0.0010395856094191913
8dae8539-ddde-47ef-b86b-fa5df904414b,0.0010395856094191913
52c40c50-3be1-460a-9b55-074ba9ecc52a,0.0010395856094191913
7869cc80-f921-499c-9160-52d2eae36ac7,0.0010395856094191913
109af386-020e-4484-a5be-7b5351e4ee53,0.0010395856094191913
0c4bfe0e-7d28-4ef9-acd9-8773947ca0b3,0.0010395856094191913
efdec442-9baf-4a1c-82b4-2d52229024ba,0.0010395856094191913
feea80e3-9c83-4803-9989-9fe928b79c42,0.0010395856094191913
38af65b0-5b41-45ff-924b-de7d6d16dbdc,0.0010395856094191913
f6c312a9-5e7b-4d11-ad98-70b41853d344,0.0010395856094191913
fa20d8de-24e2-4b3e-8060-acaa3eb34a9c,0.0010395856094191913
0937480b-6576-42b2-991f-c34b1c2660e7,0.0010395856094191913
aeb2eb3f-02e1-4435-9c28-f38735fba3e6,0.0010395856094191913
1e607464-495c-40ce-a60a-0100c5e09113,0.0010395856094191913
9d5d4301-e00a-4689-9e58-bb90f3e4fc60,0.0010395856094191913
261bb500-f387-4998-a655-ba7e179ba9f4,0.0010395856094191913
fbd7c63e-c6b4-4aab-ab06-239064c4f597,0.0010395856094191913
37d0ab9c-8c4e-4a5d-8115-ceab995874c9,0.0010395856094191913
660cfe34-2f91-455a-942d-b2b50fdef4a9,0.0010395856094191913
0085a069-c8c1-4a78-9074-0f17d2073f9c,0.0010395856094191913
b8f456a1-b3dd-417d-ba1c-eefd552f693d,0.0010395856094191913
b5edf106-d919-4de5-bdaf-bd5d72159027,0.0010395856094191913
720d0504-42b0-4454-a2d5-9c018bee5967,0.0010395856094191913
c0573ed4-d70b-40e3-85dc-76da74599e50,0.0010395856094191913
1562fcb0-5e10-4a77-88eb-07f246cac1fa,0.0010395856094191913
072a349f-9388-4dc0-b174-b0d5a0b9044d,0.0010395856094191913
4995e8e5-6228-4447-8313-83868e445f10,0.0010395856094191913
2e0d54c9-0661-4084-a96d-0f27b5cbee7b,0.0010395856094191913
1f6634ec-5b09-4feb-a257-52c9e2db7b25,0.0010395856094191913
d0908acb-553c-47f4-8215-157594dddeb0,0.0010395856094191913
ae6e7677-db30-48ff-a7a4-79fe834355ab,0.0010395856094191913
b0414c59-880c-4c75-968b-1b3072b84dcb,0.0010395856094191913
3cd02695-9e93-43ee-85ab-875f6dda6005,0.0010395856094191913
afa8183a-ed7b-4728-b72c-dc60830e754a,0.0010395856094191913
4bf95087-740f-4f3c-b5cd-7944fcda02f2,0.0010395856094191913
a279e898-2062-47f1-b477-54ff9f73ea26,0.0010395856094191913
4df862da-06e4-4d88-9842-fd576a7d5a95,0.0010395856094191913
eb43bab6-0a4e-49a4-9ad0-c6fab163137d,0.0010395856094191913
9d0b3dfd-afad-4769-a424-81cf4bd81487,0.0010395856094191913
9ad26bb9-dd66-4d5e-abc2-42f0ee27e87c,0.0010395856094191913
300d0b9e-c2ae-477f-a468-9dbd71152633,0.0010395856094191913
6efc3a4e-e4b7-4753-b3cb-3ff9e0f5e46f,0.0010395856094191913
5970d0d1-63e3-4ef6-9400-d10f6a5d3a3f,0.0010395856094191913
91cb632c-d049-4b41-a73b-f1b3bae6b3e6,0.0010395856094191913
bb5f761a-f255-4f3d-8c8d-36a42ca71874,0.0010395856094191913
8e6cc156-5501-444e-9ed1-7fb8cd4f8865,0.0010395856094191913
b2953571-d8d7-468c-8dcb-44eb0c55b283,0.0010395856094191913
0bfadff5-eee9-4fdc-9f09-a9cc3010e50d,0.0010395856094191913
75e7fab3-df46-4723-9357-8947e6275eee,0.0010395856094191913
df3875d3-ffd3-4d65-a302-8b7e9d4bffc8,0.0010395856094191913
ce0efa9c-b139-42eb-bb31-3994a154384c,0.0010395856094191913
a459958a-87e4-4624-924b-f23b9ef3e32a,0.0010395856094191913
cd19e533-eeb9-4364-9efd-523ee4967660,0.0010395856094191913
1918de45-437d-4ab3-833d-e1b2b8ad9541,0.0010395856094191913
3649e22f-866d-481b-a6e5-ddc92492e2ad,0.0010395856094191913
73b1fd3e-22a1-4f86-8cc1-f4755962ba32,0.0010395856094191913
c43bee81-4aa5-4740-ba00-3769fb143e56,0.0010395856094191913
8a9c3192-24aa-4df2-aae7-bef272fea1e3,0.0010395856094191913
590b7038-bdfa-451d-9a39-cfc60dd4d822,0.0010395856094191913
29446c22-2a93-421a-bae4-8931ca9bbab8,0.0010395856094191913
c107b1f2-08c5-4e4b-a2ef-4c7822abb6b2,0.0010395856094191913
96e0b824-4634-44bf-b612-65ffff95f26f,0.0010395856094191913
a44bfc11-9f3d-49af-b3f3-b57f7c711f66,0.001514416671852814
de8fbd7f-cdc0-4f67-b22a-c18a0e82cadf,0.001514416671852814
b56973cd-b88e-4e70-9c55-34dd36bdb787,0.001514416671852814
3c2afb4f-91e2-47c8-9515-ee5571761d25,0.001514416671852814
32aa97e0-5cc1-4ad2-a647-77266eceb917,0.001514416671852814
40af6c31-1672-4909-9fd1-fb8b4977f05d,0.001514416671852814
cf4fd34e-2fca-4f19-bc96-e559f6f5e3a2,0.001514416671852814
bc910db7-4601-442c-ab51-9d2122e0f605,0.001514416671852814
82121498-cc39-4041-a1b3-9ae9780b73dc,0.001514416671852814
5b61d0e9-4e89-44d9-9f99-24ea4bd925cc,0.001514416671852814
582ddb12-b1b6-4e1b-8535-5379a4e85427,0.001514416671852814
f1994d07-0ddc-4817-ae4d-b6cf0b86e745,0.001514416671852814
339df3cc-9edc-479a-b9ff-993b205c07b2,0.001514416671852814
d3a73b91-1fc0-4b07-a2e3-6c29a67240e8,0.001514416671852814
512047c3-cf2d-4969-9a1a-15c2046c1786,0.001514416671852814
f4d2cec8-d8e9-41cd-8649-3f9e4a8fe66b,0.001514416671852814
36d00daf-bc58-4de0-a797-8405367b8c88,0.001514416671852814
6e044933-daab-48f8-97da-b0db092ad825,0.001514416671852814
529986e1-1c96-487e-bbdd-e66e32f86677,0.001514416671852814
13674f81-db6c-4808-bf28-507e944c4ab9,0.001514416671852814
6a9664df-0629-4ae3-a304-3398dddac74f,0.001514416671852814
e10a3080-ef38-4a5a-b1e2-0b6654c8884d,0.001514416671852814
837c7398-2701-4795-bb99-8b7fca690a3e,0.001514416671852814
cc17337b-0eff-4d49-86a1-6478f97d1f18,0.001514416671852814
8dc3012f-57af-4fa2-9594-dca34141a6c7,0.001514416671852814
5ceb9b1c-11ed-4601-96e2-4e3a5abeedf4,0.001514416671852814
21fc50ce-0077-4c56-a04a-0ba52f0de356,0.001514416671852814
5571d9b0-98a1-49c6-a189-b65b87bb1e94,0.001514416671852814
a4d66563-acb8-4ea2-87ce-273c8f9bfe5d,0.001514416671852814
06b75563-c49a-47a2-ab80-52f17ce91ed3,0.001514416671852814
f5751017-830d-44cf-8a46-9b57a37e18f9,0.001514416671852814
4884e540-b207-459a-856b-2f6319610034,0.001514416671852814
4fe48df1-059b-4773-b1a2-6987d6ce7498,0.001514416671852814
af55d57f-2117-40a1-aa22-b4412ace5741,0.001514416671852814
40d9502d-3fa0-477c-b910-feaf14e1a461,0.001514416671852814
5c964bf0-0232-4020-8582-ae5bc35a626a,0.001514416671852814
a44263c2-0e57-48d3-b09a-e91ea6ff8bf1,0.001514416671852814
ee0f9ce5-98b0-43ef-9559-bfcfd06f4598,0.001514416671852814
f632cfb6-64de-41d7-9586-330aacbabd66,0.001514416671852814
443f72fb-9e55-459d-8d24-4293f76830a9,0.001514416671852814
547546d1-0226-40b4-883f-15598e0fe21d,0.001514416671852814
d7684cd0-9ed3-4a54-8d15-0ae1dfd1a2c5,0.001514416671852814
ce94ff97-32ba-45f8-8612-12fde2341b88,0.001514416671852814
faa8993c-190d-465c-aa68-ab10699e3f3c,0.001514416671852814
dababfaa-ffd7-410c-a90b-d97b1517c9f9,0.001514416671852814
5416b206-2f68-4a73-beaf-187e6952f2b0,0.001514416671852814
bb2489a7-95a3-4e31-80b6-82083a5a85f0,0.001514416671852814
041a9c25-822e-4ae7-a217-df0e44858bc2,0.001514416671852814
2431d3a3-4241-4757-a99c-8de1e2fd4c1f,0.001514416671852814
a34d7dba-ec0c-45de-9d62-a395064e52a9,0.001514416671852814
5f7f17e9-6b03-4a72-b746-4ab12b9bbb01,0.001514416671852814
1bbef5a9-d5ab-4446-92f6-6e890c80be49,0.001514416671852814
2c1b76c2-fe51-4438-a31a-35d332febdf7,0.001514416671852814
fb706ef5-c8ad-4e6f-ae4e-23e021f610ed,0.001514416671852814
61908455-1b5c-431e-a67e-5c59297ac5a4,0.001514416671852814
ad2e3685-7e30-4840-96ef-1ccfb9615c9a,0.001514416671852814
45c40f6e-d328-469b-855e-1f4b09765cc4,0.001514416671852814
c4714b68-032e-4a40-aad5-9d057399de2e,0.001514416671852814
53fab661-0fcb-4d3e-83f6-d5c2aba4f056,0.001514416671852814
aff228b8-3941-4abc-8c0d-dcabeaa98189,0.001514416671852814
30f7d8ab-30d3-4e81-a3a4-9a04e85e5b35,0.001514416671852814
cc4f31f1-a57d-4648-b1f7-12e90d1151e6,0.001514416671852814
07e1eae3-d2a1-4851-a60b-0774156100e7,0.001514416671852814
0d65fee0-79ab-4595-802e-886b820b342c,0.001514416671852814
8cfa88a6-5814-453c-b1f3-2660bca21ae1,0.001514416671852814
1a91bf08-d810-49e7-ba53-7e399a716209,0.001514416671852814
d4c42eeb-2a51-4768-8534-d82d38713673,0.001514416671852814
ab8c0a05-6a58-429a-837a-d550f813c7c0,0.001514416671852814
783f48cd-d87b-479b-b128-163bb99d81c6,0.001514416671852814
b6573ee9-84b4-4d2f-95fd-c741f0032b27,0.001514416671852814
b83bc51b-820f-4538-9fe9-a728ded0ac0f,0.001514416671852814
0c3066a5-c02d-40ce-b053-400fb47a1e94,0.001514416671852814
9e515bb8-ff60-44bf-8937-d6ea6e275f4f,0.001514416671852814
bee75ebe-b707-4215-b231-d1043b414fb1,0.001514416671852814
3a6e0e49-0239-4286-9503-857063c5f826,0.001514416671852814
510025d4-95c4-438b-9f82-6c9b450dc5ce,0.001514416671852814
4b9d41d7-03c3-4dbd-bc73-74c81ed2c0d3,0.001514416671852814
db91b6dc-77e6-45df-82f4-0683a9eae827,0.001514416671852814
647ada0d-0498-4c4e-b89c-b1d280f82d69,0.001514416671852814
3a9a3e73-5db9-4388-9cad-c454465a2f60,0.001514416671852814
4206dbea-a492-4d75-8ee4-9856b30bbce7,0.001514416671852814
8f02c0a4-9004-4224-b948-48f9159c6ae2,0.001514416671852814
0aec3852-dba6-4c26-b942-b202de21b6a4,0.001514416671852814
c0dffa11-daeb-4b0e-8a37-b01d1a7457d9,0.001514416671852814
07c9c7a9-4ca4-452c-acef-57c2c396bd9f,0.001514416671852814
722c0742-c946-4d1f-b2c3-74d68479e078,0.001514416671852814
c35c9697-a433-4726-bfdf-50e6d0b7290a,0.001514416671852814
125d5114-becf-4c80-a539-6cee27d5b455,0.001514416671852814
04a9322b-760c-4268-9f6a-9ca185982ba7,0.001514416671852814
4e11bea4-f976-46ab-a6d7-a8c8e91e5181,0.001514416671852814
0d14b465-ccc3-4828-a8e7-bca7688c0eee,0.001514416671852814
3adb2725-e714-4a5c-ad64-c9a9c3c4dd72,0.001514416671852814
483da0fa-4edf-40db-b081-cf183d8c133a,0.001514416671852814
6c8e8fc1-73ea-4400-bf70-8ac86eeb209c,0.001514416671852814
80ca0c24-b7dd-40bd-8551-4e7faa8c42b9,0.001514416671852814
069d0822-9164-4d38-8000-2c2a2296a647,0.001514416671852814
8768eaf0-c9cf-40dd-b5dc-428d2a5e1a58,0.001514416671852814
881c5494-78cf-4821-8203-6f33dd9a9bbc,0.001514416671852814
ab4d61ea-ca44-443a-af6b-3ea28230fa6c,0.001514416671852814
a692ba90-a2ef-4220-92a6-6fae7d7765e0,0.001514416671852814
c3d5d3af-54ef-49d6-bb09-93ccc7c81fdc,0.001514416671852814
316a75cb-297a-461b-9661-6498d25edc10,0.001514416671852814
8cb42c03-1356-46ca-91e5-aa8b19c0745e,0.001514416671852814
4a35b5f5-e344-4366-92bb-71a3e48f2622,0.001514416671852814
8288ca58-fd39-4306-a5f7-4a7e4bb56770,0.001514416671852814
05bb75ab-902d-445d-a0ac-b0c60848c609,0.001514416671852814
14be855a-7569-4920-bac3-ec07432e3df1,0.001514416671852814
a4f1db21-7be5-48c8-ae1d-73aa920b42ed,0.001514416671852814
572ecc06-7347-403c-8fdd-787ef9065dac,0.001514416671852814
4043dbaf-c8a0-48cc-91f7-0170f0858e29,0.001514416671852814
9dba1cd7-d89b-4a42-ae88-dbb047d790d2,0.001514416671852814
927f5d14-663b-414d-af3e-674c7694fdb3,0.001514416671852814
12a3d1dd-602f-47b6-aba7-7da3462eb1bf,0.001514416671852814
79983f65-829d-4e63-ac83-26c8866386d3,0.001514416671852814
1af51da1-e6ed-4fec-863b-16884147dc73,0.001514416671852814
e92c6d7b-5fce-40a7-a758-59d592200f35,0.001514416671852814
c00c9921-ec1c-4d53-802e-f6858f832465,0.001514416671852814
a03a7520-662f-4cda-9a0b-778f44be0058,0.001514416671852814
f1ad1812-fbc8-4ddf-b552-8698dc81fd07,0.001514416671852814
030d7481-c11e-4286-8898-581c982eb339,0.001514416671852814
f296b175-3a6d-49d8-bd66-e21cb734aa08,0.001514416671852814
ad038e13-5c21-426b-a52a-b1f0d8c51ac7,0.001514416671852814
1e5ccf10-458c-403c-bf3e-7551465745c4,0.001514416671852814
6a93ff3e-ce2e-44f8-a801-b3bbe795f1c5,0.001514416671852814
bb5c4f64-291a-4239-ac50-250e393e4fce,0.001514416671852814
32d27a8f-f5b1-4a91-b639-74439d3f755f,0.001514416671852814
2b1ed0b9-dfe7-45ba-813d-f30774512a81,0.001514416671852814
6043143d-514b-4ee8-ab56-e44dc80b8968,0.001514416671852814
1e056f0e-300a-4a6c-ab63-59ca7bcf081a,0.0008786191406215949
e6037e0a-c8bc-4eee-9eeb-041a0db49070,0.0008786191406215949
5b13d4db-d9ec-4bc5-91fb-28b83b69608a,0.0008786191406215949
8aa0f2d6-e603-4f9b-ac84-a6e518311440,0.0008786191406215949
1fe7f0aa-f968-41ab-ba41-4fa7299d0fd1,0.0008786191406215949
65b5571d-f51b-4059-ade8-223995a410cc,0.0008786191406215949
a1f6b654-f839-4d7f-b0fe-75edb22a9f2c,0.0008786191406215949
621ac8b4-235d-43a3-96ee-9897e1956ed9,0.0008786191406215949
980552db-9541-44a6-9919-dc594f830ab3,0.0008786191406215949
3b12dcb5-0121-402a-8a47-52e62450f925,0.0008786191406215949
27f96445-c93f-4d9f-a7ba-dbe01946cc87,0.0008786191406215949
3589974b-2e30-4d27-916e-be3302f346ea,0.0008786191406215949
a522be2c-f6d8-4d69-9127-ef699420e6da,0.0008786191406215949
8f65ab28-311a-426f-907b-4256e1cfa32f,0.0008786191406215949
9a807417-af8c-4266-98ac-14f656f652bf,0.0008786191406215949
b21fa6b8-1c5a-43ae-902b-e7b38f229a23,0.0008786191406215949
4dd057ca-65fb-45ec-9eb5-0bb83fd14779,0.0008786191406215949
9d34cd48-f68b-4dd0-9974-44cade03697c,0.0008786191406215949
242a672e-03f8-4162-8d1e-64839a44b802,0.0008786191406215949
58cc3bfb-f92f-4c6e-af3e-66a354eff4a8,0.0008786191406215949
c86aaeba-9b0d-4b66-bb13-3fa68fc51f35,0.0008786191406215949
8fa0a87d-02e3-4175-bdc3-aad1e4c8ceca,0.0008786191406215949
875929ba-043f-459e-b550-94958b8ec8b0,0.0008786191406215949
803ef551-9f80-441b-a2b1-02dcd9115c08,0.0008786191406215949
f09d4ac5-ab51-4327-b5e7-b4f4f2bd0684,0.0008786191406215949
991f9325-47ad-4656-a016-6f52bd90c7cf,0.0008786191406215949
0f9c4386-c0d0-48a9-a96c-e8f07ffeced7,0.0008786191406215949
127a38ca-2391-4672-9eb9-f6f55c19eaf8,0.0008786191406215949
bc50e6b3-7a98-4b50-bd8e-ba9f6ea2c7b7,0.0008786191406215949
fc74ea20-0c25-4579-ae1e-07ab83991cae,0.0008786191406215949
98018d12-8adc-4bd6-bc18-4d55dd2094a6,0.0008786191406215949
161c2b9f-c232-465b-92c9-f321af95e9d3,0.0008786191406215949
27ea0009-7e65-4212-a2a3-87bda315e7c6,0.0008786191406215949
131a1f6d-cb69-4a37-83ca-6c952b39c22b,0.0008786191406215949
74c4ad0b-bbcc-430b-bac5-576925497a68,0.0008786191406215949
ba39f489-28ff-488a-9938-ec5b4f08aa84,0.0008786191406215949
c7d1eef2-c6ee-4930-a786-a66af4b5b03e,0.0008786191406215949
f95bd214-2adc-4028-baf7-29beaba70353,0.0008786191406215949
38e0d9e4-5e6f-4d10-889d-7cd23262fc57,0.0008786191406215949
0c9e77ff-6b1f-4524-94ef-daa8433f9dc5,0.0008786191406215949
85e54926-7155-44e3-a374-d2a65e80a6f9,0.0008786191406215949
a6ae1d40-0ea2-440c-afdc-36a8aa49c458,0.0008786191406215949
4da8b8db-ffb2-4cca-a6ca-b59d37056f68,0.0008786191406215949
45de38ef-c9eb-4711-8b5d-16b7e12c19b2,0.0008786191406215949
dfc10540-fcf1-4629-a2e3-c4ca226c5631,0.0008786191406215949
1a6d354d-9e5c-4250-a76f-3706c547b181,0.0008786191406215949
af5a940b-789e-4ef5-98f3-b2a2db865ad9,0.0008786191406215949
5dbf1a72-8ccb-49f7-a94b-e629831d0377,0.0008786191406215949
3bd7a9d7-afaf-411f-becf-cffab9303d8b,0.0008786191406215949
3655a63f-47e1-4067-bf49-38f45a178d6c,0.0008786191406215949
42176a8d-39f1-4d31-bd3b-38a20f847de7,0.0008786191406215949
cc110fa2-5e7d-4d5c-8d3e-f9a301f3926d,0.0008786191406215949
e0cbeb79-fb92-4790-bad1-1d1ceb0ab21c,0.0008786191406215949
c381a052-02a5-4148-8df0-93bcd6b2e367,0.0008786191406215949
883c75e5-231c-4c76-9405-f25c6e129326,0.0008786191406215949
77d0a8bd-b40b-4924-9100-0a1f93487ed8,0.0008786191406215949
c1549e34-66ce-4c8c-a2ac-6cd354c578b4,0.0008786191406215949
6d2d4aa6-d374-4559-9cf9-b8157ccd8922,0.0008786191406215949
9d56911b-25f8-4873-ae5c-9ef383e492f5,0.0008786191406215949
dc7d96eb-0812-43ef-b0db-f771e9d7b0a6,0.0008786191406215949
75c5b93f-fda9-410e-829b-92a13d8adc0c,0.0008786191406215949
3f2b353d-395a-4b9b-afc5-4bdc5ff3223f,0.0008786191406215949
5c002edd-5ce4-4c16-84a4-9f5ca03f9afb,0.0008786191406215949
f9ae12e3-2ed0-441f-84b9-edbff40e2e6f,0.0008786191406215949
6e1e40c1-0430-4206-929c-f04c1c4c92dd,0.0008786191406215949
a4b341ca-efbe-4f3c-83ce-7caa1ccbced5,0.0008786191406215949
e989de34-9813-4cb5-a052-bc0b95af32a4,0.0008786191406215949
a3595b66-fcc0-47df-9d27-cea2dca8eced,0.0008786191406215949
c97404a5-c1d4-40b5-97a2-1f1a072a51e8,0.0008786191406215949
a215bbe1-438a-4be8-b0e2-7bb4bda5766a,0.0008786191406215949
fa3ed8e3-4c05-4e8b-aa01-93e73062ee7d,0.0008786191406215949
f423a954-cb01-4933-9867-89e64167ddb3,0.0008786191406215949
707f91a6-2e7b-4c0a-bb98-1e1ea78708e5,0.0008786191406215949
6c131dfd-64e8-4f6b-bc0d-b697f1a8a1e4,0.0008786191406215949
b816de1e-e338-46c6-afaa-4d5f4cda5883,0.0008786191406215949
6f3a369a-ac79-4a3b-ab68-c8fd95137be9,0.0008786191406215949
7308579d-c21c-4664-b911-579c291f7961,0.0008786191406215949
57cddb93-5850-4173-9d9d-f81dfebed7d0,0.0008786191406215949
179df085-0bf6-46c2-8b76-c54bd2b3d0fa,0.0008786191406215949
dbbbae3d-bbe5-40bf-ac71-a83eb7eecf50,0.0008786191406215949
97d495d6-2131-4a63-b8fb-c90c2b568d41,0.0008786191406215949
ce1af7b0-0438-42b6-bcdc-63fe623a55ee,0.0008786191406215949
bae05dee-84b4-4753-8f63-03d1863312ca,0.0008786191406215949
32b89691-9ba7-48b1-9144-af401333a335,0.0008786191406215949
ce500469-6ba8-40ce-89a2-11e789df98c5,0.0008786191406215949
a2bc9911-9017-497a-9ca1-bfd922059f7f,0.0008786191406215949
b5125f37-b4b7-4d60-a4de-db4a5400a3a5,0.0008786191406215949
1ac011a3-f56a-4355-8989-2d7f6c578568,0.0008786191406215949
709a7250-691b-4f81-a1cb-81db0e41b19a,0.0008786191406215949
761d35e4-65ed-4cd9-8e8d-1f52f2bbdf91,0.0008786191406215949
0991f0ed-34c8-4d0b-af9c-afe557654ace,0.0008786191406215949
15c8eee2-d080-4802-9266-6c160dfaec31,0.0008786191406215949
d1ef5ea7-a5a0-4490-8ff2-710bb377ac7d,0.0008786191406215949
db02c742-cf21-4cae-8b63-48df47279810,0.0008786191406215949
1e4ba109-d411-48db-a0ac-eae1442d9619,0.0008786191406215949
4f5c122d-b4dd-4b47-9797-5acd46b43a5e,0.0008786191406215949
09a3289f-a8be-400f-809b-adfc58ddcb62,0.0008786191406215949
e8f314a5-eace-4b9a-b335-b585eb5323c4,0.0008786191406215949
e8273933-f985-40b3-a3fd-40dde17d042d,0.0008786191406215949
8697aee9-c6f2-443c-85ab-cd5bad160e0e,0.0008786191406215949
f68420db-c483-4c52-8a8b-f212a58953f2,0.0008786191406215949
a2bd5d91-c155-4528-b797-30460b67b1f0,0.0008786191406215949
93fa014d-c563-4aa6-b58b-561ef4ee11e1,0.0008786191406215949
61640135-5434-48b7-9af2-5519ad051f38,0.0008786191406215949
e64e7908-7335-48b4-8ccf-5492bd3e0b85,0.0008786191406215949
618c2484-dcc3-4910-88b3-67cba1da9545,0.0008786191406215949
73128a7b-2945-47ce-82bc-2eabf0235794,0.0008786191406215949
6c324548-3303-48ac-889b-99843a4f4dde,0.0008786191406215949
46249ec7-d5ea-4a9e-9222-7994d39a72a4,0.0008786191406215949
dee3e656-92f2-452c-8a8d-33b4974053d0,0.0008786191406215949
92afc777-597f-41bd-9d7e-26b747484389,0.0008786191406215949
b3d1ce00-da78-41e0-84d7-6698398f4d8b,0.0008786191406215949
ed876963-5bbf-4008-8344-0b1395d5a391,0.0008786191406215949
b783f4b5-5ab2-4e62-a01c-a813709849f2,0.0008786191406215949
afe1a919-9020-4fa2-89fd-db195ab83d69,0.0008786191406215949
710b8f9c-1167-4674-a032-1f3538d3009e,0.0008786191406215949
af957962-fc17-41a3-a3fc-bd28f8de5952,0.0008786191406215949
6bdf57dd-0ab2-425e-b356-158a8ea9138a,0.0008786191406215949
716bcaac-daa4-475e-861d-f39e85c7a093,0.0008786191406215949
e9f03686-9837-40e5-930e-034ae8e92915,0.0008786191406215949
41f3f3aa-aff6-42b6-82db-d6f67d2d34ce,0.0008786191406215949
efc62aae-c946-40c8-8b3b-7ceda52d5eaa,0.0008786191406215949
757771ac-474e-40ff-bac6-7ebcd1f52819,0.0008786191406215949
883bc392-d837-4de2-b790-d5cccb234eb3,0.0008786191406215949
82a33ea1-0195-46b3-99c0-b35f2f6b656d,0.0008786191406215949
dd9770e4-f4a8-41c0-a2f4-19eead257759,0.0008786191406215949
6ef0c0c6-cd15-4282-88fe-98748da6be5b,0.0008786191406215949
fcfa0aaf-558a-4991-8f09-9a53507e0898,0.0008786191406215949
a9d279f0-d595-435c-8fdb-6aff655f99f3,0.0021718636094192334
7adfa62c-bda4-4d18-964d-e4e6389fe116,0.0021718636094192334
cde52dbb-ecd5-4184-a880-ea4611f9ec44,0.0021718636094192334
3a2f6e76-6b89-49bd-92d5-916fc3ed70e0,0.0021718636094192334
d0201698-58ad-4c2a-b3d6-025333762373,0.0021718636094192334
e0c72b18-6698-42b6-9487-ed8c577052d6,0.0021718636094192334
2f537d61-0d32-4ba1-9f31-87eef0f70307,0.0021718636094192334
19b397cf-fcc4-4301-9543-739b22fff8e5,0.0021718636094192334
285dc1a2-4d2a-4898-a7f4-7db349e11365,0.0021718636094192334
b1bd1b1c-3f3a-40a7-b0cf-b897ac7a497d,0.0021718636094192334
4eec7e54-ad9c-4bab-a34f-bd8f3c810258,0.0021718636094192334
19687904-d602-4c7b-960e-6b0bf319175e,0.0021718636094192334
ac88b206-627c-4921-a141-65d25c608aab,0.0021718636094192334
46c5d926-2ffa-4814-aee9-1fd7b4ba080d,0.0021718636094192334
5cc1e049-8e56-4dfc-ae7a-0054c4be15e8,0.0021718636094192334
d8268354-39f0-400e-8889-99936685f07f,0.0021718636094192334
68e33f72-3a4b-4695-89fa-468ba8dea089,0.0021718636094192334
1d9a59fc-07a8-405b-a70e-c4fdda588ea8,0.0021718636094192334
b1f78dda-86ea-4ecf-88dd-008383bf09fe,0.0021718636094192334
fc96ea3c-b0c7-433d-923f-7da2d1a60880,0.0021718636094192334
b9f139b3-2e86-487a-ac9f-508144ae8832,0.0021718636094192334
2280562f-d8e3-4ac7-a79b-f54b6e92a050,0.0021718636094192334
ad1afaca-e035-484c-be71-547dd49e12cf,0.0021718636094192334
a2106cdf-33cf-4284-be03-215b5788ad90,0.0021718636094192334
bf3a775c-8069-4582-99d8-ff92055937e5,0.0021718636094192334
c553abbd-ce6b-44b4-94f7-d8480c1ba7c7,0.0021718636094192334
b72b67e7-34c9-4094-99fb-bbc291dc0a0a,0.0021718636094192334
07827be7-aca8-4d09-85cf-e0ff99498121,0.0021718636094192334
612ad3a6-8613-43d0-89b9-7101a4b60e31,0.0021718636094192334
423eb102-191d-42c0-84cb-3ae55449c953,0.0021718636094192334
848ae5e9-439f-4c5c-8cf4-3ba6c97ca515,0.0021718636094192334
3752af64-296e-44ce-8963-731cf1c81c4f,0.0021718636094192334
4d561b83-01d6-4535-a587-196ff2b4a414,0.0021718636094192334
de7792f4-3d70-40d4-9b46-a083c0f848e6,0.0021718636094192334
9f2215a4-840f-4f7e-9694-ea71e6f8f4cc,0.0021718636094192334
07da9804-07ce-465b-864b-603ce797d965,0.0021718636094192334
5aae860a-c5cc-4f1b-9046-7c267829d805,0.0021718636094192334
f35e0ad6-1025-4391-b796-328f4a00b92e,0.0021718636094192334
bf36678e-98b2-47ad-9669-4738413dca86,0.0021718636094192334
1444ceb1-8d31-451b-8693-9c6f3902ce99,0.0021718636094192334
7fc27951-dad8-4633-afac-8456b299e1ab,0.0021718636094192334
97ecf33b-28c9-4bc2-b31f-8b1178ceeeeb,0.0021718636094192334
7ae09198-01f9-4a3c-910b-1aede9f32a9f,0.0021718636094192334
23fc79cc-1b6f-4ab8-b77e-e94b9fad6b26,0.0021718636094192334
ee08570a-5255-4778-82f0-2f5be48b4263,0.0021718636094192334
4079cfe5-bcc9-4124-9589-6390a0c1d0ea,0.0021718636094192334
2b9e7766-72ac-4b2c-a53d-b4e3ff23ff88,0.0021718636094192334
9f6ee4b0-5b59-4272-bc70-e4df46a94b7d,0.0021718636094192334
805ca555-f26f-475c-bb9f-aaa9839799f7,0.0021718636094192334
85b209ae-5854-4e95-b5da-f2e3305c1697,0.0021718636094192334
f5a7a87f-8310-48b8-99f9-decee39768c3,0.0021718636094192334
0af740d9-2c53-44f8-a84a-aca786664de6,0.0021718636094192334
5bb5e076-ac0f-453c-9e90-a0bcbb03f900,0.0021718636094192334
c7bb6761-989f-4acc-811f-02b2d9554398,0.0021718636094192334
0c45a5b4-8ef5-4145-b971-82589c678c81,0.0021718636094192334
1f972fac-8639-495f-9b34-7d05268330b6,0.0021718636094192334
13d41335-aae4-4aa4-a2b9-e2ade11e853c,0.0021718636094192334
a9a66dd0-e5b4-4f42-aa64-613e6afa9518,0.0021718636094192334
020907fa-adb4-494c-9339-e4dae5cf6ec2,0.0021718636094192334
ebe4b93a-d879-4feb-8c3a-2ab56426508f,0.0021718636094192334
bf9a2132-1795-4746-8773-dbcb2b5461b6,0.0021718636094192334
e9871466-513b-4be1-9526-d0cc116db364,0.0021718636094192334
975d5bd9-30e9-4cb7-baae-5f92bd7cae12,0.0021718636094192334
0d416ae7-7822-428a-9eaf-ae275a63d4d5,0.0021718636094192334
7655e5be-8fa2-4818-ad4a-4933b9cea0df,0.0021718636094192334
aeec9df1-3c11-4f3a-852a-c7458a832f3f,0.0021718636094192334
dde794f6-ec7e-4307-a225-c168a8aa4754,0.0021718636094192334
2be876fd-eb4f-4299-b2f6-50ea41bc8299,0.0021718636094192334
93777e81-6964-441d-b9f2-dd7343a3ee85,0.0021718636094192334
e6fbf7b5-7419-4b32-8859-330c50bd5743,0.0021718636094192334
1acb5c38-f157-4f0f-a936-13925d13678d,0.0021718636094192334
e2855f91-9bfd-40de-91bd-c8292d87655b,0.0021718636094192334
3c7bf2f2-bc03-4537-a615-395625dbf068,0.0021718636094192334
d9377dd8-1041-4edc-82b2-66087189d390,0.0021718636094192334
ced640ab-8b00-4f3a-b088-18d8ce9f797a,0.0021718636094192334
4b92becb-4267-4223-9618-0cb30e0db43e,0.0021718636094192334
5f4e7a4d-794a-4d10-b7c5-bf3e90a86fcf,0.0021718636094192334
93f3fd18-c9a3-4de8-89ca-f0860a2359b0,0.0021718636094192334
d0cd8c45-f516-4ed3-a439-f42252237612,0.0021718636094192334
ed69417b-ddac-4542-88ff-93013f0f6c3b,0.0021718636094192334
dae337a4-e101-492b-8b46-52b4d5a42495,0.0021718636094192334
a48a85fd-61cf-45ff-9f99-c5c60f97c8e4,0.0021718636094192334
73a7633a-30b1-4cbc-8290-63b2d755dc9f,0.0021718636094192334
cc2d43cd-1411-4042-8d2d-199e69ed17d2,0.0021718636094192334
788b6d72-9cdf-46d2-80a6-ebdb834a8036,0.0021718636094192334
8a95e9be-6249-4e6d-a506-31b21582baa2,0.0021718636094192334
519250fc-4559-45ff-ac15-df507edbc46a,0.0021718636094192334
dd462d5b-72cd-4d41-a284-3c143deaf9b8,0.0021718636094192334
ce75b82b-caf3-4f5f-a0eb-6c4e154f7a79,0.0021718636094192334
f9fa2fd4-a107-4f50-8d7b-36ff8d9f521d,0.0021718636094192334
6af51d22-81e4-41f4-99a2-6286d395a801,0.0021718636094192334
ff5eb4d0-1990-409e-b1ea-af554d64ec13,0.0021718636094192334
95dc6a9c-3704-4156-a45a-4899db5698f9,0.0021718636094192334
788bcc52-305e-473d-b14a-6ee7e22dc256,0.0021718636094192334
c7bf3d8a-411a-4ca4-89aa-24217b9d8e6d,0.0021718636094192334
6d8fb66a-7df8-4740-8871-21a9c13d7809,0.0021718636094192334
1de17bae-6cc9-4f6e-9e48-ffa379fa51db,0.0021718636094192334
f34f097f-dd74-4720-8f6b-8cfff3eac620,0.0021718636094192334
6ae5da66-5e03-4f2e-9c96-67fd73ab9052,0.0021718636094192334
1c5a491d-4494-4ea9-8525-71fa849a05ec,0.0021718636094192334
496360f9-85de-46e9-bb96-a3a8cfb4af03,0.0021718636094192334
6ac357a0-d63a-4bc1-8347-639443200224,0.0021718636094192334
10b714a3-6bef-462b-aa3d-75460710f3d2,0.0021718636094192334
1d52b042-0259-4492-a820-979e421a8597,0.0021718636094192334
b431ff57-cdb1-4fca-9d5d-e224204e3b42,0.0021718636094192334
61c70190-5311-4751-b0f2-2e7ff032a40b,0.0021718636094192334
366bef69-6112-46af-9c5a-ed4b4b6c3966,0.0021718636094192334
2701340a-5fa0-4971-a175-cae1f7ab4785,0.0021718636094192334
f58f3d62-7d26-4772-a402-905345802851,0.0021718636094192334
71bc8d43-cabd-4111-b038-318566cfdcd2,0.0021718636094192334
55a0d5e9-0d20-47b2-9004-45ba4adf2069,0.0021718636094192334
797f4146-77d8-4abd-b1d9-e0d985a5c754,0.0021718636094192334
1d7675e7-e55d-4c03-9b62-e72ad3ab0b88,0.0021718636094192334
6117ad7f-f248-47f4-9b84-d22658f77eab,0.0021718636094192334
7559f30e-4d08-4a19-b69a-5d1842a12106,0.0021718636094192334
1bcff912-dd9d-4e65-b7c2-479115d6635d,0.0021718636094192334
afb59ba2-e435-411a-806f-ee9b0946ced7,0.0021718636094192334
99018e92-a729-4e17-8b40-08f55bb72523,0.0021718636094192334
318fe47a-5e22-40dc-a1c4-046823665e39,0.0021718636094192334
40c7061b-d4a2-4b68-b8c1-2f34b9ca94c4,0.0021718636094192334
5b590d99-a099-4253-bbe3-0ee7eeccaeeb,0.0021718636094192334
3da1eed7-7fab-447e-b847-0011936e5d7b,0.0021718636094192334
1e52c9b6-19de-4e52-ba8c-915429b58adf,0.0021718636094192334
808c97d2-9353-45d7-abd2-e0c4d0175191,0.0021718636094192334
6fb02bc6-b987-4003-90ef-1b7f3ffb120a,0.0021718636094192334
26506497-446d-4717-8ff9-13889c2b8a0f,0.0021718636094192334
17de956b-6425-4332-bafb-8671c4d41c48,0.0021718636094192334
b19b3e4e-5225-4865-ab53-52546e112d83,0.0021718636094192334
79f12693-88a1-4edb-b76d-b96f67284dff,0.002043689773358892
63a3b769-c36c-4dfe-a11e-8d39ffd5a31a,0.002043689773358892
479fe610-a7b8-456e-84a3-6423b0da39e2,0.002043689773358892
4bc7ed0c-68b0-4358-989d-400708501236,0.002043689773358892
0535ba63-941f-4ec9-b13e-47ab00928f3c,0.002043689773358892
b490b6bf-ddaf-4f4d-b456-8057fa2a8bb3,0.002043689773358892
2b211175-0010-4f5e-a1dd-1f2a5342d5b6,0.002043689773358892
9c6be7a2-eb8e-4b6c-969e-2e689f821d67,0.002043689773358892
f0273d7f-f476-4cfa-ba50-2880d9261d20,0.002043689773358892
f420bfc0-d1ca-47f0-a17a-44daad374670,0.002043689773358892
7b23ea6d-c180-46cc-bae4-0fd818f863ea,0.002043689773358892
b2dcd1fe-62d0-4e72-899b-e2e4987d3bb9,0.002043689773358892
6943f455-4c76-4dbc-828e-a7833835b376,0.002043689773358892
84f8ca2e-bfee-45af-8fe6-a0cdbf526240,0.002043689773358892
561d4510-0ed1-4ef5-8892-4bb6174c7da3,0.002043689773358892
b1c924e9-e5dc-4525-a5dc-8653e81181a4,0.002043689773358892
ea1b826f-bcd4-493e-876f-092755f1eb23,0.002043689773358892
ae1f1220-e7ab-43d7-a575-121fc21b7858,0.002043689773358892
5f62b577-2323-4840-ab32-f02fd5ee8286,0.002043689773358892
8c73fc57-c8bc-43ca-8a5f-862612fc48a6,0.002043689773358892
5af8eebf-5a73-456a-9885-d7d54d709f9c,0.002043689773358892
5f2cdfba-70a5-4628-b089-3c5fe6ed7a6a,0.002043689773358892
c8419bdb-8ea9-4edd-b1ac-dff22f425d8c,0.002043689773358892
a5fe7c77-7903-4aac-9468-1b77b9e66ae7,0.002043689773358892
0f7ee887-0285-45da-8406-9357a553d8aa,0.002043689773358892
7f06483b-caac-47b5-806a-3f59e07d1dd2,0.002043689773358892
c6c02456-9a95-4a1f-92e7-8ff6dfb16e3f,0.002043689773358892
0b1b21cf-87c5-4862-b76e-7c04dc5817df,0.002043689773358892
fda69a01-9c11-4076-855f-8a8ce70c4b1c,0.002043689773358892
13bbf087-aa6d-4876-b27a-c03b2ec75830,0.002043689773358892
80150a99-7548-4193-9898-3bb86c672e4f,0.002043689773358892
18826244-f56c-41df-81c3-7c3653041f3b,0.002043689773358892
bb4d2ead-5b14-4333-a80e-66769b3043b4,0.002043689773358892
fbb26866-e22a-4ba8-aace-e7d6a5fd32df,0.002043689773358892
6c1570f3-a34f-4468-bac1-990403278d00,0.002043689773358892
6f9ffc61-46e7-485c-9c1d-b51cfca23a66,0.002043689773358892
a3344729-cc74-4329-afa6-97d647e673bc,0.002043689773358892
1b47777d-961a-4363-8f72-53bed507a27d,0.002043689773358892
7906b679-7a54-4f95-93b5-26fcb8664797,0.002043689773358892
e8c52f3d-2963-4277-9239-fcffd79235e3,0.002043689773358892
0c06f6e9-4f98-43f9-9869-ef5445a0e680,0.002043689773358892
34b61f07-e917-4236-9315-724059e1530d,0.002043689773358892
937dc874-3ef0-4c9a-bffb-3df42739e8e1,0.002043689773358892
5a474cbc-38fb-4184-ac39-09b833f9cc55,0.002043689773358892
c8486841-18b1-4384-8e3a-186217ff554c,0.002043689773358892
fca88362-c554-4178-88e0-4e2ea6925180,0.002043689773358892
83a328f2-7ff7-416c-9aa6-f60a43a38e6f,0.002043689773358892
e78ff9ea-79d2-428c-8286-27e9f494577b,0.002043689773358892
19042823-881c-4c97-94f1-e9cb92323318,0.002043689773358892
6e10bd7c-c95a-4874-8fb2-fea07c8fde4a,0.002043689773358892
c688c277-3583-4524-9f94-e289a94d5adc,0.002043689773358892
db10c8ef-4fe5-432b-bee4-778978f7cb34,0.002043689773358892
fb0238a0-8a96-4d40-ac63-f87c9422f208,0.002043689773358892
e586f688-0dd4-4c45-8df3-73bd054f6988,0.002043689773358892
06a47c65-bbc7-4a99-9270-7ea36ab2dd6a,0.002043689773358892
e003a2ba-a1a9-4d29-818e-558d7c2ad02b,0.002043689773358892
cb66c048-2a97-4092-92b4-7af3a552fa2b,0.002043689773358892
012a108e-880a-4f22-ad82-cfcbd3e9bfce,0.002043689773358892
0c4808e3-45d0-412f-8583-bc4e1d5257b2,0.002043689773358892
4d466e36-aee5-4c6c-b97c-1b2e0957c676,0.002043689773358892
93a79c7d-b363-4cd5-b357-5680ee8b40bf,0.002043689773358892
f0aec067-271f-41b9-b648-352b38d1e077,0.002043689773358892
195cee34-6380-4c86-a27a-188a255e632f,0.002043689773358892
00bdf3e8-1e81-4fe8-8564-0043a56cec48,0.002043689773358892
a5755dec-8d10-4162-910a-f19acbb9e2d3,0.002043689773358892
cfd88d37-e63b-4afd-8142-d9753033b9ce,0.002043689773358892
1a30e42f-5a94-43c1-9056-4c596f8ba418,0.002043689773358892
12ca7154-68a6-4303-87d4-ec59db63527f,0.002043689773358892
dbb9c8f1-466d-4eb3-a4c6-74fad0e7ed01,0.002043689773358892
e65451bb-a6f5-49c4-9d06-4d4cb4459ed0,0.002043689773358892
0c2498d6-9620-4f17-901c-e57ec9328084,0.002043689773358892
c35b7f45-a125-449d-a6d4-2cb6322c2c79,0.002043689773358892
f3685c4f-6a3f-4a16-8327-8ba859213038,0.002043689773358892
f67e4865-e571-4ad1-bb69-10164eb5b425,0.002043689773358892
799875fb-e00c-48a4-acbd-cea0f3981924,0.002043689773358892
61dd4ea2-9ed9-4da5-a6c7-8815a425d143,0.002043689773358892
ace045ac-cbe0-4da7-9d1a-c5f859d8dd7f,0.002043689773358892
969b51dd-bac2-4ac2-a229-161c8459bf47,0.002043689773358892
63fa9c2d-51d0-4850-b877-771f3311bdac,0.002043689773358892
6f038c1f-9859-4625-a849-734c1ecaf1cc,0.002043689773358892
67633a94-27b5-45f9-8abb-786c30722317,0.002043689773358892
65521eb9-3cf7-446e-b480-4b43b63e47b9,0.002043689773358892
195aebb4-1bb2-4af5-9604-f99c53d0136d,0.002043689773358892
9909a339-e8d5-49de-a190-29c68474d456,0.002043689773358892
a1b32fb4-0f2c-4c74-a7b4-8acf37951b9f,0.002043689773358892
6877f817-d6dc-4894-b396-36c647635d3a,0.002043689773358892
d4e4453c-0d1f-433d-9c43-6daf9d640f16,0.002043689773358892
10342c45-a9b9-4acd-8f68-0f643d6577b1,0.002043689773358892
794209bb-3bc5-4bdc-95a0-3fcf3114ccbf,0.002043689773358892
7ca9b0bf-f57f-4828-a2e6-f0a2fb76b715,0.002043689773358892
5e518c80-3fa7-475a-897b-eb5e9e3d377f,0.002043689773358892
1d8bca3b-7fcf-41fc-a516-96338beb34b0,0.002043689773358892
9373229c-1cbc-4a17-8daa-eedcabbfb204,0.002043689773358892
ba621201-d55d-40be-b170-7a429ef0897f,0.002043689773358892
00a596f6-8823-48d1-9dc5-4364118bbbe0,0.002043689773358892
fdab8c29-58f4-4a72-9f4d-9de7c228fa70,0.002043689773358892
1d0cdd97-196b-4389-a6a3-2fbbbba1f45a,0.002043689773358892
9f84df2e-7be3-4373-a27f-555e9843a5cc,0.002043689773358892
09795e55-ed52-4fad-8a4f-51f237619dff,0.002043689773358892
2232ee6a-b46f-4eb2-a694-505635be522f,0.002043689773358892
5fa90b51-f5ac-4702-9faf-46aaef05ea8d,0.002043689773358892
ba0373de-dfd0-48a7-ae7c-1bd65ffdd509,0.002043689773358892
4aefbd10-ac69-45df-acc6-315328efafb9,0.002043689773358892
6c6ccfa6-23a6-46c6-9115-18196448fe46,0.002043689773358892
50226bb5-c2d0-4578-8aa9-d0b7be922bee,0.002043689773358892
42373b62-2e52-4562-ab2d-25469d9ee61f,0.002043689773358892
4df6356f-b457-4e2f-a6f8-d3d4e3b4124a,0.002043689773358892
6f90bec5-6f17-4654-9f65-52509ade8061,0.002043689773358892
fb20be99-97ba-43f9-b007-5a1c6d249c17,0.002043689773358892
bffd9f91-5e95-49d6-92b1-aa29c4401942,0.002043689773358892
d96f61b6-cbf9-4591-a05e-641c49132852,0.002043689773358892
25234eb8-4acf-4cd8-ae04-0b42ac27a29e,0.002043689773358892
ab366e4d-88bd-4e67-b249-988929391945,0.002043689773358892
c10122f3-449d-4321-895b-226f8cc32893,0.002043689773358892
ffe5af62-4332-4ddc-8000-0494636398a6,0.002043689773358892
edd2c0db-509e-4dcb-bdb7-48a144d637fb,0.002043689773358892
f2ea072c-c71c-4d56-9c73-587e33fdc223,0.002043689773358892
d69003b2-24c2-417b-9798-75246d11d278,0.002043689773358892
bf29a087-18e2-4a0c-bc89-22f9c96ef77d,0.002043689773358892
7b2e7be0-225f-4de1-8c61-a0a70b7d8663,0.002043689773358892
48eecab1-fb87-48a9-8009-1b9b91ed0d7d,0.002043689773358892
5e5ac300-bd57-475d-aa21-127aafc8e1bd,0.002043689773358892
c9ceda95-a9a6-4051-ab56-326b2fe4244b,0.002043689773358892
2b4d1f21-5190-45d4-9589-29c346e21837,0.002043689773358892
5cb43bb5-07c0-4599-b8b0-41f21c42caca,0.002043689773358892
4eb7cce0-868f-417c-9996-d8610c4677e3,0.002043689773358892
f29adcf7-cb88-4f4f-af1e-6625d90c6f80,0.002043689773358892
75d3a0fe-9bad-4b62-8eab-47487d5b7fe5,0.002043689773358892
6f5e97c2-756b-41f5-8f05-73965c00bc49,0.0009879531249907814
3d41c2d8-3abe-415b-b33a-3714ad3c694c,0.0009879531249907814
aaef57c8-2d14-4ce9-968e-79abbe00d16b,0.0009879531249907814
0509c124-7173-4e74-8d3b-80e4ffdc840c,0.0009879531249907814
259cfb75-9be7-45c0-87a3-bc5c9f359e17,0.0009879531249907814
816c38b0-f434-4e7b-8bed-f5c44f28ed51,0.0009879531249907814
7bfb3a6e-f6a6-4f48-ba07-db803848b2e5,0.0009879531249907814
49d302a4-5169-45f6-aaf8-484747f26925,0.0009879531249907814
00e6518d-0dc2-4893-8877-d1961c2ba127,0.0009879531249907814
cd863204-19ef-4ad6-86e8-531b29ca2f73,0.0009879531249907814
2d163557-4486-4799-99da-22ea65800581,0.0009879531249907814
4099c3b1-8120-4897-a441-8906becb6764,0.0009879531249907814
c560944e-8fd5-4396-9a35-7fd0cbc8ec83,0.0009879531249907814
831495c4-70f4-46f4-8c5d-4399b58ba457,0.0009879531249907814
5018d201-9dcc-4def-8f58-de42b35464f0,0.0009879531249907814
9d0b9b3d-4413-483c-ba01-37bd43d2e240,0.0009879531249907814
37a28624-8c38-428d-bf5f-ad62350612cd,0.0009879531249907814
1eda0b70-25c8-4abe-a154-1d18a1f6bda4,0.0009879531249907814
38faf578-eba3-4125-89b2-7f7babe03a65,0.0009879531249907814
3d17982e-752e-4fe5-9827-7cf6acd51c33,0.0009879531249907814
8936386e-5e50-44fa-8603-91455ef30916,0.0009879531249907814
a957b244-e55b-4a2a-95a7-f4d3790be5e1,0.0009879531249907814
d15fa2d8-3531-4335-bdb0-9f818ec68cff,0.0009879531249907814
330018ae-55a4-4f31-8a87-14b0de4d2f33,0.0009879531249907814
098cef2a-b215-4464-8388-6aba73fc6c10,0.0009879531249907814
3aebf6d0-0852-45cd-95f6-06753ebf2106,0.0009879531249907814
7e8ae255-7540-44ea-b611-9a072360a5a3,0.0009879531249907814
1a576506-e77d-48ff-9136-dbf9aecf9207,0.0009879531249907814
c7b7f34f-e9f4-4ea4-8728-6c41512a28ec,0.0009879531249907814
287cc5d2-20ce-4a9e-8179-1b18a61e53eb,0.0009879531249907814
802bce6d-3cea-44e4-adb7-ccca1e596775,0.0009879531249907814
f6586236-1dbc-4e27-8230-53f6e6b9ac4a,0.0009879531249907814
480cc0df-16e4-42ba-aba5-5a332794c675,0.0009879531249907814
2ef18347-0b40-4edb-827f-ab837e55a783,0.0009879531249907814
4f19b162-5000-4b0f-bd0a-ea24ecd94a7b,0.0009879531249907814
afe6381c-e26f-4394-977e-527dc9ec93b7,0.0009879531249907814
cb914c8c-b445-4ef0-b473-fddcce92e07f,0.0009879531249907814
55e6603d-4fb5-475d-82ee-81286669184d,0.0009879531249907814
0b895e7f-aec0-48b4-8080-b3b9f893acd1,0.0009879531249907814
f8fac906-5755-4664-942a-af70e73e9295,0.0009879531249907814
3d6a356b-05cd-4a09-9a35-172f94d386b0,0.0009879531249907814
5662ca5d-fd52-4271-9ddc-142d6e51f0e9,0.0009879531249907814
9f2d92ce-5e42-4b9c-88cd-4f47c2cd1f00,0.0009879531249907814
3a932713-dccf-46b3-9097-051904940244,0.0009879531249907814
8ad64126-9193-4b54-a35c-f2fcecbc3250,0.0009879531249907814
935aba62-b268-44b9-ac80-1b4635c63ebe,0.0009879531249907814
42d4675e-87ad-4156-bc44-ba5f092ace9b,0.0009879531249907814
9f2a9d40-cd89-4f90-8895-4dfd768ff711,0.0009879531249907814
a76896d9-245d-4a17-8a9e-d80cc263aaf2,0.0009879531249907814
3997e708-5991-4e0a-a436-4dae3694efa5,0.0009879531249907814
a49801db-6bd9-4eaa-88f3-192f5cdc8fe2,0.0009879531249907814
5ec81d02-9865-4987-aa15-c6c58b005e2e,0.0009879531249907814
c43f483c-6e62-4caf-b81a-64a9fe635f36,0.0009879531249907814
e9daba15-0633-4324-bc09-667f04eb1e2a,0.0009879531249907814
f4d732b5-9191-4f9a-b500-c4d12f6c5d78,0.0009879531249907814
26f62609-ed69-4c2f-898a-1778bd82f1f9,0.0009879531249907814
a5b87769-6644-4aa5-8219-95a6f3985ade,0.0009879531249907814
2be940e7-f686-4df4-ad60-4cbcaa078202,0.0009879531249907814
4e035de5-9094-4b81-b40d-67081efb96af,0.0009879531249907814
4e93fe7f-1423-4539-9fa8-9e9f240685f5,0.0009879531249907814
bcc187f1-226a-4e6e-bdbd-9ac1b27151a9,0.0009879531249907814
6dba11b7-e299-4900-9fd5-719e38e2aade,0.0009879531249907814
3c5e7239-5474-4af6-a679-67bdf6a337ed,0.0009879531249907814
79f47c40-a29e-4e9a-8d60-588dfcf9239c,0.0009879531249907814
d29aac8b-22a9-4faa-932f-6e3b655dd33b,0.0009879531249907814
6afb611f-af59-4690-92b2-bd8e0bf11255,0.0009879531249907814
391fb235-03b1-478a-b0e5-83326cf93ece,0.0009879531249907814
9e30e739-34eb-4b70-acf8-244871d11b46,0.0009879531249907814
3732cdec-cb42-44c2-afe9-1e310eacd336,0.0009879531249907814
06b5b880-943b-4ac9-90a9-0679ca01506c,0.0009879531249907814
cf8f4591-4cae-4a0f-8a9c-71212338fbca,0.0009879531249907814
a20915fc-edd9-4e89-be41-e61b94a53895,0.0009879531249907814
62148d9b-aa35-4204-84e6-4e2ad0ce1112,0.0009879531249907814
323bf8cc-969e-4fd7-93da-95e621f3bb00,0.0009879531249907814
e171fb5d-de8d-4c8b-881e-f0635be1006a,0.0009879531249907814
b6c28569-f6a8-47fb-be46-ef93026870b0,0.0009879531249907814
4fb1fbb3-488c-4022-ac6e-637350f49efc,0.0009879531249907814
4975b01d-e664-4592-9b9b-a37b11bdcb74,0.0009879531249907814
6486622e-606f-4b97-96dc-556fcceeb8e8,0.0009879531249907814
1d3b103d-9f86-460b-9ce6-dec11fb3eee8,0.0009879531249907814
342f5fb8-be46-42cc-8a22-b0457d27398d,0.0009879531249907814
496fbb2d-3c24-4667-8357-99d501227ef9,0.0009879531249907814
93e08233-9fd8-4ca3-ad66-951a2791f9b4,0.0009879531249907814
144c3ec2-dff2-4512-863e-913676a3b77a,0.0009879531249907814
e5431a96-9a85-45c8-a219-0d9a84a601be,0.0009879531249907814
c1201e80-9d33-4769-afb6-4af9762ab090,0.0009879531249907814
9b80f932-2157-4441-b053-50b4e7c125fa,0.0009879531249907814
f7028285-1794-4f46-a404-08f239fe0a67,0.0009879531249907814
5346b922-6b06-452c-917d-515ef323de30,0.0009879531249907814
cfc8a042-82e3-4faa-a27f-0a5cee444ef9,0.0009879531249907814
10718057-51d4-4687-8c8c-46e25a4fe3d2,0.0009879531249907814
625593ec-4b33-4668-8c45-4f23fa32958e,0.0009879531249907814
2aa50b99-4c14-4023-b0f2-bef513815762,0.0009879531249907814
bbd0633a-9e3e-4f35-b8de-8d3284f815ec,0.0009879531249907814
e5a3c01f-f278-43b8-8cf7-25db2907b96c,0.0009879531249907814
ec226980-f750-487e-810d-5c284562d1e6,0.0009879531249907814
3f2b9de6-1431-4a4b-8aee-d1129e229495,0.0009879531249907814
34dcab97-2683-40a1-bc86-7863241a8bc8,0.0009879531249907814
3cc4f341-29f2-48b5-9134-17a260fc7007,0.0009879531249907814
6ba413f5-f7c7-492a-9aa4-612727dd6ec9,0.0009879531249907814
046145de-543d-4fe9-8257-e36883b471e9,0.0009879531249907814
d4293f4b-a994-4445-a3f1-2f401f40f35f,0.0009879531249907814
aa8146ed-33b9-408d-8953-1d99cba0a99e,0.0009879531249907814
542d90cb-e045-4d69-8e86-a1bc1f73a7ae,0.0009879531249907814
30645f47-689c-4874-aed2-458db744551f,0.0009879531249907814
d173efdd-6623-475f-9f3f-b329dd721f49,0.0009879531249907814
194f1459-7d0f-4281-9714-fc63ca53dfa6,0.0009879531249907814
b10b9cbb-d22a-46ba-98e2-775eaa05dbe3,0.0009879531249907814
deeb7706-a375-4575-a694-94a475c4250d,0.0009879531249907814
c8b2c35a-14e3-4fa0-a424-15e0b8d72e52,0.0009879531249907814
15316461-e654-49f8-90c2-c25b1d79e862,0.0009879531249907814
7967146c-68ed-4cb6-8f70-779228a66b92,0.0009879531249907814
ad629789-2f28-46eb-898f-24259c1a211b,0.0009879531249907814
39cd28a8-3643-4074-9acb-60a31c67ab3e,0.0009879531249907814
e32a9a5a-e023-4f8a-9ad4-84bab5f96bed,0.0009879531249907814
b9f83349-948b-440f-a0ba-2808b51db449,0.0009879531249907814
edbfa517-0c81-4f82-b06a-5982843795e3,0.0009879531249907814
962022d3-f7e3-4f76-9965-7b5a7e30ebaf,0.0009879531249907814
f07330f6-6cb5-4887-bdc0-b903c6fd9721,0.0009879531249907814
d7a12612-8cc5-4680-874d-d7e583e01a28,0.0009879531249907814
7c0b50c1-956a-4385-9fc4-d60290087354,0.0009879531249907814
f87c6c0f-984e-48ea-a05a-0ed132f4a9cc,0.0009879531249907814
78760362-5a13-44ef-896d-cbd85141c4eb,0.0009879531249907814
39c00682-679f-4d67-9c06-cd82bc7ea70a,0.0009879531249907814
86f8c7a2-a257-4284-8c51-ee3f90457772,0.0009879531249907814
e4e419c6-866c-47ec-846b-841c73894263,0.0009879531249907814
16a11017-4870-4a6a-a561-2cdc43de779b,0.0009879531249907814
ded126dd-da5d-4e04-89ad-6e78694409af,0.0009879531249907814
04d55718-bb69-4d49-9d51-3c2d1a9b72be,0.0010573740235031437
6d05844a-aa53-404b-8484-8f3a7add4b0e,0.0010573740235031437
521c223f-1973-47b9-ac0a-b51971136d60,0.0010573740235031437
dfeb9eb4-be3f-4080-8859-0f70615d1de7,0.0010573740235031437
0f547412-2bf5-4857-aa9e-5d40d8979b31,0.0010573740235031437
377bb82d-c0c4-43c7-af70-c86c48d8c1dd,0.0010573740235031437
d3e7bdf9-25b2-4ec4-8084-299b6c16336e,0.0010573740235031437
0d2407f6-7dda-44ad-acb2-0072153ad946,0.0010573740235031437
b9d9f3b4-fcca-46e7-8c88-20b7c24e6400,0.0010573740235031437
e90778b0-b8a2-43f1-924f-748e292ee773,0.0010573740235031437
79d42c8b-0ef7-4996-bab8-e83c97acaed7,0.0010573740235031437
26e87f97-ae78-4557-a04d-6b49000336d7,0.0010573740235031437
1c68073c-efce-4852-99ed-870f8da60869,0.0010573740235031437
eb7091ef-6ba7-4d01-840d-caf96d95eb22,0.0010573740235031437
6e5bd4f8-d3c0-4edc-84fa-a7b4540dbd3f,0.0010573740235031437
e47c964d-f109-43b1-8239-aadac7845425,0.0010573740235031437
4d3fb7cb-4cff-4e7b-840d-0572c5175365,0.0010573740235031437
22447ed3-6ddd-49bb-9d9d-37c626b104c0,0.0010573740235031437
e9814e15-6fba-40d4-90dd-d8f08167d4fb,0.0010573740235031437
06444c20-be9a-4d35-8e01-e06512751ada,0.0010573740235031437
1f801a01-0b70-4267-89de-a7c3a77a87d2,0.0010573740235031437
bdff394c-1b7c-48e6-b64c-ee4c00031e04,0.0010573740235031437
1fdf7893-d81d-485f-bf96-c61a1c397818,0.0010573740235031437
c2e6c0e1-af7c-4826-b61e-20cd7d089625,0.0010573740235031437
58dc5635-5221-4996-b2cb-fa2938b92f41,0.0010573740235031437
0c7cb3c4-10de-4d14-bb6c-355d5a3db62d,0.0010573740235031437
ade96cd1-6c66-4cd6-ade5-83477deb98f8,0.0010573740235031437
12cf3408-f964-410c-8f62-ed71fe8e437e,0.0010573740235031437
434f54ac-3445-4ac2-ac9f-87a8bbf06e66,0.0010573740235031437
a77ffefd-f9c4-4cfa-beca-dd089bdf3baf,0.0010573740235031437
3157ac6c-236b-47c7-8de4-cee33de52e03,0.0010573740235031437
65e06f36-a88e-46f1-bfd7-461ad033741d,0.0010573740235031437
68ec1316-2fbc-4638-b2c0-fd6b7743afa2,0.0010573740235031437
48f937dd-a0ee-49a6-9333-bec9c51156fc,0.0010573740235031437
cbbc4f19-e940-47ac-b0a0-931d8a1c63de,0.0010573740235031437
baa6cb26-83e8-42f3-b89d-e5591973c61b,0.0010573740235031437
37de5060-ec70-4f04-88ca-97a14abae05f,0.0010573740235031437
553186d4-cba1-44af-81d5-cec46d5414a4,0.0010573740235031437
5dcd63de-3918-4b82-a674-5bc0dc55641f,0.0010573740235031437
f3f9e569-87b1-4c37-bf6b-1afc6efe3fb0,0.0010573740235031437
a364467e-22c2-4cd0-9e0f-191326c16af8,0.0010573740235031437
85049305-dbdd-4c8e-aece-058e02ed7372,0.0010573740235031437
8d5a07c0-079a-4b48-946e-97e9833b7bd4,0.0010573740235031437
7f40b320-07bb-40a0-b730-a246949d956e,0.0010573740235031437
b4e54d67-9104-428d-b27c-d0ef3f7bd1e0,0.0010573740235031437
ed3e6e65-13f0-46fa-bd4c-9f30a2e05e57,0.0010573740235031437
f879ffef-9d33-400d-af7c-09367fd88e59,0.0010573740235031437
93b954ed-7619-4c39-94d5-e579629e8791,0.0010573740235031437
d4897d28-d771-4af6-81ed-393fb0025d4e,0.0010573740235031437
e3899dbd-52c9-4688-86c5-fc626907dfc1,0.0010573740235031437
9b33760e-4f7b-4b19-a484-51f6d813e253,0.0010573740235031437
8f0cfc12-b807-471b-9d21-328d66752973,0.0010573740235031437
f0d5ab1d-07c3-4fa8-9bd3-16f05f374aff,0.0010573740235031437
1ebf14ae-2d34-4ace-b796-e3410561acdc,0.0010573740235031437
3d004be5-9f0a-4ec8-a18b-1d4139a26671,0.0010573740235031437
4f7b128c-8504-4fb6-9f09-4166412d73dc,0.0010573740235031437
65fa31ad-fef4-4343-ac99-059e5f33f3cb,0.0010573740235031437
8fd94d6b-93bb-4e28-89b3-02ef49bcf9be,0.0010573740235031437
e912a191-faca-4b31-ac4e-767f5dbf2a58,0.0010573740235031437
4c640411-7505-4b01-951d-ace97d189ec0,0.0010573740235031437
3e38cca5-16d6-439a-b3a6-d00ec01b2ee9,0.0010573740235031437
62485285-be16-4ea5-be5e-5d1ec7b3c0b4,0.0010573740235031437
b01b3a50-de03-4d33-b358-f9d9bee53ffa,0.0010573740235031437
1241595e-e220-4c3d-859c-9de77d45adb5,0.0010573740235031437
4b0b142e-1254-423d-bd92-6fc0b4419371,0.0010573740235031437
43369de4-f778-4605-bd99-83e5688111a5,0.0010573740235031437
5cccdf56-5753-4833-ae2e-bea20d321d8f,0.0010573740235031437
daac381b-0cb8-486f-9d18-10b31a9fda95,0.0010573740235031437
18a2bc3d-7bdf-442f-847a-f686c2b52c53,0.0010573740235031437
8b6e861d-1b94-426a-b7dc-ad934b103f85,0.0010573740235031437
29713519-cbb2-46c9-80e3-ef7a5e662db2,0.0010573740235031437
3ac6a186-064a-4b6f-bc02-ac32df92090a,0.0010573740235031437
c1fc976e-b944-48b1-9a35-6a972f20f64b,0.0010573740235031437
e0232e27-2090-4673-bf52-cdd9181b3267,0.0010573740235031437
f85a62c7-519e-4ff0-b5b6-3b8feb435f2b,0.0010573740235031437
c310997b-25e5-44f4-b7f3-c0c46c3451e3,0.0010573740235031437
1d8a17f1-2ffa-4344-9ff9-c5bcd2274edd,0.0010573740235031437
8b6cdce0-ea6f-4be5-a173-18b088521ced,0.0010573740235031437
8631fc60-aea8-4c00-bea9-4c7f163ca451,0.0010573740235031437
c0448f43-7c36-4b80-90dd-4866cc3b2ace,0.0010573740235031437
ef28b579-a03c-45d3-b8da-ac6ccb3d8b88,0.0010573740235031437
84d3937e-c7c6-441a-8505-945bea5a6bc3,0.0010573740235031437
abd9cdf1-6840-4033-a8ae-f44ecd843b6d,0.0010573740235031437
17a00355-d99d-4906-bfe5-47d08913ceb7,0.0010573740235031437
f9b034dc-4b9b-404e-b5df-eab11decfd3c,0.0010573740235031437
69642d94-3230-44eb-84d7-5232280271fa,0.0010573740235031437
afa80527-c42e-45a5-a5cd-84434088907d,0.0010573740235031437
e9ca0c46-afa4-480b-9983-1edf703e73de,0.0010573740235031437
e9f30b5e-864b-4c72-80f4-abd53b1e4507,0.0010573740235031437
7eee75cb-e32a-41ea-a4f3-e6ae071a334a,0.0010573740235031437
2f72889e-c885-4b5f-be76-33b3263df8f3,0.0010573740235031437
d7c11071-7096-46ef-a621-435aa10fcff5,0.0010573740235031437
d01ada4e-268a-412f-932f-d6e890406da1,0.0010573740235031437
901a7985-90f2-48d3-9065-a00a737354e7,0.0010573740235031437
1d2f81ff-17dd-442d-abd3-1750cb427526,0.0010573740235031437
4e6b643e-b6b9-408b-b90b-c407866f826a,0.0010573740235031437
a3e64f34-41aa-4279-ab61-c29d1e46dcd5,0.0010573740235031437
7133fd6b-aff1-426b-bc27-b5026b6623dd,0.0010573740235031437
559cf4fe-f52b-4a11-8a31-5cc260480f43,0.0010573740235031437
93bcff7c-185b-4bb3-90a0-02023e9a4b19,0.0010573740235031437
88417702-02e2-4fa8-b220-8819c1b67d65,0.0010573740235031437
79f26300-40cf-4936-96b4-1425b823beca,0.0010573740235031437
a2976697-ec93-42de-b396-2447571c0117,0.0010573740235031437
1dd62e95-b83a-44c5-928b-2d0a17a79a0a,0.0010573740235031437
3b9c92b8-5287-4a40-854f-77f905f5e5cc,0.0010573740235031437
64d6abb9-acab-4eed-ba40-53c244afa9ca,0.0010573740235031437
89e2ed45-d0c9-4f26-8bf1-fff38b6eda05,0.0010573740235031437
d1993e12-f6ca-41f6-b192-8ddb2a05a497,0.0010573740235031437
6d6438b9-8ecd-445a-801d-aa757072cdb4,0.0010573740235031437
446feb39-c68a-4d51-8850-138ae536440c,0.0010573740235031437
db0aab50-bc29-41e4-bcd8-f620bd1b0ad4,0.0010573740235031437
86c05983-2e13-4ffb-894f-f70f1b2a1f35,0.0010573740235031437
fdd8d0b1-d29c-45fa-8aec-1a279e4bcd59,0.0010573740235031437
ba3ab39f-371b-4895-922a-5258c7dceafa,0.0010573740235031437
3d425b13-6887-4205-885a-bfc834fc3a0a,0.0010573740235031437
dd431c9d-ebaf-4d38-8b96-2fffb70a38be,0.0010573740235031437
bffd5f52-8c2e-457e-b272-88b62a7e3fe6,0.0010573740235031437
f85c7958-7746-4ddc-8638-1d1802c2259c,0.0010573740235031437
dfe84890-40e7-4b77-92e8-72a794876782,0.0010573740235031437
18ab98a7-7139-47ad-b0bc-97f6fb8ff3e0,0.0010573740235031437
31858d67-e750-4f2c-9974-ac5d3dfb27a3,0.0010573740235031437
9abd77ce-5825-462f-a3e8-302bcbfebd6a,0.0010573740235031437
5cdfce56-fc27-4796-88f3-12bf185bd749,0.0010573740235031437
43d9b015-3e57-43dd-850a-26f687cfcc83,0.0010573740235031437
5c737dbd-5373-4b09-991f-df79b5750b2d,0.0010573740235031437
bf954a46-c1e3-41e4-ac7c-931626a08591,0.0010573740235031437
31657565-77f2-4a90-87b7-8c3449660db4,0.0010573740235031437
6af5fdcf-49be-478b-8166-9dcf61bb8fa6,0.0010573740235031437
ed27e7f6-bd5f-47ae-9555-15e3cac193d7,0.0014415693359524084
e3ff633e-5dcf-4274-8dc4-691d6197ef27,0.0014415693359524084
3f213166-3193-4cfd-9b30-bc7abb3b0acf,0.0014415693359524084
d4d86909-87da-44df-b8fa-7a40d469c3c5,0.0014415693359524084
83620739-7bd5-4633-9a8c-28ce1fbeab2e,0.0014415693359524084
194ccef9-e701-4e0e-b41a-2ed7c71c450c,0.0014415693359524084
799922d8-40f2-4826-9bdc-ddf6c43f0986,0.0014415693359524084
410ce06e-ae81-445d-be21-040d6c8cc657,0.0014415693359524084
85a1f8bf-479b-4275-920a-a831b13c621f,0.0014415693359524084
f4569113-4edc-412e-a11b-569b609cca85,0.0014415693359524084
43ea085c-4f4b-47d3-b4e8-9aa8f9051f74,0.0014415693359524084
a883d40c-2d3c-42d5-b505-3bf5ce07da40,0.0014415693359524084
78278834-bd48-44f5-bf47-2f91aab7a255,0.0014415693359524084
1c518c05-3d46-4921-ad0d-e45e150ab4ef,0.0014415693359524084
c8b481d2-ac5b-468c-a81d-9d6d8fa76634,0.0014415693359524084
de2f1d29-6596-46be-b30c-edf8927af3f5,0.0014415693359524084
2401de8b-ffe0-47d0-a80a-bf4e6b7f2313,0.0014415693359524084
306b0a1f-0952-4f67-b6c5-9c7cae78112b,0.0014415693359524084
1e6af8e1-f347-4151-9fc1-76164baea6d3,0.0014415693359524084
0f577a89-2814-4181-b7ac-38cdb8f8e9f8,0.0014415693359524084
54959bc4-69e1-4d83-be27-d9adfa695f1b,0.0014415693359524084
0fe811b4-7208-4f0c-86d2-c3d804966cdc,0.0014415693359524084
ccfb16a1-5847-4b91-b8f2-49e06ad31c1b,0.0014415693359524084
36a833c2-5720-45d8-a01d-f10fc782dba1,0.0014415693359524084
0509ecbd-30e8-4057-82fb-8d313686d01c,0.0014415693359524084
1727d129-071d-4eb8-aa85-5da8f916ac38,0.0014415693359524084
a545e337-8c22-454c-a627-c578925628ac,0.0014415693359524084
5d9fb029-1933-4105-b7b8-0ebbd0768133,0.0014415693359524084
de023883-a543-4954-9d09-953f71f4e9e0,0.0014415693359524084
40c36a22-6727-4f6c-95fd-5fe3d4711346,0.0014415693359524084
853886b8-a442-4505-ba3b-feb8aecc5a49,0.0014415693359524084
d68874dc-5994-42fa-8f7f-f02186f923e9,0.0014415693359524084
0ae38a6f-d0a5-45e5-892d-0f2fa098d94c,0.0014415693359524084
4f207d8c-5b58-4fcf-87fd-d70d07f8ec28,0.0014415693359524084
97193a40-b0de-4d21-83fc-729dfb083bc2,0.0014415693359524084
ea857de7-5311-4594-842e-0b5daaf3a799,0.0014415693359524084
5bfb160c-be27-4705-9733-188774bb864f,0.0014415693359524084
2dde82c6-b2b2-45f3-8a91-cf44e0f57a1b,0.0014415693359524084
39def9fd-df4d-426b-9c71-efba224ac63a,0.0014415693359524084
dc9fce32-830a-49c9-9492-f01966feda4c,0.0014415693359524084
4bf3278c-f586-4103-93dc-f285f975d3f9,0.0014415693359524084
a82d2637-1fcb-401a-afed-3219e3561c96,0.0014415693359524084
88fc6586-c75e-4ece-8e5a-1a824d02ce8c,0.0014415693359524084
088b23eb-e07e-4db2-8372-5bc02c5dec9d,0.0014415693359524084
c70a972d-a1de-4289-b000-566f9cf92d6b,0.0014415693359524084
84ef7122-cd4a-4b0d-a092-b595de47d8bd,0.0014415693359524084
21f1b7ba-7675-414f-bd7e-8d95eb89285f,0.0014415693359524084
67a21505-0bb1-4feb-8cf6-9de0b13a6dc2,0.0014415693359524084
3f789aab-a7db-4bde-a486-36d7f0348dd9,0.0014415693359524084
ab8102fe-c0c1-4ce3-9b72-7ca8c6b52175,0.0014415693359524084
5e909a1c-8b93-4727-945e-d1d817fb9474,0.0014415693359524084
7a690736-b267-4826-b589-d00a4c6c5bba,0.0014415693359524084
a50ad644-e764-405a-9e3b-aee6a68a4862,0.0014415693359524084
89e92ec2-d7ca-4567-98ab-12f575edfa5a,0.0014415693359524084
55d36f81-cce3-4b87-86c9-3fe2b8742f38,0.0014415693359524084
79981f8d-9898-467d-aa8d-999c0c9d858a,0.0014415693359524084
63dfd43d-8dba-4118-b7df-5154f6f54281,0.0014415693359524084
9a2e1eed-15dd-4ad5-a7cc-075517c39ea2,0.0014415693359524084
75cefe69-b260-4b04-b81c-daa9fc75d568,0.0014415693359524084
5c74c89d-3259-4109-b3ea-e284d2d76099,0.0014415693359524084
8f3f94ba-a47d-4323-8874-ced12abd5c2d,0.0014415693359524084
4a775856-35e7-4e3f-952b-39fc9eab8e97,0.0014415693359524084
d5e13df8-953b-4813-9147-b4c50485fd3d,0.0014415693359524084
4757f176-f87f-4b92-be1d-34bc87fbcfc2,0.0014415693359524084
1cdaba14-ba75-4c47-aa59-5f5f7bb06877,0.0014415693359524084
1bb284e0-34dd-4333-8532-1e0e980f520d,0.0014415693359524084
eaaee0da-cb59-4301-b2e7-e5cfbd602166,0.0014415693359524084
61fba66a-7282-46fb-a7a4-36735bc32e78,0.0014415693359524084
cc2fb428-91b4-4a04-9c18-e37038f99f54,0.0014415693359524084
2f29439b-3aca-4d0e-81fa-458bafb427d6,0.0014415693359524084
82923214-0d2e-4064-953c-3fc443116ebf,0.0014415693359524084
b4043643-7409-42dc-b431-5cb044508c7f,0.0014415693359524084
f92d5e37-3845-4abe-82dc-e9fc55dafee7,0.0014415693359524084
00ca7914-e305-4025-abcd-045e197e47d6,0.0014415693359524084
8d4e4897-fc2f-4859-95d5-c37f70b8bfbc,0.0014415693359524084
08a825cf-8360-4e5d-a896-bc61fe7026bf,0.0014415693359524084
9199d4dd-b6d0-4817-8a90-ed0e1c56bd63,0.0014415693359524084
43529f15-1705-49f5-9fb5-d71dcfcae262,0.0014415693359524084
365b75db-4a97-4c0b-b46e-195c4e7e8e20,0.0014415693359524084
7c686da7-eb73-4d01-91ec-9d009535c771,0.0014415693359524084
0d08a29a-e955-4083-8238-d5bb9ca2288f,0.0014415693359524084
7548a699-d968-4dc7-bd0a-08d575f415d5,0.0014415693359524084
825c1808-a2bc-4ebe-bb34-52f46e01d2b5,0.0014415693359524084
d9c5dee6-9788-4ca5-bd68-c9524f1b2ece,0.0014415693359524084
764a93fa-bf3f-482c-8017-43ad8496f5da,0.0014415693359524084
a6ffc2f3-faf5-43cb-9f3a-578264ed1738,0.0014415693359524084
6df50411-306f-445a-8d50-d54f188ce698,0.0014415693359524084
32fb79c2-19ba-4739-89c5-de99611a3415,0.0014415693359524084
d7f33b1d-ecc6-4a28-8590-da4d79eb6a87,0.0014415693359524084
86d63444-2bd6-4c1f-bfb4-0c10b4eca340,0.0014415693359524084
7c813ec5-669a-4101-81cf-7b54c4f44892,0.0014415693359524084
20fb6dce-8048-44fc-9f6b-e9d6430f27e0,0.0014415693359524084
b2104064-68cc-4491-ac06-a2736de675ff,0.0014415693359524084
83c8c01f-ceff-40ff-8b98-22dc1217a796,0.0014415693359524084
2bb59275-f114-4989-9c40-9b81e6c2b0c6,0.0014415693359524084
9d83fed6-0bc8-4581-b46e-982f87f55355,0.0014415693359524084
723565db-b3bf-4d46-97ad-f9495110a99a,0.0014415693359524084
624cfaec-8d7c-4061-be8b-c4f1dab0130c,0.0014415693359524084
2c0e8516-ed4a-483e-8e23-dacad02db3cb,0.0014415693359524084
bdf17f55-f9c5-42df-ba4b-4e40c10018ad,0.0014415693359524084
6f3627d0-c09f-4a1e-bc11-28e26aaf5e4f,0.0014415693359524084
43ffc907-1d48-4805-b534-44ec0e6c78de,0.0014415693359524084
e38959ab-ab41-4eed-ace4-632f3f0de8b6,0.0014415693359524084
ed6ea739-9aaa-4fb3-a846-034dec2aea9e,0.0014415693359524084
49f391e6-4c3d-4266-9ee5-32ab4bdfc4a3,0.0014415693359524084
d1e888bb-0421-4457-8fff-33e880cda43a,0.0014415693359524084
489d9905-17d8-4f50-979e-d1e68322e045,0.0014415693359524084
2995a715-feec-47e4-bfc2-34f3d0c827e7,0.0014415693359524084
ab60ba52-9ded-4109-a982-d37801c81fab,0.0014415693359524084
1fc0811c-cf26-4021-b7a2-d927e3c4e83e,0.0014415693359524084
f159d209-ba59-4f95-a785-d4eb84e97e18,0.0014415693359524084
d87edc40-cdaf-4d63-b09a-3bbaec060c80,0.0014415693359524084
386a2497-8ae8-4bd6-a167-203c4b5109bf,0.0014415693359524084
72ef606e-b29f-4316-a322-20a6503b3935,0.0014415693359524084
6e66bd22-11e8-4c36-bd3a-5c8c5e95afaf,0.0014415693359524084
f20e580a-b77f-4f28-a2e8-e77d08d65957,0.0014415693359524084
689b6cbe-8a49-493e-92c3-b5e5957cb95a,0.0014415693359524084
282b49f7-933a-474e-a65b-1bbc88f58457,0.0014415693359524084
f4e3888e-c38d-49e6-9d63-72321b30439e,0.0014415693359524084
e131134d-ab6d-44fe-960a-ddf7b8515da1,0.0014415693359524084
83aac1bb-a1d8-4582-805c-e4a62ad30cec,0.0014415693359524084
818ec81b-4bdb-43ef-8dcd-2845c3e44571,0.0014415693359524084
bb749cec-1be5-4fe2-910a-fe70f24b92b8,0.0014415693359524084
c6d8395a-ee68-4d24-b094-029fc67cb9dc,0.0014415693359524084
e8f5888f-67fa-484e-ab31-454576c58799,0.0014415693359524084
5ac15a6c-de1e-4274-a673-7ab2c2efd8d0,0.0014415693359524084
501499ca-4e75-462c-856b-ef7f20517d61,0.0014415693359524084
6a92d326-8f76-401d-a266-517d286a7c78,0.0014415693359524084
0b4a441a-24dc-4f31-b8af-69d06ab9d0e0,0.00102076009375196
2607d204-374e-43be-9f77-13da5ba6087e,0.00102076009375196
2d9f253d-4ad4-4154-8bc6-1d62cc01a996,0.00102076009375196
3632a427-d968-4f80-8000-2d3230911edb,0.00102076009375196
4909f4eb-370f-421b-b4dc-efe01a0d4448,0.00102076009375196
97d83cba-3767-420f-bd97-0be4804659f3,0.00102076009375196
44fdb180-c8c9-4536-9b47-5196001aca8a,0.00102076009375196
efc33eb3-5019-4ae3-9640-a5cfdafd7f14,0.00102076009375196
e0f2f1d7-ca46-4a52-832a-0a2aa3422e93,0.00102076009375196
7d8daaca-8017-499c-8680-50e352be3adb,0.00102076009375196
e49546a5-4073-4f5f-abfd-f3a0872e24e6,0.00102076009375196
7ed944ec-814c-409d-a68f-830f498dd77c,0.00102076009375196
120f9e28-16c1-486b-9bf2-88710f4b5919,0.00102076009375196
a3e66e89-2994-4c8b-86a0-86464d5204d8,0.00102076009375196
f5874af4-e686-44d8-b1f4-505789e24db3,0.00102076009375196
02d24d0f-1f54-4b01-8077-0376e2d2e342,0.00102076009375196
98582481-e452-46dd-b3f5-94ea1defbc57,0.00102076009375196
482c14bd-0b94-4158-b150-706f5d20f7f0,0.00102076009375196
b6ef964b-fe07-4de0-9ef9-463a5b902f43,0.00102076009375196
29670e32-1145-4e76-8545-7d6b3930b378,0.00102076009375196
3cd52b48-6740-481f-b970-04b8ef14fbe7,0.00102076009375196
ba872b56-b4b0-475f-a8db-fd66b7f6dd16,0.00102076009375196
9bd4a5d7-26cf-4f4f-aab8-1114f0428be3,0.00102076009375196
e03ce0e0-782f-4b85-af4c-abae61415f56,0.00102076009375196
3450185b-6a5d-4e61-84f1-b3257b75a6aa,0.00102076009375196
ae5c5057-80fd-47b2-b994-e5f5f7ad2886,0.00102076009375196
de3dd36f-1e20-4304-ae35-eb9642930777,0.00102076009375196
ff4e91ee-c2c8-4685-8399-ba484161b3bb,0.00102076009375196
69fba515-1119-4569-b86e-afaffccf7b36,0.00102076009375196
e33a9bf4-1b03-4657-975e-b3cdfde43526,0.00102076009375196
50919cc9-6427-4ba8-8e33-b51fd2988c70,0.00102076009375196
8de9a7a3-aae7-4d01-87d9-081f0520cbb3,0.00102076009375196
51b265d4-d86b-4820-960e-29262caa4d3b,0.00102076009375196
ec0eb2b3-98b5-4da6-b60e-d24afa6fa205,0.00102076009375196
31ee98f5-49b6-4b8c-bab9-acac51e98a9f,0.00102076009375196
da9df14e-12b1-438b-b090-62b64e91e8de,0.00102076009375196
ec97e97b-f9f2-4de2-93f2-e503302cee50,0.00102076009375196
da36c925-7589-416b-9a39-bc8cdcce5a3b,0.00102076009375196
c0f7806b-34e9-49f3-b16a-32ce42072ae5,0.00102076009375196
1d62d27a-67ad-4722-a1f2-044c550468ab,0.00102076009375196
a6aec028-fad1-4fc5-9475-239a3ff6cf2c,0.00102076009375196
598c854f-fcb0-4ee7-b52d-4dd687726467,0.00102076009375196
12733bb7-b303-4c3a-911f-91d80b5a753d,0.00102076009375196
cc291baa-e6f6-4140-8869-1d36b69fa9d1,0.00102076009375196
d02d1f89-ad33-4c5b-b4cd-c784bf9b7462,0.00102076009375196
5d79c9db-34c5-4ce5-8e83-c5aa16fb5077,0.00102076009375196
930c6a33-7903-48b8-b6b1-dee24ce91029,0.00102076009375196
f3a4fc5d-b770-493e-bfd6-6e06e2513a7a,0.00102076009375196
c2def0f9-2ec4-4c01-8e9f-d830d534cd1a,0.00102076009375196
ab6f6277-985c-41b3-bd7e-df2a1f12e81b,0.00102076009375196
228fa1f7-1095-4c3c-829c-c71a8de9365b,0.00102076009375196
f3068ace-77ce-4293-8486-8190d66db28a,0.00102076009375196
11076d01-9a1c-427e-90da-faea63f73db1,0.00102076009375196
49b9ee50-809b-4d94-b7ec-879583472245,0.00102076009375196
6a100021-274d-472d-b05e-6f1f4f3e37f8,0.00102076009375196
787cfd77-01b2-418e-abac-3ad07f60fb3e,0.00102076009375196
58e04fa8-5ea0-40fb-85e0-9b0b4779e79e,0.00102076009375196
e10e75a4-dd4e-43d0-aa10-b4549bb5fa6c,0.00102076009375196
5d8dd3c8-944e-4e40-9d49-8d1a46e848e1,0.00102076009375196
606b21ed-3ef9-415a-9d0a-dc8b1271b441,0.00102076009375196
490a5a83-8e99-466a-88e6-ee95904c9f32,0.00102076009375196
a428363a-4cee-4d45-8e20-c9ba9fcef97e,0.00102076009375196
423d7a2f-ce12-4713-a5f9-c0d5f30fca3d,0.00102076009375196
a80a42f0-c86b-476b-831d-0222ba17cf34,0.00102076009375196
71feba40-d4dd-40fd-958b-2b02211a8eb5,0.00102076009375196
c60734b3-99e4-4e81-856c-685d2fbe43b6,0.00102076009375196
e48fa025-3990-4579-8ca3-80eed9169fc9,0.00102076009375196
2040cdf9-65be-4c70-9d84-84d05d88dcf0,0.00102076009375196
3f329fcb-ab16-4959-ba75-a6b6362dde5a,0.00102076009375196
19bc4604-f3c1-4d74-a691-a27de5dd7d55,0.00102076009375196
e050ee52-63bc-44db-83b4-935713e7b8cf,0.00102076009375196
255a9f0b-e49d-49e2-802c-d992043832e0,0.00102076009375196
193178dd-d569-4b76-9e8f-afd96332560a,0.00102076009375196
1144c876-8086-480b-a0f5-69bda78cef2d,0.00102076009375196
b769fd74-58e4-420f-a166-75219e5fc31d,0.00102076009375196
42753111-6e65-4a50-b8f7-9b593c238c79,0.00102076009375196
ef748eaa-bdf7-4176-ac49-55dfb66bf276,0.00102076009375196
7631ed39-5960-41cb-9213-75d6ff9dea26,0.00102076009375196
a57211b2-c5c0-4c84-9205-8898a367d1a7,0.00102076009375196
e9e9e486-43be-4689-ba5d-a07fd594bff9,0.00102076009375196
59547293-6bb7-42ca-b3ac-4b3b798a47c1,0.00102076009375196
710c5a95-aeac-4be3-9dd9-1ca94a5ac02b,0.00102076009375196
3a649d98-1a61-4269-accb-4a730aa05436,0.00102076009375196
70779926-f7cf-4e88-9fc2-7db0549c6692,0.00102076009375196
be56d190-3e7b-48f2-92ee-c985f6cff589,0.00102076009375196
2e22e2eb-e1d2-4f03-9966-5c505eba3d38,0.00102076009375196
70518546-756d-4cc2-909d-7b1cf648c8a1,0.00102076009375196
3cb9e181-96e0-448c-ac2b-684b0f16cf56,0.00102076009375196
76212448-e12d-4f2c-8bb6-d944d033af85,0.00102076009375196
fd3c7b18-7988-40e8-bae5-833423b0c881,0.00102076009375196
23d89742-bc25-4d34-99c3-b3410b4f9561,0.00102076009375196
0547a24d-2d09-4ea0-a95c-383f1bf3ac6a,0.00102076009375196
e6792d38-66fa-4397-af58-b4b9dd915edf,0.00102076009375196
b8596219-9d5d-4732-800c-18e32e876b94,0.00102076009375196
6eb20e10-b540-4624-b61f-11aebf45723d,0.00102076009375196
0fba5842-88ae-476d-899c-a8f85f352309,0.00102076009375196
09f203a0-b3c2-46f8-8910-3beb5d44f9c2,0.00102076009375196
cc5fb6eb-f167-4697-829c-5608f2a14de8,0.00102076009375196
b8472e62-8fd4-4bdf-ac9a-fc84eba9a30a,0.00102076009375196
be0f7437-ea05-4ae7-ba9e-3b2f149fa272,0.00102076009375196
516fe9c5-8878-420e-8dae-15699c908cda,0.00102076009375196
3c9c7fa7-ee53-4460-9e8c-ab9b6ddc3752,0.00102076009375196
e894879f-0e8a-46d0-9cb3-43d601f22f81,0.00102076009375196
32fbf146-331b-491f-a737-8d0739b6556f,0.00102076009375196
3cd28bc3-5e90-4991-9456-372ea138c936,0.00102076009375196
4aa18767-9bda-4b35-b761-277853a13d5f,0.00102076009375196
470af464-b076-4ad2-bbe2-2b669037e29c,0.00102076009375196
dbd5c488-4b41-4be8-af2d-29ad86067092,0.00102076009375196
074e3e49-3b3d-4812-bf6e-7a7b375d0f89,0.00102076009375196
f7901658-38aa-4d3a-8452-34795ec96007,0.00102076009375196
538c8ec6-2764-4b72-bbf3-2e2661764bf4,0.00102076009375196
b9712b52-02cc-43cd-bdac-230b293ca007,0.00102076009375196
89c3ec0c-6544-4962-9505-84107f5da704,0.00102076009375196
2377f8d5-0701-48b9-8bf6-c20ef864f7cf,0.00102076009375196
d9c57859-96e3-44dd-8340-70ced9d6f47a,0.00102076009375196
49682191-de66-40ca-bfe6-6a1b0513ebe6,0.00102076009375196
4f5bff99-0ed2-4a15-a64c-fa27a8b1d88b,0.00102076009375196
8f4a2115-6a7b-4b2c-9903-fa8464dc15d1,0.00102076009375196
59412e0b-32aa-4063-a360-45f75e7c8a5f,0.00102076009375196
a9f64ab7-29f0-4e07-ac89-809dd9eff5a0,0.00102076009375196
23be01bf-d9af-416d-9bdf-23596f3cef45,0.00102076009375196
dea44357-d8ac-4643-8702-2f8ae4b6eb37,0.00102076009375196
ea446861-db61-4eb7-b932-3af7598e9eff,0.00102076009375196
1babed1a-9a25-4979-a57f-b0f13700c33f,0.00102076009375196
dd94d721-3b3f-46d2-8c86-b8646b0c0d8f,0.00102076009375196
50ca0849-39d4-475a-8c73-f3e0f6090d0f,0.00102076009375196
21c54256-1348-42de-975e-507351ac96cb,0.00102076009375196
c4d48ee2-56bd-4bae-b90a-775cd7a9c1af,0.00102076009375196
6047693b-040a-4abd-9caf-1ff940d60a6a,0.0006827132187936513
8b04e0ff-4719-49d9-bf4e-73a0cbccd728,0.0006827132187936513
ad657bd8-0624-48e3-bc10-2789f7fc5df2,0.0006827132187936513
3f8bb293-1246-47fd-8874-bf65b2064d5b,0.0006827132187936513
b2c5c1b3-51ac-41e0-b7e9-2ff6daf176cc,0.0006827132187936513
d293777c-09bd-43e6-97da-92e1cd47a237,0.0006827132187936513
c6420c20-71ba-4ffe-8a63-88d9aadca7b7,0.0006827132187936513
9de52469-65b5-4410-9b29-ab212fdcfd9f,0.0006827132187936513
acef5f50-3375-411e-9e44-b3ed9543a0a3,0.0006827132187936513
cda333f5-b125-448f-9c43-65018b52d3a7,0.0006827132187936513
b2cacbe5-f672-4ea8-a8bd-289d04b41c8c,0.0006827132187936513
feb9310e-c2a6-463e-bca1-fa8165b48f74,0.0006827132187936513
496fec5c-a1e9-4efe-abb0-0937c1701d3a,0.0006827132187936513
95bb7d0d-9d92-4864-becc-c1acae564d8e,0.0006827132187936513
2a5d41ac-75ed-4361-9bcb-6e94d2051f1c,0.0006827132187936513
b6c070d8-1c06-4c3d-acff-51716f9db36b,0.0006827132187936513
4f018da4-b3c4-4ae3-b189-2751e85801c8,0.0006827132187936513
6527baef-48e4-460b-b943-9be5ebdf79e7,0.0006827132187936513
b36d7fd9-7f62-42a9-bbae-cc348fe9594d,0.0006827132187936513
2da3245c-a4f7-426d-806f-824c355981c6,0.0006827132187936513
8061f18e-6a53-4c77-8ef1-0705e91f5758,0.0006827132187936513
27d9a7a9-9214-41dc-8a1c-ac447bfc62c4,0.0006827132187936513
4e731e92-db61-414e-90ef-76be7f990fe2,0.0006827132187936513
22803ef9-aeec-4780-af98-dbef987d5463,0.0006827132187936513
89957292-b0ed-4e8d-a05c-150eed32bc1f,0.0006827132187936513
64c12839-1a97-4d3d-83b9-7ef23de21ffb,0.0006827132187936513
de382bff-92cb-4cff-83d1-cb8de82cb1be,0.0006827132187936513
3c301823-68c3-460a-a226-2763985cf607,0.0006827132187936513
a4baf60b-d6cd-45dd-83a3-a80719974047,0.0006827132187936513
9cbe80ee-a29d-4cff-8bfe-2dc815efaa3c,0.0006827132187936513
406bada2-93cc-468e-8ec7-84b0b9d7860a,0.0006827132187936513
271a947e-9aa2-4236-99f9-3cad55303a53,0.0006827132187936513
23240cb1-0441-4f6f-91cd-a4eeb6f6d27f,0.0006827132187936513
7ac940e2-6c64-4c78-99be-df1f35497fca,0.0006827132187936513
dd544b9c-a2d2-4fbe-9915-fc63ba54da56,0.0006827132187936513
bc9a3bd4-2f89-4fbd-b430-8055f7a2117d,0.0006827132187936513
5aae7d74-9fda-4cd2-bc03-a6c085424fc0,0.0006827132187936513
add11499-b370-485c-a471-79f88968f830,0.0006827132187936513
ac022d57-9085-46e5-b816-19026880bc40,0.0006827132187936513
516e5e9a-f701-4b2a-9996-8e7dd5d83881,0.0006827132187936513
a0bb9ccd-b451-4f46-ad86-3a7fa057f27b,0.0006827132187936513
197246c6-3547-4cf9-805b-88d5ec0e4510,0.0006827132187936513
04b72954-710a-471e-87e6-9c9dfb84d059,0.0006827132187936513
b4baffa9-94b9-411a-957d-b871cc8a7ef0,0.0006827132187936513
07fb2b8c-deee-4714-9c26-ea4510fd2a4c,0.0006827132187936513
d70be736-29d0-42b5-9642-c0b608f9723b,0.0006827132187936513
03d4c563-7d27-4323-91aa-73750532073f,0.0006827132187936513
913d06cf-6010-4faf-a412-446ece52eb97,0.0006827132187936513
72006770-477d-4d77-add3-4d7aa7ea82dd,0.0006827132187936513
1f359b76-acf8-41b9-8f42-6bc923373384,0.0006827132187936513
62d0f956-668e-41df-bde7-cdd36397ebf1,0.0006827132187936513
6151634a-8c55-4c66-93a4-256c55686d76,0.0006827132187936513
0f3236ea-a704-4799-84bb-38cec1d7f627,0.0006827132187936513
a423b796-329d-48ab-be65-e70e66c34559,0.0006827132187936513
1a752875-f071-4177-9f2d-35959a5f5df3,0.0006827132187936513
8cda56d8-55e1-4196-9de4-cd62d0f86e39,0.0006827132187936513
92935d7d-7063-4940-854e-fa59c9e86f5f,0.0006827132187936513
508c347a-15f1-4a92-b99b-6bd8d34d5c87,0.0006827132187936513
cbd5ee47-257c-4832-9c86-d215180b848e,0.0006827132187936513
10aad97f-6a5a-4640-ac64-38ee85841f76,0.0006827132187936513
214d58b9-5dea-42f1-99c0-efeb0047a85c,0.0006827132187936513
d4c8ad6c-4c12-4d83-b661-c0e713ee0d7d,0.0006827132187936513
3de8b037-c50f-455f-8677-185fb83c6100,0.0006827132187936513
8eebe5f5-70d2-42b3-82dc-7444323af9bd,0.0006827132187936513
e11062e2-e74d-47cd-8917-58ac4bb3649a,0.0006827132187936513
69897771-abd2-4487-a8b3-c5ba3fee84a9,0.0006827132187936513
875920cc-c0f9-4ad8-9caa-48793d634bd6,0.0006827132187936513
1128a908-cf92-4c61-b4bd-e22b8de24bb7,0.0006827132187936513
c98e9c8d-6f27-4f1a-93ba-c307d90e000e,0.0006827132187936513
ee3f86ca-4cb9-4192-80e5-2d4df6887680,0.0006827132187936513
afb74f5f-cff8-44f8-96e0-c6846c04bf26,0.0006827132187936513
ac37dad8-5702-4b6e-bd48-9649d3e2c5e9,0.0006827132187936513
38813540-d010-4f6e-873d-1cd5818ff377,0.0006827132187936513
88048344-8f07-4139-98f4-fbc240aa8fcd,0.0006827132187936513
1248b1ad-2fdb-4d44-bad9-7216945bbe5f,0.0006827132187936513
73d5ed82-d901-47a3-890e-5cac0629e2d5,0.0006827132187936513
1de413b9-6c8e-4743-b4d6-36ef7e89a3bc,0.0006827132187936513
08eca64f-4bed-410d-9c5c-81df5228977b,0.0006827132187936513
a6fd90ea-9e4e-4da9-82f1-293b373f421c,0.0006827132187936513
3e41560d-c3e7-450e-aa95-e4044fbc52a5,0.0006827132187936513
e0611234-7381-42a1-946e-0c4caa7437df,0.0006827132187936513
8dd05ce5-30dc-4616-a087-a1ab09cf13e8,0.0006827132187936513
90d0afb5-6724-42b5-90b6-117253486b2e,0.0006827132187936513
f732cb85-e85b-4f57-8e0e-000bcef8597d,0.0006827132187936513
a793e93f-7b70-46a5-8ef6-ec7a5426d48f,0.0006827132187936513
67bcd5c7-f255-4642-8916-7033d6b6fc67,0.0006827132187936513
64044f9d-b436-467d-ac68-ec77eaffa318,0.0006827132187936513
0dd3291a-2613-47bc-a2b1-242c43016c65,0.0006827132187936513
41f9f186-0173-4c0c-82ad-51f1c0b9cf1f,0.0006827132187936513
06b98685-fa15-4f9d-b43c-e0bd4a236f31,0.0006827132187936513
6ae02498-0aeb-456d-ace9-51fab50142e0,0.0006827132187936513
dccb1893-b700-4411-a15e-1d79be7c026a,0.0006827132187936513
3de4d6a8-3b39-4620-9ecc-0be7b8793156,0.0006827132187936513
11d2ba97-0d2e-40b4-8fa6-da23e4fa8c7c,0.0006827132187936513
2c0f9e5a-bd15-43bd-ae83-8aaad2e592c4,0.0006827132187936513
8407a94f-ee53-475b-80ec-15688530a9ce,0.0006827132187936513
6b041412-b5cd-4adb-9e8a-73ef34845743,0.0006827132187936513
b0aad939-5bbf-426d-bff4-686bc058b408,0.0006827132187936513
af765bc8-2cef-44e3-8e76-b69bd71bcf0e,0.0006827132187936513
7adec480-a830-40f2-bf9b-bd3bb5e05478,0.0006827132187936513
6de61bfa-210d-4de9-94e1-e88b8c787da8,0.0006827132187936513
18aa9bab-8082-4997-957f-fdfa2630b581,0.0006827132187936513
fbf54168-a403-4cac-9d67-f7b9191d0772,0.0006827132187936513
e4c88e7a-c73f-4263-85d5-760a26cc3d2b,0.0006827132187936513
eed210f9-e087-417a-8be8-03c4aade774b,0.0006827132187936513
69c07495-cf40-4af2-969a-6744604a4b89,0.0006827132187936513
4ce3b3da-fb8b-444f-af67-7a94daa67c3a,0.0006827132187936513
8f081b9c-4d2e-4141-9ca4-81e1c4ecbf7c,0.0006827132187936513
2210fd6c-1cd7-4904-8da3-128783576a29,0.0006827132187936513
e1c13e8c-2235-4167-a0b9-3132c3d728d0,0.0006827132187936513
cd9a92fe-eeb3-46e1-afed-72a01f12704e,0.0006827132187936513
c63eeb5e-417b-465a-822c-54638d86feae,0.0006827132187936513
3a388758-4ef4-4037-affc-51e1d32b781d,0.0006827132187936513
031092bf-c551-4b0e-9ff1-1b75996cf8d9,0.0006827132187936513
feb1d138-0554-46c5-a14b-96c5340edd97,0.0006827132187936513
2bbc3f56-9ef6-477f-95d2-8dce264aa814,0.0006827132187936513
c61decc9-0764-4474-923e-294ed753436c,0.0006827132187936513
e6b87a84-7284-45f6-b729-01ac5d11a068,0.0006827132187936513
d8af97a5-1725-48be-b184-610b63605d96,0.0006827132187936513
14a5287a-959c-4ba2-8a4b-d9d0b1bc38eb,0.0006827132187936513
f211560b-76ab-4c97-bb01-caedf7d9e12c,0.0006827132187936513
0ab1a8c8-d19d-4990-b681-b0432d26a069,0.0006827132187936513
9059a6c7-d717-4da2-b5e5-0282264cc265,0.0006827132187936513
89d1fc13-5dce-4563-92b0-c889fdc682c2,0.0006827132187936513
785e395a-14cd-400b-9c37-6868bd21a673,0.0006827132187936513
904917cc-5759-4327-9197-5b2aee92b155,0.0006827132187936513
b1322b12-58fb-4309-8210-4d80d413e378,0.0006827132187936513
d831efeb-61c2-4fa0-80f8-ea1a440cfb46,0.0006827132187936513
68f06556-5515-45fc-976a-ab38efd5ea86,0.00046812988273359224
34c59f45-2719-469d-871d-ebeda823e762,0.00046812988273359224
a2c50c52-de65-4add-ae20-da4ac3d5e0fe,0.00046812988273359224
a49e32ab-4107-422c-b595-b88f21d4d338,0.00046812988273359224
b9073b29-5cdc-404d-910b-d790d9f3b24f,0.00046812988273359224
ab31be2a-e0ba-4da0-a370-2bb4efacb9ff,0.00046812988273359224
c4993d5e-7680-4e9b-90ce-3a22047b63bb,0.00046812988273359224
bbd91d43-fa33-49c7-999e-d116d0d4dae0,0.00046812988273359224
2469e473-5944-4157-b8d5-3c361dbd1cb9,0.00046812988273359224
a868ae52-6636-4cc5-ab76-5d812e71f25f,0.00046812988273359224
ec4477bc-75c5-42d7-ac4c-eb0f6d41724d,0.00046812988273359224
91402486-28fe-441d-bcd1-fc4168ddfcb4,0.00046812988273359224
f977197e-0cd2-4a8e-8739-6ddf4fed0c79,0.00046812988273359224
03823037-5755-46f3-bb1d-f515ca00fca4,0.00046812988273359224
37886178-a3c1-4db5-b688-45ccaa00cd01,0.00046812988273359224
895e21cd-85ad-43b3-b746-e52f60439948,0.00046812988273359224
1e178ded-ce30-4ff6-941d-46f3ce247c86,0.00046812988273359224
766eecbc-47a1-4503-a3bf-c733d14586db,0.00046812988273359224
decb2891-0dcc-4341-b76c-0b979d72b870,0.00046812988273359224
0dfcd394-1026-4794-891b-3b908d71c439,0.00046812988273359224
ab216907-5781-4f47-b392-e35c4a686939,0.00046812988273359224
349ee4e9-d0b5-441a-89f5-848f6ead7571,0.00046812988273359224
baac2e50-f666-4a3a-b4d8-cf1e4aa0f3cc,0.00046812988273359224
6ba9aca6-2648-41a3-80a2-77e5b759630d,0.00046812988273359224
12aa501f-5b29-4ef6-9f12-883a31b1e60d,0.00046812988273359224
42a49941-3dd9-4587-8ba5-c513a6e81122,0.00046812988273359224
28a79892-1ee6-454f-899c-37caaae6c5dd,0.00046812988273359224
c9f9a383-2fde-4644-91e6-efcac2158a8e,0.00046812988273359224
ac3611fb-ff6a-4eef-81b6-53d02bf73345,0.00046812988273359224
a47d25b8-e171-455f-9074-9a4fc9c837e7,0.00046812988273359224
ea4a223f-1922-41d9-bb9b-ee3f57b841f7,0.00046812988273359224
44b4fd28-4d18-4dc0-b6a4-370c900debe1,0.00046812988273359224
66fc61b7-66c0-4786-821a-537b3a2eaf0f,0.00046812988273359224
0f3a466b-993a-4135-8ffd-d27425b9e3f4,0.00046812988273359224
4b163f3b-01e2-4039-895e-3b92e7e6a20d,0.00046812988273359224
0f04bcce-8e3e-44b2-a951-eb0d58f78121,0.00046812988273359224
a0d1e722-ed6b-4fe2-b08a-3dbf22c2c3d0,0.00046812988273359224
9dbd2f05-6688-49af-80fd-54f8a2e72571,0.00046812988273359224
51237cc2-e4f4-4875-92f6-5f164c3fd42a,0.00046812988273359224
b1ce1b31-291a-4d7b-909a-465792ac8da7,0.00046812988273359224
154a62e0-a35f-419d-9ad0-940696e8b3a5,0.00046812988273359224
82989b2f-8b61-4110-a8e2-1092c3f94dd6,0.00046812988273359224
eb12d47b-1406-4a1b-a865-6a7bb8c2b426,0.00046812988273359224
311d592d-4041-41da-9f03-a8a8fe560c76,0.00046812988273359224
a9c0d490-8f33-49ce-8656-78a46a424e13,0.00046812988273359224
fa6172fa-6153-4337-bfe1-12c52515b366,0.00046812988273359224
ec813458-2a0f-41a9-b2d3-e9951d35bafa,0.00046812988273359224
494dce77-7358-45a8-94b7-350c2e94fc69,0.00046812988273359224
34e2e6a6-a334-4688-82cc-03d766dfb937,0.00046812988273359224
1d046a02-10a2-496e-9d1d-b67cf27324d5,0.00046812988273359224
53dca5eb-4519-4727-b4b0-aa22f72ddc07,0.00046812988273359224
91b38c3d-ea85-462c-81df-f1cc8ffe725b,0.00046812988273359224
bf169ad5-8987-4249-9f10-1bf5fbb2cab4,0.00046812988273359224
166a357a-85b3-429a-8fbe-1d6b5f078869,0.00046812988273359224
c63da319-fd68-4cc2-936c-4f417295d843,0.00046812988273359224
3393f0ad-89d9-4039-badb-87b935ec095d,0.00046812988273359224
67dc5cde-ad55-4d5c-b3a7-7769ac944df7,0.00046812988273359224
a08aef80-e540-4b05-8e74-d586b4c24ecb,0.00046812988273359224
8f48578a-5260-4033-8a02-8be608438c84,0.00046812988273359224
55ba1393-0a19-4a30-b3e1-72abdd1df24d,0.00046812988273359224
fee629d3-487c-4aeb-908a-617767354817,0.00046812988273359224
e59a56d6-139f-4e25-a924-c2950c84ea20,0.00046812988273359224
a63d2c6a-c884-4dbc-9cc8-15121fa0def7,0.00046812988273359224
c9d6f518-ef28-4ec4-8f5b-51100456e8b7,0.00046812988273359224
02b7bcfe-e7e5-48d7-acd1-0a0b7521b9dd,0.00046812988273359224
4517cc68-76af-4b42-b051-e687a40874a3,0.00046812988273359224
06037474-f024-4d63-8fcd-182ad8a32d18,0.00046812988273359224
f9892cdf-2d81-427e-8bdb-6cfff804f86d,0.00046812988273359224
fa005349-8087-4c7b-9cb8-89340e7026af,0.00046812988273359224
4b045f4c-421e-41c3-9634-6d26ad441bca,0.00046812988273359224
123f2e84-a2d4-4696-a705-04b5ad0ae8f5,0.00046812988273359224
540a4bf8-c170-41f5-a5f6-9412c9fa140c,0.00046812988273359224
41274240-6a29-4618-81b8-936c3ee3c455,0.00046812988273359224
b11e9936-19aa-4766-bb4d-6b7c9123c411,0.00046812988273359224
3c9b1781-3b9e-40a6-9a1c-21902aef8b27,0.00046812988273359224
e6ae8a28-0c0a-4425-8bbf-5e44d165f0af,0.00046812988273359224
edd342fd-5ca5-48b8-90ac-b04cdb80c78d,0.00046812988273359224
035bf2d3-2fa4-44fc-86f8-9c4eeb7c149c,0.00046812988273359224
a91deac5-4a83-402c-9288-175fddcf2d26,0.00046812988273359224
d33c1812-4b07-4462-a121-6dfcfd7f0b6d,0.00046812988273359224
e2098d39-5cb9-4c11-9a4a-ae505d83991b,0.00046812988273359224
6db01267-e767-4930-8277-128f96beec07,0.00046812988273359224
0197e925-80f4-4356-b9c0-faee8b4b0178,0.00046812988273359224
910b4080-2f20-4696-8c1e-e34471406b43,0.00046812988273359224
d7080687-df47-4b31-89d3-b52b6e8a751d,0.00046812988273359224
937d8cba-da13-45f8-9899-8c7c1e7fc4ed,0.00046812988273359224
38e22c0c-cb3f-41fe-8cb3-05a622508707,0.00046812988273359224
0df4c528-8738-42fa-b192-9da634305f6c,0.00046812988273359224
c2dcaac5-afc6-484b-87d5-b2d22de8e78b,0.00046812988273359224
e84ac62a-cf2c-4bb3-b18c-788f5885b37a,0.00046812988273359224
1f172c78-c3a1-43a3-a4f0-51f22aa1ac4e,0.00046812988273359224
b24c9257-8a2f-4404-bcd1-b20d58a12177,0.00046812988273359224
4e2fdc9b-8e51-45b0-8db8-e0259ca1ba3a,0.00046812988273359224
4345edac-72fb-4c12-83e8-43388e04dae4,0.00046812988273359224
47b47e7b-363b-473f-b8d3-ddfb9097e8ca,0.00046812988273359224
a271f27e-3702-4817-a20e-7392d294d7fc,0.00046812988273359224
b5bdeff9-c238-4ce0-8e79-a0d499b18228,0.00046812988273359224
69090348-e506-4c67-a35e-2dfcbf805438,0.00046812988273359224
744ece0a-c75f-4b8d-9da4-2a328b61d49b,0.00046812988273359224
6c7b72a3-c77f-4e62-9a08-868bcfedc6f4,0.00046812988273359224
f50be3f2-31ba-400c-a812-2657a87a7b6a,0.00046812988273359224
394a3df9-e36c-401c-950b-e14b8b68a6ff,0.00046812988273359224
86309972-2415-471d-be6b-07e57827d438,0.00046812988273359224
2ca2dd55-9860-4f3e-944d-45d7879ba92c,0.00046812988273359224
15da59d5-4a96-43a1-89b7-987980bed062,0.00046812988273359224
a46e59a7-0aa3-44a4-8877-2dc9269a7766,0.00046812988273359224
089c4e1a-55a6-401a-8624-e3f049ea186f,0.00046812988273359224
e9fcbd9c-4402-42e3-b48b-4f8e8b09d381,0.00046812988273359224
4768f3b0-7287-4f7d-bb4c-201cf8978db0,0.00046812988273359224
62b71c6c-57f8-4f19-9a9b-efb5781e8426,0.00046812988273359224
c184b46c-2b51-46c0-9e1e-3509591c8206,0.00046812988273359224
6f027414-53c4-47c8-8f09-bbca559ba303,0.00046812988273359224
b18ac2cd-fe09-4eee-a816-58a6682aeff2,0.00046812988273359224
0849f473-a601-4173-8044-3197d622b3cd,0.00046812988273359224
680fe98a-aedc-4290-80bd-db271f71d8bc,0.00046812988273359224
451f9fdd-7232-442f-9c64-74063d165c20,0.00046812988273359224
9dbb5a0f-c11f-4c72-a45f-34c6e953e2c8,0.00046812988273359224
13e0f498-c45c-4be3-9093-3155946b6c1f,0.00046812988273359224
65655b01-a177-4373-8cc3-cfc48b4f137d,0.00046812988273359224
01570018-cd65-4e49-ac6f-a5204a6a7ce2,0.00046812988273359224
789cedda-2cbd-4239-af5d-dc0e14964cd1,0.00046812988273359224
c58265db-5ee2-4eb3-b26c-cadea2df69de,0.00046812988273359224
e0c31e78-54ac-4a01-9f08-65f635f343a0,0.00046812988273359224
bb2778d0-8b02-4b0f-830a-83a160ef60ba,0.00046812988273359224
05774cbc-05a4-4b98-9341-12d1d8fa6327,0.00046812988273359224
3e066058-2d43-4bec-ba39-6b647206cf11,0.00046812988273359224
7004e4bc-93dc-4fc6-865a-516768d8229b,0.00046812988273359224
aba401b4-485e-45c6-885e-fa7f54c52d7d,0.00046812988273359224
012665a7-a828-412a-9a4f-403f998eb36c,0.0012245654296521025
aa8c331f-3c8d-465e-88dc-c0e3ceb5940a,0.0012245654296521025
0f28e48c-5a5a-49ba-99e3-d33ecd23e185,0.0012245654296521025
a216c03a-5a01-421f-9e42-f51eb715cafe,0.0012245654296521025
55c4c236-529f-4e9a-97a0-86a1188e3fc1,0.0012245654296521025
ec516a79-9d3a-4084-950e-bd519dc8d061,0.0012245654296521025
f2bbfc0a-2739-4216-b7ca-a7f1dfd4aa91,0.0012245654296521025
57cbb9d8-4861-48f9-8ede-11c9af1459e1,0.0012245654296521025
50082945-2a78-4699-b5fe-0bed3fd25ef4,0.0012245654296521025
92a8f3e0-d7ef-49b3-9f9a-805028565d98,0.0012245654296521025
6032eaac-6557-40db-95c4-63e5307f1a14,0.0012245654296521025
7ef39d41-b3b2-437c-998a-d955d5904b5a,0.0012245654296521025
f6c8885d-c918-4a6d-9ea2-f3cf2ef000a6,0.0012245654296521025
78d61d20-cda5-4a3b-a2d8-c313809bef2c,0.0012245654296521025
01eaf75a-fc8a-4681-9d13-17919284202e,0.0012245654296521025
c9b0acbf-f160-4d10-8b45-bc72bcc6efd2,0.0012245654296521025
9db15361-7f0d-4dfd-9f7a-ccea8dab2416,0.0012245654296521025
c8d2e3e6-92b3-450d-b61c-a51c8fe479d7,0.0012245654296521025
a79532c3-d560-4cc2-8494-f96cb628c0ab,0.0012245654296521025
501f724f-4dfe-4dea-84f1-d27638f7a76b,0.0012245654296521025
eb02e49d-150b-40fc-a635-7167b82ed8f4,0.0012245654296521025
0f11b7cc-4ae6-4532-9c80-84a69fb95f2c,0.0012245654296521025
9fea4d27-6662-4a7b-b281-eedae0cf3afe,0.0012245654296521025
fefb65fd-061b-406a-8347-30fe11d4e005,0.0012245654296521025
c4241982-d06b-4e05-a13f-9f022e6546a8,0.0012245654296521025
a651856c-f637-426a-9ac4-582609457f31,0.0012245654296521025
f3af82b9-2bb2-4452-82d9-8d31e339880a,0.0012245654296521025
a363ac1b-0429-4221-bd53-3a0debc395a5,0.0012245654296521025
0baa788e-45b2-4981-9407-35a92164317c,0.0012245654296521025
e6e79398-cc74-43e8-b071-0ca04c8045b6,0.0012245654296521025
a0efa528-3e0f-4528-9d80-11a1131f625b,0.0012245654296521025
4c1181e4-ab84-4d7a-8410-09bed01ced0d,0.0012245654296521025
d824e688-b083-4e4c-ab36-354809ed54e9,0.0012245654296521025
47724e5c-8d77-4341-8675-f51c8d8855e0,0.0012245654296521025
e54c86cf-bf27-4b9a-a162-41fc300c1a53,0.0012245654296521025
6ce7bb05-e213-45ae-8de1-e265794a7609,0.0012245654296521025
374c78ab-9943-4d13-a5ba-6cb86132d315,0.0012245654296521025
2851687a-f9c9-4818-95c4-2f3b281dc102,0.0012245654296521025
cbab545b-cfaf-435a-860e-40ee5028df84,0.0012245654296521025
71f21166-be5e-4632-b49a-7bb0d3e57402,0.0012245654296521025
a1cba468-d12f-422d-9d6c-9fccf63980a0,0.0012245654296521025
2016442c-03bb-4977-91c6-bb83628622bf,0.0012245654296521025
edd9bad4-ca39-4745-8707-ceb65f2fbfd7,0.0012245654296521025
85a87d08-2e02-46e6-bbaa-2d1655fe6cb2,0.0012245654296521025
2ee5516d-3914-4b00-9f54-78b8ed7d1c58,0.0012245654296521025
a5ad21cb-ca3b-4bd3-9b0b-b2dfa021fa69,0.0012245654296521025
1c814e76-4608-489e-9451-b5a681aebfc6,0.0012245654296521025
970af008-b4c1-49e2-9131-e45277f9feb9,0.0012245654296521025
578e287c-87ed-44b4-8e00-6cd932abead9,0.0012245654296521025
34001b85-3334-4ea9-944e-faabc45cc535,0.0012245654296521025
5dee47f6-a8ee-4a8c-9be8-0d7c593186f8,0.0012245654296521025
741bafda-26a3-488b-991d-2c4b4d8396a1,0.0012245654296521025
56b24b16-3fec-4a07-b5c7-af83afba091b,0.0012245654296521025
49b5e69e-d2df-403a-9b46-5008130af8a2,0.0012245654296521025
269ac5ff-d185-4e5d-bd5d-0d501f504b22,0.0012245654296521025
87aa5dce-b12f-42aa-8302-6c02f0ac0d09,0.0012245654296521025
042790db-bdd5-43d3-a5a0-2170d3ad9c47,0.0012245654296521025
cb7a3fa2-815d-4ac8-8aa3-686388c766fd,0.0012245654296521025
a5cda327-cb65-41bd-b809-1c46140042de,0.0012245654296521025
88a2b20c-dea5-4604-93e7-67d7a7ca05e0,0.0012245654296521025
1235f728-dbaf-4b8d-88e0-66de43958b6b,0.0012245654296521025
c43553a1-3a66-40e3-ac8f-2efb8d31db92,0.0012245654296521025
34703540-d68b-4d51-a842-50a8d4d9dd06,0.0012245654296521025
f33ec851-340a-4b56-940a-91430b6a7aca,0.0012245654296521025
7534027c-b89b-431d-9633-8b8dc7a02610,0.0012245654296521025
96b39e38-089a-4728-9257-ce03123e8e17,0.0012245654296521025
bd015814-8cdd-4d8b-af8d-82a02a50ed0d,0.0012245654296521025
76be9716-e8c0-4c85-ae2a-39189574aac0,0.0012245654296521025
5b5bc971-e349-48fc-8625-d878dc723db4,0.0012245654296521025
cd8ca302-e3a2-4e7d-8764-d7a1d5ba3818,0.0012245654296521025
e21acf8c-6a45-45e3-bccc-91c861c4a5cd,0.0012245654296521025
1e353d11-6394-4453-a008-e34e8c3cbbd3,0.0012245654296521025
f3d93c83-7037-4b1b-9ccb-bdf118d70da9,0.0012245654296521025
d83e3812-b4cb-4023-bbff-7088b141f8c5,0.0012245654296521025
ef6e7614-9b3c-4917-a380-38ea18770c82,0.0012245654296521025
46dbacda-cc8a-4ec3-89b7-84f2c79bf55e,0.0012245654296521025
59acbef5-ea28-42a4-9786-8594caac6af4,0.0012245654296521025
0f24a189-6dcd-48aa-8f3d-14bf2a16703d,0.0012245654296521025
1e1ce56b-6911-48c1-afe8-a9abd9db2b63,0.0012245654296521025
da395c33-ce49-498e-91d1-7666bee09191,0.0012245654296521025
6d7d1be8-7907-4b77-b9ef-9819bca08b1e,0.0012245654296521025
568c4ee9-7a68-4525-bb47-63341d9ee546,0.0012245654296521025
862b499f-395b-4e3b-823c-3d632c4934fe,0.0012245654296521025
4d873dd9-09c0-4077-9e0b-d74724c147b5,0.0012245654296521025
d54556eb-51b2-4b02-a1b5-2e48e567fc9b,0.0012245654296521025
322e3af4-a11d-4625-b569-69c3a0ee7611,0.0012245654296521025
a9f3c828-745c-4cfd-ba69-60bedd5e9e70,0.0012245654296521025
73719c58-7109-4f29-9e9e-39b390eebeed,0.0012245654296521025
77ed48ad-88a2-417e-8d36-e93ef26bc91a,0.0012245654296521025
4c27832c-0af8-4622-b7e0-f682433bd2d6,0.0012245654296521025
613bcb51-3357-4b70-96c8-22fed0806fc9,0.0012245654296521025
fde0990a-ce72-4d50-b1fa-327d6979b0e6,0.0012245654296521025
9e20c9a1-3d74-4240-a1f6-70f42e4e6568,0.0012245654296521025
92839fe2-1fda-4ec7-992f-5baf88031c39,0.0012245654296521025
7d5a5abc-bdda-4f77-bcb3-91dbcefb5a13,0.0012245654296521025
85566670-0c7a-48e0-bc39-87b7bb0fe793,0.0012245654296521025
e18bfb32-f525-4586-b8fc-330753c32514,0.0012245654296521025
3f0a7feb-8fb5-411e-ba4d-9dd6e1645c64,0.0012245654296521025
ac0bad48-5b15-4f3b-81b2-3ac3318021ae,0.0012245654296521025
b2ccbf17-f870-4075-9b74-7a81b4462267,0.0012245654296521025
c787d301-7433-49c0-a9ec-8cca38ef3104,0.0012245654296521025
8a2115b8-a2a2-4751-8171-ea68e223a602,0.0012245654296521025
6e6877ec-059a-49fa-a35a-d7a05f8cf431,0.0012245654296521025
8ec9f516-da9a-415d-82ed-94efc8c9c127,0.0012245654296521025
c7d069ca-1a38-453e-8322-7b169c6a3351,0.0012245654296521025
dbfe2614-de48-4ec3-81f0-faea99477f91,0.0012245654296521025
ffddee03-151f-4648-b74c-68fb9cfb7f41,0.0012245654296521025
b4809bfe-ad2f-4c67-8b3c-acc89392ecdf,0.0012245654296521025
71dc5b51-3e81-4716-bd70-26cd2229ff8a,0.0012245654296521025
aade52e8-5354-4b97-8ba7-1e244d81ac5f,0.0012245654296521025
d17d03c2-0a13-4216-9eca-3ceaceff8255,0.0012245654296521025
6b2e773a-71a3-4971-bfb6-a2a625ba3cfc,0.0012245654296521025
ef35112b-4162-4ab8-a0f9-8d74c5560274,0.0012245654296521025
fdbc153d-05e7-4f62-85da-bc0f17d4d2b9,0.0012245654296521025
f23c4ad7-e884-47e3-904a-721c57fcbca8,0.0012245654296521025
3d79a77a-6044-4957-b977-fd2d9050765f,0.0012245654296521025
65aec1ec-5831-407a-a904-326e1b67c73d,0.0012245654296521025
054d1e81-e6a4-4139-821b-7ea39cf11705,0.0012245654296521025
f0e7ea3b-a805-4202-9f58-9e7ff1664e33,0.0012245654296521025
f245af0a-1e8a-49ce-95bc-059a4d9145ec,0.0012245654296521025
e38e4207-6d92-4265-905c-4214b3ca9ece,0.0012245654296521025
5850dfe3-8590-4988-a95b-487a15d537b1,0.0012245654296521025
4d7de2a6-26c0-4e16-91be-bef1712c7d85,0.0012245654296521025
5d9fc280-cea1-4509-8178-7337929aecd7,0.0012245654296521025
7add838b-32b4-43fe-bedf-4fdc4511f954,0.0012245654296521025
7fdb2cf1-69dd-45e3-8fcf-568ae62b224f,0.0012245654296521025
da9831e6-29c8-4f9f-851c-0283df1f065a,0.0012245654296521025
23331f8e-486a-45b6-baae-cd0a3fabd561,0.0012245654296521025
dbf8d185-094e-4e0d-85a9-0cc841a428f0,0.0010821018828437445
cec725ac-48e1-47ed-b492-6b0dc7781c69,0.0010821018828437445
06110278-4f5e-4d51-bd96-001947d8e45d,0.0010821018828437445
1a20ecd3-0e8c-44f7-ab97-c1ce05d57f04,0.0010821018828437445
364939cf-e6a6-42d9-a32b-fc6bda984008,0.0010821018828437445
1883b8e6-5641-425e-ab0c-2a9ea6756a39,0.0010821018828437445
659c272b-c972-4c1d-8a83-ba621db944ce,0.0010821018828437445
d2260259-5502-4c03-b57c-49fb32db515b,0.0010821018828437445
d7e3c54c-8edb-43d0-b74d-c53d71933404,0.0010821018828437445
9a9aee81-8387-4da2-8413-61920549cdd5,0.0010821018828437445
dbf5ccdc-e00e-405c-885f-59d862a287d3,0.0010821018828437445
7a10afb1-8566-42e3-848b-4edc1eaab2d2,0.0010821018828437445
32fc866a-c736-40ee-9752-761fe3b9b710,0.0010821018828437445
56fb9f2e-cbb9-4e28-8991-1e29a9ae4004,0.0010821018828437445
4a88c63a-6c3c-466c-b917-a30441774f38,0.0010821018828437445
68008c97-fee9-45db-9142-e9be1c3a10e8,0.0010821018828437445
6092c456-10f6-4bd6-884a-de17c154ec88,0.0010821018828437445
ea65d779-363f-4688-be70-f30d5bf7eb9a,0.0010821018828437445
68b6af9d-350a-4ee2-a95d-daa4ccf18fe2,0.0010821018828437445
03f1efbb-a04a-490d-b245-939042918ce7,0.0010821018828437445
ac2cc265-40c0-4372-8087-2994d56bccd7,0.0010821018828437445
027d1401-12b9-4f38-8deb-9ffaad7a7770,0.0010821018828437445
75c428b2-f68d-44a6-8592-f8ecbfa33465,0.0010821018828437445
03bdfd95-20a3-4ce8-8f68-c2fdd6e092ed,0.0010821018828437445
8bf7ef39-912b-4b58-a679-8aa15722364a,0.0010821018828437445
697020a1-2d80-4016-a533-6aa11ddcd7b1,0.0010821018828437445
58af3056-8967-4d4f-be9a-c13c976970c6,0.0010821018828437445
badb47d2-d605-4f28-bbbb-6490f65dab0b,0.0010821018828437445
ce8d9e94-456e-494e-bac4-a33d3e8a6458,0.0010821018828437445
6848cb0c-9e14-4e87-b804-8ebcba0167c2,0.0010821018828437445
1d7cdecc-4dcd-4439-9e83-5fb37d0bec74,0.0010821018828437445
84e97e7c-89b7-41f3-9b3f-52fca7ff9b33,0.0010821018828437445
caba56db-fa90-4b39-a8c4-bc8c961f0100,0.0010821018828437445
bea921f6-a922-43d2-bfe6-6185aaec82c1,0.0010821018828437445
1b25bc92-026b-418a-b036-4d3f160390ec,0.0010821018828437445
e4c3ace2-4b05-485a-969a-8fc2866fa135,0.0010821018828437445
de55ca2c-ce83-44e9-a996-1d9bfcd9bc6f,0.0010821018828437445
7e32cf3e-8356-4a1b-ab70-390f01f4c734,0.0010821018828437445
4e2329f8-7042-46c2-8edf-249b6d071daf,0.0010821018828437445
4ccb40e9-ba0c-40c9-8ce5-e50d3737f01b,0.0010821018828437445
a6d1409e-6ec3-4e82-b442-867f93eaf107,0.0010821018828437445
a1f7d569-fdfc-4453-aef6-6d858a274e4c,0.0010821018828437445
d650e882-1f1b-4da2-a299-987c6fa5cb53,0.0010821018828437445
3e0c30ec-9d68-48dd-9a61-e08a94d3a4b3,0.0010821018828437445
496fa43a-b24c-4ba6-811c-f07b2ed298fa,0.0010821018828437445
71f78c8c-44af-4f1f-a714-c555f2592239,0.0010821018828437445
d9a40998-4fb5-48b8-8417-b238bef09155,0.0010821018828437445
ebec0af6-31f0-4edc-9a97-465c1057cd1d,0.0010821018828437445
a6cd4f89-646e-4984-bed6-aaab30a9d845,0.0010821018828437445
c590f4f1-e451-42ae-ab4b-41fbcd1b72eb,0.0010821018828437445
3b478c62-a3cd-4a5c-9a65-4b5e843f9f62,0.0010821018828437445
d871c6e2-a784-4447-b844-41071d01a813,0.0010821018828437445
8e3e53a8-74be-4680-a766-b7deeb530906,0.0010821018828437445
e113f017-05bd-469e-be63-af74e9f6ea59,0.0010821018828437445
86054ff2-aa0e-40a1-841a-7cc62fc3651b,0.0010821018828437445
4524b9bd-f736-40b4-904a-4b1d38ae6a1d,0.0010821018828437445
0189c0a8-88a8-4785-a639-b0904cde3f2f,0.0010821018828437445
0d2429ae-d9e1-48c2-a4f5-2a4e2a1efdb0,0.0010821018828437445
39354d2d-c684-465f-992a-7577e2a38832,0.0010821018828437445
a54ca801-5a04-4720-83c8-446d5d46d0ba,0.0010821018828437445
397ad817-d631-4ac4-acee-1d0072d46a1a,0.0010821018828437445
8df6d61f-ae61-454c-a52d-3dbcaed334a4,0.0010821018828437445
e426de17-f186-49e9-a9a5-bca39fb17c26,0.0010821018828437445
e3f3179a-8ed6-4911-ad3f-05e3a92a6670,0.0010821018828437445
c1bd08ae-298f-49ed-8f04-8693bb59f50b,0.0010821018828437445
3a6b8046-9397-466f-b2bd-7cb05bf02d7d,0.0010821018828437445
5b9a3b60-8662-4556-bdd6-9966c06e70da,0.0010821018828437445
9ce20b91-3996-4ea3-b495-8c47ce7b470f,0.0010821018828437445
8d0c9fb7-2fbe-4099-9fd2-0a26fb33aa74,0.0010821018828437445
c423b41f-7ea1-4681-a008-1249874eadfd,0.0010821018828437445
c5541ad2-750b-47ff-83c2-6a72049935b3,0.0010821018828437445
67388889-31b7-4aa1-8341-745b7c1a1d7f,0.0010821018828437445
f186cbee-d928-43ff-b5b3-7db8705ec8b5,0.0010821018828437445
9bc96f4b-d8fd-4a1b-a94a-b606820693b1,0.0010821018828437445
8d92e5f3-f5ea-43c2-801a-1cc630485b4e,0.0010821018828437445
97854520-b322-439d-9326-6e0b9496ed5d,0.0010821018828437445
a94d902b-c88f-476b-afd7-16e8dd870008,0.0010821018828437445
49df0636-9a66-4c9c-89b6-74ed7017e796,0.0010821018828437445
dab30c53-f82f-4f25-a8f3-e3da41099d65,0.0010821018828437445
ce8332ae-5854-4d36-9fee-5246083f3755,0.0010821018828437445
e8b4a169-8882-4806-b0a5-90752b67ce7c,0.0010821018828437445
5dbd3b31-c5a8-49eb-bcab-42699e428c53,0.0010821018828437445
aa0619e4-5ce5-4fd9-a9f7-1c0713702a67,0.0010821018828437445
c8c17549-28d7-4551-9be2-601a00fe61f9,0.0010821018828437445
28b0a597-750d-4e6b-aab9-7ce9deb8eee0,0.0010821018828437445
9cba67ff-269e-4393-9944-30fa9cedc7a0,0.0010821018828437445
1c2b531d-0921-4da3-82d4-ce5f81af458f,0.0010821018828437445
fb55940a-2a69-430f-81fb-a96e59781e79,0.0010821018828437445
d84e5203-7ee6-4663-98ae-2cd307f2f0a5,0.0010821018828437445
aea6992e-b5b4-4b34-9191-56d27e1e798c,0.0010821018828437445
63ada2e8-be23-45f9-bd00-226fbb96f812,0.0010821018828437445
1b180f04-8d6b-4426-a9ae-7d0645611f9b,0.0010821018828437445
fc2c6b2f-fb36-4a18-ad11-587e0f1fc8cd,0.0010821018828437445
bd4e5f02-bf89-4756-8e14-8ae229a84e62,0.0010821018828437445
2715d974-2d19-4200-8348-d055e92a4628,0.0010821018828437445
8edda45f-5afc-4112-8bf5-04a0dec7e747,0.0010821018828437445
16f42918-4174-408a-9828-d4093e8c3035,0.0010821018828437445
0b6e0af9-7d06-41ee-9393-e59b9376a2f4,0.0010821018828437445
c0a0df3a-eed9-4331-85ee-beada2a4e4b6,0.0010821018828437445
b9d3f5f2-36a1-4366-ad1d-f325426ecc7a,0.0010821018828437445
3ad3a69e-89a7-4430-a455-1656185c59b8,0.0010821018828437445
1aae0c1b-252d-454c-bde9-1826fa2e6b84,0.0010821018828437445
13c6fcff-c3df-4d79-93d4-f77df495de7b,0.0010821018828437445
acb8b4c0-3630-430c-aa85-6a6a28ac8d29,0.0010821018828437445
517c8714-ea1e-48f0-87e4-7f61acdbc69c,0.0010821018828437445
edb58ef8-bd81-4d86-928f-e3e04366c3d2,0.0010821018828437445
ba59fba3-c0a2-4f6b-9a42-08a44c1ccfc9,0.0010821018828437445
195b3f34-851f-4c6d-865f-80aa65d2f2c7,0.0010821018828437445
0da59da5-4b3f-4537-83e8-1f580629fb0f,0.0010821018828437445
c6b39f35-ecb0-443a-bd1a-02a688496dde,0.0010821018828437445
ca8ff001-bfca-49d7-9e38-7746e4f67b9f,0.0010821018828437445
0454fa23-0fa4-48c5-9674-0eef4efec58d,0.0010821018828437445
0873c590-a12a-4f5d-bc58-1ebc0e27152e,0.0010821018828437445
eef15dfc-544f-450e-a67f-53818c07c135,0.0010821018828437445
b6204daa-7b82-4dc8-bc8f-269d081d3fb3,0.0010821018828437445
f38c04dd-d39b-4ad9-b184-fabcbddef412,0.0010821018828437445
3c863a77-38a6-4743-a435-3ad4f0598e1f,0.0010821018828437445
68554e15-c87d-4dc7-b832-7abfe7b19352,0.0010821018828437445
52ae7af1-d51a-4c3d-b37e-d1f4689b3b05,0.0010821018828437445
d7009682-7e1f-40f3-9138-86117644c70e,0.0010821018828437445
a22217d1-adff-4cd2-8a5d-b2cc800ab802,0.0010821018828437445
525e8a1a-fa69-43fd-94a0-b9f6cbdcc9f0,0.0010821018828437445
5d1e55e7-d8ca-418b-90a4-7e68b784753d,0.0010821018828437445
a2f5eecd-1042-48f1-8d60-daaa58d65e4d,0.0010821018828437445
81b75e5e-99e9-44e4-9e2b-5033441fe04e,0.0010821018828437445
b0fda2ff-b402-4be2-a923-be567cfa3f7f,0.0010821018828437445
e6f773d1-6c92-467d-a02f-446c7e616cd9,0.0010821018828437445
fb562749-efc6-4e44-b411-a30003f358a4,0.0010821018828437445
beda6105-cb6b-4b93-b5b6-9860e8b83498,0.0007680371093101712
a793cda3-5b25-491e-8c41-311770a4ef22,0.0007680371093101712
99e30027-360c-4263-b060-8713b8114b24,0.0007680371093101712
968e637b-18b5-4000-9efc-81a4eba5c95f,0.0007680371093101712
1c7dbc5b-004c-4e15-91ec-b191533e995a,0.0007680371093101712
c91fabaf-fb85-49fe-8f93-c27cd79023ed,0.0007680371093101712
c19ec1c8-052b-4d0c-96a1-01ae20d2e4d0,0.0007680371093101712
ca4041c0-f082-4583-ad9f-467e48e6aedb,0.0007680371093101712
0d7dfd75-162a-4af4-81f0-24b5d6ef1a3b,0.0007680371093101712
d1537023-0449-438b-8f31-360eeb77f956,0.0007680371093101712
b2b44566-aba9-4934-aa84-84168c46c6d5,0.0007680371093101712
0801caff-6f14-4ba7-8725-1cfccd64c1f5,0.0007680371093101712
37ebc9a4-2c7c-42d1-88fe-c8a248052e4b,0.0007680371093101712
ee48efc5-d56d-4925-b426-5926a2160d89,0.0007680371093101712
087516fc-e840-4ef5-b8a7-950dd55dd043,0.0007680371093101712
969f9471-32e1-47ef-8cc2-b6314683d4ff,0.0007680371093101712
f4caa576-ed68-489e-8bfa-ae43efa6b138,0.0007680371093101712
c21d5829-c388-4d43-9d28-f5d82e48c560,0.0007680371093101712
dfcf599b-aaec-4c2f-8102-8fdcd8a42dbd,0.0007680371093101712
e47561db-fb27-491b-b621-3a6dc7f66972,0.0007680371093101712
f12cb4b1-583a-40f6-98f9-762f93aba698,0.0007680371093101712
e72ae1fc-4882-45f8-8169-5c22d558d6be,0.0007680371093101712
d90e8c14-90e3-40cd-9bd4-942a246d38e7,0.0007680371093101712
50d645c6-d4f1-4ade-97eb-27089fd56d65,0.0007680371093101712
e79cbd39-1398-42bd-8272-5a1c0e7f2a28,0.0007680371093101712
49aec6c7-dd97-4555-a06f-3def48572036,0.0007680371093101712
bc7c8596-183c-4aaa-a710-28af2b3f974f,0.0007680371093101712
31b1bf3a-99e9-44f0-89c5-17d1abf2b942,0.0007680371093101712
fc686fa6-9ee4-4a70-862a-3edbf6ed583a,0.0007680371093101712
6b59c5a8-c23d-4d76-9112-29195dd9a8a4,0.0007680371093101712
5bc440e3-8b39-4c1e-b4f6-09762f738fda,0.0007680371093101712
cb6b498a-c5d8-4aca-996b-794a3d11b820,0.0007680371093101712
a15ec59e-6141-4b9f-83da-6a1220b68552,0.0007680371093101712
3cde9d5e-44df-4d3d-9288-9f476b4dd897,0.0007680371093101712
2f4c4e28-9f67-4b3a-be67-188418abeb62,0.0007680371093101712
c5283bf4-424c-46e0-84f7-4b8e64149076,0.0007680371093101712
504fcc76-c51e-4338-98cb-9bbdbdf0adb4,0.0007680371093101712
ed95be4a-30e8-4b05-b776-4a7ec154b574,0.0007680371093101712
f3f01796-ef3e-4ba8-8289-2646eff89e99,0.0007680371093101712
b7bd7316-c623-4a32-8134-f364197711c9,0.0007680371093101712
9898175c-a5e4-4889-bfa7-c99414f58bb3,0.0007680371093101712
d92f2d01-a15d-4593-ad70-ee79290e0f24,0.0007680371093101712
36d443f7-b833-4716-b64d-c467a391ffd6,0.0007680371093101712
ec27ef5a-54a6-4761-97f2-0ccccc3a84d1,0.0007680371093101712
bc579277-1c00-4e76-b15c-f608ddfd35cf,0.0007680371093101712
be46a70c-54d0-475f-8430-eca07ed651d4,0.0007680371093101712
43581115-ab88-407b-8fdb-7aa3764977ae,0.0007680371093101712
aacf27fc-3b38-459c-9d4b-5bae72d36659,0.0007680371093101712
a8d4bd14-c5f0-41c5-b5c6-d1ac6d86d3c8,0.0007680371093101712
f612296a-ec27-4199-ac22-5f62eb87698b,0.0007680371093101712
f66f4f37-15ac-4d5c-b458-a096621876da,0.0007680371093101712
f6d0a770-1253-408c-a017-6cdab4a227bf,0.0007680371093101712
8b8211ea-0c1c-4101-8b2c-fa7df78c30f4,0.0007680371093101712
fa8dde5d-a3eb-47a1-b373-3b2d4d387f31,0.0007680371093101712
85e4843d-965e-45ba-a74d-30794e260dfc,0.0007680371093101712
6a2d926f-3bf2-4a1a-987f-c2086907307e,0.0007680371093101712
50e9ca78-7122-49f1-b370-2f253cb1b78e,0.0007680371093101712
9f458d14-892e-43a0-ac9e-67a247bd21d2,0.0007680371093101712
11f7501c-c46d-47e8-af05-cb390c97fdfa,0.0007680371093101712
9835a6c9-488f-4f91-b1b3-9a2b3986f915,0.0007680371093101712
7ba56cf9-bd86-457c-9e7f-61064e53e051,0.0007680371093101712
911dfccd-591c-49f5-9bdc-f05279ed54db,0.0007680371093101712
899b027e-601c-44f2-b0ee-036099b2653b,0.0007680371093101712
00eadf15-98f9-482d-b421-af2e5c7bc273,0.0007680371093101712
ed5c088a-0b17-4daf-84a9-f56275322007,0.0007680371093101712
61d6347e-9e64-4681-ac3a-e69c4b4434cb,0.0007680371093101712
ec969186-9e58-429c-bf71-3491c021138e,0.0007680371093101712
bbc0a02c-6b11-4c4b-a6a2-eff5ab80ea14,0.0007680371093101712
a9f678ef-8dbf-45f8-b308-e4e9f8c1180d,0.0007680371093101712
11085e88-9163-445d-b90d-3cd97b1bce9d,0.0007680371093101712
802030e0-1993-48bf-aaea-d76c75387f22,0.0007680371093101712
92d70fb6-9fac-4dd0-a34b-f2090cd226a0,0.0007680371093101712
6f3eddcc-3bdb-4b5d-a7c0-9f33b3a2183c,0.0007680371093101712
d7c51c1c-81dd-48c2-bc7c-6bc232319662,0.0007680371093101712
bb40452e-6d31-4674-8bf0-545449a310ec,0.0007680371093101712
d06c1499-c148-4c9b-8058-7db7d7ba10c9,0.0007680371093101712
ca759e72-cd35-4a22-8bd2-a2d1d2b7ca3a,0.0007680371093101712
c977b8de-ab62-4bb4-837f-c578a5b708f4,0.0007680371093101712
590cfcf8-04b5-4dbe-9a03-8bacf32ebbeb,0.0007680371093101712
60a024c0-488b-4a05-8273-5e30c327c2e4,0.0007680371093101712
1501e0f5-2493-44cd-b7e2-d5e9a2d8835f,0.0007680371093101712
4cad9394-dc29-4c9c-9677-a63cac25aad2,0.0007680371093101712
4180d350-b8ad-4979-8155-c5432f8448f9,0.0007680371093101712
ff7f8a8d-fba9-48d1-b26c-d3ce66a80fdc,0.0007680371093101712
37224639-3dc5-4112-84d5-b15b94b6e9f2,0.0007680371093101712
579c7bb0-bad8-474e-8b73-ef86bb7dc6b4,0.0007680371093101712
d0f53965-4123-479c-9727-b91ab1c20a09,0.0007680371093101712
db7a7917-6fd9-4d83-8eae-bb22fb0a8a82,0.0007680371093101712
d96f1ebe-3d7a-4e14-a4bd-833519608e33,0.0007680371093101712
53d38151-3df1-40dd-9441-6dbb36a797c2,0.0007680371093101712
e6907cfd-96e9-44ed-8306-52ace903898c,0.0007680371093101712
61ca7ce4-fb40-4348-8fd6-4f37aec9e678,0.0007680371093101712
7a9286a1-d412-4556-b7e4-7de2fb688e18,0.0007680371093101712
964f050b-9aa1-401d-b78e-c7c858bf672c,0.0007680371093101712
62666e7a-f6c4-4cb5-980a-279a01dd650c,0.0007680371093101712
364f43d5-f8df-4c2a-b4a5-8b8c4708a8dc,0.0007680371093101712
4a1ab0be-d585-472c-80fd-1ea7dcfc0204,0.0007680371093101712
6da52f2d-1eab-423b-91bc-f4bc2b3953c7,0.0007680371093101712
89335524-c5ba-4f98-a5fa-571adfa774f5,0.0007680371093101712
3c93be7e-89d5-49c5-80e5-37a31b52013b,0.0007680371093101712
efa9fce2-4816-4cce-a576-6dae2d7be6a8,0.0007680371093101712
8b3d5e90-00d1-4e2f-8d1e-f51c2ac456af,0.0007680371093101712
2af0a883-c265-46e7-818c-7402a76441de,0.0007680371093101712
2fec3b07-f7ad-4fc1-975c-cc3d504142e4,0.0007680371093101712
314cefdf-1667-436e-a19f-57f3df655500,0.0007680371093101712
0767f2f9-ac8b-4f2e-a0a5-4ce3f4c67a12,0.0007680371093101712
dd56bb69-423f-484f-85ff-0c62015a3968,0.0007680371093101712
6e6ae920-fde8-45de-a62e-b293abf780e6,0.0007680371093101712
89e1faaf-d9e7-4c74-80d3-c8e45d6fe2ec,0.0007680371093101712
756dce08-ab08-4975-819c-2d43f89b789b,0.0007680371093101712
28d24889-4172-492f-8f59-3a6a2173884f,0.0007680371093101712
1159fba5-a885-4c87-990a-16984176224f,0.0007680371093101712
9d3e398f-70ff-4dcb-8234-e3ad5c774761,0.0007680371093101712
3c4e9e60-fbca-4f50-8bf8-c324d6bc343f,0.0007680371093101712
b8518283-31d4-48fc-978a-ff07d6943bbb,0.0007680371093101712
acaf9e8b-c65b-4ed0-ba9e-fe2cd36494e4,0.0007680371093101712
4d8d60c3-f408-4698-abb2-87e404c6f14d,0.0007680371093101712
51a6c382-8f29-45c1-926f-814d1cc9b30f,0.0007680371093101712
8990ffcf-f56b-4a19-b146-f7adab919804,0.0007680371093101712
577d7af6-b5ae-45bc-beaf-02cd506fb3be,0.0007680371093101712
c11f3965-887d-421f-a41f-902feb1bf82c,0.0007680371093101712
91fd0aae-76d4-4da1-abe7-596fac85eb9a,0.0007680371093101712
fe62a803-5149-43e6-b87c-3935be2be506,0.0007680371093101712
aaf5cdb7-7498-406a-a40d-6f971109e977,0.0007680371093101712
d0343f2b-bdbf-432f-8710-ac72f5533c74,0.0007680371093101712
801e3b4a-c4d9-4085-84da-7edac38f4195,0.0007680371093101712
b2ffc114-9c83-421b-b946-b44c367b7a96,0.0007680371093101712
6ff8c408-5edc-463f-959f-f9d572ee5900,0.0007680371093101712
233d6058-1665-43b1-ae2a-13f64c9297c3,0.000686477859403567
b0d0ff20-0c9d-493c-b354-47ab4ac4dbcb,0.000686477859403567
f8ecca83-69a3-4f0d-a7ac-efc250f88f2a,0.000686477859403567
adcdb7c5-b1a0-4591-a296-50ba2de6cede,0.000686477859403567
2fa2729e-9aeb-43dc-9e11-868cf5f4c285,0.000686477859403567
b694cdaf-9d4d-438a-8626-544752653e89,0.000686477859403567
07e7296c-bf86-4cfa-a277-fee5bf370d59,0.000686477859403567
8084aa98-ab64-463b-a5c3-153cfe1b810d,0.000686477859403567
34b51374-0735-4cd7-b7b0-0a09de1f7c35,0.000686477859403567
32971e14-ffbd-4c1c-bf72-bfc6b6c6f3d9,0.000686477859403567
2011532e-8dd8-4872-ac14-c123a433ae81,0.000686477859403567
e9b126ee-8c19-4c4e-abd8-47bdbde614de,0.000686477859403567
f6b9b3de-222c-46d1-9494-c5d2f6a9dd93,0.000686477859403567
735a7234-62aa-4e3e-b48c-658c1320d6f5,0.000686477859403567
c745a983-3fe0-454c-8013-f2f64a3c86a9,0.000686477859403567
1df76926-0c74-4f56-bf8f-bff2fbddce97,0.000686477859403567
c2980dd5-1954-4315-b8d2-23bc0c568046,0.000686477859403567
63b4668b-5ad9-4451-916f-ed1d08466836,0.000686477859403567
bf350c70-31b3-4fa3-80a4-f6006e43678f,0.000686477859403567
6c7a010a-0972-411c-a967-bbcedd895c9b,0.000686477859403567
c38fbfe7-e698-4add-be47-f45b95e0cec5,0.000686477859403567
646a2df7-6941-4222-a684-f895d3db46b2,0.000686477859403567
bf6facca-81de-43f5-8ede-1addaf355452,0.000686477859403567
5ecb55f8-dd1c-442d-bf0e-a354a101c240,0.000686477859403567
00c2befc-9313-4f1d-a469-6d4780fdc424,0.000686477859403567
d5db07da-5a7a-4c93-881d-1f7d8a2ff12c,0.000686477859403567
1ec7c15e-52f7-4821-880c-de9562b08e21,0.000686477859403567
f1bfaac6-4939-4ea8-bb4e-823d66cbc75c,0.000686477859403567
a2b01760-4149-4bca-8a48-a28deefb7d9f,0.000686477859403567
4d0f54f8-de86-430d-b83d-c3a3f7565798,0.000686477859403567
222c75c5-a622-44b8-b49f-4967023d66fc,0.000686477859403567
cd378ebd-57a8-41a5-b80a-3e5a3a241850,0.000686477859403567
358a8c4b-8ef1-4871-b352-1acc3e2a1bb2,0.000686477859403567
768efba2-5194-4161-b25e-530727b60070,0.000686477859403567
898e48fa-f700-4b81-ba50-806afa15c45d,0.000686477859403567
a83b2674-0564-48bf-bd1c-f2893cc7d718,0.000686477859403567
2da3c9a2-c12d-42ac-81da-f682286f914e,0.000686477859403567
d2ac0c5f-2384-4d4a-90c5-fc1dcb7661bb,0.000686477859403567
de44cd68-5696-40ac-a7fe-416a9b3864ec,0.000686477859403567
08cb30ed-334c-4435-8140-a9ec515a43ef,0.000686477859403567
ae705f5e-93be-4bcb-815f-97fd0a6a2a60,0.000686477859403567
1381351c-1815-4cb6-b524-edd800685484,0.000686477859403567
45b90927-cd1e-4339-9c20-42c03c61f3ee,0.000686477859403567
89dffda9-bfe8-47ac-b3d4-9294c1899eeb,0.000686477859403567
d51870c5-ea7f-471b-9322-581dbb1f89aa,0.000686477859403567
52276af8-3cdc-4764-b5d3-0fcea451df09,0.000686477859403567
ff63227b-534d-4daa-a238-bbd8a081bcc1,0.000686477859403567
dde8ec8b-46c4-4838-a631-993c36ccbd2c,0.000686477859403567
b79d8616-3d38-403a-9488-d99e7843e41e,0.000686477859403567
1e9dff45-975c-49ed-9172-a0f2de12ecaf,0.000686477859403567
bce5fd6c-92bf-480c-80a1-1998a11a3d3c,0.000686477859403567
ac0735a1-689b-4f67-b084-aef3932ac1ee,0.000686477859403567
e22e8ea5-a6c5-4e4f-9427-f32766726e67,0.000686477859403567
9eea4136-5372-4a71-b2f3-bb8fc29833d0,0.000686477859403567
314e6eea-d4fc-4eba-a3d4-03670985bbbf,0.000686477859403567
d76ca3f4-4812-46dd-b548-ce50331bb072,0.000686477859403567
6f46d36f-e791-4b14-b690-34ff978e2d1a,0.000686477859403567
7cc28168-edda-40db-b03a-5cbf2d9b7b73,0.000686477859403567
fab559c3-11ec-4584-84db-a8a437e316a4,0.000686477859403567
4eac3e62-bd99-4538-9af9-5564d8f68cd3,0.000686477859403567
c2ac35b6-164d-41d3-8fb3-58855a9c7dd1,0.000686477859403567
5e03fab1-620b-4177-82ca-2e5ec6c66773,0.000686477859403567
ee50fc94-cc67-4ff3-869c-2cc7c53b5ee8,0.000686477859403567
dd6d8011-ff79-4006-9e6e-fe305b965764,0.000686477859403567
9778927d-a2d0-4b21-95fe-571ef863181c,0.000686477859403567
ad8b2c22-4892-403b-b2f5-11328e92c90c,0.000686477859403567
40737db0-eaf4-49f2-8355-be49cddd6beb,0.000686477859403567
31776169-8165-4fa4-8c98-7cb5209080c4,0.000686477859403567
4d8ac68c-339c-46d7-b708-d4fae20e1bb9,0.000686477859403567
8b158ec7-f344-47d0-a0f7-370c1eb9af94,0.000686477859403567
3803e50d-913c-4f5f-be3d-f8174a4ca8f0,0.000686477859403567
ac1cc6de-e784-4c45-ae98-687bf9b7d7e2,0.000686477859403567
a5ea2a5f-008c-4995-9e1b-c3979926a1ae,0.000686477859403567
16573a8a-c180-4bc8-a86f-d8fb757b2ceb,0.000686477859403567
0d448cde-b2e2-41f4-9dc2-89ed2f605854,0.000686477859403567
95d99400-10cd-4eea-ac92-2aaab04dd21b,0.000686477859403567
3cc778f8-e087-4117-b8de-cd5f268dab22,0.000686477859403567
54d2f36e-7d6a-4d45-bca5-3cd723f6f7e3,0.000686477859403567
98ce1c1c-e257-406d-bb17-eedde27d6141,0.000686477859403567
4f59e79c-5c9e-4b3b-ba34-5c62d2f4a92d,0.000686477859403567
40568f6d-38f1-4a65-9171-9208685d109d,0.000686477859403567
b6e471de-48b8-4f99-8533-0d6637024ac5,0.000686477859403567
9a6a64ff-a38e-48db-8ec5-7c4e2b9e48e4,0.000686477859403567
c86cfee3-1855-4ee1-b59b-e7d3fd747f14,0.000686477859403567
85e55799-df58-4ca3-8c37-3ea65325d07f,0.000686477859403567
acfed3d4-ef5d-42ab-870c-8e79bd05ead3,0.000686477859403567
091aa121-56b7-4ce8-a520-8d810a7daa6f,0.000686477859403567
4a3b7819-4d7e-48a3-8053-e91421d87f80,0.000686477859403567
42ec446c-98b5-493b-8560-195de357ec4e,0.000686477859403567
2c5e040e-5b98-4ad9-9204-f04def0146bc,0.000686477859403567
cf4bddfa-d087-4977-903a-a4b448b35972,0.000686477859403567
2306b62e-983a-470c-9db6-7362246e5fe9,0.000686477859403567
6ff5123b-9e51-4427-b177-075e3f86267a,0.000686477859403567
81a582c6-1f48-4bfa-b5f8-00cf72d791db,0.000686477859403567
c3988170-8077-4d53-9f68-387063db9382,0.000686477859403567
cfbfa6ad-6eb2-4d9f-9ace-7fa3ed2dd233,0.000686477859403567
671cbe59-c3c3-4cdf-ac7f-cb00e776eafb,0.000686477859403567
b59a82e9-320b-4246-ad7b-e8f4300e7295,0.000686477859403567
841191be-f9a4-45ee-ac1e-e7ff876ee666,0.000686477859403567
1fae16c0-e22f-48d4-afbf-42be98c37e31,0.000686477859403567
2ea7fc1e-8275-4830-bf11-df60f138fcd2,0.000686477859403567
61f442ee-c474-4cd7-96f0-769d95aa245b,0.000686477859403567
2d960ddb-b968-4be8-8e6a-59e86ca6be76,0.000686477859403567
21e8a2e1-6cc2-4850-b987-6d750f7161ee,0.000686477859403567
a126bce7-abbb-4ba3-badb-99254ea3a3f3,0.000686477859403567
53994b5c-1364-4bd7-b264-2235e65811a6,0.000686477859403567
c01911e4-f4f7-4b7d-bdd9-d9237e2b5003,0.000686477859403567
f1870650-f743-410b-9f40-120aa7edcc0e,0.000686477859403567
98532514-9f2e-4743-8b35-1465b51b158a,0.000686477859403567
6829728d-a4c1-4ddc-b916-49814735f942,0.000686477859403567
4f0d850e-4419-4b09-921f-1a02a8c54ede,0.000686477859403567
f8844ba5-6580-4cd4-a798-97f1b2e80c71,0.000686477859403567
4c27b02d-7c47-47c8-9161-13e86fbf8618,0.000686477859403567
1a7a1125-2f78-48f3-9a79-5f5a8e5a9d03,0.000686477859403567
5a839102-d8cc-4aa7-b52b-f8776df47536,0.000686477859403567
5bd6afa2-725d-4922-b673-1f4f1b319f5e,0.000686477859403567
ee3d3601-ae28-4fdb-b99a-4e8d475c15b2,0.000686477859403567
a5028bee-c023-437a-9fb8-77a175f0f4f9,0.000686477859403567
c09f7237-63d3-4e56-a688-a7e8badda03b,0.000686477859403567
e5a555ca-b140-45bf-95bb-d5e8b32e3ea3,0.000686477859403567
5cb9763c-8a10-4422-8efe-05de5293f20c,0.000686477859403567
cd604770-1850-458b-ac4a-4ba9e7b27646,0.000686477859403567
e86605ff-2c42-42aa-8db9-5cf7a3308221,0.000686477859403567
09daee80-7046-4874-9abe-64a7a21bc8aa,0.000686477859403567
05d8e8e9-2440-4876-acbe-c443cd937664,0.000686477859403567
89230419-83f3-40b7-b64c-b9afbbab6ab4,0.000686477859403567
0401c4e8-064e-4e91-a12e-ab99782c2dc7,0.000686477859403567
9426dfe7-b9fa-438a-b287-e0eea2f2d4ec,0.000686477859403567
9d6fa060-2a37-4a09-968b-aeced7b5c8b3,0.0011172526093332635
50fb89ca-de5b-46b0-8a09-68089b1a211f,0.0011172526093332635
6fcfe7c0-be32-4964-9e1e-2058c72e5b48,0.0011172526093332635
583b9ff0-8f0a-4f6a-b28d-880d14ca567f,0.0011172526093332635
1907e8be-4ab9-40b4-8260-eae6d0e20448,0.0011172526093332635
d17ae5d4-1fad-46ff-b2b2-987eb5534f91,0.0011172526093332635
5a08228c-b8df-4935-a969-b9b99d328415,0.0011172526093332635
b6510df2-aedc-4cb1-b88c-c03a8260a6ff,0.0011172526093332635
3d889ab6-8abc-4973-aad6-acb715aa69f3,0.0011172526093332635
1e679a3d-1f1a-4d2f-a6da-2ef31ad3153e,0.0011172526093332635
c369e681-b523-49a4-8adc-d7200e86ca8d,0.0011172526093332635
a3b24d30-fcc8-4e66-9a9d-b2548509d957,0.0011172526093332635
38ee89b8-f921-4f0f-bc91-7bcfc0fef8cc,0.0011172526093332635
33a6c072-2d41-462f-86dc-fa04e6915ec9,0.0011172526093332635
043f9be6-bd27-49f4-b453-10d93a695e7e,0.0011172526093332635
d23c8bba-7231-4e75-88bb-8a94559c9f50,0.0011172526093332635
af89e41f-df62-4642-9847-6323a96bd0ce,0.0011172526093332635
ee4a12dd-dc96-4d4c-a35d-d49c5e5b57dc,0.0011172526093332635
cc0c66b9-7d50-45ec-93b8-413fa8a4b9d2,0.0011172526093332635
53016e33-8f93-4313-ab00-8e4c64b5333e,0.0011172526093332635
1b6a97e3-20d0-435e-95da-e240f3ad0485,0.0011172526093332635
69ede000-7871-4d31-b3d1-7eac6eca5936,0.0011172526093332635
915668a7-1523-450d-91e9-a5cecfd89f52,0.0011172526093332635
6820dd99-21d6-453c-b47f-1a156100f80f,0.0011172526093332635
e9fa30bd-a8d0-4423-9489-9955971662fc,0.0011172526093332635
721b9124-1130-4bee-9446-6c0542840681,0.0011172526093332635
e19ff184-b891-47af-9c34-0ebff1e4c254,0.0011172526093332635
07652c35-5e8f-4908-954f-2e8ffb1abb40,0.0011172526093332635
78eed4a6-082b-4565-be3e-4f3202345030,0.0011172526093332635
cf5e1a9a-def4-4dc7-9a0a-9726e56e3e0e,0.0011172526093332635
69f57866-ee05-4a19-9cb1-38df6a6790e2,0.0011172526093332635
c229b981-ab19-4dab-b43d-0ef9c1727b64,0.0011172526093332635
e0f7cf0f-68f1-4e0d-bf6f-2b94235ecc28,0.0011172526093332635
2c806c93-7680-4f3b-ae46-a993095e9caa,0.0011172526093332635
3bc77aef-56c7-4105-9cbf-c21f5fec8492,0.0011172526093332635
2049ed85-4e69-4470-aa0f-ffd504160d7d,0.0011172526093332635
a90cca4f-af46-4366-bcda-90796191a85c,0.0011172526093332635
35d5d1c3-6d5f-4418-a5d1-b77db3f1894e,0.0011172526093332635
e01f5ad6-f5a6-407b-840d-8888ffd7c4d3,0.0011172526093332635
7aa02a1a-0620-4f90-95fd-3cc2431cbf20,0.0011172526093332635
4bb35cbe-67c2-4a8c-99c0-46326b10861d,0.0011172526093332635
d80a8457-66f9-43de-bd1c-fa62e34b9114,0.0011172526093332635
fb214b54-1cb6-4bcc-95bc-c2c8295ee82c,0.0011172526093332635
4f8bdbdc-cf2f-4023-84e6-84fd3825f97f,0.0011172526093332635
70d27d07-4d83-4d47-8e76-38d663651b51,0.0011172526093332635
1c243b90-e1c4-4767-9578-c302b92d2ed4,0.0011172526093332635
6b651526-6b68-48e3-8164-b1456cd1200b,0.0011172526093332635
1bd4514e-2500-4d61-a96f-6d2c70942667,0.0011172526093332635
9518eb64-1ffd-4cb6-9586-e3f2f47b05cb,0.0011172526093332635
063afa02-939a-4ac4-b0cc-dbf26a9d2669,0.0011172526093332635
439ef2e3-3a42-44d6-818d-51d322ac5de0,0.0011172526093332635
39ba5db8-73e1-4643-91e0-a2b04c118216,0.0011172526093332635
77d3d00e-a13a-4e53-aa4a-c8c6481e25fe,0.0011172526093332635
31332349-2da9-4cec-8e89-bead3b4527ea,0.0011172526093332635
4d5a17e2-f3da-4150-a3be-2662967e3ccc,0.0011172526093332635
9cfcde10-7f31-4993-b73f-40c441d8ad95,0.0011172526093332635
afd3be20-82c0-4462-855a-e355fa1cae6e,0.0011172526093332635
d691c7d0-1e26-42f4-921f-6ecf558ba3bf,0.0011172526093332635
0e786952-961d-417b-a19c-bc14cf79b999,0.0011172526093332635
d727c24c-d7ec-4bfb-96ff-12329d6c79d5,0.0011172526093332635
42c75113-61fa-4f51-846f-e9c7fe9e2cf9,0.0011172526093332635
9b529229-1ce3-4bf8-98c8-2e2b2d9e41c6,0.0011172526093332635
61d6c6a2-ccf0-423a-b137-4b28a56f2cfb,0.0011172526093332635
07e0f8f5-4da3-4196-9feb-b56f2bf183fb,0.0011172526093332635
b44aa887-aa25-4834-b920-4f715bb17e5c,0.0011172526093332635
3fcc3129-f9af-44c3-8d12-d752de7d570e,0.0011172526093332635
44b2351a-589c-4692-813c-d6c92702d3b5,0.0011172526093332635
ffde58a5-f864-4f19-b2c7-d562a29aca94,0.0011172526093332635
1d52b30b-cdd0-423d-8d9f-fef4e89849da,0.0011172526093332635
7e71175d-7fab-4a4d-9411-04b0665521f3,0.0011172526093332635
53edefec-02f2-4701-9279-b2a4d06a5d0a,0.0011172526093332635
36e9d3fb-d0c4-46c9-8e93-e28de864a58d,0.0011172526093332635
65faf614-1546-4c1f-90f6-7f415cf01776,0.0011172526093332635
ef5b868d-46be-4d54-9af9-a84e88582009,0.0011172526093332635
84477f3d-dee5-49b1-b1ca-58553b439ef2,0.0011172526093332635
8d13e2a6-28cb-43c9-a441-6d3a858589bf,0.0011172526093332635
8ee823a9-fefa-476d-ab64-14b2f53fe5c0,0.0011172526093332635
2a5c6e54-ba1b-479a-a487-c529a62c9555,0.0011172526093332635
afdab39c-9d45-4fb5-add0-788a952305ae,0.0011172526093332635
9b6dd5d1-2e78-436a-be52-040c2795c21a,0.0011172526093332635
d1c66d09-d2a9-492f-b787-4a51599a4c80,0.0011172526093332635
ef8e7ddf-c817-4ee8-a0fd-3c7347d784f2,0.0011172526093332635
0c4afedc-d0c4-49dc-b6af-56b5174d6fe9,0.0011172526093332635
86dc1636-eaa3-40e6-a97f-dd109c4fa6da,0.0011172526093332635
36d31540-c343-4533-ab04-09877de66091,0.0011172526093332635
ae404110-b6ef-4354-b6bb-62faa672f993,0.0011172526093332635
a5fefc98-0a7f-4be9-a571-94abfd58dfad,0.0011172526093332635
da677c32-42c5-47b2-96cb-2fccea001485,0.0011172526093332635
6816cb61-1d98-4eec-8f67-814773b1d3f5,0.0011172526093332635
0550e3a9-adeb-4817-b9a8-86dcb0234e19,0.0011172526093332635
7e702f3d-f3d9-4c2f-b05c-c024089faca8,0.0011172526093332635
692e8f86-e759-46e2-a822-2a2c2e3c7327,0.0011172526093332635
01fd9228-b964-461c-87b6-930557569010,0.0011172526093332635
82c47687-7cb8-4c75-b95b-5e19fbb19310,0.0011172526093332635
1d750a05-83f5-4a03-b40d-2bf172e3b820,0.0011172526093332635
e2b8a371-2074-42b4-b3ba-ffcad951241c,0.0011172526093332635
a35a3a17-adf7-42e8-997d-1fed73599c95,0.0011172526093332635
95935be4-19ef-4dd8-93eb-75f2c8277474,0.0011172526093332635
05f0f4d9-4808-4ec6-bbd4-fd5781773ef9,0.0011172526093332635
fd4159f3-ca3c-4d4b-9a9d-5ddc33403e67,0.0011172526093332635
cf53c770-3c83-4147-b0b8-6f3c06a88c67,0.0011172526093332635
cfb4761a-becb-40d4-a466-2247d278c192,0.0011172526093332635
529087e2-b913-4d77-a96d-66c8f1a3e348,0.0011172526093332635
34d1b772-086e-4ff0-931e-4dc1edde22cd,0.0011172526093332635
fd456105-32f2-4926-845f-02a1d18099cd,0.0011172526093332635
7f4548d1-b9eb-4945-adca-770a717de38a,0.0011172526093332635
e45ba0b3-1215-41cf-8b7e-09af86511662,0.0011172526093332635
30d1c420-95ee-426b-91d1-ddabc329046e,0.0011172526093332635
cf8fc4bc-b92c-4cbd-814a-3c6f059222ab,0.0011172526093332635
1e2fafd7-60b4-4a44-b526-6aabb2d8534d,0.0011172526093332635
bbb7eb69-3e9f-4b36-b412-2149e64b02a3,0.0011172526093332635
f9a5eeca-099c-4c4b-8e05-ac6cf7f2f176,0.0011172526093332635
d25cdc00-fef9-468c-a18a-0108f3f79495,0.0011172526093332635
3f1de7da-2951-40b8-afc8-7d8f917f0150,0.0011172526093332635
629e9715-b044-423c-8093-34934fdd015d,0.0011172526093332635
fa59b830-6719-44c6-b8b9-198aec46a53d,0.0011172526093332635
9580e398-a126-4156-92b7-70cbbe5b0062,0.0011172526093332635
19e17f6e-10e2-4e27-8336-db37f005f320,0.0011172526093332635
33b6152b-0298-4511-a82e-b39b1b5516d0,0.0011172526093332635
98832971-0053-4bcb-9474-a13c08e0c68c,0.0011172526093332635
474587a4-d821-468a-9ac4-1ab7065d7cfa,0.0011172526093332635
3fb879d6-4e3e-49e1-98e2-d5c5c0e929b1,0.0011172526093332635
02803bf2-f170-4802-8da2-57c6db25714f,0.0011172526093332635
9c9c9ce7-c9b6-4154-ac3a-8ccb65a80b8e,0.0011172526093332635
1f2604f1-bfa0-4699-b547-c82fa55c3517,0.0011172526093332635
c6a40e4e-065e-4889-b142-cad0712cf05a,0.0011172526093332635
8468f116-da33-4f21-b26f-4c9ebf213eca,0.0011172526093332635
abeb62ec-baeb-4edc-88dc-5275a199686a,0.0011172526093332635
044fd976-3424-4bbe-97d1-74f19f5658e8,0.0010168434296247142
c18ab18d-970a-4969-b662-06ae1a7533a1,0.0010168434296247142
a36db3e8-b071-43bf-9cf9-250701f9f868,0.0010168434296247142
546b55c7-95a0-4817-acdb-6a2a2ab65041,0.0010168434296247142
e5f7ef10-2096-4046-82eb-0a63a0ad7baa,0.0010168434296247142
417bfda5-a3f0-4fd0-bcda-396c1ec625ad,0.0010168434296247142
d7eb78e2-ceb4-43da-8ff3-1f1c69387914,0.0010168434296247142
989a834f-173e-4d24-90b1-67a1293d7fc4,0.0010168434296247142
42368abb-afaa-4c2f-b136-71d3be3c3668,0.0010168434296247142
4aa8f112-c52f-4e64-822e-86edbabd2ead,0.0010168434296247142
38ccdec9-3f80-4710-a7d8-287314e4d26a,0.0010168434296247142
7a844555-2db5-4ab6-88ab-b6efcc1f1317,0.0010168434296247142
5be79ea0-a783-4541-b3f9-82f6d3caaaee,0.0010168434296247142
763fbcf3-fa19-41e1-aad0-c5f091bcae57,0.0010168434296247142
797264a9-e1a2-42d7-9043-47db220bc07b,0.0010168434296247142
53d85e25-b3a8-4266-855e-e73ceee61f8c,0.0010168434296247142
fa035b64-9176-4663-b1d3-6141c247d08c,0.0010168434296247142
0270b11c-7c3f-4cde-b433-366ad8f88799,0.0010168434296247142
5300f5f9-ba38-494d-9314-8dd092fab75f,0.0010168434296247142
84af0c21-f9b3-4c61-8fc4-e3b6e6b95234,0.0010168434296247142
fc3b75a0-d72f-432b-910d-114bfe29e31c,0.0010168434296247142
6b085439-362a-4c98-b4e0-5b5ccbb4e7bc,0.0010168434296247142
2b99866f-edcd-4309-ae5d-1c7235c38e8a,0.0010168434296247142
0bf11b33-3034-4044-b23c-d5148051051a,0.0010168434296247142
5c62ce48-406a-4be7-b594-3420e409f941,0.0010168434296247142
22209331-2dbd-4586-95ba-4c36d00dab89,0.0010168434296247142
c01cd01e-e5a5-4c5c-b5a5-fde7f301408d,0.0010168434296247142
43c865fd-9fae-45ab-9889-bfbdaf1fa8f1,0.0010168434296247142
13dd4d00-aca7-4fe7-9c9b-985a3b07011e,0.0010168434296247142
4abc0b13-b21f-4652-afef-a8575f029380,0.0010168434296247142
cf19c87e-2403-45ad-aa86-325cee0a8512,0.0010168434296247142
e2d01792-fdcd-45f2-8856-b1752576e211,0.0010168434296247142
bb7a334e-cdb0-4d8f-a412-8b9ff14f5e58,0.0010168434296247142
4d66be57-a98e-45ab-b2c8-ef685a98e35e,0.0010168434296247142
ad76c9b4-63ac-4fd9-a446-4858307dafcf,0.0010168434296247142
38f45789-2ef3-4584-b144-03f9c113c5da,0.0010168434296247142
f70ca491-7b81-4e7a-b853-e6bb51440109,0.0010168434296247142
ae46e34d-0e89-4f6a-a2b7-cfe073f6ae79,0.0010168434296247142
3933560e-1a3b-4c69-9471-5b9b5ea75363,0.0010168434296247142
3a5444d9-391b-446c-9b08-f87f3c48f09c,0.0010168434296247142
099e3c05-d3e9-4352-94d1-18ee36290198,0.0010168434296247142
92125770-0640-42e2-87a3-c0c7bc9f381d,0.0010168434296247142
27ca2ec6-f337-4593-a1b8-7d9a25900b12,0.0010168434296247142
9e1812f2-1ff7-4086-b6be-15cbb35ff144,0.0010168434296247142
b71957a6-bdb3-4c0a-a083-d05f2f06847c,0.0010168434296247142
dddb57f6-1d7b-403a-af74-d8899f1efa12,0.0010168434296247142
c58d41b1-7e22-4a0d-915e-dfdb8d5ca258,0.0010168434296247142
f251fb5a-8101-4ab1-baa8-4497731ed9d4,0.0010168434296247142
2dabe51a-399c-431a-b96a-d7a52d6a661c,0.0010168434296247142
4368f80c-f12c-44d3-83f3-8264a6664479,0.0010168434296247142
c3ec9845-61f5-4bd1-8639-673519bb1d67,0.0010168434296247142
52ed1e57-7908-467a-b6ea-ddf93ca699a6,0.0010168434296247142
5f3d108c-b0ba-48c8-817b-5ceace1ef7da,0.0010168434296247142
7a261fe2-6fe0-4165-8bce-c85f0de4c720,0.0010168434296247142
dfb74c94-897e-4515-a1f5-0ead2e2fc659,0.0010168434296247142
17363cbd-d7d9-4e0e-a5ae-8926d647c9ea,0.0010168434296247142
dc694048-d8f1-437d-bda9-d97609a40b5e,0.0010168434296247142
74ebf36a-223a-4b8e-acad-30b6d9d9e961,0.0010168434296247142
cb2151ad-3d10-44e0-b51d-07b1c5052e0e,0.0010168434296247142
adc67572-ec46-4593-a451-adbeb262ce9a,0.0010168434296247142
43bd4148-50b7-453d-822f-4b1fcb0e9bed,0.0010168434296247142
20cc875d-64b6-4c97-a141-adddd7ffe852,0.0010168434296247142
372a274d-8841-45ab-b6dd-4f80ade3f42e,0.0010168434296247142
f680d35f-70bd-4179-8fd1-1e9d282b8614,0.0010168434296247142
789064c5-9412-4eab-ad04-6def0f55a933,0.0010168434296247142
a6924fe7-abfd-4b62-b475-04b83c106503,0.0010168434296247142
edb5c3ea-17a0-4c24-8557-8af4d26f0e52,0.0010168434296247142
5834ef44-0c7b-4fb7-b620-2849685c16d7,0.0010168434296247142
556e21cb-bdca-476f-a641-db3f68af4f7c,0.0010168434296247142
b78232e0-85cb-4121-8ade-7fdeca0efaf6,0.0010168434296247142
afc09202-96e9-4731-bbb7-140887399a33,0.0010168434296247142
c10267c3-9327-4928-a761-585c1fa4d2d1,0.0010168434296247142
d43bd678-6ba4-496a-b11f-50d4148a9211,0.0010168434296247142
ef51f0b9-a3af-47a4-8c54-00a355b101e0,0.0010168434296247142
0636fedb-f008-4289-bba8-ddb03f672b99,0.0010168434296247142
1dce4955-340a-4b7c-b83a-7232f332e42b,0.0010168434296247142
135a7f55-9591-4d92-9a9e-30c2d3429b52,0.0010168434296247142
7b56fa93-26fb-4246-9e3e-de55dee4edd9,0.0010168434296247142
77a840df-dcf7-41a4-bf29-cb9e4eb4f75b,0.0010168434296247142
c068ac1f-5fac-4677-92c0-218217beb147,0.0010168434296247142
af838153-57ae-4eff-8471-c4aef013e03e,0.0010168434296247142
c92d1e36-8829-4208-b827-91049de3d4ff,0.0010168434296247142
f6cc1ec4-a635-4d47-aa2b-28f4825c7739,0.0010168434296247142
fcbcc984-e470-4964-9dab-2e78e7390d25,0.0010168434296247142
0185d40b-be25-40e4-aad8-0294ac401cfd,0.0010168434296247142
57e97308-343b-4429-9ad5-185b1b269371,0.0010168434296247142
ae437c75-7229-4d49-a78c-f62f17b82ffa,0.0010168434296247142
f1046523-1454-4963-a254-6fd9c606876a,0.0010168434296247142
8e206049-c436-4325-a812-b189f97cf1f2,0.0010168434296247142
1b1f4a3f-d895-48ac-b44d-fc5d75f62684,0.0010168434296247142
25b2d3fa-ad28-48ef-8e8c-934b13a93ae6,0.0010168434296247142
afce7501-f4d8-4cd1-9968-ceab9b2f2f59,0.0010168434296247142
57e7013d-3e7c-4d75-98ce-aba3184474ea,0.0010168434296247142
9b5e3a9e-9253-4bfd-ae94-bf9c8edb7620,0.0010168434296247142
f78059e0-86e8-47c0-a4a3-74478ea4f0af,0.0010168434296247142
70995fe9-0424-43b3-b0ac-724c14b5a4cc,0.0010168434296247142
4114ffc1-8ef0-42f0-bebe-e3cd984cd8db,0.0010168434296247142
978a104e-ff37-442f-a4cf-5ff781a0021b,0.0010168434296247142
6271990b-61d0-4e27-8bad-8c0871574b04,0.0010168434296247142
a2a18944-9513-445f-bee0-dccdb2d15373,0.0010168434296247142
8d8b6fac-aa26-4a2f-a410-6a897a29f58f,0.0010168434296247142
9079b43f-804b-4187-95e8-f901a86cafae,0.0010168434296247142
9ec7d51e-326b-45d8-8702-fc661948b90b,0.0010168434296247142
a921b2fd-bbde-45ab-bcb2-3c2ada9777ba,0.0010168434296247142
548c6f17-cedf-43e5-b68b-eb48560690c1,0.0010168434296247142
dcabb55f-2e3b-48ca-8e3b-f28a52aafd84,0.0010168434296247142
c60b7eff-2b9e-4512-b123-e48c791a6178,0.0010168434296247142
55bbd681-7e36-4a48-a1d5-1619248ba18b,0.0010168434296247142
ee1946b0-4459-437a-ade6-63e180daea82,0.0010168434296247142
55415c2f-ad92-400f-aad0-058ba0a77272,0.0010168434296247142
ad3efc22-832e-49f7-96b7-1f87fac3a9ca,0.0010168434296247142
1db82502-07a4-47f6-9d72-da25f8cf19da,0.0010168434296247142
55e2e06d-c8c4-477f-8600-8c529215e099,0.0010168434296247142
c7e511a2-15fc-40e6-82d6-5bfc76063cfa,0.0010168434296247142
4336b692-d15e-4629-bc16-4f7b82ff732e,0.0010168434296247142
6b86cccc-bcd3-4089-9148-832875e0cf39,0.0010168434296247142
ab9e8397-e5f9-4c26-90ca-9eb0894d185b,0.0010168434296247142
f40924fd-c346-4f87-b595-dac9e7932878,0.0010168434296247142
6e5ccfac-6c1d-46cd-bb20-2471f7a37ca7,0.0010168434296247142
5d5923ec-997d-4f33-ab5f-ce41122e5371,0.0010168434296247142
2ca8422a-5a58-48d5-8d09-43e4ab6b2060,0.0010168434296247142
7b067817-54e1-443f-bfb6-18dc35a00743,0.0010168434296247142
6b2d071a-bb1a-4810-beb7-9160b1b0acca,0.0010168434296247142
aa27638f-0758-46bb-bd1e-dfae73c737b5,0.0010168434296247142
7d4eda92-fe7e-43a3-9d53-b317013ea852,0.0010168434296247142
e925cf82-fdf3-4ec5-b007-375c416fe846,0.0010168434296247142
3f36aec9-b6d2-4986-8ecc-5859e89aec9d,0.0010168434296247142
e4a6a292-d861-4434-9ab6-e57c1655f414,0.0010168434296247142
5d486cd8-cae8-498b-8c3b-9ee7c6e3dec4,0.0008367806016167378
db55c4cf-0e88-433e-a246-ade3f21d65cc,0.0008367806016167378
d08335d1-5cb0-4d19-9710-116b3010e685,0.0008367806016167378
885ca9c2-9936-4404-8368-78a6ea797f11,0.0008367806016167378
94541294-aee8-4b04-92f8-6dbbc0742ab9,0.0008367806016167378
897fd100-3c01-41d4-8988-f2c0295ad84a,0.0008367806016167378
d5e1f3f3-2d44-49e0-a588-8c295ae91d12,0.0008367806016167378
2ae93cea-b81e-4286-b3a1-f0eb820689c0,0.0008367806016167378
0a1a47b0-572c-4fcb-87ae-d53c84d87d36,0.0008367806016167378
36f6a18e-393e-4ffb-bf73-e28226dbcb6b,0.0008367806016167378
1304c973-f835-4d4b-a1e5-ce55db8ae290,0.0008367806016167378
0c400d7c-64d2-4936-8d4f-6815f40c35e1,0.0008367806016167378
0a2b8ab0-7ed2-4d5d-be39-90e9c85f3f15,0.0008367806016167378
dd30b3ed-573a-4e5b-a462-412aaf8381c6,0.0008367806016167378
5d26bb34-339b-4c96-a573-e6a9db8d2025,0.0008367806016167378
97fb2e3b-9f01-42bc-859d-16f6b3485c69,0.0008367806016167378
2b0e1725-439d-42da-9849-8dc02ac54a19,0.0008367806016167378
17e8fed0-e3ec-48ab-bb10-3541de9f31b4,0.0008367806016167378
79882373-6b25-4910-8da7-d12271148d65,0.0008367806016167378
651f0de3-1f18-43c5-b80d-ee5bcc7199fa,0.0008367806016167378
80f56a79-f8ce-4a13-b2a4-311372683ca6,0.0008367806016167378
835c5d69-4b54-4145-96f8-79be79ca599c,0.0008367806016167378
c713ae73-8b89-48a4-b67f-4ecf2af0d7d0,0.0008367806016167378
41334074-016c-4182-b960-15f0022e038b,0.0008367806016167378
bcf65ad3-56e5-4b35-bfae-4658f26b2c2a,0.0008367806016167378
7fa5b806-8ab1-4992-9089-a2bc74be1490,0.0008367806016167378
a801cd2e-b0b3-4c55-97cb-6e2e4d44b7b6,0.0008367806016167378
58010a61-9d18-4bc7-a84f-56d1561192a3,0.0008367806016167378
8fe26556-52b1-401e-a2b3-59bb17c5f8c5,0.0008367806016167378
177bf3f0-d556-4049-a760-ddcefad7e649,0.0008367806016167378
d5531971-ca43-4e11-8ddc-c7881f1cd8de,0.0008367806016167378
b6283193-64c2-4482-99f5-2019d0c5cb85,0.0008367806016167378
205757f1-4e5d-4997-8103-f9f61bf5a418,0.0008367806016167378
5ddbb70a-9da2-44ab-9a07-fc04388f86d2,0.0008367806016167378
15632e23-f8e8-4f9a-afdc-ad85aef2f4c8,0.0008367806016167378
fed71452-d123-487c-a454-10e12966c980,0.0008367806016167378
ec3494cf-726a-457a-912d-dbf4475ec64f,0.0008367806016167378
cf142fd6-1e91-431a-a841-9bd1cb511887,0.0008367806016167378
801b0edc-ad98-4ddd-a7f3-719b72f7514f,0.0008367806016167378
3eda9e58-5ef0-4389-ae22-916f9e5c3725,0.0008367806016167378
8e1a66da-530d-4413-8ce2-20b0fe13630a,0.0008367806016167378
a0132739-bafd-4738-9bc1-6e3d55814af7,0.0008367806016167378
cd3daf59-41cb-4bcf-ae0b-7cfa7a8942d4,0.0008367806016167378
269c7ada-dd8f-4ae1-9ebf-9f908b02c94c,0.0008367806016167378
591637dc-1283-48c8-b353-f9fd4f4f2569,0.0008367806016167378
00bdf195-a662-411d-9b1f-e03d702e1296,0.0008367806016167378
990ff6b1-632e-4da1-ab5f-10f6ae57d6ad,0.0008367806016167378
fdf51f03-64b1-4a60-8e7f-aa21fe346522,0.0008367806016167378
2816c1fa-da0f-4d9b-9828-9caa430cc325,0.0008367806016167378
aa70d5e4-e100-4c6c-a561-6ee388ad035a,0.0008367806016167378
fcc09e15-eaee-4b89-967f-872ff90092e9,0.0008367806016167378
8a05a56a-0748-4cc0-a45c-54c703d324ce,0.0008367806016167378
21eaa653-e048-4e5b-a94b-e7188475b5fb,0.0008367806016167378
3e923e28-3c3e-42be-a625-10e2c8490194,0.0008367806016167378
d92debc8-43ac-4c18-bb4b-9c4b0169ce51,0.0008367806016167378
f2172975-cce3-4ca7-bdf7-6c35bbb8eaac,0.0008367806016167378
cf1bc247-f803-409c-a07f-62968ded07de,0.0008367806016167378
63697393-a0e6-4f65-b43c-ff18329329bf,0.0008367806016167378
3ec6cb41-68b2-4f4b-8657-3ebc9c9206af,0.0008367806016167378
1c0904b7-e749-4c1f-8165-974ecf9d3594,0.0008367806016167378
473e1586-0f73-4fb9-a3bc-fcbd83f8af90,0.0008367806016167378
d7bdda25-6780-45dc-ac77-b3c9e47adbdd,0.0008367806016167378
da3e3235-a9db-4ecf-9718-19ef7b990378,0.0008367806016167378
b6299c37-1caa-465d-bf60-c80084f899cb,0.0008367806016167378
16b7bfa5-c2d1-4226-8b6a-929d0571796d,0.0008367806016167378
fb199403-151e-4752-83eb-730d96641559,0.0008367806016167378
603a1c2d-7c68-4e4c-b5e2-93db7be46f65,0.0008367806016167378
ab3bef34-df7d-4532-bf0a-a7771c33974e,0.0008367806016167378
1dee6629-6849-492e-bcc5-cbe36f2227b1,0.0008367806016167378
6ca0acc8-fa5e-457a-9a35-33dbcf6a7063,0.0008367806016167378
6623f09e-47d5-466c-80fb-842032403b38,0.0008367806016167378
421fcc28-68b1-4385-96ac-70f3dadea18c,0.0008367806016167378
7708bd6d-ade7-4cbf-a851-5ce43095fa62,0.0008367806016167378
e61d5448-87dc-4eed-b54e-bd5c61ce205c,0.0008367806016167378
f0f64bbf-ba62-46e0-b1fc-de92ad9fcae9,0.0008367806016167378
63df2250-3d7f-4681-8dbd-d86adca9ec98,0.0008367806016167378
f559eede-48bd-4f3a-a3ab-01466c47f8d1,0.0008367806016167378
086c6af8-80cf-4c09-b3ae-625182efb19f,0.0008367806016167378
f38c5a21-b444-49f0-b75a-462216d102b7,0.0008367806016167378
cd98ca75-b9a0-46ac-b55f-b5ac00ae2367,0.0008367806016167378
9e7c690a-42ec-4496-bc3c-34640d58f1ac,0.0008367806016167378
cd0da025-cee4-462b-ba19-7f37e42695ae,0.0008367806016167378
30f37d6b-fbb8-4990-b259-19f9168424aa,0.0008367806016167378
5eae5b82-a87a-4a0e-883c-8bd5bd122ce7,0.0008367806016167378
50faf00e-a660-4d74-83b8-76c35a61949f,0.0008367806016167378
ba9c99d9-cf37-4974-bc29-a8d0defd094d,0.0008367806016167378
59c948a0-872f-40a7-94c4-b1dab3cba2c2,0.0008367806016167378
3dafee3c-d361-4a48-89ee-20d9a82ecdee,0.0008367806016167378
971a1f87-21ec-4347-b1eb-fdb55db6d219,0.0008367806016167378
5c368ea9-e54d-4dcd-aa9b-7bad2dfe5348,0.0008367806016167378
172fe957-162a-430c-9a4f-11289f050966,0.0008367806016167378
61324bc8-fc8a-4262-a8e0-24d4bcc4800e,0.0008367806016167378
abbabbd6-89ff-4ae1-b8ab-4436ed9992d3,0.0008367806016167378
4a21e82c-2242-444f-8bd1-c2455e287054,0.0008367806016167378
fe0f88d6-b7fe-44e1-99eb-281eb5c05c14,0.0008367806016167378
f231bc10-cb14-4e41-b365-2a5e2bfa169c,0.0008367806016167378
37fc0e5c-95ad-4022-b6fb-896ce980f3d2,0.0008367806016167378
56787fe4-6c53-4256-8f02-2ba74bc49737,0.0008367806016167378
e461eee1-9c72-4d01-9f84-5fad86ec3589,0.0008367806016167378
3f5fe11b-6f3b-4780-8384-92b0ea4e6b4a,0.0008367806016167378
1fb8d252-e1fe-42df-9c10-48eb863e889a,0.0008367806016167378
778c37c7-956a-4d9c-bfb6-736952164b63,0.0008367806016167378
b4875cd9-6990-4819-bb3e-e8bf671032df,0.0008367806016167378
7e2a4673-3293-418c-9203-de81cda31dc3,0.0008367806016167378
836c0797-a661-4020-98f7-3a36c311f53e,0.0008367806016167378
67edefdd-de97-46a1-a381-edcb74451378,0.0008367806016167378
5ebe7c2f-6879-48e1-ac8e-16d3a1ed62c3,0.0008367806016167378
b1d2ee95-c53d-493d-b132-59f56b95e33f,0.0008367806016167378
58bb136c-7cf3-4dda-84a4-d3c64b1cfcb4,0.0008367806016167378
a6efe547-0e82-4537-92bc-59d22ee475ec,0.0008367806016167378
9f21c683-4b9e-4b61-87b5-a24e1e3cd96d,0.0008367806016167378
1b872580-c4bc-4a1c-9709-ffb324385315,0.0008367806016167378
3b597123-a60a-4afb-ac55-208e6aebda29,0.0008367806016167378
270f526c-fae5-48fb-8158-d7377575bd9a,0.0008367806016167378
bad311ec-005d-4371-b17c-4d468a157c43,0.0008367806016167378
0589e768-dfe1-4502-a928-0336db8b9d2c,0.0008367806016167378
f4741e68-830f-4438-8fdc-5c5a2e973fd7,0.0008367806016167378
20f193bb-4bcd-43a3-be07-48f593b9dbe9,0.0008367806016167378
35301663-f56e-4376-a511-7c7916321a60,0.0008367806016167378
ba410c5d-882f-4fff-88f7-bd1ed82646c2,0.0008367806016167378
4f068bb1-03f1-4fe8-bbdc-77ec749f1fd1,0.0008367806016167378
ac2abd2a-47ea-4a36-842b-4890b376fdef,0.0008367806016167378
ce58a19f-e776-4505-8b25-52f295072848,0.0008367806016167378
6be15985-0e47-4019-81a6-e7ef264ad2da,0.0008367806016167378
ad82b428-802a-40ec-9455-242dcbc315c8,0.0008367806016167378
af480d35-671c-46ae-a922-64d77e3377a4,0.0008367806016167378
93faeb1a-87ae-4fda-9371-e96add6029a2,0.0008367806016167378
5009faa0-2d70-4531-a022-cd46def4fd7d,0.0008367806016167378
d75f6f7c-55d0-4f13-b1d4-8062b0b4259b,0.0008872731093561015
fac6ba22-ba9d-4f45-8620-15ba46181ea3,0.0008872731093561015
cf8cf49c-6347-49ab-b5a1-d6c56a39cbd5,0.0008872731093561015
db33c04c-5c94-4f8a-a49a-a4c8d536c564,0.0008872731093561015
e4fc9217-11ff-4d64-b147-1726153504c9,0.0008872731093561015
11d11d00-e611-4683-a770-c9cce4569bc1,0.0008872731093561015
cfbcf6a0-6ab1-4590-b824-a20d85b6a26c,0.0008872731093561015
e753ac75-c9a2-413f-ade8-cf79c7c10db6,0.0008872731093561015
af0186f8-6063-408b-a8b8-97adb9abbfd1,0.0008872731093561015
d1af5927-3d25-4770-be46-994985744fca,0.0008872731093561015
2702770f-9f6c-4fea-b941-1348fcfbc216,0.0008872731093561015
3d973c5e-9c1b-427a-90f8-e01309730c07,0.0008872731093561015
a9f5a3ff-62ac-421a-8847-ab5d8a813454,0.0008872731093561015
b92ff7e3-5469-45fb-9373-c32acb051fb2,0.0008872731093561015
19cf1ede-a7a6-4e11-ad94-9730f6e79ca6,0.0008872731093561015
14ac488e-3de8-41eb-9f80-b986d3eb936b,0.0008872731093561015
73a22839-64d0-4408-89dc-ac57e85d41c9,0.0008872731093561015
5037e848-57cd-4320-94f7-c123e4c832a0,0.0008872731093561015
21bec091-acd7-4d7f-b940-5457dfe53c00,0.0008872731093561015
00797510-92d0-4289-965d-8f69978bcdd0,0.0008872731093561015
1ac0a267-5a8b-4dfc-a276-f231783dfc41,0.0008872731093561015
6c3ecfee-7cb7-4d34-b159-94afa026a4c9,0.0008872731093561015
342ae83b-e8e7-4880-bd5d-47cf6e604010,0.0008872731093561015
9dfa3dfe-f131-49be-9aaf-a0f25282459f,0.0008872731093561015
73ff6b5c-1d31-4066-8a65-2f5f775627c6,0.0008872731093561015
46d1d27f-becf-4388-84a2-5c0c57030179,0.0008872731093561015
766d13f3-652d-44c8-b645-268f6ea77af2,0.0008872731093561015
1b75a2f0-b63d-4138-921b-4d1647c389bd,0.0008872731093561015
c0c3ed09-f331-4d1e-9691-132c24318157,0.0008872731093561015
612fc545-54a2-4c77-982a-a4ca16fb9938,0.0008872731093561015
8368ef4c-8344-403d-87f9-dc58d997ecdb,0.0008872731093561015
0d10cd84-6073-410c-890d-f2c222e55d6c,0.0008872731093561015
57c55b49-9bbc-4529-956b-d1aebb830417,0.0008872731093561015
ec710fdf-f00d-4397-8085-6187c00303d5,0.0008872731093561015
428565e3-a23b-4fc8-b327-04dd88291f18,0.0008872731093561015
5806ad8d-250a-44f7-a3e5-742b4d56aab6,0.0008872731093561015
fdf7fac4-859f-4c61-9779-60eba6374567,0.0008872731093561015
6f94e9a2-d9e5-4ae9-a3bd-01b215c3fa23,0.0008872731093561015
a364ab8f-2848-47ce-ae9a-05956dda4255,0.0008872731093561015
27a50eed-6fc9-4f08-bab1-14afb8333a05,0.0008872731093561015
d6ff8597-46e3-4e3f-a487-0b586580d1a2,0.0008872731093561015
cb44080b-0543-4023-95db-94fac311b768,0.0008872731093561015
daec420a-f2fb-43f6-afce-d34f71c98cb0,0.0008872731093561015
d32cc62a-72c7-41c4-80bf-ba900cf284a6,0.0008872731093561015
69df7331-8b5f-4f4d-8e10-9f169ed2ed71,0.0008872731093561015
5a6cf7be-2e1c-4b1d-9cb9-f7560e641f19,0.0008872731093561015
7af5ed06-c40c-4c37-b69f-802b811ae8d4,0.0008872731093561015
be833a34-023b-4fc5-adb6-44bff85c3a69,0.0008872731093561015
b3699144-a68d-41c9-b8da-ebdf61700149,0.0008872731093561015
ba55452b-f8e4-4537-ac1b-2df391aff45b,0.0008872731093561015
7dcaf7ad-45b9-4b32-b4ab-9989a63ab5e2,0.0008872731093561015
75b66adb-e7e5-485b-ad5b-992fe7147315,0.0008872731093561015
78aa8040-fbad-4002-ac7c-aaa901ea3cfc,0.0008872731093561015
6985b856-df4f-4e9c-8d72-bcd50c8ed0c8,0.0008872731093561015
7164c9e1-9b56-441f-a3fd-abb4e34cf77c,0.0008872731093561015
ac761da1-ae5d-4df5-a508-9a8c09ce6a5f,0.0008872731093561015
052d8f76-ada6-40c6-9874-7f6cb3126184,0.0008872731093561015
ad2b27a6-bc56-4d5a-a3f1-0c96e28719cc,0.0008872731093561015
4e519df3-f1e8-4dfa-9a54-9d60806d22c4,0.0008872731093561015
e4228993-d064-46f0-a471-20461c7c4769,0.0008872731093561015
ee369587-0f6e-495b-98c7-4240ae101d13,0.0008872731093561015
42cd5a97-fecd-4574-9424-031a02225c7c,0.0008872731093561015
401b9a8e-4e3a-4a2a-b4c7-f7c5f9020210,0.0008872731093561015
5c64bc5e-f990-4f74-8c98-d14e6b9f1457,0.0008872731093561015
080d9bca-93bf-4964-8b74-deaf21afd3a5,0.0008872731093561015
ff5d20cd-68d5-4741-8249-3e9c7afca036,0.0008872731093561015
bca2cd0e-2a9c-4b8f-832d-267950550082,0.0008872731093561015
aa52eb04-6037-49fe-bb9e-59b2aa8f60a9,0.0008872731093561015
44af1713-ad11-4542-a7ae-5c8534f9acad,0.0008872731093561015
f32d377f-b5f2-4fdb-8b3e-32205fdc044a,0.0008872731093561015
061f8ed7-a458-4093-88e0-0da993e3c354,0.0008872731093561015
65b38e8f-12d9-47fd-b5be-28929f3ec284,0.0008872731093561015
7067bda4-0fff-4335-be54-9e34a167ef8e,0.0008872731093561015
0d87691a-0d30-4abd-a5b3-11faeec2df68,0.0008872731093561015
c88ba5f2-e9c6-4cba-b860-414ebcd5081c,0.0008872731093561015
3ccc162b-fa93-4539-ad39-282bfe401cd0,0.0008872731093561015
85bb83ac-5350-474b-8d42-a5ece7af1b7a,0.0008872731093561015
db33fbcd-990c-4718-a29b-0a65774526d2,0.0008872731093561015
2e23e359-180e-47bf-b365-38aad2dff6df,0.0008872731093561015
660b1e1b-1659-4036-8a43-99276eef5b1d,0.0008872731093561015
5049053b-e5bd-4966-9e11-84ba7387a427,0.0008872731093561015
98a0e366-ae16-43ad-bf75-7ef84ebb1345,0.0008872731093561015
f48292e8-a210-4fa5-98a4-b6d6b03dea8d,0.0008872731093561015
ee01d569-a3f5-4cc4-a601-ec70d24433e0,0.0008872731093561015
c31db8dd-956d-4c03-a4a6-ae2d86b6e3e9,0.0008872731093561015
f5094a9c-87e6-4857-a138-02e295259035,0.0008872731093561015
2862fdb0-2756-4839-9a3e-9c446bdc929d,0.0008872731093561015
44bb8b8c-cb38-4564-85fe-fbd6f8eca62c,0.0008872731093561015
713c2850-b44d-41a9-9f1e-4cc436896526,0.0008872731093561015
653ed1b8-5fae-489e-a640-3312f71d4657,0.0008872731093561015
82a690de-f5e5-4fcc-8f79-d67888b62018,0.0008872731093561015
ed96535a-1bdb-423a-a560-834f8ed74e3e,0.0008872731093561015
67271d76-3801-40ae-b094-2365edab905a,0.0008872731093561015
af6bfda9-5eae-4ae2-8e46-3f4e39aa8f68,0.0008872731093561015
764adbcf-2dfd-479b-aa4c-5c5cd1dbcd78,0.0008872731093561015
b8bbddc4-2c2e-4ed0-91a0-5d73e9793568,0.0008872731093561015
67b3547f-091a-42a1-8e77-b9d820db359c,0.0008872731093561015
7d3f06d9-962b-47be-9a42-53afc0861f3a,0.0008872731093561015
7142f96b-b89d-4734-9efd-274679603e8e,0.0008872731093561015
fe2d4396-795e-49f6-a602-bf69f0b56072,0.0008872731093561015
f719ae9a-10c6-45ad-b58b-8018cdf4b9c2,0.0008872731093561015
6cd3fb53-64e2-4595-a584-9cdf252eb5fb,0.0008872731093561015
b8e1ecda-24e0-41e1-9717-795f19302ec6,0.0008872731093561015
f4d722c4-84e3-472c-b53b-ce3acaa81efa,0.0008872731093561015
6119295f-c1f7-48f3-a7dc-efd5eb33d084,0.0008872731093561015
908f0d80-827e-4e4c-8c29-61b332122259,0.0008872731093561015
3026d37b-edd3-48de-a36c-0c9c472952d7,0.0008872731093561015
e0bbf366-060d-4acf-9ddd-ebdde692ed0b,0.0008872731093561015
4eeb6e6e-356a-4762-a1ed-f9dfc2c3bd51,0.0008872731093561015
80257a03-7495-4b98-9f69-5ca800268163,0.0008872731093561015
89841b00-a949-491a-b739-2da64bc68ee0,0.0008872731093561015
b8525cd2-2f2a-40e6-a87f-d0d3569fa26c,0.0008872731093561015
3c5ccd7a-0d01-464a-a9c5-a0c2238fb55f,0.0008872731093561015
b38fab1f-82e9-4fd9-b0c0-5f406ac11e2f,0.0008872731093561015
bf8dba93-7ef4-4a9b-b068-0d797cd23c6a,0.0008872731093561015
70e1fdf6-042c-413c-9cbf-df999745c8e4,0.0008872731093561015
23cda6e6-cdc8-4622-8e75-9d9a460bb469,0.0008872731093561015
03af9326-825e-4195-aec8-a999f526b744,0.0008872731093561015
9cf048ef-e897-4d33-9d30-25dce120551f,0.0008872731093561015
fadd5740-4423-4275-a9f3-596b7189badd,0.0008872731093561015
36257a84-ad5f-453d-b9fc-1cd5e1dd8314,0.0008872731093561015
0ba4cfbe-68cb-4c87-857f-d7422eae0a08,0.0008872731093561015
9695f880-c5df-4dd1-9556-cc3bb6cf738e,0.0008872731093561015
885f5fb8-0140-4e3e-a679-d31db5ebf78c,0.0008872731093561015
141ab35d-ddb6-42cc-bb2f-e224cab125b5,0.0008872731093561015
ddd05c6c-5749-4d02-af93-7a560ca5674d,0.0008872731093561015
54ef43a0-c866-4350-a87f-12837b292f06,0.0008872731093561015
9671841d-bf53-4ca8-a6bf-6d2c540cf3de,0.0008872731093561015
f8e9b4ac-a830-48e7-b982-9b41bde6b1d6,0.0010807421874687861
a36990bd-7250-43aa-a636-0aba3a7495af,0.0010807421874687861
2abc1d65-4195-4536-a40e-92e3b3f9941f,0.0010807421874687861
d606098b-721b-4f7d-9246-431c88b2e904,0.0010807421874687861
15784d44-45fe-48be-81e7-53e597525847,0.0010807421874687861
0e31e64b-8901-44dd-a38e-88ebdc92c047,0.0010807421874687861
0a6e0a60-519a-4d20-a1e0-6230081800e8,0.0010807421874687861
d9f2c71b-bc7c-446a-b761-f8aafa5ca2a4,0.0010807421874687861
0971290c-bc99-4237-b963-2f482d12f3d2,0.0010807421874687861
29a2dbf6-722c-4d04-af04-48194931134c,0.0010807421874687861
86ce9bee-c339-4fe7-88a0-615bbe3f5cb9,0.0010807421874687861
3efb224c-29cc-4282-80f3-c4f02ffc7b9c,0.0010807421874687861
40d5e1f2-f3cf-4cdf-b47c-8ba262d5dc9e,0.0010807421874687861
9b7d07d6-58e7-4afb-b9f6-da1ad2369f9d,0.0010807421874687861
4f03aa18-87b9-4243-af3a-14f4f62b01e2,0.0010807421874687861
681af748-0575-4261-a035-98aa743c2393,0.0010807421874687861
5db41e3f-5d92-4d3f-8e39-c5a6791200fc,0.0010807421874687861
62645976-d393-4dd6-912b-8f7f8c24b1ee,0.0010807421874687861
1bd93105-c261-4e43-be3c-e58113ac2442,0.0010807421874687861
0ce02421-d4aa-4eee-8601-dd4395aba298,0.0010807421874687861
a78fbd8e-431c-4448-a1f4-317e5a54f7fd,0.0010807421874687861
56a8b067-1640-4781-a594-372fab4e8d29,0.0010807421874687861
f1861737-ef1a-4006-893e-bedda07f447f,0.0010807421874687861
76459174-893e-4064-9492-c2460b943d83,0.0010807421874687861
c9a2c3fb-45cb-4ee8-bccd-319779ac4cb6,0.0010807421874687861
68744abb-83f3-4cae-ba5d-10d7710adbee,0.0010807421874687861
efbda100-755d-4bc6-a0e1-7e63c1fb3f1f,0.0010807421874687861
38a893a9-74dc-4c21-80ac-11ae328763df,0.0010807421874687861
b7774dc2-f755-42ba-90b7-7b845ebf8f5b,0.0010807421874687861
c8281156-0b60-4a1f-bda4-19884ad7bf2c,0.0010807421874687861
064659e9-febc-4bc3-b4c9-a2355f830d67,0.0010807421874687861
68221e3b-d896-4472-a1dd-40aba315b7ae,0.0010807421874687861
2a724b31-76e5-4b9a-b0ae-a197422ceee0,0.0010807421874687861
539e123a-8054-4277-be2e-57ad70206e65,0.0010807421874687861
b2353bc4-2873-47bc-8e50-9e3debec6005,0.0010807421874687861
f336d3c4-eb36-468c-8e54-01a96192b12a,0.0010807421874687861
103c01e3-95a1-405e-81af-4b5e0135d8bc,0.0010807421874687861
7558f9b2-8a96-47c4-8228-0aa2307fe941,0.0010807421874687861
0210b1b1-43ec-4b18-9859-9f8ea31269d3,0.0010807421874687861
60098b7d-4c6d-4e3a-9475-2f9900eda278,0.0010807421874687861
7f9eb1b6-429a-487f-9e06-a98c451e88ce,0.0010807421874687861
5e547f99-4501-40a9-801f-a3131557799b,0.0010807421874687861
d09e5ade-1adc-4279-8383-f746e3f6a9e4,0.0010807421874687861
2f666af0-2210-4270-9f09-7254eaf2fe3e,0.0010807421874687861
f5561782-11fa-4d9d-9440-050eaa861cf9,0.0010807421874687861
d8516d24-b0c2-42ee-ba3f-9e20eb8825c5,0.0010807421874687861
a4b54f36-2dd0-442e-aa0f-f9e634cb96f5,0.0010807421874687861
0dac082a-769d-4f3a-bc2e-0ef1f983bdb4,0.0010807421874687861
4eae776f-d532-4f09-a9d4-90786993a57a,0.0010807421874687861
13e8a90a-0977-483d-b76b-2730567193da,0.0010807421874687861
53733c82-12f0-4723-b5e6-5c5c290b031e,0.0010807421874687861
4553b840-a62c-4673-9b44-37b1ac24fedd,0.0010807421874687861
6f7e3667-77b9-4df2-bc47-f94842bc78e7,0.0010807421874687861
556fc6de-8add-4dc8-a342-ccd142ca3b5e,0.0010807421874687861
e5a60729-6bb1-4530-88f4-8df49764f7ee,0.0010807421874687861
4f5787c7-17d0-4df5-813f-cd6f02a975b7,0.0010807421874687861
569eac81-f9d9-47ba-93a9-03a96417cbd8,0.0010807421874687861
a571a74d-a73d-4fe1-9b86-ba5380eeae08,0.0010807421874687861
506ada10-b702-4960-824c-d3d8c5030836,0.0010807421874687861
d03a1c40-2b18-41f7-b8ad-646d611949e4,0.0010807421874687861
12d7218a-fd03-45df-bced-1cb8e829f551,0.0010807421874687861
8f3885af-7dab-42f3-b116-936adb09cfa9,0.0010807421874687861
aa3fc9ff-f896-4947-b06f-cbf8a933cebd,0.0010807421874687861
934a66c4-3d88-4a6a-90fd-2d4844d47bd3,0.0010807421874687861
5dac1b59-b9bc-45fd-bc1e-a4ebd6c2b7e7,0.0010807421874687861
375ac7ae-6b24-4a6f-985c-7ecdf265168b,0.0010807421874687861
51415023-cb8a-4445-b010-d18740eef4ea,0.0010807421874687861
a8812c64-ba2f-44ac-a77f-532c92e662ce,0.0010807421874687861
84bf5ee9-e34c-4c1c-899e-49a9b1051a3e,0.0010807421874687861
e02d49f4-22c4-49e8-b7b6-693f8ac91f2a,0.0010807421874687861
df511a67-fe5b-4ac5-a384-1e9e72438064,0.0010807421874687861
0c0a3ca9-1ace-46d7-bd1e-839bbd0892db,0.0010807421874687861
1fa27000-9f6d-4e4b-961d-d071e2958556,0.0010807421874687861
7c039e5f-f8b9-438e-ba72-74abd36e2fcd,0.0010807421874687861
0f538fab-5a94-44ad-a12b-f203f53a37d8,0.0010807421874687861
7f4d9917-bc72-4be6-a60e-848c50408892,0.0010807421874687861
f008750a-8a6d-4488-84b2-6a839c26b76b,0.0010807421874687861
a1548a09-d3a3-4762-ac88-96baf285b3fb,0.0010807421874687861
761d6be0-033b-4464-8dea-fa48de31e1e6,0.0010807421874687861
7c7d1576-bb9b-4d4e-a0f2-41cdd17f1b04,0.0010807421874687861
b61f46d1-7286-4e5d-a59a-4e370a09db2d,0.0010807421874687861
d3d3b00a-5d27-4b40-9b30-9f4cd0af85f3,0.0010807421874687861
454da1f2-1275-4e13-919c-9ebfa23ef454,0.0010807421874687861
ca5eba2e-266c-4b4e-b1ae-ca6af46b37f3,0.0010807421874687861
f5e44827-3ebd-494d-89df-a5bf63b303e6,0.0010807421874687861
aa5c2760-e643-4aa7-911f-99a86b839ec8,0.0010807421874687861
821e5c7d-4475-4d2f-a34b-21af6ab95d46,0.0010807421874687861
3a135e7e-b41e-4273-a997-8a31fbfaf68c,0.0010807421874687861
ddcbf944-fd9b-4b85-be97-ae12d5187fc9,0.0010807421874687861
b4a52f76-b295-416b-adf8-b0a2534beec1,0.0010807421874687861
acda8c0c-183c-42a4-81e3-7ccb0db80d88,0.0010807421874687861
3829606a-94c2-4d7b-b305-a501b9d85860,0.0010807421874687861
b0e9db73-48da-4143-888b-62766fc41d06,0.0010807421874687861
3f2968d6-af4d-4f70-9f53-5be951e0d497,0.0010807421874687861
3edb5743-becc-4d43-82f3-c8688bf4fd3c,0.0010807421874687861
967341b8-189d-4bac-a511-817e952414a5,0.0010807421874687861
366905dd-b66e-420d-8830-7e4cc757ac37,0.0010807421874687861
ffde32d8-9038-4a41-b9c0-0a1cbe995247,0.0010807421874687861
ac9fa4dc-86d4-4beb-98cb-3dfc26572b7b,0.0010807421874687861
5cf17b88-a8eb-4b5f-9ef4-bd44606cbdeb,0.0010807421874687861
29bb4122-010f-4d22-b956-3d6f19a62942,0.0010807421874687861
3714b7a8-d26f-41bd-ba4c-996b8eaf808c,0.0010807421874687861
9a73ada6-1fbf-477d-981d-569d1e0ee9c6,0.0010807421874687861
fef21b2c-5ed6-425b-8c33-0ad358eb4ac2,0.0010807421874687861
b2c49293-90b2-4d30-ba92-88cbbf6f0bd2,0.0010807421874687861
d18cf08a-eb1c-4bb1-8576-9eb2423bda68,0.0010807421874687861
bb1f0667-7953-4fbf-a8e9-7eb14702d341,0.0010807421874687861
e79dd316-7cda-4502-b65c-4bc9c3a6d759,0.0010807421874687861
6e169986-2006-41d6-94e6-47cca36eda2a,0.0010807421874687861
44262628-f077-432d-becf-f0f5924a2644,0.0010807421874687861
6e67d53c-9287-4b16-b5f7-079f81445d19,0.0010807421874687861
6659642f-d226-47c0-ba46-29c71f42ce11,0.0010807421874687861
41631620-7b57-4bc6-8da1-7d9a1948c099,0.0010807421874687861
6e825f45-8a26-4c66-a86b-351d4f7625d6,0.0010807421874687861
f8a46f4a-3018-43af-8f3d-bd702b0470ca,0.0010807421874687861
4448d645-ab16-46f5-91a8-944ea378c30b,0.0010807421874687861
db295645-e388-43ba-bb5f-06c59bd61bd3,0.0010807421874687861
8c2b1c02-376b-43a6-970a-3e48c5046e28,0.0010807421874687861
d02da43c-2af0-440c-b795-a8376f90d988,0.0010807421874687861
82536fe8-2646-448f-aca2-f3ab7380c84e,0.0010807421874687861
cee012b7-e608-4b7f-aae4-2f32e30033fb,0.0010807421874687861
c3f17171-8af9-4fbf-9121-2bdc5836acf9,0.0010807421874687861
c742318b-6aa5-4e81-82b5-9fe9d6bd9858,0.0010807421874687861
3fc76092-a842-4aae-a71a-574b4813d2e6,0.0010807421874687861
67cb0e43-d47f-47bd-aa34-fce53e183bd5,0.0010807421874687861
f3f28926-843b-4ef2-b807-9489b996a33b,0.0010807421874687861
2a5c40dd-ac90-4e3d-a294-4bbc58f2b15b,0.0010807421874687861
8d120566-5f7b-4594-b888-3638311972be,0.0010807421874687861
bd1f174b-d7d9-423d-a740-3b4af5702143,0.0015369628905546051
dfaa97d4-72f7-41b8-929a-79b3364afb36,0.0015369628905546051
eb0753f2-404e-4941-bc08-db6e93c30684,0.0015369628905546051
92076032-f694-4c50-be6e-c56e7981c3fa,0.0015369628905546051
148db984-9ccd-4d18-b953-56c0b4a9e277,0.0015369628905546051
1b5fe03d-3bff-4cf6-9b6a-ac9fd930434c,0.0015369628905546051
bece91ce-44f9-47f1-ad4f-b5dc3d6dda68,0.0015369628905546051
36919b36-1c99-4f7f-bfe4-2c337e403ebe,0.0015369628905546051
9340a8f7-db05-44d6-a615-bdfa8d35dd9a,0.0015369628905546051
77b8554b-01af-43e9-bd4f-90e6fc01e264,0.0015369628905546051
4dd85e7a-3dec-46b6-b3b2-d168c3b0bf9e,0.0015369628905546051
146f6846-cf24-4f98-a6c2-a06751332d20,0.0015369628905546051
16c7306a-922b-4638-af66-c177346d935d,0.0015369628905546051
9f9908ba-fc53-4d01-9765-8f7c9564a2ed,0.0015369628905546051
8ade6272-dc16-4850-b00d-f35421bdc640,0.0015369628905546051
1a588db6-941c-46c9-ac26-af64960e6dc1,0.0015369628905546051
87c80dd2-551d-444e-aef5-a056cda183b8,0.0015369628905546051
d214fe91-0685-417e-80eb-aece8a1e987c,0.0015369628905546051
04c2dc97-f1eb-408b-84a3-fc1ed27dabb4,0.0015369628905546051
5b95cca5-525e-4e93-9a4b-d06f0e6dcf5e,0.0015369628905546051
e8366125-20b9-4ba3-92f5-636d67162cdf,0.0015369628905546051
91359971-7847-47d0-a54e-3515be26c5a8,0.0015369628905546051
9ef319ac-1e7d-436f-a2fb-f821c74bb298,0.0015369628905546051
8a9510c4-f915-404c-8ad6-9bae5c4548d3,0.0015369628905546051
b1f18e70-6175-4180-a778-8950c22d5626,0.0015369628905546051
bf0009b9-c887-4571-8fb0-9a550e7a9033,0.0015369628905546051
67f6f18f-206c-46b7-869f-0b4c0bbd8377,0.0015369628905546051
f4190af7-bc8e-4786-9fbd-ea7fb5fe0c49,0.0015369628905546051
da60025d-43d0-4fd5-b741-4a62c8c9b5f6,0.0015369628905546051
4a56d4e9-3f5b-4430-ba77-84cca2db2737,0.0015369628905546051
eeb22eac-d76d-445e-b59a-83efa4ca49f6,0.0015369628905546051
ae7b4440-6151-405c-b428-9b3cf0c33577,0.0015369628905546051
bf55c8cd-a173-4b42-b799-b89a06f4b298,0.0015369628905546051
452caee6-69fb-4f94-b8be-f671fe8a388c,0.0015369628905546051
ebc2605c-80f4-4b69-8fc9-77c72ce64997,0.0015369628905546051
dd72b9fc-e7dd-462e-abd3-99df23f4b4ee,0.0015369628905546051
bddf97e2-1f32-492a-98fd-fdea404db07b,0.0015369628905546051
6e02b0c1-1082-4fe6-92f7-a30ff2f7aa3f,0.0015369628905546051
b6b09b0a-d2ff-4037-b1a7-387cc32a5939,0.0015369628905546051
70bf057e-5dc3-4360-9040-ef079105bf24,0.0015369628905546051
9157cd57-93b4-4d12-b3dd-4a185307b14d,0.0015369628905546051
f8e2269d-9b7f-45c0-830d-ed9699b85189,0.0015369628905546051
69f1ab84-f0c5-4cc8-9df9-5ab773f6a3fc,0.0015369628905546051
d9d7ac05-05f8-426a-a3a5-388b76fce2b3,0.0015369628905546051
61218353-afd8-4dfd-900d-11ec9f341438,0.0015369628905546051
4bd29a5e-32ba-4b29-9e44-6f8ddc6acb6a,0.0015369628905546051
62af3cad-844c-4177-a58f-375ddd804418,0.0015369628905546051
0d328f27-2f61-4643-95e8-e38b8e98389c,0.0015369628905546051
9964fd1d-7e6c-462b-a5d7-26408888f4a3,0.0015369628905546051
79c25ba6-e4b2-4c92-8947-740b538fff49,0.0015369628905546051
a6fc1955-7725-4bd2-a556-ec71741ba670,0.0015369628905546051
160a1e5f-74b1-45fc-8f55-822d40e3c1b4,0.0015369628905546051
4c071807-1266-4a5d-8074-7f3a2c32fcc6,0.0015369628905546051
7d051df5-9055-4c4b-9ec9-aa492f16d01f,0.0015369628905546051
a3f745b4-6079-453e-a83c-55657cc5e537,0.0015369628905546051
4f3d6e58-bd68-4780-af6a-cee9cd0b7b1b,0.0015369628905546051
1b742b6b-d49b-4373-b019-e7184a452a80,0.0015369628905546051
c36642bb-7394-4daf-ad67-fe26ece1266f,0.0015369628905546051
6a77f209-1dd1-4261-9190-9f8e0206e762,0.0015369628905546051
9588db8f-3801-4689-b5bb-00c0b0e7a593,0.0015369628905546051
fe69fd66-cacf-4a55-92b9-3d6075067163,0.0015369628905546051
b3487072-274e-48fb-92fd-ecaa9590b68a,0.0015369628905546051
92339613-5d2f-40bc-a4f5-c569b6c9e12b,0.0015369628905546051
362cef17-3561-40c8-b62b-8a150d60f8cc,0.0015369628905546051
2c95aac9-98db-4107-9e29-d7b30b543b5a,0.0015369628905546051
bc69e250-5cdc-4544-a839-bee1846ed85f,0.0015369628905546051
7d2b2c6c-c32d-465d-be00-3c7757962efd,0.0015369628905546051
dfaccaff-2c5c-4ad1-b91b-fcf81c6f91e7,0.0015369628905546051
1bb03be6-c759-4e5c-b952-338a2dc137cb,0.0015369628905546051
e1ee9517-4e9e-42bc-a4de-04eaf59abed0,0.0015369628905546051
ea8c1141-f002-41c4-adf7-35e18035090b,0.0015369628905546051
c6e8f86e-4a52-466b-9805-4769e279b23d,0.0015369628905546051
cf34eb95-6708-499c-96b3-ddeb06b3ab5d,0.0015369628905546051
0066d36e-f0e8-4cbb-a302-4c4d0b0498f2,0.0015369628905546051
ed7bcfbf-5e32-4f5e-9674-6317b9266c5c,0.0015369628905546051
4ed4112f-04d1-45cc-bd83-fe35aa739a3e,0.0015369628905546051
8cc0d2fb-5ced-4ea3-9519-2e5dff225734,0.0015369628905546051
fbd2e8fa-166b-4a68-bd32-c9a5975c4a24,0.0015369628905546051
3b1b4ed4-3d69-472d-bb4a-aca665af709c,0.0015369628905546051
da267761-9371-4084-af3e-8089fda7b27b,0.0015369628905546051
097f1314-6cfc-47f3-93cb-efc92810f3a5,0.0015369628905546051
813eb361-28cd-458e-8e6a-5451c9afb300,0.0015369628905546051
b818173e-f59d-4165-8776-d74bee1a17dd,0.0015369628905546051
0724752a-546d-435e-b642-b658f1cc1a3c,0.0015369628905546051
8187a931-905e-4d74-960e-0045e604c12a,0.0015369628905546051
ded8506e-b8c4-47a9-8d96-0dcbca69314f,0.0015369628905546051
b55a77f3-8235-4690-9911-05139adc0318,0.0015369628905546051
8a3b14e8-bd88-4621-a7ec-5df348a568da,0.0015369628905546051
dacb239f-5b88-4a84-903b-7281ba3c7ad9,0.0015369628905546051
df71939f-6f8d-4443-bb3a-64868c653cfb,0.0015369628905546051
12a2cef1-79fe-437a-ac5b-fe0e1c71858e,0.0015369628905546051
693c6db8-bf72-40c8-9ca6-78a9f92d02a9,0.0015369628905546051
f5ce2a07-7244-4c2e-b9aa-4204b4385c8f,0.0015369628905546051
ce64d29d-7b1e-452a-8c64-78d5dfef4e17,0.0015369628905546051
e3cfe80e-afee-48e7-8c9d-29c4a3dfeea4,0.0015369628905546051
f92cdef5-21b6-43cb-a8ae-3ca5a16c8ef6,0.0015369628905546051
f7905a83-06cf-43ef-aef3-d0dedd86de15,0.0015369628905546051
c619d0df-d274-4ba3-ac4c-7763ba256e51,0.0015369628905546051
b3d8545d-8d9d-4695-a084-2ebd159430d9,0.0015369628905546051
27e5d8e9-a2af-45a5-8cae-9720161ffd5b,0.0015369628905546051
24b9452c-cba7-42bc-8296-887e66bdb736,0.0015369628905546051
8ae9f6e7-5d08-434c-8822-185aa80e74bf,0.0015369628905546051
b03aab06-ba23-45a4-82da-888344582d11,0.0015369628905546051
877a440d-b00c-48ba-bf8c-e47b7345e828,0.0015369628905546051
9814b3d9-c102-4662-8332-1896910c56b9,0.0015369628905546051
1113f5d8-3b3b-4275-9f8b-a2b54b380e5c,0.0015369628905546051
5c0640bb-aeb2-476f-8013-06eca1a63999,0.0015369628905546051
c3b978d3-4fa5-4df5-84f3-df6481e84556,0.0015369628905546051
c593d616-fb00-4b7c-b642-431a4f1e66ab,0.0015369628905546051
1a27414f-61b4-4d14-a658-e36dc4e173b4,0.0015369628905546051
63ed0609-ec2d-4f20-a260-4cfb1d98b844,0.0015369628905546051
83c92444-7831-4a21-8d6e-cf7c90718f20,0.0015369628905546051
1a827790-949f-4461-9707-3ba5cabb3de6,0.0015369628905546051
1f805004-ee9c-439a-99ea-1103c3b98b3a,0.0015369628905546051
dceb259e-a0ca-4e96-9ea0-d0ab47577577,0.0015369628905546051
ec00afc7-2010-43c1-8d92-65b994f262c6,0.0015369628905546051
c017e747-d4aa-4725-b214-7bfa4d3863c5,0.0015369628905546051
0d71e03c-a9dc-457a-a249-92a4397ce931,0.0015369628905546051
4ba787dd-89dd-4a27-b72f-48d998f865e7,0.0015369628905546051
ab3b47b2-a548-47f6-8d7f-bdd40db97acc,0.0015369628905546051
1fda21bd-6168-4b0c-9e6e-d4144b5ed336,0.0015369628905546051
a4785fd9-da2a-44eb-9750-7e76b88452fa,0.0015369628905546051
bf769bfd-ad92-4a41-b8fb-07c0bd0e84ff,0.0015369628905546051
5ad442f5-308c-4af4-9ba7-89163372a338,0.0015369628905546051
3882b391-52a1-4af3-af26-626f7ebd0016,0.0015369628905546051
dddd8421-271a-4ee2-b64e-80b8da5570dd,0.0015369628905546051
9ec0478a-968d-4a54-b858-dc0a7f229b9f,0.0015369628905546051
942522c4-091b-43d9-aa5b-89b79cad3cc2,0.0015369628905546051
ee495dcc-b3dc-43c5-acc8-2dbf7451a5a2,0.002043312500063621
b75ede57-0e02-4ff3-bfda-0241079e4078,0.002043312500063621
796e130c-a42d-4e8d-a3ae-33bc66ad6c66,0.002043312500063621
0fb61016-e054-41e4-b4ef-bb734bd175f3,0.002043312500063621
d31c9738-63e3-45a6-b349-7036e019e418,0.002043312500063621
aec3fbe0-281d-4d0d-acc5-6eeee4c13cab,0.002043312500063621
fdb381d0-8862-41ae-b36c-3fe6e9d547ec,0.002043312500063621
418fe703-0592-4959-acd3-3a22f7b9f70e,0.002043312500063621
64e72fa7-cde4-4c78-ace8-5be0d671f195,0.002043312500063621
b1e425e3-7da0-43a5-a7df-f6f54186d06e,0.002043312500063621
35acf327-9166-4c73-9c2a-763378805933,0.002043312500063621
112295cd-d0b5-4b6c-8ae8-0815c5dcba53,0.002043312500063621
ed634bb0-98a6-4483-9532-14a604a38b57,0.002043312500063621
472709c8-d8ab-412c-82d9-960a7d3b882d,0.002043312500063621
8dbf10ce-3326-4cb4-b7bc-d3934367bd59,0.002043312500063621
99749e59-e21c-41a5-9813-00312814b360,0.002043312500063621
1f19a0bb-96c0-4f46-b71f-fd1f9f18dd5a,0.002043312500063621
758ce8a6-c85d-4769-b16c-f5220374c981,0.002043312500063621
b5db1996-0047-4aa2-ae9b-bee42a7cd22e,0.002043312500063621
5aaf7305-6208-416a-93e2-5cfbf712e605,0.002043312500063621
4f517e7d-2a48-43d5-9aa4-3db492690208,0.002043312500063621
7f07b72b-40f9-462b-9466-ffa224e1c224,0.002043312500063621
f93c7c1e-c60f-49a9-8ccf-023363843cb1,0.002043312500063621
6a986c33-831d-4271-bc45-2a2444fe243f,0.002043312500063621
cf910037-c7ee-4a1a-922b-4a0cec2b5c91,0.002043312500063621
4c9d15bc-f0dc-4a12-8cc8-dd8db59d2d25,0.002043312500063621
12fa49f5-33c3-4a1e-acb7-dc33ff025047,0.002043312500063621
371c73cb-c372-4f54-a87c-89ed1bf4c965,0.002043312500063621
7706759f-9df7-41f1-b8e1-40fcd005cbfd,0.002043312500063621
12ee17c6-e62e-4703-a9e9-deba4c05d8a7,0.002043312500063621
970c78dc-a776-4504-8d4e-0577467435c6,0.002043312500063621
684d271c-ae4f-4504-96a3-2b7b13c12246,0.002043312500063621
5e08b364-56f6-49dc-90ea-af0492ed54fb,0.002043312500063621
6c0f7f40-9ee9-44bc-8718-5a67a956d3e8,0.002043312500063621
55220de8-1733-4350-824c-434c49f50af0,0.002043312500063621
84828016-423a-4796-8bc2-281cf438c957,0.002043312500063621
97bbb3a3-7b73-4b75-9a5f-1c5df596caa5,0.002043312500063621
a6c8541c-ecde-4319-ae11-cd7a489c9152,0.002043312500063621
a4bd6ae9-2fa0-43d8-8268-25781d471847,0.002043312500063621
51225bf4-6986-4415-800e-6eee8c3b7de8,0.002043312500063621
fc193018-1483-4bdd-a18e-ea9cf4910d6f,0.002043312500063621
192ade55-3c4d-4a3e-bb8f-00b712a7e8e9,0.002043312500063621
386d3ce0-3c4f-4943-8634-91ed7759cf33,0.002043312500063621
0eeadce1-c554-42ad-91c6-277e2a871a4c,0.002043312500063621
5ef78b60-17ad-4a85-8d27-900007cad162,0.002043312500063621
e49b9409-5e3d-49fa-913e-8246112be82a,0.002043312500063621
7daa2f03-b832-4a46-b59a-9d92870191d9,0.002043312500063621
8983bf5f-5055-45ce-9f78-cd145176bd90,0.002043312500063621
a68a6e5d-00cb-427a-9616-4cabcfd23c73,0.002043312500063621
1478597b-c550-4c4f-9f6c-db1936e46a24,0.002043312500063621
9494bd4c-a401-4c54-828f-57378826a71a,0.002043312500063621
67a517fb-fc2c-4598-8b5b-c3b2fa3c1aa3,0.002043312500063621
44594d58-2bd9-4afb-9975-c0a34916aa68,0.002043312500063621
f9af0b34-dd37-48f4-8fad-1f2458bbc1c0,0.002043312500063621
27f64c24-3b4c-4578-bcd1-c46433f67c42,0.002043312500063621
96a744f7-b6bb-488b-aa66-72697fceab3b,0.002043312500063621
f36f2d19-8e51-4996-b8e4-d0bea7acaf38,0.002043312500063621
a3ec76ab-0e13-4714-89aa-31f0d6d74def,0.002043312500063621
39693317-13e7-4e1c-a05e-25368ea5133e,0.002043312500063621
835e0624-60e4-4bcc-adf6-1a5a35f3ff6b,0.002043312500063621
285f26f4-d672-4358-b801-8325d8bf640c,0.002043312500063621
d104c268-dc19-4f05-9bd9-9b3884062ceb,0.002043312500063621
f6c2120b-66fb-40e4-8b3a-c29afd200cf3,0.002043312500063621
6323b1c6-7039-4856-b9b0-da297c2a59ca,0.002043312500063621
bd8d130f-06bb-4772-b474-67fe2dd224b0,0.002043312500063621
8ab73029-b8d9-4a35-b456-36260bc846b6,0.002043312500063621
f37189e0-1278-4b8c-bdfd-4a5e44d4fdb6,0.002043312500063621
525e1c48-b225-4cba-af16-0dc7dff01c5e,0.002043312500063621
ececea77-6dbf-4d81-a2ab-e09febed8025,0.002043312500063621
77ea8160-b564-41b9-881d-82d332910216,0.002043312500063621
7451b221-1160-42bc-8016-ef623cf03adc,0.002043312500063621
fa1f8a6c-0308-4f4e-a4f7-a3c57df9b052,0.002043312500063621
9adf804f-cd6f-4f32-9282-0b8077708c27,0.002043312500063621
170d9343-91e8-4ba6-a8bc-836a57b815f4,0.002043312500063621
132a6295-b2b3-4784-a113-43c8f6504b7d,0.002043312500063621
33df7b60-ec95-4844-9973-504de49956ba,0.002043312500063621
ee53dc8a-0b80-42c4-9d50-7759e96c880c,0.002043312500063621
040c9e6e-a04e-4c74-9f0a-dd19a499f08a,0.002043312500063621
a8c749d9-830d-4259-bd7a-4d41dd1765c1,0.002043312500063621
d1dade1f-730a-4cb7-8b7b-08bda3814f56,0.002043312500063621
124fe9fe-024a-4bae-8448-a08dd01a60aa,0.002043312500063621
9cd9fb12-5068-443e-8976-ca67db4550a0,0.002043312500063621
555fabde-85b6-4da2-936e-e21288e1c128,0.002043312500063621
2a3cc65d-fb0a-48e6-aba6-53dcc17ec2eb,0.002043312500063621
e886ba87-f614-4f44-a15c-f7a744df1b3c,0.002043312500063621
178a6b37-803e-411f-bf0a-af96b4fecc5b,0.002043312500063621
3f4332f5-464f-4c2b-9005-40215aa29570,0.002043312500063621
301ef397-4379-4aea-9e19-3c0dfdda1133,0.002043312500063621
a4514348-8527-42bd-8e33-10f84204abd0,0.002043312500063621
ad15d4c8-0d7a-4729-9da9-dec66083710d,0.002043312500063621
fcb4be42-07f5-4505-9f19-aabc0744d4e2,0.002043312500063621
a646c25e-9ade-427a-a6d8-6c68893353b8,0.002043312500063621
d08e24ab-7e8e-453f-9825-dd11ad883bfa,0.002043312500063621
a241e010-ac3f-45c0-b9ed-304892915d10,0.002043312500063621
f703b3cb-8ba8-4cac-8d78-d5019e22a23b,0.002043312500063621
294bf7e0-5cf1-448e-8fb6-085bfb06d87a,0.002043312500063621
82aa8ee4-8697-4be3-bee4-dc24159551d1,0.002043312500063621
ac0223ab-69e0-4d15-aabc-5e15e0ac234f,0.002043312500063621
b091be28-b860-41b4-8afe-c4841a05f53d,0.002043312500063621
c464c0d9-6ccb-426a-b603-e1f72465bc3d,0.002043312500063621
ddd9afbf-5816-4a8d-81fc-51ff59883571,0.002043312500063621
7c9c964e-3091-4b73-84d4-3daed59ced11,0.002043312500063621
ff545cf2-da7f-4cc6-ac93-461bb1bb089c,0.002043312500063621
028633ba-c1b3-4705-8045-1b419bea970e,0.002043312500063621
bf5c2b35-0094-4da6-89c2-1d65493ecd24,0.002043312500063621
9f3f395e-5cd3-4ce0-9ab0-284ac3cae235,0.002043312500063621
6b9c0e54-c137-4932-b849-ad763fed14ff,0.002043312500063621
a6900293-c9cd-4098-b0da-b59a289c6764,0.002043312500063621
0d2faa83-e8a9-43d2-b91e-16f8829cd297,0.002043312500063621
3ff01924-7930-46bc-ad1f-1c60bf7a2d0e,0.002043312500063621
8a260e1b-b080-41d2-bb7e-5aa20ed58ab0,0.002043312500063621
92fa12b9-eb36-4c82-b268-3b45ea72a3c6,0.002043312500063621
b14e6d3f-bd64-4c0e-a099-0115d6f5b3de,0.002043312500063621
fd23bc06-3175-4c5f-ab32-dd5b724f4ab5,0.002043312500063621
e5690e71-1fd7-42a0-829c-ee0beb081174,0.002043312500063621
70d41028-bd6f-4671-a042-07e4f69d2ad9,0.002043312500063621
a922c97e-b425-4c9b-aa53-845f2a9f07bb,0.002043312500063621
a53ad0f9-791d-4c78-aa5f-b38d4e5b723d,0.002043312500063621
5382cf61-9e3e-4a2c-9302-e320164949df,0.002043312500063621
085a548c-d457-44dd-8811-2b61dff301b4,0.002043312500063621
e5f1a36e-cf92-4e07-a4fb-8709ea7dad82,0.002043312500063621
0ee3147d-5f04-4255-a7f5-f5eb87a64241,0.002043312500063621
3eafa723-9560-40c3-bdd6-f036e23220c9,0.002043312500063621
572a66ab-426e-4080-99c7-8b685af3a995,0.002043312500063621
e2764142-1686-4462-8911-2c103ad24923,0.002043312500063621
316bf10b-245f-4054-8551-880e094bb106,0.002043312500063621
948cdc05-ee68-4dc4-83a9-e034b846e173,0.002043312500063621
4db84348-2b74-4f34-8ad7-02692fc44c7f,0.002043312500063621
76bacca3-4f45-482b-a566-e4680c1ef8b2,0.0010508863905442922
067f15ff-c2ec-48a4-8898-fe8284df2883,0.0010508863905442922
7a27f75e-6a16-4404-8835-5812eb45bd39,0.0010508863905442922
bee8e6a5-90ce-4add-8f70-a6fbe68d86ba,0.0010508863905442922
8234b166-b966-4b3f-a6fe-3617e9e0fd49,0.0010508863905442922
a60fdeec-3f77-4a82-9b2e-820fb41e88e3,0.0010508863905442922
511df25f-5109-49d7-b62d-ad885dc58e55,0.0010508863905442922
6826a007-db7e-4858-99bd-dd66c112a6bc,0.0010508863905442922
4f10c7fb-dcf8-4936-a60f-0ad55382a7d8,0.0010508863905442922
3bf0c671-f9ac-455e-8a00-873e7c7f12ac,0.0010508863905442922
fc6d78d3-e279-4ca9-8154-94d21c6d2436,0.0010508863905442922
caa99d25-f00b-4157-953e-c6f32f9ab150,0.0010508863905442922
473afedb-aaf5-42c7-abbf-233b2bd5093c,0.0010508863905442922
c38b8a74-f360-4de1-894b-683f4a69edf3,0.0010508863905442922
d7a9d85b-7c67-4828-be16-7f597d0c4b58,0.0010508863905442922
afe7f69c-a2fd-4f63-b2be-44ca56a2543e,0.0010508863905442922
63c32270-cee7-4318-8f20-82f98ce60fb1,0.0010508863905442922
78b1f1c5-9aa0-49d4-8975-4f3267cc08b2,0.0010508863905442922
349a9a80-59ec-4c1c-93bc-a5b50bb3e2c5,0.0010508863905442922
ccf36c72-725d-4107-b2a3-381fc3eeadb8,0.0010508863905442922
b4f0a6ac-59b3-48c1-90ef-ab0ca621adc4,0.0010508863905442922
58d4cb82-30e5-4ec8-b7a3-7bf6410599d0,0.0010508863905442922
e3bca9d7-4d21-495d-b3de-0657f06d3cdb,0.0010508863905442922
049ad3ff-2f8f-4ceb-8528-bc7d248ff0b2,0.0010508863905442922
666b2fb9-7ccd-436a-b42c-69efea05292a,0.0010508863905442922
b7b35a07-3255-4141-bb40-03d96a0e8451,0.0010508863905442922
48229712-c4f7-496e-847c-33eedfe0c37d,0.0010508863905442922
9ef73c4f-b016-414b-bf3d-9486822c00fa,0.0010508863905442922
c72fb511-af46-48ec-a55e-5197b532a643,0.0010508863905442922
24fd005a-d9ef-4c92-b20a-cd05741e5f87,0.0010508863905442922
7702c894-eaa5-4312-ae39-3e898433942b,0.0010508863905442922
11af7419-3b63-49ac-9b6d-80539e5f0131,0.0010508863905442922
a7690a39-2f44-4ba5-b316-ac5f7272cd48,0.0010508863905442922
8e0cd17a-598a-46b6-a6ac-641c15257dca,0.0010508863905442922
0b77ce0f-3166-445c-a599-679a7025ec3a,0.0010508863905442922
716194a8-c7fc-4bbb-95b2-0e18d9fe2e36,0.0010508863905442922
5d9b4a38-f4a4-4b07-b3fc-c96cf7bc66c9,0.0010508863905442922
81a56d5c-17d9-496f-a31c-a39e1a5c214a,0.0010508863905442922
d3c0a130-361f-4932-ae76-01624dbb7701,0.0010508863905442922
af704051-e515-4807-9e11-f68dd7fd0b26,0.0010508863905442922
6dd71132-a5fa-4603-8e63-d8e7a1b1292e,0.0010508863905442922
3ef072e1-b22b-450b-b2ff-62068dac07dd,0.0010508863905442922
9e204bb2-ac74-43b4-a232-d6fc056a066a,0.0010508863905442922
d9d83c30-d947-4455-861b-03f41bcb7ffa,0.0010508863905442922
4c759f9f-8358-467f-a5ee-550d19c18a12,0.0010508863905442922
1bc11cba-64e9-4b0e-9db1-ae565a969de9,0.0010508863905442922
a0c25b02-aa27-408f-aa48-c9b0d7ab3a19,0.0010508863905442922
61b5863b-e9ac-4875-ac6b-745f2f9cc471,0.0010508863905442922
9eb958ea-475c-4e67-b6cc-20dc0d568971,0.0010508863905442922
7562896b-cce1-47ea-a77e-5630c9ce2034,0.0010508863905442922
f84bfd8e-6933-4a5a-9549-065e202ee34c,0.0010508863905442922
2f418736-0551-40c4-b2f1-a105d0f76496,0.0010508863905442922
17da6808-526d-4a8c-b83a-0a9892866cab,0.0010508863905442922
206bfb54-8177-455e-90af-acc9b44a5b43,0.0010508863905442922
2e0da916-f674-4122-9e5b-180bd68f266b,0.0010508863905442922
bf5eb4b0-f46a-4241-b927-6f85a50dc290,0.0010508863905442922
33be0a10-a00f-4bc7-9d1b-35e800ea00d6,0.0010508863905442922
d37fd16a-b2b5-4609-ac81-32ed89b544d6,0.0010508863905442922
82e91d60-b7f9-4fd0-98e0-0d0143cc1749,0.0010508863905442922
27c22a53-035d-4058-b2d1-c6090fd245cb,0.0010508863905442922
5cbc5546-d332-4e97-8043-2c50811ff32f,0.0010508863905442922
0723acca-39c2-4abe-9c8c-2b5532c95bbd,0.0010508863905442922
b14f309e-ca35-4314-bd33-29c45a8549c4,0.0010508863905442922
e3e27d0c-6d16-4750-868e-9bc89dd1f0e9,0.0010508863905442922
05e7948a-819b-40df-96d4-60d22fce8156,0.0010508863905442922
da140de3-6b91-4d21-8790-6dfb89e36924,0.0010508863905442922
fa5cebb6-818c-463b-8f86-adac53547da4,0.0010508863905442922
4b629cc7-7453-48fc-9f27-b773ec2c5e17,0.0010508863905442922
1129d336-556d-46d9-b4ae-d822190c47e4,0.0010508863905442922
82bc8ebb-b0f1-49b4-8fc1-56bdbd5dafa7,0.0010508863905442922
0365f13f-76bd-4691-8b18-a72eafa2426c,0.0010508863905442922
b6c3207e-8f0b-4bd1-8af2-295a237d1ef6,0.0010508863905442922
6b126cc6-ee4b-45c2-a75d-9d9331376cb4,0.0010508863905442922
0a0de41c-a767-4d56-8c6c-beab6e30f3ff,0.0010508863905442922
0e149b64-525e-444d-bf9c-3ea03b0df238,0.0010508863905442922
05660480-3a84-4fc7-8c6c-65fcb5cdc882,0.0010508863905442922
07a3e440-dd7f-46a3-8e01-bc8cb824bd23,0.0010508863905442922
c673eed2-de99-4cb3-ac6c-640997fc3acc,0.0010508863905442922
bb89df0b-c14c-46da-9de8-a7e6f879e83b,0.0010508863905442922
d0535a73-4d14-4974-8470-37d3e7a3b1a0,0.0010508863905442922
8a5341bd-ba47-41dc-866b-2c9491de7a2a,0.0010508863905442922
75a3fbf5-44cc-4579-83da-703a473ece96,0.0010508863905442922
c73b3b09-f008-4d0a-91d1-5f7dd2521169,0.0010508863905442922
5a079b9e-bab6-45d0-8821-890d9fff1708,0.0010508863905442922
8d2ecd8e-fb74-4b0a-994d-0e40b3798cfc,0.0010508863905442922
0efa7935-9812-43fa-aa9d-512584e7c5c4,0.0010508863905442922
f119c9b8-c245-4f37-8f58-0523f454f075,0.0010508863905442922
5404bced-9d96-4bdd-b726-fae6b1bee8f7,0.0010508863905442922
20cc6546-752b-4659-a034-53b40175ac9c,0.0010508863905442922
17959ebd-370b-4576-bf73-b938f2a1710b,0.0010508863905442922
94c7b9b5-cce3-47fc-a0d7-4e84c0c1f4b8,0.0010508863905442922
f691172d-34a5-4110-850f-72e72baa4d67,0.0010508863905442922
97ac8668-e239-451c-920d-59990e413279,0.0010508863905442922
a533daab-859a-4f0e-a8de-70fae456c257,0.0010508863905442922
f0e9a744-2c78-4d65-86ca-a73036ce8db0,0.0010508863905442922
b3c09350-0d7e-49b9-bfc9-c05d8134fa32,0.0010508863905442922
a7fdeeb7-2e55-4edc-a03b-9f4af971833e,0.0010508863905442922
393f61ac-c3bc-41c0-b739-219fe1b8c162,0.0010508863905442922
bd26b500-44f6-42b7-9e8e-15c9bdcc2865,0.0010508863905442922
a2b3018d-24a8-4f74-8758-c4c72894f301,0.0010508863905442922
e04838f0-fa24-4548-aa97-c7b078dd191f,0.0010508863905442922
ec33a3c7-8fd0-444c-b62b-a3c821279e38,0.0010508863905442922
ccae202a-2f8b-40d4-a32b-3f3d9ca31ee0,0.0010508863905442922
ad79733d-5ab5-4307-a45a-6d805b7da0ba,0.0010508863905442922
edd4e105-1022-4ee2-a621-d7d4cd38676d,0.0010508863905442922
f64de834-d7f7-44da-98a7-429b09a33631,0.0010508863905442922
34ef0016-601d-4e72-9bef-521445119220,0.0010508863905442922
f9caf3b2-1332-4ba0-a4c6-3fd45eee3dcf,0.0010508863905442922
ac1ff3d9-c14a-41cd-956c-bdf57df636f1,0.0010508863905442922
c68283eb-2693-4f12-a8c9-39bbf9233005,0.0010508863905442922
99afd562-50e3-466f-be8a-a240ade21a97,0.0010508863905442922
c4981e5a-9e5f-4363-a709-0b7382ea2d3d,0.0010508863905442922
af08fc19-3ab5-44f6-b387-40e19172ab31,0.0010508863905442922
6a86f578-f74e-4594-8cef-f16bf01aa59b,0.0010508863905442922
8426541c-d02a-4327-95e8-2615d8f4a41e,0.0010508863905442922
c863c163-d2bb-4792-a31c-3e7924ec108b,0.0010508863905442922
00577db7-7b43-4364-b29e-ff4cb606c8ed,0.0010508863905442922
0e42d212-bb10-4929-b3db-99eb28071414,0.0010508863905442922
34ed6cd0-26b1-474e-aee9-b1206428da3d,0.0010508863905442922
cf167245-01fc-4c65-8cf4-fcf8afa5fb30,0.0010508863905442922
d9486f30-1240-4fd3-9dc4-9191f650a9f7,0.0010508863905442922
c7e2a5a2-1e91-4beb-aba9-13ba941bf489,0.0010508863905442922
51c28c36-650c-496c-9ff9-8e8ed8342070,0.0010508863905442922
ca576078-84d3-439c-9379-1666d5638230,0.0010508863905442922
cfb2b848-b37d-4173-8155-5838c22b25b9,0.0010508863905442922
965241ad-626b-4ddb-be22-104ffc813813,0.0010508863905442922
5454efd5-ba29-4d2f-96b2-174d19b2214d,0.0010508863905442922
2cab2af2-c7cc-4521-ae92-409db5b77675,0.0010508863905442922
f8f41d95-0c77-4875-b8a9-4b5959232e44,0.0008012499999949796
6101ba2c-8b4b-46a8-bcd9-e3888cc9a602,0.0008012499999949796
dc502673-bf4b-4262-b023-c44478cadcaa,0.0008012499999949796
1a4fdd77-87e2-4e55-affe-e00e112fb85a,0.0008012499999949796
4e73f648-3506-4d5a-bb2c-260dd5101ce5,0.0008012499999949796
5ecee7f2-b775-43a7-84cf-6075058a1764,0.0008012499999949796
04cba23f-a6b6-4971-a7cc-866cb54a9300,0.0008012499999949796
0d005c3a-3131-46d8-85b0-183d392b2999,0.0008012499999949796
bc0a2992-2f39-46c0-a9c5-8751261a2c28,0.0008012499999949796
b906bca8-8c5d-4bc2-b2ea-1801081d9531,0.0008012499999949796
159bc6b6-38a3-4e53-897e-4b9230c05936,0.0008012499999949796
25a275e2-b300-45d5-a5f9-a903980a9233,0.0008012499999949796
05423dcf-ce71-4a41-b02f-5805e72b504a,0.0008012499999949796
c94ca118-540e-4a70-b764-ad5cf6de69bc,0.0008012499999949796
6c5e8934-db43-4fe7-b3dd-1d35144e495b,0.0008012499999949796
4971a40b-e179-46f7-8cdc-4a483e7ed430,0.0008012499999949796
a5f11780-9729-43e5-af14-423251495888,0.0008012499999949796
f4fd2b28-b0d8-43d1-b787-18f0247fc709,0.0008012499999949796
f9657e1e-998f-46a8-ba0b-7c16ba2f3b1d,0.0008012499999949796
9c8c8cbf-58c1-499e-a69a-34c563adbb63,0.0008012499999949796
553955d3-a200-4fa4-a93c-ceee03108127,0.0008012499999949796
891a65a1-1b1d-4084-9140-60e74def7a88,0.0008012499999949796
4508fc4b-500e-4455-80e7-ea4941a8e392,0.0008012499999949796
865e4600-850c-424f-a416-b5318f961a17,0.0008012499999949796
00524f4e-d3ab-49db-9a50-d0ba72c77882,0.0008012499999949796
5ff71654-db98-49f7-b9d7-dfa3c1f8f9fe,0.0008012499999949796
f17f0975-d90d-4b9d-9199-f5097ced94d2,0.0008012499999949796
5c6aa6b1-9ac9-4b5f-ba3d-00dd8ec70bbb,0.0008012499999949796
699d81b3-0575-4589-8313-b853b632d144,0.0008012499999949796
13950a42-453b-4cdf-8f3f-1e3016241c7f,0.0008012499999949796
eb4d0f4a-2929-4857-b1d4-483105b0197c,0.0008012499999949796
1175d227-b449-4e17-b591-973251873a44,0.0008012499999949796
fed73767-cba0-40fd-bbf3-14f9f077e704,0.0008012499999949796
2eea4fa0-e562-4706-850b-77df4e8527bd,0.0008012499999949796
29af5fec-3e3b-4153-9846-a8480618e799,0.0008012499999949796
1e5f3ded-1372-4569-82c4-850f8eeb048c,0.0008012499999949796
48d98c40-dc1e-48cb-8421-04717c5041b7,0.0008012499999949796
6e272360-70b8-49b0-b57a-a7d440adc36c,0.0008012499999949796
2c0fff65-aa48-4349-a889-b6134a03a199,0.0008012499999949796
fd222cd4-2057-494d-9e23-03147e1b7055,0.0008012499999949796
ab993165-a7a9-42f8-adb4-f8c3b7e7cc1e,0.0008012499999949796
9254abe8-cbf5-42cc-95f4-b199cee89cee,0.0008012499999949796
88fc49e6-c019-4580-a9ae-d1442fa1af63,0.0008012499999949796
65e53ffc-9968-4e4a-88e3-cad86ef33305,0.0008012499999949796
1de51e97-f979-4375-a745-af71f68b88e6,0.0008012499999949796
28c52e9b-d927-4617-865f-e5d9d3e62e85,0.0008012499999949796
1073ba39-89e7-4335-82bc-00c72001e481,0.0008012499999949796
34f43b3a-bd19-4538-b970-4862f1dde380,0.0008012499999949796
b33c2b74-0646-422a-b98c-dbedc31ac16e,0.0008012499999949796
ca6079b8-fba4-4ab3-b53a-f6de0eb2829f,0.0008012499999949796
fe7a8105-813b-4a9f-a924-b67063cf19d5,0.0008012499999949796
d3ce3b7d-70b6-4a8c-a6da-be0f61ce122a,0.0008012499999949796
87e8048d-f546-4907-b9be-b38e27c95072,0.0008012499999949796
f52ee940-e182-44da-bb70-8468301b584d,0.0008012499999949796
af126e70-ff3a-48e1-abf5-f27d02fcc0e0,0.0008012499999949796
5c2b81a4-e8c1-443b-a2eb-39b57eeb3e2b,0.0008012499999949796
ea3472c4-8872-4c6d-b8a3-7442f0bba733,0.0008012499999949796
80614577-18f1-48c0-9a66-1958099e4e29,0.0008012499999949796
802c65ea-875d-49b6-b716-f82f3a0164d6,0.0008012499999949796
e5842024-2fdd-4d44-8d35-573b40e1b637,0.0008012499999949796
9a89ba58-3d16-4f9f-b257-8e99cbfcd782,0.0008012499999949796
2a704990-d2a3-4368-a5d4-3cc947139f51,0.0008012499999949796
6b2cf678-10ed-4dd2-b79a-6b20ad1a48fa,0.0008012499999949796
6b0793a0-f387-4739-972e-fd5ca5b844e2,0.0008012499999949796
add2c42e-529c-4469-94e2-cc57f334a52d,0.0008012499999949796
9d64b640-34dd-47b5-9913-a6ddcab71af5,0.0008012499999949796
526986a7-c956-43ad-8cd3-effcb38850ff,0.0008012499999949796
df56134a-019b-4623-a953-16c2ff353878,0.0008012499999949796
a149a45b-b202-403d-aeac-de54855b78ca,0.0008012499999949796
d0bb285a-17a2-495d-8271-f0c14f69e237,0.0008012499999949796
cc82179a-e34b-41d3-8a79-0d97e8388881,0.0008012499999949796
70dccf83-25b6-4b61-8cca-2a6fe2666df2,0.0008012499999949796
02e5183b-bda3-4832-8729-595172edc25f,0.0008012499999949796
cd1b2ce6-bd00-49f5-a1ad-0e1cd1e0e475,0.0008012499999949796
09a38db4-3c5c-450a-896a-58729cb6895e,0.0008012499999949796
1b8c71f7-fa06-4a8e-afb1-9058dd03f76e,0.0008012499999949796
6c8b4908-a3d0-45d2-950d-aa546fe514b2,0.0008012499999949796
fba879a6-d616-4175-a27d-f75d59de775d,0.0008012499999949796
afa051f5-12f8-4936-9312-7bfce3279b9b,0.0008012499999949796
7d940f4a-727a-4fff-b7b1-69c9144a23f5,0.0008012499999949796
5fff70cc-fa6b-4101-8e63-b7c6eb977929,0.0008012499999949796
e5da59d8-e4a4-49d7-9f27-4283329a84d6,0.0008012499999949796
66b8cc62-a60a-486c-8e9d-89f8a46411bd,0.0008012499999949796
b7a27437-0266-4521-bfc2-58391de1b993,0.0008012499999949796
d21fa234-e5fd-4842-94aa-f26fd3561f57,0.0008012499999949796
9daefd53-ceed-44da-ac22-70a7c1e0a649,0.0008012499999949796
b4906f4a-bd14-47ab-9f6b-7660090a0ef0,0.0008012499999949796
76d96d8e-bad1-4473-9f6f-248eb998a2a8,0.0008012499999949796
c874e8d2-2e61-401f-91f8-9e10a6c0cac2,0.0008012499999949796
9a406ee0-3223-47b0-bf90-cbe2be21e657,0.0008012499999949796
29d0478f-6724-4c8f-ba11-1ce2e84b8d0c,0.0008012499999949796
b810cf1c-4146-4fc0-8b93-311b3439fc32,0.0008012499999949796
097eb557-bae8-48b2-b281-a1465805ae5b,0.0008012499999949796
7ed31d8b-9930-491a-916f-11b4d41ab9f3,0.0008012499999949796
ba4d646e-7068-4215-99fb-6b130ada03fe,0.0008012499999949796
47970194-e653-4da4-8912-a1c84dda2394,0.0008012499999949796
5de30d25-8d53-4cb7-b866-80c53087d376,0.0008012499999949796
88d5ddf3-8316-414c-a8ca-4a233da5b2ab,0.0008012499999949796
927ba90e-3e2b-40cd-8ef3-5ab8a6a035c2,0.0008012499999949796
f5d5a078-1c6b-4dfc-bae9-0a40f60c415e,0.0008012499999949796
6188e5a3-09eb-4fb9-a13f-13aa1bf5eab1,0.0008012499999949796
4fd2d74d-8bba-4829-8e71-5fa46429d2c9,0.0008012499999949796
c10760b5-c5f0-46b9-9293-59f5867c3c2d,0.0008012499999949796
643c1975-b1a6-4fd5-940a-148a4cc4a33a,0.0008012499999949796
dc2fe8e1-ec22-4dbc-8fb4-a89b09941ffa,0.0008012499999949796
30158556-f797-4b72-beb7-a49bf059e2f6,0.0008012499999949796
061474d2-cc81-4e86-be23-5a16ca6ef48a,0.0008012499999949796
664bc634-b604-4e39-886b-ef72a949b514,0.0008012499999949796
71029731-7433-416e-b95b-f3fa2add3eb6,0.0008012499999949796
9f0a659a-3be3-4c47-a1be-c39369377f8c,0.0008012499999949796
a5b08d97-c32d-44c7-8f4d-dc03ae6f2a4c,0.0008012499999949796
46f23b1a-9843-46f7-83c1-3f3a6f389351,0.0008012499999949796
37fd0f8d-1dd6-4c71-b7e1-f3f1e34220d4,0.0008012499999949796
63196349-bf35-4ee2-94f1-86b3a82a622c,0.0008012499999949796
7d0cf215-81e3-43e1-bae9-c029fed037ed,0.0008012499999949796
cd32ef6b-b582-4c8c-bd13-b8ddc7183ceb,0.0008012499999949796
e0492b92-a4fa-4bb3-aa45-3ab4bdfccb94,0.0008012499999949796
d97db4c0-6c2e-4a95-9cc3-0bc391c9b4e3,0.0008012499999949796
1a7dcc8f-4625-4706-97eb-8eed7bfa1d23,0.0008012499999949796
bef5eca8-23b8-43e0-bf04-c4c894d1a889,0.0008012499999949796
a6617450-6d04-4ff8-948f-627849b6854a,0.0008012499999949796
80c509eb-6822-4e94-a07e-7a97bbe1430f,0.0008012499999949796
9b83f1c0-bd4f-4517-8691-66738f3966e0,0.0008012499999949796
878fc9eb-a7a8-4d47-a13d-b203042a743d,0.0008012499999949796
6a19b2ae-2ce1-4b71-a997-8293a9f1cea1,0.0008012499999949796
e0796bec-3304-4886-bc98-d348e210d121,0.0008012499999949796
c50a049a-e978-4fbd-af3b-6ffc912e6306,0.0008012499999949796
fbd73d72-340e-402d-a63a-2d730c97ccc3,0.0008012499999949796
eef9df36-2d80-4f18-ac25-cd2303d07ee4,0.011013808921802593
ad81b044-5d1e-42e8-9ea7-d62626dd4f66,0.011013808921802593
d2708924-73f8-42b9-a793-1b38ac81632a,0.011013808921802593
4ced57ad-4b47-4f63-a94e-cea856de0def,0.011013808921802593
a5764eb4-051b-44a8-8b0e-54bc18293b47,0.011013808921802593
af883138-b98f-4a4d-ae1e-4bd83ae2b0c1,0.011013808921802593
ac9c705d-c24b-4717-86e5-98ede6a11ed1,0.011013808921802593
ac1213b5-4d99-4b81-8f80-eb856385da60,0.011013808921802593
e5032c42-fb3d-4ab0-94b7-88e86045ea7d,0.011013808921802593
61354447-5e1d-4bd0-a4bd-0c305ca659ab,0.011013808921802593
a3fa120b-4488-40d0-9a64-fecc08fd8809,0.011013808921802593
836ed3c8-e0e1-4d6a-a895-3569a6e74af1,0.011013808921802593
d3b45b92-b82d-4cc8-a79a-895490b283a8,0.011013808921802593
7009d6fb-765c-4fb4-9216-96c359be11ba,0.011013808921802593
5b1060aa-0be7-42a1-b2bc-11d57077cf84,0.011013808921802593
4c492bfc-c195-4b23-b9ce-acaa465ed0e3,0.011013808921802593
0f0044f1-a690-4e21-8f0d-361e1ca529bc,0.011013808921802593
6ca595e6-5a15-45e0-8cc6-82b6f371d8a9,0.011013808921802593
54d37077-93d1-4ac3-851f-8fb871dee5c6,0.011013808921802593
924366a0-0f16-4ac0-915c-b68886b4f307,0.011013808921802593
e85b95b8-f669-4991-be46-b801db1ca34b,0.011013808921802593
004c15be-5a80-4261-a93e-5e92d5e96ac1,0.011013808921802593
571c94a6-54f9-43cd-85c0-59cf9bd81c89,0.011013808921802593
dc6f257a-586a-447f-a94e-a264f9e68bad,0.011013808921802593
a822a713-346e-4244-bd4e-12549b8353cb,0.011013808921802593
ac85f19e-0f21-4941-b36b-9188945fcaa5,0.011013808921802593
de5ce042-5937-4cd0-82fa-81a9d4d7cce8,0.011013808921802593
84951cdd-140d-46ef-91b5-60bb4fc0e76e,0.011013808921802593
4ee26a9b-80f3-44d6-b735-c690c061cc5a,0.011013808921802593
35d1a885-4321-49dd-8210-e8d49c62709c,0.011013808921802593
664a3e04-cd39-41be-8f20-dea30fbe7593,0.011013808921802593
35454d10-6976-4d46-b127-7ff0f79d1322,0.011013808921802593
885c08ad-2662-40c3-8de4-b47595493dff,0.011013808921802593
7ef2ac1b-0170-4481-88aa-c66cf61cc9d4,0.011013808921802593
749f3c64-f71b-41cd-8682-d61dcba302ac,0.011013808921802593
31886229-08bf-4fce-b40c-cf7220d8ed1a,0.011013808921802593
3886d838-cf48-40ff-b0a2-dffb2ad108c1,0.011013808921802593
80c86713-8e83-41e3-a346-8661ee538799,0.011013808921802593
b54b35c0-4ae9-4c31-bac0-6be66bb82226,0.011013808921802593
6897830f-d9ad-4494-9081-fd5406200c0c,0.011013808921802593
e7f063fb-3942-4461-bd91-6daadb5b19b3,0.011013808921802593
0166cf7e-2a3b-495d-845f-6427f2f4d8cd,0.011013808921802593
a4becd7d-32df-49b2-b6c8-f907637b7f48,0.011013808921802593
a8b5f0a0-ff72-4e12-9ab5-c8dbfccc1320,0.011013808921802593
958d76cc-85d9-4267-a640-e67eda2a3783,0.011013808921802593
39fdb905-60f0-46fc-ac6d-91c05e43b1b7,0.011013808921802593
0ae7e5c0-b587-42f9-b70d-5865ea2c6f45,0.011013808921802593
c3aa2345-58e0-46cb-8939-f8dda670fa2d,0.011013808921802593
31d8eda0-aa35-46e8-9d9b-ed6ddb733132,0.011013808921802593
3b30cdfc-a81e-4dd3-aeee-f47e76b54e6f,0.011013808921802593
8be5e962-2f5a-4633-8acf-fa146c0e883c,0.011013808921802593
d7cb34a6-20ad-4821-8b8a-742096cd2c2f,0.011013808921802593
04bd2837-d429-41a9-a1a3-f5479d8affb9,0.011013808921802593
e1f668ac-638d-4cf0-8b10-722a9cfc6161,0.011013808921802593
5040697a-39b6-454f-9439-1b1b4f27de4b,0.011013808921802593
8159d5f1-b8ff-4371-aace-89a802e599f2,0.011013808921802593
aa9970df-2a64-452a-9175-50c298824cfc,0.011013808921802593
98615f67-5f51-49b7-88e6-a003ed683c54,0.011013808921802593
7ea6c691-028d-4229-9865-9ae27a106baf,0.011013808921802593
a3b43cd6-1092-4737-9883-12c052fbbb70,0.011013808921802593
7419ec12-8834-424e-ad09-0c5a61219572,0.011013808921802593
ec566230-0587-4c25-b6aa-bf9b350f7d75,0.011013808921802593
7883b3aa-ab35-403e-bafb-5052b3d17bb2,0.011013808921802593
a0faed1f-5332-4173-b441-3e0e75fca15f,0.011013808921802593
c3fc6a03-31f5-47ae-bb0f-d90516d6604a,0.011013808921802593
eb51b406-f8bb-4733-8a52-6505835715aa,0.011013808921802593
2f13d3ff-3285-4fe9-98f6-707449221d7c,0.011013808921802593
41612a2b-d2e6-451e-8d8c-be0caa57f86e,0.011013808921802593
7ae4feaa-27ec-4014-b5e7-b84e65a633a4,0.011013808921802593
fe0f26e3-1e71-4042-8b52-04c7812fad16,0.011013808921802593
a21e8e88-b99d-4114-a423-ece58488c3de,0.011013808921802593
44d2b2c1-4fea-4f27-92e2-be20b1120b62,0.011013808921802593
8362e67f-dc97-4d46-8783-46b20155e5f5,0.011013808921802593
e8b8b9b8-82ff-4b06-8f15-8c7190ec293c,0.011013808921802593
000c77ba-2399-41ae-b0c6-c31dc9b6fa59,0.011013808921802593
54c6db04-261d-410b-b60a-60bb26f295ab,0.011013808921802593
10a7a696-7b17-47c8-9f80-848c47f80124,0.011013808921802593
01bbcb80-eac2-45e9-90e1-00d67dabb6bb,0.011013808921802593
43434c45-acec-4f08-8d32-907491566202,0.011013808921802593
076e50d0-1ad6-4d07-87f8-d626f7506fb3,0.011013808921802593
839f20a7-cbc2-46ff-8482-1a7e1bc1a0a1,0.011013808921802593
72dfd50c-d1ab-4814-99d8-4e0672023da9,0.011013808921802593
961997e6-97b0-411e-adf4-909aaa768ae2,0.011013808921802593
494d0e88-05ae-4937-8437-56d8f2dc5cd1,0.011013808921802593
37549006-619e-41b6-a05b-4a6b2b4c7b02,0.011013808921802593
5a7d6a2c-140a-4426-8564-79bbde78efc0,0.011013808921802593
991a80c7-d7b6-4158-b8cc-17a1521ad8be,0.011013808921802593
eecc5299-b9c9-41ce-a8ed-184b583d7bb9,0.011013808921802593
bca804e3-e3f0-480f-85ef-4e97beef9889,0.011013808921802593
a6fa9a4f-4d86-419b-b007-af674e7cb865,0.011013808921802593
ca2bdaf6-cf4b-4085-9c6a-109537627fbd,0.011013808921802593
42165f81-acf6-413d-b0ef-7aa443c72338,0.011013808921802593
25c49743-d04d-4826-b5df-7ead00e76590,0.011013808921802593
a20ae2d1-7d04-4724-9a70-da628e9ac067,0.011013808921802593
08c4af2d-213f-43ca-8d99-cf00bf73abf3,0.011013808921802593
ca2ffce1-34b5-4c95-9398-c18b68da3d17,0.011013808921802593
e96d8005-03ab-441b-b4dc-353dc392295a,0.011013808921802593
99abd9d3-4c09-4137-8ee6-db61615739ae,0.011013808921802593
fcdc651d-2f53-434f-954a-63b1468b52fa,0.011013808921802593
59c5d52a-6384-4ef1-bf6e-9885c7e8742c,0.011013808921802593
7e4b14a0-3b9c-46bd-93ff-61cf5e2159d5,0.011013808921802593
d7aa1952-cd55-4ab5-9668-2a660d391bc5,0.011013808921802593
c4236eb9-0dde-4888-b744-0f7c1761ded8,0.011013808921802593
d92da8e1-e114-4894-8740-cd4973f53913,0.011013808921802593
a5a5de7b-327a-47a5-bf7d-9ed7e7ee813c,0.011013808921802593
2a409eb3-7029-4229-ab97-5fd77b1b21e7,0.011013808921802593
b03d9ca3-7cd2-4548-9848-930dd00e10b8,0.011013808921802593
e54c408a-9e5e-4d6f-b855-21660539e462,0.011013808921802593
b3fbcb91-cb68-4468-b3d2-a0129b93acd9,0.011013808921802593
543d3a03-dc7f-4880-952c-cfd0370b1b2a,0.011013808921802593
8c2451fb-754e-4f2b-b94c-36e50336a0fe,0.011013808921802593
0094a9d1-99e6-442c-bd8f-25d4f13c587f,0.011013808921802593
bb5ec754-5844-4fac-bff7-0e8666d5c451,0.011013808921802593
7ad4c9ac-0a4a-43e4-8445-b22fcd211b5d,0.011013808921802593
1ac04de3-5bbc-48bf-8c06-472351d0abad,0.011013808921802593
102fab12-b007-46c7-aba2-88d4f03ba78c,0.011013808921802593
e729161e-2b3d-4868-811f-4ca710ec0dbe,0.011013808921802593
42460020-6b8e-4fb4-9995-6ce6e87100fb,0.011013808921802593
bcd34d7f-2088-460b-877d-aeac72b4599d,0.011013808921802593
8e567513-b2ea-49f4-9ca6-2998c3e5df41,0.011013808921802593
03757aa3-d324-4798-8a49-b9aec9977b0f,0.011013808921802593
5394c483-4042-4a01-b97e-bf6d9a8117ff,0.011013808921802593
74def7ee-cbef-42ca-8964-2afc794e7594,0.011013808921802593
d10c134c-db33-499e-b9b7-c6b76b23d838,0.011013808921802593
9194162e-8876-4ccc-a106-b6c02c9b4605,0.011013808921802593
8629583d-8c3c-49d1-895b-433053dcc280,0.011013808921802593
f6b0158d-9c53-488a-b57f-c4d8291e1552,0.011013808921802593
f6c0a3b6-0e07-4e64-9c1d-493e8078c194,0.011013808921802593
823e23e0-819b-4155-b2ca-465695dd8975,0.010501691734361884
331b1909-ec99-47a8-a9f5-17fbf5f82e17,0.010501691734361884
09245c5c-197f-40bb-997c-e5fbe6475f96,0.010501691734361884
3082f4e3-5b8e-4caa-b51b-07fdfcc0e923,0.010501691734361884
c5aa7ffb-640b-4a57-b32f-fd00761acff0,0.010501691734361884
769cfeba-f2da-441d-8dd4-ee9f1fe32392,0.010501691734361884
ce962dda-44e0-4267-8aa1-68629b53c508,0.010501691734361884
2bb47a91-0fad-4004-9d75-f3ca7357ceb3,0.010501691734361884
0c6ace49-bf56-43f7-b89a-9712b6808c3e,0.010501691734361884
852482a9-5482-4ae3-b348-5b77125d8e6e,0.010501691734361884
d24d5f05-ff9b-4665-8d7e-bb0208cc372a,0.010501691734361884
d3e5b444-5f71-4339-ac19-7c4ec4ab6eb8,0.010501691734361884
8e4a7098-2724-4219-85e7-f7791ed0a038,0.010501691734361884
0c9ae80b-1b6b-40dc-90cc-061c22434948,0.010501691734361884
df23792f-f01b-44e9-970c-5242a790c0da,0.010501691734361884
73d892b0-f4ac-4f00-8511-040624f66191,0.010501691734361884
dabf4dac-b65f-4c1c-9904-81fdda4e1e9c,0.010501691734361884
0ea07d65-b83a-4273-90e7-31859433636d,0.010501691734361884
2c0df335-9632-4abc-81f8-5bed09f8df2b,0.010501691734361884
03e79b2b-5133-45a4-aeec-0831d99df702,0.010501691734361884
1d6cfcf8-b2db-47e4-9e90-0768d9d9bb31,0.010501691734361884
0981a1d4-df10-4e08-b3e2-15c5ad8db229,0.010501691734361884
d184fcfb-191b-4e16-a09d-54b5eddf8fd4,0.010501691734361884
f9a42e8c-adae-493c-b380-c9d7e18affb3,0.010501691734361884
0b498359-a818-435f-823c-21e266d77e89,0.010501691734361884
deb724ca-b3b8-4809-809d-fd4c0c296ab6,0.010501691734361884
efe0d324-145a-4d41-ae33-c543fd692b05,0.010501691734361884
63e36b67-dee9-4433-bfee-b03ef90cb0d3,0.010501691734361884
7b21a3dc-4e7d-4cb6-a256-9a6b66631bee,0.010501691734361884
c9fd920d-ae1c-47fe-b55b-bc76103331ee,0.010501691734361884
52f294bf-c0e9-41ed-9a1e-1d37844acb4a,0.010501691734361884
b5dbcc1c-b7f2-4d5d-a00d-bac888656d9a,0.010501691734361884
71671c8c-3639-417a-ba1c-22d885121ab6,0.010501691734361884
0ce5e74f-8564-4d6c-ab2a-1d46d9da5f88,0.010501691734361884
77503ab5-4f1b-42aa-b622-15b38b499736,0.010501691734361884
510aab59-34ba-4574-83c6-4bdd940a5dba,0.010501691734361884
726c1baf-b346-4a87-95a6-09febd7b6c28,0.010501691734361884
09b28d92-eb70-4f90-afce-b40eba1dd85a,0.010501691734361884
15504e18-41c1-4867-91de-f8c7bf6c2c90,0.010501691734361884
4fbbd07d-864d-48c6-a24d-5fefe2ed4a69,0.010501691734361884
9278b64f-9034-4320-96a6-13cfb64f1e3c,0.010501691734361884
a90322c2-14ff-4dc1-a585-804ca8c8ef15,0.010501691734361884
bb3c3acb-24e9-4828-b5ba-e467c3624edd,0.010501691734361884
febc2697-acd9-44d2-a5ea-18152f5d4eed,0.010501691734361884
900785af-a56e-4639-be9a-4131c0b352c0,0.010501691734361884
6948930e-9d28-49a7-95ab-e17c077e6416,0.010501691734361884
b842cc0d-7969-438f-bfef-1cd6020cde52,0.010501691734361884
344a25c3-7827-4084-97de-28abd138170f,0.010501691734361884
1a3a18da-97e1-4b8e-ae66-fb64368c17b4,0.010501691734361884
6cb30be3-4b2b-49a5-a13c-ff97ef6602a6,0.010501691734361884
13c2a82d-e51e-46b5-9502-d912c64a6890,0.010501691734361884
08937bf2-a4af-4e05-a226-13d0307bf842,0.010501691734361884
8ebbe742-9d96-40d9-9469-38b71f6648a4,0.010501691734361884
e46d8a09-1994-4370-bf90-85b996e03e33,0.010501691734361884
7b93c403-c192-461b-8d54-19df5be569c2,0.010501691734361884
98288e5a-54a1-4e7c-99f1-03811e344413,0.010501691734361884
1ac67faf-731c-416b-8744-d9ea1b64d179,0.010501691734361884
32f815dc-929c-49cb-b5d6-dfb7b6ea21aa,0.010501691734361884
a1b108ab-da92-466a-ab0f-047879eadc53,0.010501691734361884
f965250b-57ac-4cb2-b080-038478aa672a,0.010501691734361884
dd7bd1f2-8138-4c83-9a0b-f28a66243f5a,0.010501691734361884
2ff991c3-54a7-47c1-a8e7-0abb7cf443f5,0.010501691734361884
a5718390-977d-4add-827b-c7b0ed73503a,0.010501691734361884
f971fb49-a2c0-4c65-8263-70f35ebd0085,0.010501691734361884
4f124836-81fd-492f-8598-907ed14e3ae7,0.010501691734361884
0cd7d029-4b92-4553-9409-d684b3747940,0.010501691734361884
612125bf-e2f3-47b9-b3fc-4cb794ca3860,0.010501691734361884
1fb48561-c84d-44c5-b127-60834b512330,0.010501691734361884
e65d93e3-96c3-4baf-ae61-c714a5894fef,0.010501691734361884
97205201-9a22-41ff-932a-fb440d679679,0.010501691734361884
00e02ea6-9cca-4c59-9425-b2454cb95776,0.010501691734361884
283a1591-e8e0-490d-b9e5-c48aaf3e9074,0.010501691734361884
d3df1d59-40e3-4250-ad0a-30df30167943,0.010501691734361884
6a4815cc-38b6-4c88-9d05-6ab7ef2de7be,0.010501691734361884
547b9b1b-3b52-4c7b-8c6d-fa26f7b39f0a,0.010501691734361884
7baaf2b7-01ef-44c3-ac35-cfda0cb80511,0.010501691734361884
ce4e23f8-e118-4102-b28d-686e3c18b2bf,0.010501691734361884
41a67d1f-1a9d-4caa-91d8-a8001154fbfc,0.010501691734361884
acea06bb-f860-4566-8e87-f659ed688db8,0.010501691734361884
828e64a2-27bd-4b81-9f53-43af8aaf5c39,0.010501691734361884
f28732b1-c6f5-4ad6-93ae-7078dda488c7,0.010501691734361884
17832d0c-2fd4-4372-a8ce-f88ae101636d,0.010501691734361884
44367b50-2ff1-4149-a564-4bc9dfb64161,0.010501691734361884
695fad0a-3c7c-4e41-927c-76e1d98a9878,0.010501691734361884
7d096820-562b-48b4-9391-0cf074901327,0.010501691734361884
3bbeb3a2-a3d9-4834-ad21-02348d70860f,0.010501691734361884
ec1405ab-5516-4306-be4f-b26a9202984b,0.010501691734361884
4e187ded-2a88-4db7-9ba7-5ecce998c75d,0.010501691734361884
f8561046-d678-43b0-b692-c737efa303b3,0.010501691734361884
139023a6-336e-4d78-bdea-239aa2c2c3c8,0.010501691734361884
4a93d119-2ae8-4b75-a860-7d145437a28d,0.010501691734361884
6fedf773-ae0f-4267-9bbd-047d786c010f,0.010501691734361884
143622fe-f333-40a8-a181-26f6637868fb,0.010501691734361884
a34812dd-d061-4788-96cc-c30e42d18417,0.010501691734361884
6b09b7d4-0fac-468f-acd6-6f333e06209c,0.010501691734361884
72650c50-5025-4ed2-80f9-1af5466f752c,0.010501691734361884
1da611c4-882b-4da3-8ffe-207f725da6e1,0.010501691734361884
23c27e9f-fee0-4675-b313-09db6b2b68ba,0.010501691734361884
35554388-01b0-4f38-8e4b-9e83b3a901df,0.010501691734361884
63fb6599-069b-42d5-818b-4fea8e4a67e6,0.010501691734361884
e153072a-ccb0-4b4d-8c87-af3dee7f02dd,0.010501691734361884
8fddfd70-4174-4916-92a1-a0a8a7a68ea5,0.010501691734361884
fae73374-f746-4e97-8a00-aa4c6a6e5966,0.010501691734361884
d63f282b-b42c-4611-a265-2c4bb2443455,0.010501691734361884
6eddacff-870b-48b3-8acf-050b90b80fe2,0.010501691734361884
ff6f674a-78fd-4eef-84e1-bd9188e29370,0.010501691734361884
156de4ec-1b00-4a87-b531-f6e2433308b2,0.010501691734361884
a38720a3-adce-460b-bd28-219c6176f283,0.010501691734361884
e9787be3-b82e-4070-82c9-1acc0ed26831,0.010501691734361884
f311fbbc-39d0-4be9-85d3-bc91d28d4b78,0.010501691734361884
b12b1970-7bde-45a3-87ab-7b506e8bf29f,0.010501691734361884
4da24d24-5c6b-4905-b4e1-6578989a2120,0.010501691734361884
85e994b9-72fc-4691-aa8c-2d4dc5804e26,0.010501691734361884
fd7b33a9-7cb6-47b9-97db-4b58b71d3c66,0.010501691734361884
89c0aa6d-870b-47d3-b110-eba1d74cbbbd,0.010501691734361884
8e5162b4-46a2-4d9a-a772-8467a7b0fc9f,0.010501691734361884
9284ec27-efe5-4c18-8bd4-5c5018598896,0.010501691734361884
b2ea8047-cf2b-4cd3-a3b1-cbed3a7cfd9d,0.010501691734361884
756ac1c9-ff35-459b-8830-90eb86969f48,0.010501691734361884
6d35ac83-921d-4d7c-8614-daad1c0fcb6c,0.010501691734361884
49649677-b4e1-4878-9d82-346aebad8be6,0.010501691734361884
2861b2cf-2031-46ae-bb56-df3ee1d4a7dc,0.010501691734361884
d6c85328-9889-4b8a-b7aa-1e6b22c0d6ce,0.010501691734361884
2ccf4196-ffb7-4931-ad26-c893656666ea,0.010501691734361884
be691ef4-0e05-4c92-93db-abc8e9110112,0.010501691734361884
7fdabfc1-f9b1-4522-83f0-fb07c5d34d61,0.010501691734361884
cf6b8a6f-da1b-47d9-a3f4-ff3d8a3a5b29,0.010501691734361884
3aaf2382-87d8-4c86-aa9e-24f49f42d943,0.010501691734361884
74b686e2-96ad-4b6a-af00-2ef9ff18a368,0.0012773889999380117
53828e3c-3ee3-4c62-adc9-6e72e1b1d787,0.0012773889999380117
4bd81c97-06f9-4adb-b255-a8642cf6bf46,0.0012773889999380117
24bfec2f-703c-43c4-acae-cd69a594d361,0.0012773889999380117
3d706c37-1b24-4f40-a6c4-8d8c1ea1ebfd,0.0012773889999380117
dbb8d7d8-bad6-475a-bffb-ca328d42fae3,0.0012773889999380117
5e90964b-6359-49fc-bd94-ebdc3da02ea6,0.0012773889999380117
517c9dd8-04a5-498f-b3a0-c4c4b73bd098,0.0012773889999380117
535b58ce-5fcc-40e7-b4d9-fdb76b2698e1,0.0012773889999380117
fffc8943-e9be-4e85-a2a0-dc629503a7a8,0.0012773889999380117
9dfa41dc-e1f7-48a4-ad13-b293165bd8a9,0.0012773889999380117
a6e3f899-6b29-4a12-a914-e993579a653d,0.0012773889999380117
fa410833-cf8c-4c5e-9300-688e21fe7c01,0.0012773889999380117
74b4a0f8-26eb-4a22-92a2-4a472b175924,0.0012773889999380117
6bb362de-b2fa-4580-a734-d514c25ba36e,0.0012773889999380117
03ee8b9b-473b-410c-a391-24e52ad16ccb,0.0012773889999380117
6bdddd9c-926c-4311-834c-cbdd650517c1,0.0012773889999380117
73d1facf-c852-4109-a1c9-8b8e75a6c0cb,0.0012773889999380117
ab871a81-f693-4915-8156-08c1a13382ba,0.0012773889999380117
d72730cc-a9d5-4e3d-9ece-24e329eb997c,0.0012773889999380117
17580c75-7aa8-4100-bd90-c2b672cd1c9c,0.0012773889999380117
6df7fc75-a161-44a5-a0e8-88ab16eb195a,0.0012773889999380117
6176d542-6c01-47f7-a143-c4a63a945bc8,0.0012773889999380117
23f8c423-505c-43a0-bd6c-39dd328bea43,0.0012773889999380117
8f09fab1-d8e4-40e1-8190-c450392e5e82,0.0012773889999380117
56200601-10c5-4d1a-9a8b-a967c6cc3b4a,0.0012773889999380117
fabf5fe6-18cb-405c-a0b4-a8124c183c4f,0.0012773889999380117
d6b9b2ca-8a5b-48fc-9c69-c3e1919d289d,0.0012773889999380117
774c15f5-afe6-491c-98c3-2a78b768bd9e,0.0012773889999380117
31aaabd2-a729-482c-87fd-9a845b398bc3,0.0012773889999380117
54772abe-f212-4032-afa3-284f9709614f,0.0012773889999380117
cb7aab71-322d-474c-abd0-7d15726deb06,0.0012773889999380117
024603ab-90df-48c4-9e93-8a2b9441f92b,0.0012773889999380117
6300b3ae-500c-4543-845f-78d2b64d653d,0.0012773889999380117
a6d0bda3-4722-42d1-88c2-928e778df266,0.0012773889999380117
bc3530ff-018d-45fc-b299-98de8c2c14f9,0.0012773889999380117
e9a1d28d-644e-4043-a651-d7f8bd40f6b6,0.0012773889999380117
cb013c0e-4cfe-4b21-bdd7-2148c2c23eb6,0.0012773889999380117
2da8d424-3fbd-4d99-9123-3b30af50f647,0.0012773889999380117
96e4407a-32c9-4061-9691-0b27cb9e55fd,0.0012773889999380117
4c5952f2-10eb-4d3d-a434-d8c5b04e8273,0.0012773889999380117
fc2047aa-29a5-49ba-b98a-6f3991948a6f,0.0012773889999380117
f1158f82-8e23-4f86-8961-34a4d3f7e4c8,0.0012773889999380117
cf67c9f9-dd25-4bc0-9252-661ba78c9dea,0.0012773889999380117
4f04645c-af41-46c7-9e4c-c5bd0937b908,0.0012773889999380117
0cf089d6-7451-4d8c-b2a7-c927b0596742,0.0012773889999380117
26c66dfa-22d2-4ca9-a8c6-6c91d17566c6,0.0012773889999380117
3c5bc844-540a-4836-83e1-7e86090519a6,0.0012773889999380117
b2e3c91a-fa60-4bc0-acf1-9eb0c9a74bbd,0.0012773889999380117
60eecbfe-add0-4e0f-be43-7090decf88ba,0.0012773889999380117
ecbda5b0-de8d-4cc6-9c7a-8cb3981d2d7d,0.0012773889999380117
b3f9f339-5cd2-42f3-8bd2-a20c0acfa363,0.0012773889999380117
c9a9ce81-660f-44e1-a881-c90f1cb39c5e,0.0012773889999380117
7b13c99c-753a-423f-b623-2c7d60ba80c3,0.0012773889999380117
411c4b53-fe48-48b9-be0c-8da5db757a6b,0.0012773889999380117
1c13ede4-5f13-4cf1-8906-ec9fbbee0398,0.0012773889999380117
3d00609e-ce92-401a-86b6-cfc8d9bfdc9c,0.0012773889999380117
29707a7e-9a79-4b1f-ba5d-079f01158a10,0.0012773889999380117
0094491c-79a7-49b4-a2f2-fe4d9f9981c8,0.0012773889999380117
f46c04c1-6e64-4940-8a4f-0a90ca01122f,0.0012773889999380117
b381a5ea-9fd0-4213-9ff9-27ee5d656d42,0.0012773889999380117
4f7d7abf-6125-4f02-b3b6-35b731823b23,0.0012773889999380117
54d1fb3b-f9d4-4f1b-a46c-2c073348c1bb,0.0012773889999380117
d192707f-30be-49b0-ad4a-679047e38a68,0.0012773889999380117
4dbf94e2-462c-4d6a-b9a0-b9223bb1ce3e,0.0012773889999380117
3550998a-28fd-4e12-a8c6-dcdda1bf4b4f,0.0012773889999380117
b85e559b-cf0b-4677-9248-cf7a818722d8,0.0012773889999380117
2b3446a6-8f90-4136-b224-4a29150d0c72,0.0012773889999380117
d27040cb-85e0-40ea-b0d7-268d7a433e9d,0.0012773889999380117
3b95c507-58f5-49b9-add2-62ac9d271469,0.0012773889999380117
213bd9c1-46c2-4e1b-b43d-273bcd481a9f,0.0012773889999380117
cc9929af-0174-46bb-9fcc-cbdea4d4e47f,0.0012773889999380117
6cf792cd-6db9-433f-ad51-69ca2306c48d,0.0012773889999380117
d6d2c151-14ae-4ee4-b4f5-8f785304a0a7,0.0012773889999380117
aae6c792-93f3-40b8-98f3-fd88b43902d8,0.0012773889999380117
e5a72edd-a42b-4bfc-a499-81341d98c3cd,0.0012773889999380117
83e0cb6c-4bae-4ba2-8c09-fb5b2306c7af,0.0012773889999380117
c055075a-89a6-49b4-a366-0095d445a6fc,0.0012773889999380117
e26c2746-e40f-4904-87e3-f5a088022218,0.0012773889999380117
85f87fbb-5518-4312-a7c6-42c8947b954b,0.0012773889999380117
4450f0e2-0a34-431b-be66-0c75a1896055,0.0012773889999380117
1fe32b3a-4526-4cd7-9259-cf2980fd316e,0.0012773889999380117
9b5a854e-016a-477e-a7fc-f1134eb0378f,0.0012773889999380117
8f0875e4-9021-4c89-85e9-4e0f439e4322,0.0012773889999380117
0395ddee-dec7-4a7c-b28a-71e9e7906f79,0.0012773889999380117
e1a874ff-bb68-4f5a-992f-a7a4ff85c7f8,0.0012773889999380117
d63f6b89-8c93-4ff6-83f3-a7297f5b111f,0.0012773889999380117
e5be9464-deef-465d-9b43-084b134d57e7,0.0012773889999380117
2f4fa94c-51bc-48a8-9f75-1b3898458672,0.0012773889999380117
ba8358f5-0efa-49dc-a79d-85c8c47f60ef,0.0012773889999380117
5602fd33-4290-4f84-833d-e944f189942b,0.0012773889999380117
64bb9554-0e36-419c-8ba5-2264427a0974,0.0012773889999380117
d9e8ac30-3c14-4b28-8909-7db08059def0,0.0012773889999380117
dbced2f0-3855-4714-8718-085722225187,0.0012773889999380117
5209fdf3-aa4e-40d9-b6d0-772a055954b3,0.0012773889999380117
44a95b6b-b338-434b-9a6c-aead6eb76acd,0.0012773889999380117
cb9af02c-a9d7-4f5e-9134-10ac8857263b,0.0012773889999380117
99c5ad15-ce3b-4994-9902-fd53159f1a76,0.0012773889999380117
b5116800-e8ff-4bee-8284-7e2290fe7a08,0.0012773889999380117
1bdde6a0-d4d3-49bf-b830-96bbd31dc445,0.0012773889999380117
64eaa4b9-9dd6-4df3-98e9-527dc4b60b0e,0.0012773889999380117
30627f80-437e-423c-b8de-30a1e9174f16,0.0012773889999380117
74a50dc1-5cb5-465e-a4b6-cc076844ccd7,0.0012773889999380117
6bb8df8f-de55-4d99-b3fb-3ff15d04a2a3,0.0012773889999380117
7963363e-e2b8-4069-a33d-2704e12b7100,0.0012773889999380117
6d7acfff-dfee-4f0f-b068-48eda89de4b0,0.0012773889999380117
03255872-1d85-48da-beaa-abc69d25d9a3,0.0012773889999380117
69c5fc23-e6d2-4449-b755-dd02f4fb6154,0.0012773889999380117
27bc0c58-ba8f-4690-9b8e-d7bfc2868be8,0.0012773889999380117
fded4675-5539-4259-b5f1-c43d22312f46,0.0012773889999380117
d1d4608e-905f-4df4-85b0-075fd3733fd6,0.0012773889999380117
cf0f71d9-f2ec-42df-b445-afa7000d5148,0.0012773889999380117
13d081f3-29ce-4a8f-8205-2f0424f90ecd,0.0012773889999380117
50292cbd-8838-4bc8-a376-24920b5c400e,0.0012773889999380117
32a702a4-06b1-4f10-897f-203c070f1950,0.0012773889999380117
41c2e224-ccfb-45ac-935f-725ddc1dd008,0.0012773889999380117
1074a722-8858-4da8-8563-963daf0c8a98,0.0012773889999380117
79bb45bc-b90f-4999-b85b-faee565d9bbe,0.0012773889999380117
0290fb8f-fbb9-4c1f-b0cd-a36c1976d0cf,0.0012773889999380117
60e3c0b8-da69-4ab2-b4e6-3726fde159b1,0.0012773889999380117
ea5162cb-7af2-4f9e-819e-8b8d583d27c6,0.0012773889999380117
6d2bc73f-3683-4468-afda-f5b9353b72b9,0.0012773889999380117
abc6a353-a853-48ee-be55-5139c7c5a5e3,0.0012773889999380117
6343e342-931c-4ff2-befe-3362427e18b7,0.0012773889999380117
04edf5b8-0e13-450c-8722-8976e34f57b4,0.0012773889999380117
e9bd0ec8-9b95-40e8-b969-1a6d27706825,0.0012773889999380117
64a7f589-0515-4d61-bbc9-78eb3fc215b4,0.0012773889999380117
c9f8c268-c70b-442c-b496-e925d2e41c46,0.0012773889999380117
d16d96eb-ee14-4c74-b341-b4573a825fe5,0.000704087890539995
8020fa6a-6b32-4987-a170-3249865cfa8c,0.000704087890539995
ae4dff11-d0ba-4212-a856-b2b2fd09e036,0.000704087890539995
567197cd-9d6a-46e7-aae9-5bee012ff818,0.000704087890539995
3cf290bf-ed6d-4598-894b-f6dda7743b1f,0.000704087890539995
0eedcbd3-8883-4749-be5a-5d2127312d65,0.000704087890539995
8ff1e6a4-2e56-4d66-aa4d-846bd59b9b7a,0.000704087890539995
9fe32e06-3091-4096-a527-7d222606ed22,0.000704087890539995
fd836273-6e0c-484f-9478-e3be0ea660a5,0.000704087890539995
b9427fdb-dc92-4c44-9422-d994146ff648,0.000704087890539995
5345f727-16e1-4689-ade6-0b33e589b0ed,0.000704087890539995
89c38cf5-4f29-4b8b-bcd8-eb062861d70d,0.000704087890539995
4daaee55-4c25-4100-b47e-2c596c20b485,0.000704087890539995
a33b3008-c79e-48eb-b601-5a4904c0dc92,0.000704087890539995
9ce7e34a-7895-4cc5-b4ae-e697ca220ce3,0.000704087890539995
e75e985a-267e-4d68-8304-533d0868d035,0.000704087890539995
25629f3e-d895-4895-b3a5-419d818b09b6,0.000704087890539995
97aec0a8-dc8e-4c70-96e9-81889d0d62dc,0.000704087890539995
542245b2-92f3-48a6-a6da-3145ca1cfbfe,0.000704087890539995
82b6a218-e8c6-4621-b3f6-19823b1d9bd6,0.000704087890539995
78c8a359-c5c8-473e-9459-26543c00b82d,0.000704087890539995
ef674b25-bdc9-453a-85c6-81aee760555c,0.000704087890539995
aeccad4a-724a-40fa-b31c-7e35459e94af,0.000704087890539995
3b3c474c-f408-49e5-b06e-4d69c60557dd,0.000704087890539995
21144292-f442-4446-939e-8c8e9618ac7e,0.000704087890539995
4c3744fc-e5e4-4e9b-bd5b-64119a76372f,0.000704087890539995
0317da46-096c-4182-9630-3089e0014790,0.000704087890539995
85d6c567-6d2c-44a3-a342-a74af916d01e,0.000704087890539995
86b9bb6f-96ed-485a-9aab-0f6b61e292ad,0.000704087890539995
1514c1e9-c538-40ca-8a5f-af51a869ef0d,0.000704087890539995
eacc1c34-6403-4763-8b8d-e035d722c1b0,0.000704087890539995
fe587594-5731-4367-8bf0-78cc60e7fba3,0.000704087890539995
4dcca427-81be-49c7-9e0b-315cba3f8df8,0.000704087890539995
47f8a0f8-057d-4f3b-8dba-593a33274df3,0.000704087890539995
473318d3-c109-48fa-a742-d0efa1508346,0.000704087890539995
de608728-a632-4a44-8b15-a4f1e5bbe854,0.000704087890539995
c09ad33c-8be3-4941-98b5-a0805176c78d,0.000704087890539995
95a4f411-bc49-460b-92ca-05c6b8250ed7,0.000704087890539995
9e531c4c-65b7-4fe6-97b1-d1bf700a6fa1,0.000704087890539995
709ca3d7-a73e-4809-985f-9fc6f8aea9f8,0.000704087890539995
d6f6c23a-3ba6-4b5e-b0ed-af9c7369a259,0.000704087890539995
8df9d74b-5902-44fd-a676-f3dd3ac6387e,0.000704087890539995
59ee6070-0f7a-4e6f-a3ae-46554b45709c,0.000704087890539995
03fd2331-da35-4d21-a2f4-8e464f95dd67,0.000704087890539995
7f010192-ae58-459e-8592-2d53c062bf25,0.000704087890539995
87573c36-4910-4796-a0e0-7bc4123ac937,0.000704087890539995
e20bde46-a1ec-4163-ac24-f43633c58501,0.000704087890539995
389cef15-395d-48b3-9a89-d1f540939473,0.000704087890539995
d65ffb98-94f9-45b8-9f08-1e00f641698a,0.000704087890539995
81281434-5f2c-4a50-ba32-e61d185eef39,0.000704087890539995
2160e46b-d876-4921-a72f-b49b6a930bbd,0.000704087890539995
bcb06c92-7a80-4403-bd53-194245b72897,0.000704087890539995
880d1c95-3de8-4176-8f30-1df48209f61f,0.000704087890539995
ca803992-40b1-4b14-b136-7f13311af56c,0.000704087890539995
1bf1e722-c1fc-4324-bb62-cb1fc33a195a,0.000704087890539995
519e1cd1-bbf1-455f-b791-318fdabac1c1,0.000704087890539995
c3f5ae6a-dd40-4028-93cb-bc56b3bd5064,0.000704087890539995
d2184303-8123-4b59-95f1-9a39649b0bf3,0.000704087890539995
34377f94-fdac-48e4-a773-59d82d779252,0.000704087890539995
6fe7d346-0db4-4e6f-9398-7c5cfa632ce4,0.000704087890539995
4417f0ca-6254-4fca-a4f0-216b6f38e5a2,0.000704087890539995
34274fbd-1193-48ae-9c70-36466f0656d7,0.000704087890539995
0136c6f6-a24a-4cef-a6e0-18c84b30339f,0.000704087890539995
6fd067da-0585-4574-bbf5-7a84ef1dc1ce,0.000704087890539995
7a0935f2-19eb-48b7-a152-c7104918eec6,0.000704087890539995
14ac73af-68a8-4b93-bdad-687647f93c29,0.000704087890539995
095f8e34-8358-4265-911a-e31c2dcbbe9f,0.000704087890539995
09611bcc-fc2d-4bf6-8a08-40d0325af842,0.000704087890539995
a409db16-a948-4eb6-b5ed-e06316b752b3,0.000704087890539995
885fd154-afca-4ed8-a269-76c40559ae32,0.000704087890539995
08ac21f8-8e4c-499a-82b0-cb4e4227a21f,0.000704087890539995
c69cfc25-552a-41bc-b500-df0397f63dba,0.000704087890539995
4c91d42b-d6e3-4fe7-bafa-5dd5af44203e,0.000704087890539995
39693745-a574-4003-9796-18cd8b31dcdb,0.000704087890539995
f30e93f4-3ff9-4cf6-b35e-0313c3eb9ebb,0.000704087890539995
3dc6955c-0572-4370-8fb6-47011a66fb53,0.000704087890539995
d9e2c415-7826-4464-8258-b2b955c2e77e,0.000704087890539995
29cd4f57-0250-4aca-8682-1956efc89cbd,0.000704087890539995
c8bba31b-f39d-4171-b011-437e3a833651,0.000704087890539995
897b974a-350e-4f9a-9a69-0b19d22d5b47,0.000704087890539995
6eb1a656-9f15-4195-9251-7f507457a095,0.000704087890539995
613c52df-70b4-4454-b767-e61d3886378c,0.000704087890539995
aa2f7505-15fa-4ec5-b9db-10b797294188,0.000704087890539995
a23c9c07-88d4-4140-a330-ad490589a35c,0.000704087890539995
7a29ee01-965e-4888-9806-1f8afa2ee17a,0.000704087890539995
8f3c3fbe-f29d-4e0f-b204-c780bf6e63fe,0.000704087890539995
72ba4e1e-ca6d-4438-ac2e-70955b1ad00e,0.000704087890539995
d44481cc-fecc-4886-be6e-c055eac2c17d,0.000704087890539995
4a5cfa1f-2867-4405-ae1e-28deb8e98554,0.000704087890539995
3be76b5f-412a-40ce-959c-896f047012e1,0.000704087890539995
49a22007-b8a9-4176-b4e8-273982488d94,0.000704087890539995
765621c8-3338-4ef6-ae11-aff4b65ab8b6,0.000704087890539995
89e025be-2958-4069-9e6e-7de5ed51135f,0.000704087890539995
4c7da603-d5a6-4988-a7ab-49fd7c6362f1,0.000704087890539995
954926d1-ee2e-4cbe-9676-e8ce78a55ef2,0.000704087890539995
498918aa-d666-47e4-b225-824a84771e40,0.000704087890539995
e60db8b0-8b24-428b-8d5e-6f26b28a66b1,0.000704087890539995
1a20098a-9db2-42fb-b663-32e7b3b7d767,0.000704087890539995
2bd133ae-771b-4e47-b6b8-208e4ea200d1,0.000704087890539995
8d236971-57f8-416e-aa75-7ea16c791008,0.000704087890539995
f2648b3b-e420-46c2-afcc-ec85b1b17415,0.000704087890539995
20b1cc4b-728b-44e8-9982-136957a4e3b6,0.000704087890539995
7a9b5d7c-2317-4b8d-8ce8-f047b8da0487,0.000704087890539995
327f2582-50b0-4869-a2a6-82790cc9bf67,0.000704087890539995
07ffb521-4dac-4af4-97b0-74ed34be2efa,0.000704087890539995
0390e565-7496-4fb3-8502-691b08c8752c,0.000704087890539995
33b03735-88db-48ee-bb6e-0650cd80f99e,0.000704087890539995
7c2321c0-afef-4d49-ae86-6993575b2431,0.000704087890539995
ba47a831-d696-4bb8-b2d1-2604fc75394a,0.000704087890539995
d8a1a300-c805-4961-b937-7b9477a104a7,0.000704087890539995
e6b7a583-0e66-428a-a053-505603f26351,0.000704087890539995
cb7199aa-b4db-4840-8a8f-a81f254cf0ab,0.000704087890539995
c9f26cd7-af41-4ea7-b197-9dddd1fe34f2,0.000704087890539995
5cef4a98-bf6b-4001-beb9-a908d4420888,0.000704087890539995
3b95ca01-f683-4cc0-a710-478ecbdaee1b,0.000704087890539995
f35facce-9399-48dc-a567-0520a75880f7,0.000704087890539995
a9207f52-dc4f-4045-affa-e920bd3a7803,0.000704087890539995
c02f7145-aa77-42ac-a442-47a9eb488b24,0.000704087890539995
c2899888-8287-4db6-bf3d-bf1a65a5e025,0.000704087890539995
eaa273bd-aeb4-446a-8d65-f9cd63d458cf,0.000704087890539995
5267b6ac-28cf-4899-9d7d-a2bd9e00c39e,0.000704087890539995
a657466c-85c9-4d35-a48f-a9e3d0ac87fb,0.000704087890539995
04828747-0476-4034-b5c2-3213c4227eda,0.000704087890539995
7efdb3f8-0bfc-448a-a4b1-225df09770d9,0.000704087890539995
b6c83b02-d1df-4bac-936d-ebb215800e7c,0.000704087890539995
b24a2bc8-a5e1-46be-bf84-5bd98d6119cc,0.000704087890539995
83800f50-d848-4558-8692-dd43067a0ee1,0.000704087890539995
a7fdc3fb-04c2-4ec7-8674-8eb52af57cd5,0.000704087890539995
965ae9c0-f80d-44ba-aec1-743a546bf609,0.0007734687500260407
a36cdad9-8006-451a-9ee9-6d4c642a85bd,0.0007734687500260407
90cb1b71-69fb-48c5-8e55-2887f28ee720,0.0007734687500260407
219c9551-082c-4f5f-86e3-f553798a95d3,0.0007734687500260407
f7cca7cd-5aef-447e-9416-c9a64d06c887,0.0007734687500260407
d6566ee0-1d80-4e3a-bf38-d440bcbd7458,0.0007734687500260407
e7695581-9cdd-42cc-b29f-919beb44b689,0.0007734687500260407
78623b87-2169-4edb-a1f5-500a3b11a764,0.0007734687500260407
bd847a3f-464d-449f-b2d6-58600ace8c7b,0.0007734687500260407
6962e09a-2754-4fea-baad-12c64afbaeaf,0.0007734687500260407
2defd12b-8d21-4fca-83e6-55cc5d37f48b,0.0007734687500260407
fb41a3b3-305b-4403-ac30-6872da743f08,0.0007734687500260407
d612b7a1-21ba-4712-9d55-2c9c64e97b6e,0.0007734687500260407
ade6d62c-5911-4ab7-8b31-5c2c194e8b62,0.0007734687500260407
930396b6-efb2-4764-8ff6-d3ca16240c96,0.0007734687500260407
9fd0c481-44be-47bc-96a9-e361e84d2ff6,0.0007734687500260407
44ee8b15-56cb-4877-91cb-8c1fb7fd051e,0.0007734687500260407
aabf8f9c-fd72-4d0f-a6f8-a74bd8ae9f64,0.0007734687500260407
ef3d5041-3360-4f5e-b9e0-e5f28af2386d,0.0007734687500260407
9dff56f7-1741-4006-92df-c99c81c19a99,0.0007734687500260407
b03adb85-c918-4892-91e8-39101bc4b1aa,0.0007734687500260407
332d5e90-8a44-4bec-9916-120884cfe0b7,0.0007734687500260407
a8611f36-7dc6-4db7-a19a-9279f5efd9cd,0.0007734687500260407
a4866c3e-c91c-4662-bd42-d678372cdecc,0.0007734687500260407
2ed67b2e-96a5-42ce-a506-b0a4d8a40878,0.0007734687500260407
fa44cf84-ed6d-43c9-9c15-c786217f30f2,0.0007734687500260407
6da7e88d-af2e-42ce-87f4-ec0685347631,0.0007734687500260407
fa557665-4187-4246-bfcf-8ce4cff75fa5,0.0007734687500260407
5f607e3b-a8ed-4bec-8c5c-739aaeedade9,0.0007734687500260407
fb525fd3-0a5b-4dd2-b128-10b456177edd,0.0007734687500260407
a81d53cd-0693-4541-aaa4-3106f3a67abd,0.0007734687500260407
aac0ff23-7536-408d-a451-452ff152873c,0.0007734687500260407
2b94932b-e5e7-4ad2-87c5-65227341a998,0.0007734687500260407
17db1957-2c95-4281-9951-e643dac1b307,0.0007734687500260407
d2920a30-8b65-46b6-bbf2-878f9588d8e4,0.0007734687500260407
a9b3105e-f620-46da-ba87-fc3982d0a970,0.0007734687500260407
986cacc6-2df7-4146-af39-c00a9096c49f,0.0007734687500260407
fcbfdfe2-72de-483c-8eb8-d9aeb334aaa3,0.0007734687500260407
bf03310d-e199-4ac6-b806-03f47cb600a4,0.0007734687500260407
b519920a-5736-456c-abcb-4bc6c5ee9206,0.0007734687500260407
27cb196d-5635-4c0e-9c52-73df62c44d6d,0.0007734687500260407
21ec27b3-94f4-4070-8224-b32199f3f3a3,0.0007734687500260407
3d9be9b1-2516-4548-9f8d-5caed2d9cc33,0.0007734687500260407
85894617-04be-4597-8484-33fc8d093496,0.0007734687500260407
ff4702b8-0270-48d7-85cd-513576769e19,0.0007734687500260407
c9edc586-02ce-432c-9097-f8f3de07e34c,0.0007734687500260407
c3f7fe33-27ec-4c09-96f6-b435cb795cd7,0.0007734687500260407
845bf5b9-9751-4b29-9c19-bdcc31554fa3,0.0007734687500260407
66e28676-798f-421d-9e0b-de40c3946f43,0.0007734687500260407
d353675a-0b02-481e-8c2e-a86217d78d6d,0.0007734687500260407
0dacdcb2-0528-47f7-8934-ba3af33052ec,0.0007734687500260407
c47f3a43-839c-4d90-9290-189e16de632d,0.0007734687500260407
3cac3a26-7f99-42ea-bb0c-412dec564c2d,0.0007734687500260407
663deb41-f25b-4ff2-8f4d-79bc42ad5965,0.0007734687500260407
6819c2c1-003f-4f3c-9af8-e2a8f1a600eb,0.0007734687500260407
9ddc6e83-6283-48b6-925b-6f61a858678d,0.0007734687500260407
78dea2a0-a039-4689-9537-559a87a54beb,0.0007734687500260407
9fed9f8f-8bc0-4e1e-bb6e-26e08117b322,0.0007734687500260407
f813dc98-51a5-4c01-aa75-93b6dfa8f620,0.0007734687500260407
f7743463-d820-4ce6-9d98-0091ff577602,0.0007734687500260407
0dd653ee-7b35-44f6-a60a-8f2b4c752d75,0.0007734687500260407
b889961b-60e6-4b07-82df-93f7b1928409,0.0007734687500260407
076f69f9-97e5-42c9-a17a-29605ad09b3a,0.0007734687500260407
36f8d443-d2e6-4b7c-89ef-7e50f1a21e45,0.0007734687500260407
d8615bb6-2fe8-4295-b86f-be9f5c3fdefd,0.0007734687500260407
3a8e1972-0653-4b2c-a9dc-3c64215f4a5e,0.0007734687500260407
1574ea3c-fa53-4789-9d5f-6c0ce8d0f95d,0.0007734687500260407
49ac8307-7ca0-4849-887c-1bbf889dc122,0.0007734687500260407
15186a9f-84dd-4ed6-b56a-068b0e5b1b56,0.0007734687500260407
aa186e10-b48f-421e-8518-0a7c00ea06ef,0.0007734687500260407
fb48ac27-90b3-4159-b30e-ec5e10199121,0.0007734687500260407
e4614368-a88b-4d2f-8ab4-178dd97ba88d,0.0007734687500260407
7b2a6953-13ae-4340-8119-f9da848f2307,0.0007734687500260407
aa20f070-667d-4d0c-b971-a3e04d71e9e0,0.0007734687500260407
4496c898-d9d3-4b32-9da1-1bfa43ccef5a,0.0007734687500260407
07ec9a92-e373-48b2-b358-427337fd48bb,0.0007734687500260407
a715546e-73b2-43aa-822d-c233cdc862a6,0.0007734687500260407
0aa85bc3-20a5-41fd-b669-596b66305e9d,0.0007734687500260407
e3c7068b-a2b8-493b-acd1-c4626edb1f3d,0.0007734687500260407
a3c9cd08-cbb5-4c0f-aa5a-d9297e3717c1,0.0007734687500260407
1852bbb6-33fb-4e9f-b27a-38c8e0a4656e,0.0007734687500260407
43878318-31ca-4f7c-abda-00ee8099ee7f,0.0007734687500260407
e7c38a45-0e24-4785-a1d7-1c0124a9189d,0.0007734687500260407
7c689e70-09f9-481d-b4f3-694cfe187774,0.0007734687500260407
43685568-ca5f-4475-b764-307a37a0be25,0.0007734687500260407
2e3d438d-76f6-4c06-87f0-ca84a31d4d23,0.0007734687500260407
c8a396d8-ec97-44a5-8698-f47b9d6241fc,0.0007734687500260407
6fab2cb9-5801-445f-9944-189c715e0212,0.0007734687500260407
743c0dd9-c6be-439f-a788-eb1e8ce206a4,0.0007734687500260407
3461acac-83d8-49d2-ac56-bc5e268bcc1d,0.0007734687500260407
4a3ae445-d54d-42c7-a138-d7103e8f2b2d,0.0007734687500260407
7362bf29-fa92-423c-9487-505e724901a1,0.0007734687500260407
d2c1d816-a695-48f0-a3b5-eec682298db5,0.0007734687500260407
d622f7d7-c718-49f4-b84d-e30d3935c447,0.0007734687500260407
363bbe91-127c-44bc-863c-aedfc840c73b,0.0007734687500260407
8f26a4bb-276c-43fb-b402-80cc7304c27b,0.0007734687500260407
6c4322e4-6c88-488e-a949-29abc994e7ca,0.0007734687500260407
b87c449e-f5a6-4c69-807a-1a28c18936dd,0.0007734687500260407
ef8f0100-fe1c-45ee-a8aa-b5a2e5fbe8a3,0.0007734687500260407
7d300c92-cee6-4c7b-bcf6-ba4d634c1fc1,0.0007734687500260407
65a100c4-b895-4640-84a8-f8e6b740cc76,0.0007734687500260407
25d8aca7-3190-4827-b70b-ec32b1658838,0.0007734687500260407
3e2d80bd-7cc6-483f-83df-dad192d0a19a,0.0007734687500260407
95a2b38a-a3e4-4bc9-a052-05e1beea199a,0.0007734687500260407
0c811d5d-6ca6-49bd-8bb1-67574c736d5e,0.0007734687500260407
acedb33a-25e2-4267-b4a8-0671aece079c,0.0007734687500260407
0c52e6ac-c7d9-4c91-a7c7-c0616da03e8d,0.0007734687500260407
69cbfad9-6a16-442a-a7f5-968fbacd93ac,0.0007734687500260407
8348549b-73b6-4ddc-8585-f25925bc3fc0,0.0007734687500260407
0066e289-2ead-48be-a6bc-f75f0d1ce85d,0.0007734687500260407
119efcbb-377b-414d-996f-d9d4b06f2c3b,0.0007734687500260407
3b51d8df-0628-451f-9325-01d8d45c9413,0.0007734687500260407
72d268f0-2bcb-4afd-ac03-8134090269d2,0.0007734687500260407
07ff60fe-d2af-4207-9bf0-4db9eed1e351,0.0007734687500260407
eae71e9f-3ffd-4197-90d4-dabad7731e5c,0.0007734687500260407
2bfcdda1-a7e3-464e-8466-f4e7928cac7e,0.0007734687500260407
f61b75df-bfd0-4a3a-8297-25da3ad0130b,0.0007734687500260407
c8296c50-a44b-4e2e-9292-376316127f99,0.0007734687500260407
8ae6d7e3-068f-4e2b-bf95-128833177163,0.0007734687500260407
80091daa-b79a-4891-b35b-0e436184ed47,0.0007734687500260407
121715b6-9816-4743-b09d-c1799af86318,0.0007734687500260407
0b809488-b93f-4714-b96a-03bf6f7ae106,0.0007734687500260407
1c40991e-1314-4e5f-893d-a2eda191b694,0.0007734687500260407
440fed4a-ca0d-4f90-a4a5-8135a361389a,0.0007734687500260407
fcb0b745-f734-47cf-991a-9a3ff4e2e905,0.0007734687500260407
f175acae-0901-4556-8a10-2caf7377eb73,0.0007734687500260407
25ae824d-691b-47c5-a906-7fa01a7ec346,0.0007734687500260407
0856c4ee-1b0c-4b7c-bfd8-f5e3ae8e18b0,0.0007734687500260407
f9d432a5-ff54-45f1-93e5-0698bcb1f628,0.001912775718778903
e7ae8ef3-abca-45b2-9f8e-37d713affe18,0.001912775718778903
6631ee72-686b-40e2-81c4-2bfa01186d0f,0.001912775718778903
931db897-e4b7-48ea-84a7-6458dc5c60e1,0.001912775718778903
e397af7e-aa78-4ad2-87e9-47a253b38de3,0.001912775718778903
1b1078d7-f4a6-459c-ac54-b5f3a95a8a3f,0.001912775718778903
144f7349-2bef-4b5a-902f-378e944b3c11,0.001912775718778903
82fb9281-4562-4559-b7fe-12232ff8fe30,0.001912775718778903
5813f9fe-7c05-4b0a-ac83-4320275b9f50,0.001912775718778903
1cc8cb3b-9681-4007-8bca-f558551e8e7e,0.001912775718778903
31e5339d-1b53-4e3c-87af-279c805370a4,0.001912775718778903
6c3c9692-92fc-468c-9652-b54dd3b2c4cd,0.001912775718778903
3198440f-415c-47c4-a28f-43c77de008f1,0.001912775718778903
760e8032-7a1b-4ccb-bf1b-a29fcdd62521,0.001912775718778903
7b2ff42d-1cd5-4e0c-a397-2322884ebf62,0.001912775718778903
7095303e-f104-4256-ab72-dc6ae2d7ca15,0.001912775718778903
b6f6490e-be77-48e0-8bdd-943b2940bc4e,0.001912775718778903
6f095d55-3f80-40a1-8beb-e91d78e4602b,0.001912775718778903
7a6474d5-f41a-423d-905a-0147d3b2b9e8,0.001912775718778903
3f5ccf08-9dc2-4ad7-9179-9bedfb7df077,0.001912775718778903
ff9d5073-82da-4698-9991-58304b18a870,0.001912775718778903
ff219b54-1433-4343-b960-7602f7158513,0.001912775718778903
83ba6f84-ea5b-437d-a65b-b4fea5df9a55,0.001912775718778903
4bad9595-5eca-4310-9a06-8ecfb7f38524,0.001912775718778903
07136b78-083a-4324-a297-f8202d817a26,0.001912775718778903
3b64667c-3445-45b5-80e2-d43c33be89a5,0.001912775718778903
8a057048-334c-4aa6-92f2-36b13683b622,0.001912775718778903
7a215982-aafb-444c-89fd-91d726c62d2d,0.001912775718778903
b9423902-8a69-49a8-9fa1-c1351338e8f7,0.001912775718778903
636e9659-14b4-4801-b332-a8d0b0b1dad8,0.001912775718778903
4a117f52-4825-462d-93d5-95ea54eba370,0.001912775718778903
91f5b5c7-c226-437c-8425-23bacb8322be,0.001912775718778903
186eb190-58b8-41d6-ab33-78e25cea7dce,0.001912775718778903
09ef8ab4-fdfe-4b3e-b669-c8e2acc7a268,0.001912775718778903
afdb7e48-3fb9-47b9-9625-9a851cb06c08,0.001912775718778903
3e87aa4a-e8c7-4236-a0b3-c526265d887f,0.001912775718778903
629ab98c-3522-42bf-960d-d2912022d214,0.001912775718778903
efa316ef-89a8-4ffd-bb09-bce2fa38d01b,0.001912775718778903
e8fe3e87-ea19-404f-ab81-b6b403d0cbd2,0.001912775718778903
c7077d76-f9ce-4df9-9598-392ebdc09bb3,0.001912775718778903
947b6675-e80a-4553-a34a-92d117651b48,0.001912775718778903
e03eeb82-3cd0-4df9-b257-af31d4877028,0.001912775718778903
d054156f-abb5-4ad1-826d-6df27dd93ac8,0.001912775718778903
b5ec0b0e-2d8e-4e01-8163-57fa5735fac3,0.001912775718778903
f3f238ff-bbb0-46e9-b69a-356d92f9d0cf,0.001912775718778903
5cf6bc15-6628-4055-89f1-b85b00e23547,0.001912775718778903
d9e55af7-1b6e-4ba8-b454-1a24ba4270f4,0.001912775718778903
7850a226-14fe-4c4f-97d0-073a202b5509,0.001912775718778903
d5a0bf77-8853-4e51-be72-cf9002b8b7b4,0.001912775718778903
71ffd526-3e02-4534-a408-a85cdf06e871,0.001912775718778903
a1685594-1578-4185-b688-b56f4715b495,0.001912775718778903
40d332b1-4a84-4f17-b966-2d5e5869114f,0.001912775718778903
8e5dea14-a43c-44a4-81e2-03abdf84e7ce,0.001912775718778903
356c9212-1584-428c-bf1a-58323ff0dc83,0.001912775718778903
2dded8bd-ec6f-4205-9f21-621c9efd8666,0.001912775718778903
43dbe0e0-354b-49d1-adba-f29f4aafc673,0.001912775718778903
d414123a-3938-404d-9f10-5623ecdcbda0,0.001912775718778903
d17505e0-5429-4c59-abf8-d032bf0697b4,0.001912775718778903
74f2435f-cdf6-41d7-b6ee-158248e292ce,0.001912775718778903
456bab97-9158-42ae-8ae8-7d25af4c2d70,0.001912775718778903
d3ae0521-ab05-4d39-b62e-8c4d80e63082,0.001912775718778903
3aed4aef-51b1-4026-b95b-ca24f7ebdfa1,0.001912775718778903
917c8d16-1c66-40e2-b82e-3f66fa3a32e4,0.001912775718778903
9a12941a-a78c-4922-86d1-1309030e1959,0.001912775718778903
24ed6c75-487a-4906-8467-570dc5941f89,0.001912775718778903
f9b97a3f-700a-4d5f-bd6c-eb159c633d77,0.001912775718778903
7c82f2fe-7b95-481e-948d-65375a3e9e37,0.001912775718778903
94e298e5-b6e5-4c7b-ada4-4c86db4235d0,0.001912775718778903
6181c8c0-7d5e-435a-a675-bc6e7d7bea24,0.001912775718778903
0fa1ed3a-5fc8-4070-89aa-3e4af01ad31e,0.001912775718778903
1eeaad54-e45d-4db0-bee8-cd3b465f94b8,0.001912775718778903
6464b1bf-4705-40e8-891d-1915268564a2,0.001912775718778903
2cfa61ce-d4f4-45ed-a34c-2ed7a680bdc0,0.001912775718778903
0f7754bd-0e9e-4fd3-b673-bd03515ee6cd,0.001912775718778903
b0795a22-ebc0-4cbe-a645-68d48f9f496b,0.001912775718778903
5ffdf2a5-33f9-41dd-8087-d6f14464c8de,0.001912775718778903
53d1ef3c-f5f0-402b-9433-520dcfdc902f,0.001912775718778903
15e2d3c7-55fa-4f90-9f6c-ba6018feee95,0.001912775718778903
f7b7eaf0-3567-4fd4-ad2f-28c5a56f4c43,0.001912775718778903
4593ac5d-4a25-43ae-9bcd-566d05a41473,0.001912775718778903
62eb9e11-9a1b-4282-8d95-e2951c4cfea6,0.001912775718778903
a4a628ee-e99b-4379-9293-272f6070cf6a,0.001912775718778903
a01c3b74-136d-4076-a1af-b6e7b8b697fa,0.001912775718778903
416d22a9-8e4f-4f33-a398-15ba2fc44717,0.001912775718778903
d96e7430-a9a2-4869-9ca8-9fe9ee937d81,0.001912775718778903
9fe969dd-da6e-473c-8ff9-cd073a51501f,0.001912775718778903
4f7ed97b-857a-4ac2-8ad8-c42048f13622,0.001912775718778903
391802e4-87b8-43f9-a028-e02a39297627,0.001912775718778903
f67c99e3-b7a2-4fc7-bf40-42342b89933f,0.001912775718778903
af450055-0d02-4407-aea4-9eb038a08736,0.001912775718778903
5510e709-69fa-4b98-b0ca-71b43b7b53d6,0.001912775718778903
a994867d-665a-4833-95f6-fce5c0661378,0.001912775718778903
00cbc86f-0170-4774-8d3d-452de0a94c0b,0.001912775718778903
6709fd13-8799-47ed-8556-277119856cc9,0.001912775718778903
897eb2f1-34f2-4fad-bdae-e33e51107cff,0.001912775718778903
4a2d7241-d19b-4113-9b00-06a2105134c2,0.001912775718778903
4a5288bb-6824-42a6-acf8-b2ad011d11c7,0.001912775718778903
c999e1bc-4495-4290-8ec0-5f59053d214a,0.001912775718778903
460094a8-bb0f-4ffd-bb64-6d9b457257ef,0.001912775718778903
4998637a-e7c7-4f0c-ad08-0fdc32216805,0.001912775718778903
90d3204d-8e24-40be-998f-fec8173478a3,0.001912775718778903
826fdfbd-af2b-4e79-a4fd-ccbbef74b1c4,0.001912775718778903
c6a77b6c-1edf-41d2-93f6-2b8e721a2fae,0.001912775718778903
aef275e9-441e-4bbc-9f8f-b1cd66e10608,0.001912775718778903
6beb09f3-3135-4c79-8379-8b8813c698a9,0.001912775718778903
f0795800-0944-42ac-9ff6-6f31c8474067,0.001912775718778903
214d472d-eae2-403d-a94c-feceb839fbe5,0.001912775718778903
0fbf2954-2ba9-47c9-bfbb-8c8d4d55b6df,0.001912775718778903
74133acd-dc52-428c-a0a9-3287e9102308,0.001912775718778903
54e02299-3c4d-47b7-be4f-03ddf3ab349c,0.001912775718778903
7439c359-3c00-4077-984f-54833bd7a1a8,0.001912775718778903
46c3240f-d272-45e3-a1e1-304447830069,0.001912775718778903
0756f205-db3b-4680-8929-c18e46bc3995,0.001912775718778903
7a65a7b5-cbed-4983-ade8-9173522d5ecf,0.001912775718778903
67694aee-5537-4a8b-9767-651eb02ed099,0.001912775718778903
279ec1b6-63b1-4d4a-9579-f2cc3e2a3d52,0.001912775718778903
08262270-cdfe-4426-b04a-f22c176db915,0.001912775718778903
0f7826f7-1e9a-46b7-ad8c-2d9eacf615e2,0.001912775718778903
1ce17e77-2748-4f71-8540-aaff25c63b04,0.001912775718778903
8c6646b2-a1a0-4491-832f-d545ebb89c2f,0.001912775718778903
39ae4df7-7ce0-421c-b0e4-2a857d015b0a,0.001912775718778903
df0fe709-632a-4254-8967-0779e01fadda,0.001912775718778903
9247c1f0-1b37-4913-9828-36c8410e1bf9,0.001912775718778903
13fd93cc-0bf6-4a52-a73f-90cbab4736cc,0.001912775718778903
a12daf47-cbfd-4349-933f-816cd4d04f07,0.001912775718778903
15af627a-3c05-4cad-bcc9-82411d6818d8,0.001912775718778903
db501512-6df3-4bbd-a27e-f0770f2a1a8d,0.001912775718778903
b698386f-edd3-4647-b185-7dd14cf0d28f,0.001912775718778903
77c0a09a-33de-4405-b9b7-dd09c0e5fecc,0.0006277666016103467
08bc4a5b-8e26-4a57-9a51-fd91d57991e8,0.0006277666016103467
e2a8feda-8adf-485c-9c8a-3e8fd48fc658,0.0006277666016103467
038cfb8d-0af7-4fcb-adc7-edece7dcc8f7,0.0006277666016103467
83b3c89e-b8eb-46b6-9b2d-9900afdaae99,0.0006277666016103467
fddc9e41-9fe2-4c76-906c-6de0111dab40,0.0006277666016103467
cbd76471-cd0e-49bf-a778-e802d9ef74a4,0.0006277666016103467
d785edaf-567e-45fd-ae77-8bfebb140b39,0.0006277666016103467
bfc0731c-8da9-493b-bba9-0a4185b590eb,0.0006277666016103467
5c7d1078-7317-48c0-a143-3587c506a6af,0.0006277666016103467
3dd1417f-c015-4938-84d3-bed4251fccbf,0.0006277666016103467
57f12253-aa52-4c4a-a0ed-e8476289c1fe,0.0006277666016103467
7466061e-f243-487d-91aa-4909461d82b5,0.0006277666016103467
839255fb-b984-4a9d-b4ea-ed034dc727da,0.0006277666016103467
cfed5593-2ec5-49a5-9b4e-a963c79d8629,0.0006277666016103467
5edbbbb7-6483-4d45-ba9f-b02525df06a8,0.0006277666016103467
bea980d2-7274-4a71-92c4-5d7041ec57a6,0.0006277666016103467
a51cdee2-670d-458e-b276-b8812a469378,0.0006277666016103467
0eb97127-9ebf-4969-a84c-bf23a4016baf,0.0006277666016103467
42e84fb0-c8e4-4a70-bf34-00dfd6f9e863,0.0006277666016103467
dd3dc2c4-e6ea-4b0b-aa54-c14b83436483,0.0006277666016103467
b3677768-f9fa-496e-becf-b2b07843b040,0.0006277666016103467
fd19c3b1-59fe-4102-9e3a-e06bda5d0608,0.0006277666016103467
2cf13e01-c3f9-4d78-8146-ef5069dc9cad,0.0006277666016103467
8f47e08c-4104-4989-9eb8-5eb87a1ebf72,0.0006277666016103467
59025bb1-be37-444d-9d91-4b704ab2d887,0.0006277666016103467
035157a4-2ecd-4af4-8ad3-0433733ba50c,0.0006277666016103467
3020fe45-a110-4007-b925-6f68f1ab3967,0.0006277666016103467
ec34924b-340b-4a10-8353-aee3ab207869,0.0006277666016103467
22a8957b-9c16-460f-bd43-9b7d0c2b0536,0.0006277666016103467
9ad28408-77d0-4f65-9774-949ed6e3e2f4,0.0006277666016103467
47f43ddf-189d-407e-a70e-72e192c9348b,0.0006277666016103467
a1efd987-3437-4f11-8cf6-d932b3d4d5a8,0.0006277666016103467
a693b154-cc3f-474a-8357-7601a8f607da,0.0006277666016103467
c0a40eea-8607-4591-b197-6d39147590f5,0.0006277666016103467
f9ad9978-e694-4f37-9c09-5030f700cd00,0.0006277666016103467
bd53543f-1c7d-4400-bd95-9f1e7029a07a,0.0006277666016103467
207e813c-3aa7-4bcf-befe-eb778a417820,0.0006277666016103467
7c7b16ef-c3bc-4772-ba64-0a073dd81178,0.0006277666016103467
988a2260-e58c-4a66-86ae-9896c9dc41c2,0.0006277666016103467
b2b4e040-4d1c-42f0-a5ca-a19b938536e3,0.0006277666016103467
9eadeba5-9834-4db0-9e6b-ab7eef888d1e,0.0006277666016103467
afaa4fbc-d951-4e0a-af72-8f94f571f93d,0.0006277666016103467
38b8ee57-3bea-436d-817d-1ae5ea9111f8,0.0006277666016103467
d47c0db7-1fe1-40eb-b6bd-e19bbc26fc2f,0.0006277666016103467
b65047b2-b101-45b0-881f-3fe127be807b,0.0006277666016103467
62b265cb-7bda-4254-819e-bb536c458bf0,0.0006277666016103467
c369a731-443f-4f72-b3e7-7f1160ac0e5b,0.0006277666016103467
cd6f41b9-93e8-4bdd-a16f-36580c0cc471,0.0006277666016103467
a6338363-c1be-4e24-9db6-156b26630146,0.0006277666016103467
14238f50-3973-45ae-9ed6-86600da58416,0.0006277666016103467
78bbdc2e-aaa2-4820-88b1-8eecf3a0604b,0.0006277666016103467
542ef803-b420-4848-b589-a5fe8303c06a,0.0006277666016103467
519b8033-6008-4ac1-9de2-3741f8e45ff4,0.0006277666016103467
e2976387-e4e2-4867-b3f5-966bb4845752,0.0006277666016103467
d9f0642c-7c09-4717-87be-74692a81e463,0.0006277666016103467
9a224a5f-f746-42b1-a531-40793bac7161,0.0006277666016103467
1ce652a2-5b6b-45e9-8497-b58374437b72,0.0006277666016103467
1d458e86-eff2-4fe5-87fa-415f9e60c84d,0.0006277666016103467
2886f7b9-4187-4aa0-a90d-d3f71de04ae8,0.0006277666016103467
bcc4f2b2-2581-4bb3-92be-55ec3e62fe31,0.0006277666016103467
6cac4f76-7287-49f9-8e5e-d90a8d60cf91,0.0006277666016103467
8afa258b-07df-4bc4-a7cf-b65214412641,0.0006277666016103467
852005d2-7e3f-486a-9af9-7baa0dd00540,0.0006277666016103467
a3cdfda8-6df7-4279-8d31-d44fbab81340,0.0006277666016103467
945b0c49-c8cf-4419-95b3-bc68e1f64cd0,0.0006277666016103467
ff428090-5812-4cc0-b981-6164fbc44332,0.0006277666016103467
7a3a2b2c-22c1-4691-8a78-3b47af4c7a12,0.0006277666016103467
115ab207-03a5-471c-9318-3d14aed16ed3,0.0006277666016103467
9fbd68c8-f6b1-45d4-a8ab-61842cf52939,0.0006277666016103467
d18197bc-737f-46f4-b8ab-c7626cb3ad31,0.0006277666016103467
f29405ef-7f75-45d9-a261-743621208874,0.0006277666016103467
76f9916a-d3a5-423b-b3bd-050af6e33238,0.0006277666016103467
c411d8ae-16ef-4a4e-99ad-0c0a0d7a6b8a,0.0006277666016103467
b05a106e-d2e9-4819-974a-bdb14fe50d2c,0.0006277666016103467
177f3e17-fdae-44a2-a414-a223d023d7be,0.0006277666016103467
e52dc891-aefe-4bc9-be18-ba77c3d06977,0.0006277666016103467
0b9f4aab-25a4-4bb8-8601-b92db49b15a7,0.0006277666016103467
a6882500-b071-43b6-9f81-6a4336118276,0.0006277666016103467
186b3468-61dc-49cc-9381-38b439165db3,0.0006277666016103467
1a608884-0a79-4eda-84ab-e15f84971f04,0.0006277666016103467
dcaa2542-203a-43b6-93ae-885d57fe7ba5,0.0006277666016103467
c3509189-5457-49fe-8229-2a2ca465537a,0.0006277666016103467
1681d9e8-48ea-4f66-abe6-fada2e80ec50,0.0006277666016103467
09f7d8e9-eb98-4b5b-b76c-810146740c34,0.0006277666016103467
4a986b44-c02c-48e1-81ec-4a2613152427,0.0006277666016103467
d68a2632-1d45-4326-a252-d3caacd71401,0.0006277666016103467
eba92683-2d35-46d0-abe2-4b29423044bd,0.0006277666016103467
25fae793-c7ed-4912-9fa1-073a05b5bd1a,0.0006277666016103467
60625475-c91e-4a7b-be04-fd894b86b602,0.0006277666016103467
e5a17d2a-791b-4fb1-9599-42c90208f923,0.0006277666016103467
22a5b9b9-79e3-4e40-84db-f4f066a6d27b,0.0006277666016103467
1901ecdd-7ea1-48dc-b7d2-1ed6ecf26512,0.0006277666016103467
973df882-3c03-4fd5-972f-19752e8395e5,0.0006277666016103467
06a958ff-53dd-4628-8054-010b1b8b18e6,0.0006277666016103467
436e5459-7d9f-4037-95d2-44a995589300,0.0006277666016103467
bb56389f-f733-43d5-8520-5effa13f0011,0.0006277666016103467
97873f3d-c27d-42b1-9c9c-28bf1736def6,0.0006277666016103467
1d5a8137-08e3-479d-a005-ab618e1428be,0.0006277666016103467
f9fffb09-465a-4930-8740-70dde4be5321,0.0006277666016103467
23bf3df1-cdac-435d-963b-612f02abfd66,0.0006277666016103467
7ac7bb1d-a24d-44f5-9c2c-e0a7a59b37e3,0.0006277666016103467
d912e200-daf1-4c10-93cf-bdfe9916c74e,0.0006277666016103467
84521eab-c6e8-4f8a-8a3b-33a958e2199f,0.0006277666016103467
b6816913-6d4f-48f5-88e6-f5e9f1930b51,0.0006277666016103467
df022919-e00e-49a8-b1fd-df2ebfb636ed,0.0006277666016103467
202d4087-5677-44a8-a8cd-f450ce78d90e,0.0006277666016103467
536e7c85-6775-4ba8-9c4d-7a4a2e5e6fd4,0.0006277666016103467
b12d2c24-ffe6-4ab8-a041-adaab336d3ca,0.0006277666016103467
a658541e-ab94-47a0-84a6-5c0a46c11947,0.0006277666016103467
7c41ccb4-db57-42d6-b990-245be5d653d7,0.0006277666016103467
1e7e2b96-aa15-4ec5-8a9c-32033fef0430,0.0006277666016103467
5487546f-9613-446f-9fcf-b690433f49d0,0.0006277666016103467
1ae03ffd-d0ed-4db4-bc2c-9fcbd20aa97e,0.0006277666016103467
d06eadee-1f31-46d6-aebe-73950ae73772,0.0006277666016103467
2a727282-5545-4bec-9f31-93c0fb43b7b8,0.0006277666016103467
c9db82d4-a698-4530-ba51-367a86dfdbc6,0.0006277666016103467
a7b8f9b5-f589-4852-a108-39c0296ef492,0.0006277666016103467
f769b50f-3a58-4908-9ef7-e15865d750ae,0.0006277666016103467
438165c0-1a5c-4686-a293-f5ef27381eae,0.0006277666016103467
3f590c7c-0fbf-4db1-99b8-528b346c67b9,0.0006277666016103467
23717b65-f317-45d6-88b1-4702d35e58c6,0.0006277666016103467
14a97e9c-5739-4db5-b5d5-494c6b139cb3,0.0006277666016103467
5f5e1a12-46e1-4f6d-841c-c4d52d68563c,0.0006277666016103467
2341c0b2-55bb-466c-9420-5e975592edb1,0.0006277666016103467
56e2ac2d-38d7-4423-b797-4618630a4a95,0.0006277666016103467
d001c1bb-29c2-48f4-bb01-a38bff3f9349,0.0006277666016103467
96b32440-071a-44b3-887b-973a61e6f0c0,0.0006277666016103467
15d0d4f1-4789-4b4b-ac01-47094ebcc656,0.0005822063827736201
b6f982e8-f7ce-4f75-afdd-434f6a703819,0.0005822063827736201
b9bb54e8-8958-4777-ac6d-bbe63b730fab,0.0005822063827736201
b3ae98dc-1465-4ec2-b896-a87b77d4ac10,0.0005822063827736201
21bc905d-0052-44f3-bfb2-1f91c9f5e01e,0.0005822063827736201
3bc940ed-3121-4de3-9654-98ac99b0b8c1,0.0005822063827736201
1a76c519-ae92-4d6b-8fdd-5d8952576b10,0.0005822063827736201
aa50687a-57c5-43db-87d5-db09a0ff3414,0.0005822063827736201
9a8bf9db-9757-4d02-b09f-13c42143a43e,0.0005822063827736201
bfe8d1d4-42ef-4582-b989-2f17584a2958,0.0005822063827736201
07822882-a245-435e-bbd6-2b233bcd9371,0.0005822063827736201
c2023837-0edf-4864-8c3d-eb362e046b9c,0.0005822063827736201
a9be5a16-a32d-4b5f-869a-2564cd1ef68b,0.0005822063827736201
9e688f46-d625-4df5-b914-aadba463290b,0.0005822063827736201
37d2a3b0-d2fe-413d-b20b-03aa04776056,0.0005822063827736201
9ff04972-74ff-4bda-b2ba-673b3193cb37,0.0005822063827736201
cc9fdc29-1957-4929-80e2-df86bdbde352,0.0005822063827736201
da95a0b1-be85-456e-8e6c-bb41fd562ff0,0.0005822063827736201
6edaf404-200d-4788-9d46-1a701cfe37b4,0.0005822063827736201
a960717e-de91-4332-b8d0-cacab78f3f6a,0.0005822063827736201
9f3a81f3-398b-4716-bb4e-28143f75fcfa,0.0005822063827736201
cfc1837b-8220-422f-b860-93a31af7ebb2,0.0005822063827736201
31980afe-d284-43d3-93f9-1d38efcc4c57,0.0005822063827736201
f9bb1268-7b3e-484d-b809-3c872d1abcee,0.0005822063827736201
2dd2755d-0a30-4e67-9db3-e5d8ce8a23aa,0.0005822063827736201
e933323c-a222-45af-b60a-1192d217b651,0.0005822063827736201
700fdf13-000a-4528-a1d0-66b26a3f0f9a,0.0005822063827736201
ef97489b-b0d7-4a19-b70a-e61c65344ae2,0.0005822063827736201
959cca28-63ac-4031-8533-63c1f387a9f4,0.0005822063827736201
ddd49747-0f57-4079-96d1-c03d67022cdc,0.0005822063827736201
d4125b3a-0c05-4f47-9620-05b4820c29c9,0.0005822063827736201
eba99d51-5f5b-4ebd-a523-f6867e0e8260,0.0005822063827736201
f7ef6896-6924-4fd7-a65c-7d62d6a0f3a8,0.0005822063827736201
e402ddc0-afe0-43cc-b826-c0ab2b30b9d0,0.0005822063827736201
1338a2da-0932-4bb1-a8a9-6f350afff26b,0.0005822063827736201
3509c6a1-c1b2-423f-9d95-8f4f2bff1f80,0.0005822063827736201
ff643cc5-c0aa-445e-9a50-0071136cf415,0.0005822063827736201
e0ad30c7-c7c9-411c-ad2d-b06e0a4d545a,0.0005822063827736201
12d632e9-10cf-4c07-8548-086a759ae1c4,0.0005822063827736201
c4c75210-abc0-4317-a542-e17c9d390f76,0.0005822063827736201
cc01a280-371c-4792-8939-5a66205ac75b,0.0005822063827736201
a3b1e727-0898-429d-b221-43dd4aab06b3,0.0005822063827736201
93182d9c-b689-4351-833d-c3b3eff1a17c,0.0005822063827736201
49064131-0a5a-4d6b-aaee-abda30ee2a0d,0.0005822063827736201
366ac883-e9a1-4fb4-b324-971fdc8a2d9e,0.0005822063827736201
833c58dc-2427-40aa-b2d3-f7a857c878c7,0.0005822063827736201
2b6e0c34-e5e4-40dd-8ed6-b71e73a4f5cb,0.0005822063827736201
53f8ddd6-0cf0-4756-9ca8-c2642068625e,0.0005822063827736201
95069faf-3de8-47ec-a484-86887085fae8,0.0005822063827736201
d858c850-ada1-4114-9b4e-6482a11b8d09,0.0005822063827736201
847c60e1-34cd-4fa1-ba67-d404f509183e,0.0005822063827736201
30a53471-ca45-4d1e-9a9b-047ea8f823ee,0.0005822063827736201
1d070c9c-281e-4211-a435-6e22bc25ea65,0.0005822063827736201
c2ab2d59-b342-4242-95f8-ac238bf2fe86,0.0005822063827736201
f8e2f368-4cc5-4edf-9a0c-ea13a25bcc48,0.0005822063827736201
824aa9f7-e3ff-4184-a919-bafe6096ae7e,0.0005822063827736201
6f189e47-a2d4-43be-9766-3a7baa78971e,0.0005822063827736201
099d3172-b891-4a1f-a54c-f2073dd484cb,0.0005822063827736201
406d65fa-3f79-4a17-a30a-d777a30ba615,0.0005822063827736201
de2c57d0-bbd8-4116-8ba5-bed4af7d545d,0.0005822063827736201
29f5a320-945e-4084-8073-284571fe5cc3,0.0005822063827736201
57ed9676-d2c8-43e1-ad65-29d7075760ee,0.0005822063827736201
23022837-58cd-47a9-8b29-36966959d35b,0.0005822063827736201
2b1d8f62-f579-4600-9e5e-8f220a0aabeb,0.0005822063827736201
6431bded-5b2d-4b5e-b68c-0b675b944ad4,0.0005822063827736201
ff366659-1b95-427d-aeff-7d3174c4814a,0.0005822063827736201
47851ede-ed92-4f73-96ac-a9e5d0bcfe14,0.0005822063827736201
55626e0a-a80a-458e-96b8-6c2a6a9299d6,0.0005822063827736201
99da87b7-5205-4e8b-b191-2226f92584d0,0.0005822063827736201
59524ca9-616f-4d78-8651-cd68d179a2b9,0.0005822063827736201
c1c37de0-9291-49ac-965f-6729782cfebd,0.0005822063827736201
1169e564-77df-455f-bb71-bc9e43ad47ac,0.0005822063827736201
22352a5b-32ec-42ea-b0b5-8431deea815f,0.0005822063827736201
182bb9c2-4f8b-487e-8405-b24aee746f20,0.0005822063827736201
cddf887a-41cf-4067-b7ef-99efca8fd12f,0.0005822063827736201
55f1ef0b-2129-4cbb-bcfa-74eba7814190,0.0005822063827736201
064af868-7f66-49af-9c36-db3e160e7f81,0.0005822063827736201
08d0ba4d-7dc8-4dcd-8fe7-8c5af0bdc3d8,0.0005822063827736201
88d484e0-67e2-4991-8f08-7f7c4c1d3a43,0.0005822063827736201
7e702540-aa42-4c92-ada9-f82c971a46bb,0.0005822063827736201
66d774ba-f222-4ae5-aa5e-c3a95f4ca685,0.0005822063827736201
faa840be-15d9-419f-85f9-e6de172209e6,0.0005822063827736201
fc2b7674-fa82-40db-a37d-80b6e89bb5af,0.0005822063827736201
04d35856-98e2-48ca-8e6d-5cb24a4b70f3,0.0005822063827736201
3cc9588d-61dd-45da-84c3-eb0b93602860,0.0005822063827736201
e5aee44d-b784-4093-840d-ff58b85ab3eb,0.0005822063827736201
318d80c5-61d7-4b90-9941-8470f609ff40,0.0005822063827736201
357ff3cb-c939-424a-9ea9-07a4f300a70b,0.0005822063827736201
18362389-defa-43cf-b93c-29bb83843069,0.0005822063827736201
f74a7905-10cd-4529-a4ca-6aaec3e63216,0.0005822063827736201
1e2ac269-91c2-4510-a408-d7b0ff6b25aa,0.0005822063827736201
3abb3894-6fb9-4690-9413-e318e1c5ebf4,0.0005822063827736201
310977de-b968-47e1-9982-93000e624305,0.0005822063827736201
9fd6f8a2-0442-477c-9351-bbbea644c053,0.0005822063827736201
e782c705-21e8-4196-a4f0-c2d6faf66164,0.0005822063827736201
5537b6f7-7d4f-405a-b5c5-b4b7e830e829,0.0005822063827736201
a070a22a-5878-46ce-83df-6e31302d2875,0.0005822063827736201
06e7b903-4695-4742-9449-b3099a8942e3,0.0005822063827736201
d8efdb47-30e1-437e-88fe-8781789215da,0.0005822063827736201
e5a0b319-8a5a-44cf-bd82-5dc956d8dc15,0.0005822063827736201
4cd4dabb-5b8d-4881-a86a-1354ff45e6d6,0.0005822063827736201
7ad6e809-3a8f-4ad5-89dc-4158d3c38ff9,0.0005822063827736201
fe5f9fb6-b11a-4193-a5e1-6d5be8e67e5f,0.0005822063827736201
74242fb7-630b-4d9e-9c43-0e20ccf5db32,0.0005822063827736201
4677b3f4-08f9-4cb0-bdf5-63ec0def3bb1,0.0005822063827736201
9a1bdb37-ffea-47ed-9665-4756b92ecba2,0.0005822063827736201
29d2409a-6234-48b2-81f2-ce5dde93de80,0.0005822063827736201
80655729-7765-48eb-9cde-a1eec775cfa9,0.0005822063827736201
d3da8ef7-c4e2-40aa-bc49-673313ac28a7,0.0005822063827736201
c9235126-b768-4f93-b1bc-daef0c4eb091,0.0005822063827736201
b51126a1-6897-4deb-80a8-700bc5b3383a,0.0005822063827736201
c6a9414d-f63d-4c99-a575-266e1ee98810,0.0005822063827736201
97999a64-692b-480d-a1af-bda95f0f3941,0.0005822063827736201
0003fe44-ab91-4b28-afd7-ae0b4b39043f,0.0005822063827736201
f653a772-87c5-489a-9280-557a4cbe4186,0.0005822063827736201
e41c1f17-1e0a-4025-be34-dc1366bc8b7f,0.0005822063827736201
b92f586d-d2a9-413e-b867-e04817f99337,0.0005822063827736201
a3446178-90b1-4237-b522-0f81dcd7084b,0.0005822063827736201
4678b815-2f26-4690-8ee0-f0588a2f2370,0.0005822063827736201
2a69efa5-97a3-4d0a-aeb0-4b5854a174e6,0.0005822063827736201
dfb78bf8-d84e-4bff-99a7-037e6617ec95,0.0005822063827736201
491c3652-a404-4a7d-b374-2c9d6ba57cc7,0.0005822063827736201
dd746ad7-9d1a-4e0f-9374-ca42e51dcb9f,0.0005822063827736201
c3fd60af-2487-4f89-be63-7a184f19a44c,0.0005822063827736201
7e935d9d-9dd0-4bb7-a9f3-28668771ec99,0.0005822063827736201
19c93e13-70cc-4ac1-995c-bd5b10628efc,0.0005822063827736201
d22ccd83-4c33-44c3-9426-60eb851b371e,0.0005822063827736201
6659a8d7-dca8-4226-8a69-cb12d717e3e7,0.0005822063827736201
af4fbdf4-452d-4152-89f5-66da12c5d2f9,0.0005778375624458931
23197a05-4e1e-459e-9b64-9bedffa71bf5,0.0005778375624458931
43d8bff3-c3df-4dd5-91a9-cf7202ecb959,0.0005778375624458931
c4ad0078-bfde-4697-a0cc-b9d20a91244c,0.0005778375624458931
2e0fe0cb-e8e7-42fe-91dc-0f07e6d77121,0.0005778375624458931
62aa0f97-1df4-4fa6-ab16-9fa616e203a2,0.0005778375624458931
3a00abbe-19fc-4b84-a0cd-8a96659a9343,0.0005778375624458931
1d20e7b6-2848-4857-a5f2-291f8acf9d9e,0.0005778375624458931
74b1ce79-465f-45fd-8eb0-853eb343f309,0.0005778375624458931
2569cad4-22c5-47c2-b7d5-c56a9bf4041c,0.0005778375624458931
21b24bba-3f5d-41a7-aedc-44536d4524ce,0.0005778375624458931
4200b797-f436-4e9f-b076-d9a48b5fa37f,0.0005778375624458931
493fb48a-d170-4094-9a39-3309ec4c2bd6,0.0005778375624458931
1a260832-c421-47d8-b687-32edb6771a8d,0.0005778375624458931
c55d5c03-e3e4-400b-9bac-d434784ffb6f,0.0005778375624458931
fd822523-d9d1-4501-aba8-0c7a70a2cf65,0.0005778375624458931
8a0a73b5-0df6-4bde-909a-aebbe4e15af8,0.0005778375624458931
2fd74576-a443-4920-8508-c389dafa2e87,0.0005778375624458931
bedbc878-a0f4-41d8-ae2c-3eb36763a65e,0.0005778375624458931
1f63acff-3849-4611-9340-28918c705333,0.0005778375624458931
451a9f46-d6f1-4143-901c-070a1babca91,0.0005778375624458931
8b698546-25d1-4d3a-877d-0868d0af790d,0.0005778375624458931
6c50bb74-23d9-470c-b49a-3701ee74d029,0.0005778375624458931
1efc00c0-2d3b-4719-97cb-2c8d0065e8a4,0.0005778375624458931
584437dd-b1b0-44f1-9990-3ebf6ac45f52,0.0005778375624458931
6655891e-7908-4e0a-8691-c175a5b4f016,0.0005778375624458931
4e2d4e3b-19a4-4976-bd42-233e27d92570,0.0005778375624458931
dd8d2caf-2603-444b-856e-63fff9976547,0.0005778375624458931
e785838c-0542-4a22-9080-87480510fdcc,0.0005778375624458931
ba9e0ace-fc7a-42e2-8a04-5be59aedbd3b,0.0005778375624458931
b2e74dc1-9261-4df6-a6be-f4cc7f0b98e0,0.0005778375624458931
6d2b686f-0174-4447-a742-4b9fd0435de3,0.0005778375624458931
e696e602-aeeb-41cd-8b77-5bdbb335a3fb,0.0005778375624458931
25c88d24-a5a7-491c-924f-c30f18cd13f4,0.0005778375624458931
f8b92f12-b98f-4de5-94d5-27082f67cb76,0.0005778375624458931
3e8d5255-27bb-444e-ad3a-8ebbb1547811,0.0005778375624458931
dbd77f16-d366-4f3d-a9f3-037323c186be,0.0005778375624458931
0e7f43b1-772b-415e-bba0-5033f32cfd31,0.0005778375624458931
e07b1991-2f3e-487e-a6d1-1a20f7e7872e,0.0005778375624458931
f4a7cb18-7d07-4c0e-a42c-686dfff8be29,0.0005778375624458931
e8164c38-6944-40f3-a196-5a78daa365db,0.0005778375624458931
880a4150-7ecb-480f-b0e2-72684e2771a9,0.0005778375624458931
18537426-972a-45ad-9ea9-b57401c064ec,0.0005778375624458931
0e268868-8d0a-4999-866b-92869afe3b10,0.0005778375624458931
746277b1-1f7d-4ff7-970e-7d292fca245c,0.0005778375624458931
a69a07fb-fd74-4555-885c-f4b405a348b9,0.0005778375624458931
5a958661-e0da-45bf-b5f9-c0b1b5a887fb,0.0005778375624458931
7982d942-f5c5-449a-a468-dbd478915ee7,0.0005778375624458931
1f04e67f-4c70-40f6-8535-63b695a56ef4,0.0005778375624458931
db01f479-7aae-4e3f-bdb3-03fdeeb95636,0.0005778375624458931
63e014a6-d6b0-4e87-b0f6-d140a9812dc9,0.0005778375624458931
01a6b1a2-9c39-42d3-95fa-ecff7646063c,0.0005778375624458931
c8a474fe-ca9a-49d0-a661-f483aea06cd0,0.0005778375624458931
139906c6-ffa9-4269-875e-565aff647f8e,0.0005778375624458931
526f4bb2-3b9d-4dc7-b8fc-bbffe8e40598,0.0005778375624458931
b901204c-efed-400c-86e3-47e38f2160bd,0.0005778375624458931
be5c22db-6463-4008-9587-f3418da32e8e,0.0005778375624458931
ed0ca79f-9665-47cc-b565-1e4496252f2f,0.0005778375624458931
a9a5ce55-7ae7-44aa-8c01-c90d5bfda02e,0.0005778375624458931
a104e0e2-d68c-4862-96f9-c576be005532,0.0005778375624458931
51096593-0497-484c-a2b7-b47e16f24718,0.0005778375624458931
60be9f25-32fb-4b61-a664-6d5873bcc0fd,0.0005778375624458931
822fd3ad-a6ca-4c83-9e21-ed8e3fe0d3f2,0.0005778375624458931
b1b4983d-79db-4ab8-85a6-52b72f77eb59,0.0005778375624458931
8b227bc6-9ce3-46b3-9e64-e13340437692,0.0005778375624458931
94d51804-a58d-4934-96a1-8daa163c1568,0.0005778375624458931
18db08ec-26da-4e51-a8b2-d249d0c0b74f,0.0005778375624458931
83c5f30b-450a-4cf3-8e5b-57b4352afbb1,0.0005778375624458931
6329e84d-0d26-41ec-bfb7-83970b2bc7b8,0.0005778375624458931
c51e6814-80d9-4f45-b26e-05511d4cb103,0.0005778375624458931
faabcff2-499c-4612-9c14-340433f02435,0.0005778375624458931
6de648cb-15f9-48a8-a79e-8f22848bb0e4,0.0005778375624458931
4499a20b-e3ed-49ab-93d4-2059659829df,0.0005778375624458931
e0f0b2ab-3202-4271-b00a-72bd99b55cc1,0.0005778375624458931
09f4f102-ed09-4d1d-9434-08cc3c591827,0.0005778375624458931
d37bb322-94a1-43e0-8f75-5418d0b3a9cc,0.0005778375624458931
ba4ef6bf-5382-44ec-afc0-921729cdf710,0.0005778375624458931
467b247b-f0c3-43e1-a645-29cc756dbd68,0.0005778375624458931
dfb5d9f4-161b-436e-ad22-324f9f4c6236,0.0005778375624458931
24953884-d521-4a06-a152-b659281e7e5e,0.0005778375624458931
a7b27de0-3cb6-4044-a7b4-91530e5dfd7d,0.0005778375624458931
29fb5a78-63aa-45d0-884c-7283c7ac63d3,0.0005778375624458931
61a62176-c47d-4b33-a0f8-b4448f5e83d8,0.0005778375624458931
ddfc9eb5-a6b7-409e-9010-faa483f9de27,0.0005778375624458931
a9e62ef3-887c-4a03-8f32-8003217e98ef,0.0005778375624458931
1011301d-5012-48c3-85ad-d1c9c9af83fc,0.0005778375624458931
316cbe49-b163-4c16-8380-ab67bf4d38bd,0.0005778375624458931
5d2ca7cd-d983-453b-a4d2-ece52c969821,0.0005778375624458931
fa47f5e2-2512-49c9-b358-bfd82a1c3068,0.0005778375624458931
04756e9b-6a7b-4684-964d-57bbd28f2d87,0.0005778375624458931
859d708f-2099-43dc-82db-1afc79d81427,0.0005778375624458931
5fff4dfc-421d-4f12-a345-1ef0af175d2a,0.0005778375624458931
e5cf885a-ae1c-4ea7-a8be-00dcdff79f3b,0.0005778375624458931
cb3577aa-015d-4e42-a3fd-e38dcfe975b1,0.0005778375624458931
ed234bce-430f-4298-87c9-4e488c84e7d9,0.0005778375624458931
0684ecaa-2357-4472-871b-0b6069134eb4,0.0005778375624458931
777264e9-27c4-411f-b967-663e54e6bd92,0.0005778375624458931
9e5d9247-acbe-4566-9d16-baa554d60545,0.0005778375624458931
61a21667-fe23-4d02-baa6-bbcab3ff3482,0.0005778375624458931
3c4ffa70-db02-435c-86c7-e322613a3555,0.0005778375624458931
dcbf77c1-6866-4235-95b9-e16a8be56fc0,0.0005778375624458931
f4367c45-b9f0-4f3b-830b-e0f2bca939d1,0.0005778375624458931
81c63903-7eae-4573-847b-fb4d52f302a8,0.0005778375624458931
702750a7-d896-4d91-bf9d-d0fe62ff74fd,0.0005778375624458931
f710960b-1dae-4451-bee3-672336c0b6c9,0.0005778375624458931
74d42c24-d4b7-4752-ad3f-258ca17362fa,0.0005778375624458931
689e6321-591e-43e0-b365-430749d4ef59,0.0005778375624458931
84633e23-1015-4781-8995-12ed55eef1e8,0.0005778375624458931
c9c7471e-d074-4af1-b8de-94713a5f1848,0.0005778375624458931
6216531d-84d7-4a68-936a-9911d4658f65,0.0005778375624458931
9c0a9211-3a26-4278-b8dc-6db4753f2e5a,0.0005778375624458931
898bf90e-6221-4822-9a59-02bb3784350b,0.0005778375624458931
e39c775c-906c-4c35-bca1-212e0261ce2d,0.0005778375624458931
25e86fd6-6301-4e13-acec-3a98139dd145,0.0005778375624458931
0fa63a37-b3e6-4349-afb1-96e55347bf83,0.0005778375624458931
c4c60f4d-9dd4-4796-b28c-e9349013e374,0.0005778375624458931
75828460-b2a1-4aa5-84bc-161bfbcef644,0.0005778375624458931
971ce244-4901-4abd-a719-8594ff68e5c7,0.0005778375624458931
c4bdd37a-14f0-49a4-8294-9cf33d9346bd,0.0005778375624458931
de34865d-e63b-4d8b-8e89-2ee1dc4ddb7f,0.0005778375624458931
d483e0ad-9164-4cfd-9128-fc58f4bafcbd,0.0005778375624458931
af1bdd28-50ae-4a3f-9572-e5b1a6579cb5,0.0005778375624458931
ab5c8640-01d6-4584-afcf-a291d826a939,0.0005778375624458931
784f9f3e-667b-422a-8e06-c04cc4693d6b,0.0005778375624458931
b8a8c359-70ea-4c90-a65d-2fc0f10b9c6d,0.0005778375624458931
588a4e33-5bb8-41d8-b1d4-859d6498d57c,0.0005778375624458931
f86954f0-de78-4f76-9b24-3391224a2cf4,0.0005778375624458931
5ede229a-ec60-49ea-b725-3aeaf1a63fd9,0.0005778375624458931
9e2a902c-45bb-495a-8e95-8972d67e1e8e,0.0006520882109271042
55b79fb5-f779-488d-a214-c0a00e62b01c,0.0006520882109271042
4e85a26f-d5de-4fcd-b375-bf7fa9227507,0.0006520882109271042
b03ff65d-efd3-4469-a6e0-5debd7387a67,0.0006520882109271042
eab7e3e1-f839-4a6e-8527-2e10e8a4d9be,0.0006520882109271042
fdbdb236-06c7-40c3-9bcb-ebb3cbb0802e,0.0006520882109271042
d41baba8-4a5c-4a3e-867e-5c51a645ecf8,0.0006520882109271042
6f84e880-26d7-48e6-9e38-88f20fca6467,0.0006520882109271042
35516288-84c3-4a64-89b2-a7d2d47366cf,0.0006520882109271042
147b5ccb-2d69-4b4f-8428-19c9c8a20f78,0.0006520882109271042
7fb802ec-eaea-407a-80e5-2f3a99c3da8c,0.0006520882109271042
53d333a9-4d29-4603-b554-7d4f684ccc9c,0.0006520882109271042
0b08da21-1f6a-40db-996d-3ac979c3f096,0.0006520882109271042
ae2e70b8-5c05-4d5a-8e84-4030f07e8e41,0.0006520882109271042
20b31bc5-74f0-48a4-83f0-b851b018dd70,0.0006520882109271042
9b0c86ed-68de-433e-85f5-87d80bf113cb,0.0006520882109271042
6e0014d0-0e97-4588-9c4b-00bcf3322d5f,0.0006520882109271042
c4c14e2a-045c-4ce0-a828-b38c35b1ea23,0.0006520882109271042
1e1b117f-e498-4a89-813a-088fd41ffa28,0.0006520882109271042
1f1074de-e25c-48ba-bc16-69ab6db2f706,0.0006520882109271042
2a3dafd3-7a83-43e1-871c-82543947f06d,0.0006520882109271042
767d3534-1e86-4705-9e11-cf47ffea4525,0.0006520882109271042
0ec8a4f9-178d-4d1f-9e9f-6304a5969d60,0.0006520882109271042
4d77d0f2-b8a9-4190-b196-d6187003d681,0.0006520882109271042
52af9c7e-efbb-4502-8ac8-ab704b1da6b5,0.0006520882109271042
d23b0163-9521-4c09-91eb-643aa7d18609,0.0006520882109271042
7efb8c84-6f95-4a39-ae76-a4b3600c9dbe,0.0006520882109271042
3d6d1ae5-cf66-4e19-ab4f-e2a828b7c41f,0.0006520882109271042
4b178de6-c5b0-4ca2-a19b-ec45e418bfa6,0.0006520882109271042
df7ad794-07a4-445d-a2f9-a3f7fe334be1,0.0006520882109271042
ff2fed7c-3a33-4226-9fcd-2ee2e708252d,0.0006520882109271042
68dfe02f-c87d-4068-8ea9-85d4283dee31,0.0006520882109271042
a9d644f8-bc61-41c7-93bd-2cb59ce1d0be,0.0006520882109271042
623bcee8-d522-4b77-9676-28cb1e58a5b4,0.0006520882109271042
a2a2d971-2707-41fd-80b6-b197b29183f8,0.0006520882109271042
69821cc0-d1b8-44f5-a00a-2a3ed972de8b,0.0006520882109271042
6578d5b2-fcf2-40dc-9602-9f0db3ceba24,0.0006520882109271042
eef839da-0270-46c8-a693-a599fd5f7340,0.0006520882109271042
662f3b79-95ba-4df7-ae4b-95ba6923a3da,0.0006520882109271042
a7c95884-bbbf-49ab-898e-838555e23cdc,0.0006520882109271042
003fd9ea-073f-4cd6-a742-4d32d4c6b968,0.0006520882109271042
19e8ab5b-0454-404b-bf70-863adcd21316,0.0006520882109271042
63415140-96b4-4810-b154-5c05b3bb4e50,0.0006520882109271042
2b054bae-e90f-4595-b44d-03442c8e7bda,0.0006520882109271042
2ab03c30-eb0f-43a6-85c0-8b446b11bb71,0.0006520882109271042
a902a750-2dc0-4052-8362-0c19cfd36472,0.0006520882109271042
9f4ab155-8b0d-4f02-a3f3-031309ced5b9,0.0006520882109271042
20f7bc49-2b17-4013-a274-ec0882d4cac1,0.0006520882109271042
2d45b5f9-d433-4bf5-90d3-0ad0aa507899,0.0006520882109271042
5098afb3-330f-422e-9636-4bfa8b2f4fdc,0.0006520882109271042
b8a10639-1adc-4043-9f99-87d5f1e0868d,0.0006520882109271042
7f79cfea-693a-43b0-973b-d07a00832b0c,0.0006520882109271042
07eb999c-943f-409f-820c-51653fab94e9,0.0006520882109271042
64b72e16-47f4-48a0-a78d-43e7e9fe53b1,0.0006520882109271042
9fc0502a-a04b-4e7d-ba75-8893f66ab2c6,0.0006520882109271042
3d4f8eae-1ba1-48ce-ae87-7f56ff349669,0.0006520882109271042
b4f19446-a8f0-46e7-b01a-5e3f0a6e0b9f,0.0006520882109271042
b2c74aa0-97fc-4f8d-b348-3b0d408b46b7,0.0006520882109271042
5976653d-1a73-4f7f-a9ae-58d5c2b7babc,0.0006520882109271042
1489025b-7892-4182-8a65-7cdac1c7a9ea,0.0006520882109271042
bbbff8bb-3191-4766-ace7-15df7daccdba,0.0006520882109271042
094a8214-1820-4895-89c2-d636ef0857be,0.0006520882109271042
ed80b70e-b3bf-47bf-8a8d-e247e5a8e503,0.0006520882109271042
55a92649-d8c5-4b1b-a597-733d21528329,0.0006520882109271042
de6483d9-553a-4278-9662-d3ed3e58afeb,0.0006520882109271042
a014da91-d089-45a9-9c33-9c6f109f5d89,0.0006520882109271042
8e034a46-5c23-4a52-85e1-9e36369cd7dc,0.0006520882109271042
fa7df306-6fc6-4cd0-b876-552d6cae2989,0.0006520882109271042
2e734997-7796-4124-b016-ff8f95af84ae,0.0006520882109271042
97956ad0-677e-4f4d-96d6-53a595e55f48,0.0006520882109271042
f8e87363-81be-4dd7-a44e-1eab84ed7682,0.0006520882109271042
a9c542c8-c835-4e30-9f2f-9a9caeb0bad4,0.0006520882109271042
c3fdc7d9-5ab4-42ae-9c06-78650d54df17,0.0006520882109271042
79a4c7c3-c089-4808-9ba7-b8b6456186fc,0.0006520882109271042
6ec6c5a2-f14c-4701-9726-1abe9eb686ae,0.0006520882109271042
b5d6a8cc-7bb7-4d56-a48e-1d09e3eed2b0,0.0006520882109271042
c2349dfe-8fa2-4051-bb31-2695c2192453,0.0006520882109271042
fa134f69-49f9-4647-bac0-ba27e431f89c,0.0006520882109271042
ef02e253-6ff8-43ff-92d6-dd6e5422ec11,0.0006520882109271042
645debed-477b-4c4d-afa1-99757b60a809,0.0006520882109271042
d88fce1e-0c89-431a-a4c6-41469a39717c,0.0006520882109271042
078e62ea-415d-47f3-914b-60372be5446f,0.0006520882109271042
e249f844-db58-4ecf-879c-b1923a6e8122,0.0006520882109271042
23282223-c4ea-445c-b46d-950b1271cc2d,0.0006520882109271042
f8098dbf-cd88-4258-947f-492b7421c35e,0.0006520882109271042
16782900-3dd2-4aab-bbb4-88dbdc713ea8,0.0006520882109271042
bd131739-29b7-4fc0-87aa-1c16f6478a99,0.0006520882109271042
acc405f8-ada7-4a19-be47-f4785e32b341,0.0006520882109271042
06b1b417-0635-4334-94bc-b7615613f919,0.0006520882109271042
54bdfe93-4c93-4a80-ab2b-7957de250591,0.0006520882109271042
236feb5c-8a19-4977-945f-fbadd386fafd,0.0006520882109271042
ef464135-fd63-45a0-9c86-6bebaa6adec9,0.0006520882109271042
b6a0f015-6660-4d44-a099-36e7e4871db6,0.0006520882109271042
1421881a-29e9-4dd3-a6d9-f1c505c2ef6a,0.0006520882109271042
1ba42a06-b314-4357-be2b-fa0912f1c5f7,0.0006520882109271042
185374bd-8d0c-4695-a091-d817daf06590,0.0006520882109271042
13f9d330-f403-4e2d-b280-2ab6dd2b2ea7,0.0006520882109271042
0604b5e9-2a57-4fba-9c7b-7244e5f4af7f,0.0006520882109271042
0ca847ef-e318-4f95-8cad-219c9673df11,0.0006520882109271042
b0e02070-ee57-42b0-ba91-663e5058b77a,0.0006520882109271042
eff857c5-1b0c-413d-9c11-a9afd258e4c7,0.0006520882109271042
f269053b-c1c1-4ba9-a2ef-3373907592fc,0.0006520882109271042
80179463-d2ab-4a0a-a702-6a4c7fdce6ef,0.0006520882109271042
61604cfe-f428-4225-b69d-e3ee2055303d,0.0006520882109271042
b9c659e2-c379-410e-9649-6313424a8141,0.0006520882109271042
e4443635-8cb8-4202-9ef8-d8f375dab1c8,0.0006520882109271042
6119578a-9d9b-4cf7-bc9a-24cef3ec6cb1,0.0006520882109271042
ff312569-6162-430b-b8a5-6bf4f990a2b6,0.0006520882109271042
24cf50d9-8c94-47d0-b0b3-d0ce482fe405,0.0006520882109271042
6a9e78ff-5788-4706-8ada-f02358387c0d,0.0006520882109271042
ee0d5c02-10a6-4183-8ca1-2f2210492c4d,0.0006520882109271042
45280bc7-ab54-432c-aee9-0f77200ab5b4,0.0006520882109271042
f5ba432d-f367-44ca-b887-8b3170c61469,0.0006520882109271042
1679f344-cc40-47f0-a2da-d3290cbe5904,0.0006520882109271042
900bc6f8-11ca-443f-abcd-5c95e8b5d059,0.0006520882109271042
b573716c-81d6-43b3-9399-e9cf7a785cd7,0.0006520882109271042
b0f261c9-6cee-483e-ae9f-272bec287eea,0.0006520882109271042
ef078fa0-83f0-43a0-9b0f-8060bddb7ba7,0.0006520882109271042
79ce9338-e850-42c8-90ae-cbeef6ee9698,0.0006520882109271042
d69248ed-9c28-4e52-83ab-a8d4e87c827a,0.0006520882109271042
9ccd2a52-1f17-4a1d-836f-8ac96367c592,0.0006520882109271042
88abcbbf-7d56-4022-97b9-310ef0295b3c,0.0006520882109271042
29126e9c-2c5c-4832-8b8a-f7b5b2ecc3d3,0.0006520882109271042
cf984069-2fdb-4c5d-87b2-3f3f0ffd981e,0.0006520882109271042
f0e306dd-c99e-4557-9c3a-5be80a6204bc,0.0006520882109271042
1b13e6cb-2bd5-4472-897c-40b4d6f397d2,0.0006520882109271042
4b0c2564-b26c-439d-a0f3-af31cc3a15a9,0.0006520882109271042
95922924-d9bf-4ca0-aa4c-33b8b77261ff,0.0006520882109271042
9b067deb-0fde-49bd-b865-1ac0bbfceccf,0.0005885797500013723
eefbbb46-6d89-4300-bb3d-dc5c046b4ba7,0.0005885797500013723
6567f232-cc6c-4239-8040-2b63a2be5f42,0.0005885797500013723
65ee4171-ae71-4179-846e-8f3dc9fbc8e3,0.0005885797500013723
5a4dab51-416a-478b-ad80-d21cbacb0f8d,0.0005885797500013723
c4d365ee-cb81-4c75-a4e1-9c490b598e4b,0.0005885797500013723
21761f0b-8ca2-4d79-a3a0-d34e05e9557e,0.0005885797500013723
382d5ce3-f717-47d0-b8e9-023c12a7eb8b,0.0005885797500013723
06c86b2f-7878-4e6e-8b4b-a527267ecc08,0.0005885797500013723
429dee68-5c70-40c8-8071-d2bc76a4cd3b,0.0005885797500013723
b59de824-c591-43f7-b2f4-a6fb0ca08678,0.0005885797500013723
c36b2376-2d91-4d77-9510-52b3c8a866e0,0.0005885797500013723
cb39167d-41ae-4969-93fd-78a0cf36649a,0.0005885797500013723
1a27495b-a0e5-44a4-9abd-9f6f94f39118,0.0005885797500013723
909cef3f-396d-4cde-b165-0e54780ca366,0.0005885797500013723
c19226cf-10a9-4b3f-9638-e1260340f777,0.0005885797500013723
0a0a947c-8a31-439f-ba99-914d5b0f3eb0,0.0005885797500013723
0bc543e4-7dac-424a-badc-e0659139f449,0.0005885797500013723
bc8cc8b3-f034-4311-9302-beb7d52c2fe7,0.0005885797500013723
5801228d-fa0c-49b1-a759-e8fe373f7ebb,0.0005885797500013723
672e8fa2-192b-467f-81e8-010fdbc49b9e,0.0005885797500013723
b2f3cd6f-c68c-496c-8c6f-f13ec6c7e245,0.0005885797500013723
bf80ff20-1094-47ee-90c7-82dbd7db83c4,0.0005885797500013723
bc63e3b0-d283-400d-b336-badcd97f5349,0.0005885797500013723
017bc2a1-4f23-40df-9048-7772bbe0d029,0.0005885797500013723
98a05270-b135-48f6-830c-c8ce856e2aee,0.0005885797500013723
ea9fbdaa-f7d2-44e1-bf75-78364fa87c4e,0.0005885797500013723
e64be23f-8f5b-48c0-becc-a8837c4ba0e4,0.0005885797500013723
0e8c312f-da89-43ed-87b9-eafea98e8801,0.0005885797500013723
510a7b19-62dd-41e0-851e-dd0947e7094c,0.0005885797500013723
07ebc904-8749-4b59-ad45-2f8391b645e2,0.0005885797500013723
d0bdeb29-0551-436d-8513-9e1df43e6e9c,0.0005885797500013723
15d234b8-aa88-4f69-acd0-aa235eb34869,0.0005885797500013723
2da9aaa6-9ad8-4812-8b16-04668460b3ee,0.0005885797500013723
fecdaae0-0841-4012-bd1b-e66dafa84ede,0.0005885797500013723
1ba1c521-7501-49d6-807b-0fed84277a16,0.0005885797500013723
c92f1856-61d1-4041-902f-b2bcb08b1f6a,0.0005885797500013723
c0ed32dd-aeeb-42be-b405-4cc50f1eb808,0.0005885797500013723
03db4ea8-693a-4d77-897c-d5568682f49d,0.0005885797500013723
a55d1002-0058-44df-a7ad-f32a9f28fc8c,0.0005885797500013723
7bd486ca-8cde-4286-bb40-c504e9f6f70d,0.0005885797500013723
a1a0606d-6bf1-41f3-881b-34659cbbd557,0.0005885797500013723
40491eff-63b2-4a0d-98bf-1267983a6e5f,0.0005885797500013723
799a2ae7-984e-4dac-a314-31cc40037d6b,0.0005885797500013723
e8a43b10-a713-490a-b333-72c3fe1870bb,0.0005885797500013723
dd35c7ee-7d64-44f2-a076-000bae6b86e8,0.0005885797500013723
92052108-89c6-433a-b5de-e1bbf1eb82e2,0.0005885797500013723
a85f5b8e-48e4-4a90-9a28-760efab61959,0.0005885797500013723
a2f28501-225a-492f-9d31-a629e338e9f3,0.0005885797500013723
51b72cdd-ea8d-4e05-9008-f2fad63f43c4,0.0005885797500013723
047ac0cf-32cd-49a0-ab9b-82bc8f1ad06c,0.0005885797500013723
34704125-69ab-4970-a315-1bc005859f18,0.0005885797500013723
0b3ee7f9-5168-4bc6-9285-270b9405372b,0.0005885797500013723
794160ae-42f4-4334-8b32-869092183212,0.0005885797500013723
8516c3ee-b2fb-420e-9c29-098aef8bd067,0.0005885797500013723
faec59f5-09fe-4894-b885-01533b181edd,0.0005885797500013723
b102756f-44a6-483b-b8a7-3a8d62daa475,0.0005885797500013723
ca3fd5e8-6290-48cb-83ba-486dcc1c5f39,0.0005885797500013723
0ad365fc-015b-4798-9203-699d0bda1be2,0.0005885797500013723
62975763-d6b7-4b25-863b-587659160d3e,0.0005885797500013723
7cb82a0b-0dba-43a1-a2a9-5dcfe4946e51,0.0005885797500013723
17392fe3-674c-4d82-8517-f0ce5e4ed18e,0.0005885797500013723
0274dd0c-15bc-4753-89d8-250c96d82faa,0.0005885797500013723
b0d17d78-c228-4630-9180-8dcf818282f8,0.0005885797500013723
c911fd20-2c2e-4d9f-b3c6-19f67b69a363,0.0005885797500013723
e3c62cba-d019-44b9-9d38-9fd31f2f4273,0.0005885797500013723
e5e36a20-6cfb-4b6d-affe-c3c567407daa,0.0005885797500013723
a5fa1b0d-1f46-444e-8bc0-4e1ab291ca17,0.0005885797500013723
c3a34224-038a-401f-8f3e-e98af0724b3a,0.0005885797500013723
9611689c-44b3-462d-bd42-b81661526e28,0.0005885797500013723
20abbe8e-2632-498c-85c2-02dba07e4b47,0.0005885797500013723
9843e02d-3d1b-4160-b1f1-f32b342b90f1,0.0005885797500013723
cd2edbc9-1877-4028-bd4c-c42c8e050a42,0.0005885797500013723
3c68d65b-f8ef-4086-b6c3-d366c27860c3,0.0005885797500013723
deacf98e-1883-434f-a593-3c66d593fab6,0.0005885797500013723
0c4feda4-e1fa-4f5b-a4aa-f707fbe895ec,0.0005885797500013723
c4e0d393-699b-48d8-859b-df22d460b063,0.0005885797500013723
76b2c533-f16f-4d61-bb5f-a18abb580997,0.0005885797500013723
e7937e3d-d8a6-4565-9fb5-7be6cf8e960e,0.0005885797500013723
62cc3dc2-8764-4dd2-b4cd-bee6c17359f7,0.0005885797500013723
00bfd1eb-be2d-452a-bfff-7366b34221e1,0.0005885797500013723
11514e16-910a-4fab-ae77-73eab1766f18,0.0005885797500013723
64b2d66c-9651-4d3f-8a4a-b18a9df3dcba,0.0005885797500013723
170c4c63-2174-4248-8e19-4ec56a0715fd,0.0005885797500013723
b95344cb-8ca0-42ca-aa6c-9e1573d5fbdf,0.0005885797500013723
753a8701-a8a7-48a3-993d-395bfa1fbe34,0.0005885797500013723
5b5f2f5c-1292-4035-8645-cf81f02d8150,0.0005885797500013723
54cbdfa5-7302-49af-97a7-7b6538a74430,0.0005885797500013723
46ee2566-37f9-4404-adb3-0a01efd43103,0.0005885797500013723
67051769-4c69-4b89-8516-383210245bd1,0.0005885797500013723
3e1685fb-ce1f-47b1-8f3e-c1a2c9e086aa,0.0005885797500013723
70c4f190-f0c1-4425-af04-58a6f073f160,0.0005885797500013723
1e6aec14-900d-4c75-8574-6b0d0d29e7df,0.0005885797500013723
e32ed1f8-b36d-478c-83c0-aa6a02d3a18f,0.0005885797500013723
d25fcaf6-217b-480a-a601-362313167bcf,0.0005885797500013723
aad3d64d-b57d-49b5-9a30-4d9b0a0d22f7,0.0005885797500013723
783c5d78-b9ef-4dac-9295-9cce073afc7d,0.0005885797500013723
b6d01f7e-0ca4-41a1-be1d-befc70dc6e5f,0.0005885797500013723
c06ab122-9696-4ed4-84a3-9c4c15c45c7d,0.0005885797500013723
aeeb6822-1f85-4db7-b16a-656881d29ff8,0.0005885797500013723
036f61e2-674d-4876-ad35-c8ba66b56e37,0.0005885797500013723
c71fc536-60f0-4cd9-a779-190620af5e6f,0.0005885797500013723
c4b824c6-663c-46a5-8ebe-e210053bc938,0.0005885797500013723
82e0a7f5-ac55-45da-a243-2aaada52a722,0.0005885797500013723
321dfd9a-3c23-48bf-8983-09a829dfed7c,0.0005885797500013723
920662be-42c4-4aa6-941f-ec1ae6e1456f,0.0005885797500013723
f3a21441-2df4-4ee7-9293-b743dc95291e,0.0005885797500013723
3bd5e0e8-161d-421e-8e05-0a16e122541d,0.0005885797500013723
04f6e5fd-529a-4348-b8a7-edbd0d5fb902,0.0005885797500013723
6e9ee141-ef58-4323-a079-648253b79e3d,0.0005885797500013723
aff87c09-7841-48c7-b2a6-fcb26e14bc77,0.0005885797500013723
db5006a9-12e9-422d-9ced-b1b9a4d18f1d,0.0005885797500013723
6273b7b7-6a81-42c4-96a3-dce2f38400ed,0.0005885797500013723
62d23b37-525e-4f6c-a89b-4e59276a5034,0.0005885797500013723
0f3e7440-c6f9-4941-9da5-9d4dc8a7c1e0,0.0005885797500013723
182ace3f-a5cb-4c45-8a16-dd43a38fc0da,0.0005885797500013723
29d33eff-6a12-4272-97b5-d8079cafc4aa,0.0005885797500013723
9d2965f6-6582-4cf2-98b5-b2c9880e8be1,0.0005885797500013723
6276d0e5-e0c7-4ce7-b710-24fc2610c0dd,0.0005885797500013723
76cd18b5-018f-45f8-852b-5bdc047f1c73,0.0005885797500013723
fc03e71a-9d6f-4fa7-a5ff-b1fdf5257eaa,0.0005885797500013723
25585196-92c3-4dc0-a2ec-8e1b6dad7a5f,0.0005885797500013723
aafc655b-d4c7-4f02-ab12-c250d61b6f0a,0.0005885797500013723
4a018e22-f15e-45c8-9482-a2eb1f20199e,0.0005885797500013723
091f53db-c331-4001-8bf4-2b07fb16b997,0.0005885797500013723
1ebe77db-976d-4ffc-80bf-1c10793c4132,0.0005885797500013723
4754d6c4-1d55-4891-a896-caa16bb6356c,0.0005885797500013723
97cafe71-d604-48af-8930-f88521c996cb,0.0005885797500013723
6460f6ec-b546-458b-9ef3-7321f25a39db,0.0005898268281043784
6a815abc-53d8-41f3-a459-3a1be2239c31,0.0005898268281043784
19ca9451-39f1-41ff-b25a-07f814ddf1bf,0.0005898268281043784
755d8baa-2c5c-46ad-b415-c4d23330cba1,0.0005898268281043784
d339e101-d3d2-49a5-a51b-677d1e225efe,0.0005898268281043784
181ac99c-a2e7-4231-b24c-711ecbad0baf,0.0005898268281043784
ad83c5a4-ba3f-4f42-aabb-00f17e71766d,0.0005898268281043784
46347810-058b-491f-8f9c-caa1e3687a23,0.0005898268281043784
2e5bfe9e-c14b-4b56-8c92-2fb937cc3a73,0.0005898268281043784
53b6f34e-7b9e-4c3b-8b07-1c30cbf930a3,0.0005898268281043784
eb540a6d-57e7-4190-806a-f74af6ff84f4,0.0005898268281043784
b4f44536-120e-4cdf-ac4f-ece440000de7,0.0005898268281043784
760bad97-0f3e-4b7d-98d1-660aeb2bd95c,0.0005898268281043784
95b6b48d-5473-4b38-8ac0-f2cc1d9f756b,0.0005898268281043784
6be38553-6c97-40fe-aa0d-576006bbf2b4,0.0005898268281043784
fac6734f-9fb7-4246-9891-12831ad32a3b,0.0005898268281043784
885c0289-9396-4441-ad0a-d1a98211a415,0.0005898268281043784
88060b84-7005-4a3f-80d1-9d66df3959eb,0.0005898268281043784
37df3142-b68f-4a99-85c0-5a5e3738beda,0.0005898268281043784
25d3993f-e8d7-48ed-a4d6-525b792b2378,0.0005898268281043784
8ddf2a62-fb39-4e30-ba40-44f5b770bb2d,0.0005898268281043784
9d05ea93-a1c6-4184-a6bf-fb9b95286dfd,0.0005898268281043784
5b2c0297-cd92-449a-b8e3-1838198d755c,0.0005898268281043784
31ba694c-7a66-4a38-a657-8c646f20ff27,0.0005898268281043784
f07cfa2f-424d-45a5-ad59-b4277ce65c13,0.0005898268281043784
c4755b8b-e46d-447c-a4f5-da7b965a977b,0.0005898268281043784
7ad77101-1873-4a4d-8125-c27e736d2757,0.0005898268281043784
2d4f2de3-efc0-44ec-b6a4-03627e3e4075,0.0005898268281043784
4543d9d5-53fb-4739-ac26-9cff389a0ca3,0.0005898268281043784
2b0acaa0-72cb-43cb-8095-4029d605e963,0.0005898268281043784
43c19a3d-bc52-44b1-9df1-6a0d896a2037,0.0005898268281043784
d12887cf-49f8-481a-889a-a0fef071642b,0.0005898268281043784
fca94411-d3ae-4b3b-b776-b3a13224aef8,0.0005898268281043784
56fd9866-0d01-4b33-8c0f-04f76eef66fa,0.0005898268281043784
ab502c5e-f165-4763-9ca1-a78b458c91b8,0.0005898268281043784
358ebe49-0a52-4f13-9960-e20a84c32559,0.0005898268281043784
98790bb3-2888-45c8-a850-4f7c2aeff91c,0.0005898268281043784
1a832336-294b-4058-a442-6d190b7e5e15,0.0005898268281043784
2efbfc03-2920-420f-89d8-626c39d9e000,0.0005898268281043784
1d224ec2-8345-42ac-9109-0728b7f638b2,0.0005898268281043784
d96876d6-ec2f-456e-a319-af2b6cd8cfa0,0.0005898268281043784
d82b8870-816d-4678-9b06-fe8c964a665e,0.0005898268281043784
8c4f70b0-cd3b-4fb5-a940-ed85f1f7e6d5,0.0005898268281043784
8997d0e6-875c-464e-934d-864907c5cf7f,0.0005898268281043784
12931c07-9d1b-4777-adc7-53f6b0d0466b,0.0005898268281043784
d9701a49-824d-42a1-8aa6-30539af63f72,0.0005898268281043784
ccc0db95-eb56-4a89-8911-4488f12ff058,0.0005898268281043784
fa661909-7319-4dee-8038-fdc8a1848069,0.0005898268281043784
544825c3-82f8-4930-89ae-35d309f40e9b,0.0005898268281043784
91d77555-a3b3-4820-9ae0-33f6e1d73772,0.0005898268281043784
fbeec6c9-4c82-4ebf-9091-019c0c22ccd4,0.0005898268281043784
77f485e6-e0a6-4463-9324-c2d9d87c9993,0.0005898268281043784
5c26d431-a718-4c8b-be4e-dc4b29d65b3b,0.0005898268281043784
465459a5-11f6-4bfa-bb66-2447343b261d,0.0005898268281043784
bce97780-5d32-4c45-a8c7-0372e1cc070c,0.0005898268281043784
653f4bc5-17ef-42af-96c1-ca671f0e06b7,0.0005898268281043784
22e27b13-75a5-4ee1-a3ff-904d66e4934c,0.0005898268281043784
8be81d46-fb97-4f62-ba34-85f5bce86fac,0.0005898268281043784
0c35ec6c-25eb-4944-b47b-514c28db7a56,0.0005898268281043784
b64bd6bf-d850-48da-a973-6e998ca0c3ce,0.0005898268281043784
9e922efc-38fc-4ae8-8b31-2b6fc5db68f2,0.0005898268281043784
4a1858ae-87db-4977-8fe4-cf0189aed6a8,0.0005898268281043784
02ac05e3-74bb-4949-a1f4-7733e2d88919,0.0005898268281043784
1eba9d35-b96b-41b7-b0e3-94f33b97d7c9,0.0005898268281043784
574bb8e8-4588-41fb-b02d-ffde03bcf92e,0.0005898268281043784
26fcedd6-5aaf-4c99-8e77-c78fdbc3a70e,0.0005898268281043784
77253f38-10a3-4c8b-a660-fc4cb5ac19d3,0.0005898268281043784
0eeb9ef7-b04a-42bc-88fd-0a2ecc0f5062,0.0005898268281043784
39fb928e-6ca4-412f-9afb-01262040c39b,0.0005898268281043784
40987ad3-0e62-47f7-a29f-b01dd02c4c44,0.0005898268281043784
42ff5554-8521-4e16-a8df-d5b45bb4d6fb,0.0005898268281043784
fe2cc50c-5f61-4d32-a1cf-4c5cdc1d212f,0.0005898268281043784
ff3c6558-dbd8-4a65-a8aa-72481fd14764,0.0005898268281043784
95a4e84f-87b8-4d81-bffd-1e5a6a957875,0.0005898268281043784
a12e72a1-9431-4f50-b3dd-fa5c89224531,0.0005898268281043784
85b8fe3f-fa08-46e0-8fff-7dd548c77e07,0.0005898268281043784
42be1c0e-c308-4ba4-bde8-f6ead8815a32,0.0005898268281043784
b0461517-8efb-45fe-ab6a-8adee0c1386e,0.0005898268281043784
4e9cdbef-4628-4820-934b-b5c8dd0afa58,0.0005898268281043784
23fd2b38-3033-4acc-80d1-5b4bd4b74c01,0.0005898268281043784
90ea94df-0c30-4ef9-84fa-e1a8fe9df4f5,0.0005898268281043784
e8296b60-aa17-4c2a-b537-2d68d857352c,0.0005898268281043784
ff24dca7-5870-4571-939b-84d750a2d283,0.0005898268281043784
2d8453a7-f4f8-4b60-9d41-72659f32d3ab,0.0005898268281043784
f24cd531-9ad0-4078-89ed-f9a2714630f3,0.0005898268281043784
34c869c6-e2dd-4a3f-bfa7-74b9a9145228,0.0005898268281043784
7affc6ae-c3e8-48a8-a39e-f486b5baecf9,0.0005898268281043784
9bbedb6d-8f1f-44f0-aa17-b77666969ed9,0.0005898268281043784
4f1b4b17-a8b2-4ea0-aeab-207b9e8c22bc,0.0005898268281043784
6672ef4c-8edf-4037-92e8-2e28cf5a24b8,0.0005898268281043784
1f2e9113-e95e-4e92-835d-9ac21a2db146,0.0005898268281043784
cb00f288-35b3-46dc-aa7e-099df07066b4,0.0005898268281043784
34a6287a-fce1-40f2-9c6f-cbe5a8a0d5e6,0.0005898268281043784
7eb1c795-0789-484f-9133-f7bc49a4d250,0.0005898268281043784
bd105df3-cd8f-48ca-86dd-39108e01d76a,0.0005898268281043784
111a73f8-8510-4d9c-90e0-76b12e3b00e5,0.0005898268281043784
9e1c9353-0ec7-4f8b-b97a-36302c7062c2,0.0005898268281043784
f4d3ee51-76ac-43d6-ad7c-75d05b08b4a9,0.0005898268281043784
7f64ab8c-8de6-4897-bceb-7d743e7fae52,0.0005898268281043784
19782307-c8a7-4c17-acf7-54bb9588aa35,0.0005898268281043784
13674963-999e-4437-8981-cfc76069fccd,0.0005898268281043784
cd4dced4-48dd-49f2-8458-c3d6e9643308,0.0005898268281043784
6d74c873-2ec0-43ba-a22b-81ff70793a78,0.0005898268281043784
e28d1936-c85f-4854-8310-c62c7ce2086b,0.0005898268281043784
238a1de1-90d6-4b74-a292-fdd5a71fdc19,0.0005898268281043784
8b4df7c5-64d8-434a-afef-bc6426a2b4d5,0.0005898268281043784
ebab7a6e-f95d-4bee-803a-e5db33944269,0.0005898268281043784
b0849097-f899-4f9c-98f0-1dea57b03e89,0.0005898268281043784
f6cc097e-9a0f-416f-a2b9-efbd82be1b67,0.0005898268281043784
75f1c6eb-fd68-4001-a0c9-0ed33fb1d3b9,0.0005898268281043784
af631df5-5d2f-41f3-93e7-5d67f1216123,0.0005898268281043784
548f1397-7ad0-4308-b505-a3b25f1a6e9f,0.0005898268281043784
1c07769d-2a46-49e1-b48c-022dfc42a2e3,0.0005898268281043784
37bac8cd-6f93-48f3-8b30-0a31b7f23a35,0.0005898268281043784
6fa5be57-a11f-488b-97ce-3e3ad77d621c,0.0005898268281043784
3fd6e2da-fea0-4ac0-97cb-bad7b39ed3d2,0.0005898268281043784
5ebece50-fb77-44ae-a1a6-4b9ae2740a6a,0.0005898268281043784
26232115-b5c1-45df-a86d-9fdd5bb57d50,0.0005898268281043784
6e7370cf-1f21-489f-b7a5-77df4fe74bca,0.0005898268281043784
fd6387ff-eef2-415d-9059-d46426a03f1b,0.0005898268281043784
17939667-c963-4acf-ac97-7d169352e9b2,0.0005898268281043784
d5df677f-dfea-4d3e-a85c-518768557e58,0.0005898268281043784
a2b169cb-f958-44e2-9461-fdbef14cc38a,0.0005898268281043784
04223c64-438d-4114-8798-c85594c479b9,0.0005898268281043784
379a5841-b85a-4e4d-83f1-cc4ebebc8bcc,0.0005898268281043784
980e7abc-a526-4d7f-a584-9a81a92f775b,0.0005898268281043784
e1075f50-c1b4-4d4b-8be2-3c896ba0d280,0.0005898268281043784
5c41c27e-05fe-44ec-9527-123e1e6f681a,0.0005898268281043784
b17514dd-4f23-42df-9144-e17a9bc71a64,0.0009111354140713956
8dde1848-869c-40eb-9fdc-4e1913118217,0.0009111354140713956
fff7cdd5-0db0-4988-ba9d-ef63bb69037c,0.0009111354140713956
124b1e1e-96cb-45ef-93ba-e17bb7c9beb7,0.0009111354140713956
d62655fa-6482-4bae-b99e-0b116bfe4777,0.0009111354140713956
988a0304-dc62-46a7-a8b1-6adde656afcf,0.0009111354140713956
70b8860d-1adb-4f85-8de6-55d5728e0dbf,0.0009111354140713956
4ee2399a-1046-40e4-99ed-33257db98a3f,0.0009111354140713956
85aa96e2-de38-4962-8c46-c90959f0c7b0,0.0009111354140713956
485c5175-a817-4f9f-a2fc-34f3c078356b,0.0009111354140713956
e8fb65da-96e8-435e-b168-1f70626b2762,0.0009111354140713956
ebf5484d-e96f-4025-9df5-dabc59ebe3d1,0.0009111354140713956
64a61f54-85e2-401b-801b-310d6f855a91,0.0009111354140713956
0c4a8fa5-227a-46ce-ad29-fe56fedfeabc,0.0009111354140713956
230ec1d1-d73a-4c2b-bf85-ebb3e22caf2c,0.0009111354140713956
3c00edeb-fb7c-4e7f-b61b-ec8e058bb9cc,0.0009111354140713956
42b30054-b177-44f5-91f4-0e79c170bb58,0.0009111354140713956
ae71cb2e-95c7-498c-85f2-7626d465ba8a,0.0009111354140713956
1daf8899-e835-4c4f-a201-fbe693b4a39a,0.0009111354140713956
ce194733-7353-4eb0-84dc-bea717e6ae28,0.0009111354140713956
3d14e0cd-0a89-407d-8739-fced7026816b,0.0009111354140713956
9ef96578-9fe5-4772-9cc6-418b91e1f431,0.0009111354140713956
5ae9be80-e3e8-415c-972c-6ce8defcede8,0.0009111354140713956
a1e92389-f8c6-4790-a55f-7f108813c89e,0.0009111354140713956
a5e922c0-2aaf-4934-be16-b5502307f4af,0.0009111354140713956
f4e120ff-9047-4119-8e8e-ed52802973c2,0.0009111354140713956
ec519ec8-1edc-41e3-8668-44df4249c54d,0.0009111354140713956
4aba50bc-07ae-4c71-8a45-faceb88cda2d,0.0009111354140713956
4edf816c-4235-4f3e-a420-8935e3703923,0.0009111354140713956
872b8d8f-bff0-4e99-8853-fca86b5d4d76,0.0009111354140713956
94aa7d22-0ebe-49c8-9b49-38a57aa55022,0.0009111354140713956
1912dcc1-b771-42f1-8b4f-eab6e1faf268,0.0009111354140713956
ef97409a-99a7-4491-b6e5-b61354143424,0.0009111354140713956
f0d42770-981e-460c-9828-ba955cdf9db8,0.0009111354140713956
dd2d07e4-b4e2-4f5d-951f-74590814e9f2,0.0009111354140713956
47726b42-a9a5-45e5-8d7a-d214aef55aed,0.0009111354140713956
9e538c22-fe6e-47fb-8b6e-f3edd14a9a53,0.0009111354140713956
622f90ad-8046-448e-a140-e4268fbe579b,0.0009111354140713956
f3310858-e20b-44bc-9193-58ebd49958a1,0.0009111354140713956
d4910723-c05e-4835-a0b4-0bee6b79245b,0.0009111354140713956
fabc8367-7b3f-49e0-8439-61c1af3ea617,0.0009111354140713956
ca5decf0-3879-4721-b40d-34b69b075320,0.0009111354140713956
2f91082d-b7c9-43ba-9ea1-31d5a492b2e2,0.0009111354140713956
d6d9e5ab-3f18-4425-929f-9de3c5becf44,0.0009111354140713956
6cfd8a41-e49f-46e9-a318-6b6b37e8c7f5,0.0009111354140713956
d46ffef8-9c9c-4608-bae1-e37ecccdc4cc,0.0009111354140713956
1390a113-417b-40dc-a303-2a3f1a74e938,0.0009111354140713956
1dbaeda1-c31c-4a5e-8ff9-0964615e898e,0.0009111354140713956
637b3981-de74-45db-b059-2053b39f62fb,0.0009111354140713956
00367852-4217-48b1-9313-2c21ea592610,0.0009111354140713956
33ff85b8-b71e-4296-9fac-42e1d64edc99,0.0009111354140713956
cc7aa608-9733-43f7-904d-92d524913a0d,0.0009111354140713956
c40899ee-2c9b-4379-b998-acbdc3650212,0.0009111354140713956
76936927-5461-446f-9562-b7898cb8a18c,0.0009111354140713956
7ac7d9f9-b8f4-45c9-996d-69d3c56dfb98,0.0009111354140713956
ef93c13e-a941-4566-b3c8-70c7953e2941,0.0009111354140713956
33cbe8bd-c555-4204-b505-1586729281b7,0.0009111354140713956
36e1d60d-ba39-4646-97f4-273b30a0c2b4,0.0009111354140713956
73e00448-14f8-4e30-be6c-4042cebae9c5,0.0009111354140713956
4e5917cd-d712-4dc0-9886-fc29442ce09d,0.0009111354140713956
8bb1eb9a-823e-4caf-80d2-40b9a344df45,0.0009111354140713956
2651082a-e327-4d67-aaf2-e335731d85ce,0.0009111354140713956
15ac8337-51e3-4c6b-94c1-2146f6daae04,0.0009111354140713956
630afb5c-db7f-4156-ba05-f9d0a592eb6a,0.0009111354140713956
12d5802b-7847-4472-be38-8909f1845608,0.0009111354140713956
fbaf24c1-8d4d-4a1b-bc93-7cb8a7273b43,0.0009111354140713956
197ab9e0-993a-41c3-9dbf-dc2e1951ffad,0.0009111354140713956
f97b3f21-59de-4437-bab1-8d14c77726aa,0.0009111354140713956
b7fcb734-1186-4e82-9725-e5b680e35ed6,0.0009111354140713956
47b63aca-5833-461d-ae7e-26c3efb95b8e,0.0009111354140713956
c08027c4-9f42-4846-9f82-2a9aa918a57c,0.0009111354140713956
dbac1329-a134-476d-ba29-29c90972636c,0.0009111354140713956
25c42a87-e8f4-4ead-be03-49b0d3105c5e,0.0009111354140713956
ec85ace5-fa19-4b03-8e0d-5ea1b8b4c716,0.0009111354140713956
a1822a1b-c4f9-4a6d-b4a9-123965b6c393,0.0009111354140713956
ff7e34b7-b02a-474a-bf76-0e8d34b3ed6b,0.0009111354140713956
b83ab57a-bfab-4355-8ece-3bd4366d096e,0.0009111354140713956
a0e279fd-fa70-4540-a908-b2b9582512d9,0.0009111354140713956
9ffabcc6-b459-4586-8049-598dd2f49526,0.0009111354140713956
f6210552-c2a1-4559-8b9e-2f847820f6fa,0.0009111354140713956
f32928f9-29ae-4578-b347-03db9f56329b,0.0009111354140713956
b875ec12-7760-48ee-baf2-0858c6943902,0.0009111354140713956
46e72572-f384-4470-a5d9-3ea6211be802,0.0009111354140713956
34873f04-1fcf-43c4-ac27-d59edd8daabe,0.0009111354140713956
c8cd8f9d-e96c-4ed0-a625-94ab85f4d66a,0.0009111354140713956
8d1b608b-d9e3-48e9-acfa-d5557115cbb2,0.0009111354140713956
3f9c9870-489e-4c12-a0f4-2143889d2668,0.0009111354140713956
e152fd63-3bf6-4dcd-a428-b5d1ebef6d5f,0.0009111354140713956
7e65f2cc-54c6-4d62-9568-897114473726,0.0009111354140713956
66d24fbd-9e2b-4e1d-903d-b369ee640a19,0.0009111354140713956
5d39c0b9-f7fc-4211-96d6-aecaa7accd3d,0.0009111354140713956
8fe8878f-48bd-4c39-be24-785b855646b5,0.0009111354140713956
d80c199f-24f3-4da6-8c22-eda09fc8d1e7,0.0009111354140713956
b8a48c53-1dea-449c-ac9f-1cfaa418355e,0.0009111354140713956
4093f6b2-00c0-4939-ae63-645a141cbca2,0.0009111354140713956
431fc924-7c47-43a4-9620-97814f982685,0.0009111354140713956
1ff3fe38-3984-4722-a00f-b676dad69a39,0.0009111354140713956
fa9b485b-5ce3-4344-a429-62b542dd5d94,0.0009111354140713956
29ab296a-fcb6-478c-873e-02e7c719023e,0.0009111354140713956
e585bd63-229f-44a4-a9aa-2f8e5576cc4c,0.0009111354140713956
cf8fc01e-330b-4130-9cf8-728c708d90ea,0.0009111354140713956
e57198d9-ce60-4dc8-8d2f-4324d57cd115,0.0009111354140713956
396a1438-ccbd-4dde-9c78-f7618efda7dd,0.0009111354140713956
f3126d2a-22f5-4e0a-9a93-9e07f1d28d11,0.0009111354140713956
8a2d98e3-35ee-4a21-9e0b-5bce1839348d,0.0009111354140713956
57998291-3a53-4544-972b-c2c63508b89a,0.0009111354140713956
80432570-d9c8-4dc0-b6d6-d20fc5fcd19f,0.0009111354140713956
0e51bf70-ea91-41f7-8bf8-1b84944fa4f1,0.0009111354140713956
ef3365f2-2dda-40ed-a28b-368c6c45f76e,0.0009111354140713956
c744c37e-9cb4-4625-b175-18f7051d8e2d,0.0009111354140713956
e1d90fcd-3b54-4557-811c-691857470590,0.0009111354140713956
dce57778-d119-45df-bff2-7e5c4da7802a,0.0009111354140713956
44150c18-4fee-40fa-b2fc-50aaed511313,0.0009111354140713956
6effd1e8-b1bb-4be0-908d-2b5cde52879e,0.0009111354140713956
5304658a-3bc8-4526-9625-1b2e310e8a24,0.0009111354140713956
7c73f34b-5720-4504-98f9-a1137bbc290f,0.0009111354140713956
d21f3cf0-93ce-4ba7-8e2f-808b5d059110,0.0009111354140713956
da1964c7-75b6-49aa-91b9-417e394852c5,0.0009111354140713956
a46acad7-0095-4e2f-9a35-0ff0b5dc07b9,0.0009111354140713956
5aa8d2cb-fbf5-4379-b314-ca401f59aa0a,0.0009111354140713956
199d1744-352e-4a26-9a41-2acf7c77e916,0.0009111354140713956
53b5604f-3dcd-4b64-930e-67f53e18e29e,0.0009111354140713956
f04943ba-d999-4024-9885-191134dc81de,0.0009111354140713956
875a9750-e201-4a32-9fd5-db924d53cf57,0.0009111354140713956
031403a6-d90a-4f0f-98f5-fa029008f797,0.0009111354140713956
1a1a4e73-52c5-44e7-a163-c396d642aee7,0.0009111354140713956
b0207003-97cb-4fb7-8def-82b20593ce0d,0.0009111354140713956
c2e89890-1160-460e-aa4c-f69707004a65,0.0009111354140713956
e95b966b-52c2-44b0-bf23-2ff2268aab3d,0.0006206380155617808
138029c6-d774-438c-835d-b5b553b60e78,0.0006206380155617808
3bea0449-430a-41cb-adb1-299859598ce3,0.0006206380155617808
af13cf7b-ab5e-4892-964a-8bd68cae631c,0.0006206380155617808
2300c21d-b868-448f-bd2d-d3a423bf3d26,0.0006206380155617808
ac0c468b-49bf-43c0-9faf-b9c76b99984c,0.0006206380155617808
afc0f499-ed45-4b43-9f73-499895c02ec8,0.0006206380155617808
a0791de2-f506-4369-896c-10a8c8a39533,0.0006206380155617808
2b6ec82a-47e8-4eb1-b69c-ad991b9dd686,0.0006206380155617808
51ebd455-3954-4e0e-b894-5eea6bf88c23,0.0006206380155617808
0ac57c83-867f-43d3-a023-8959885a1573,0.0006206380155617808
2538bddb-f1d7-47a7-bed3-d30e03833080,0.0006206380155617808
ea85d7a8-4b55-45da-9697-9cfbdbb1d389,0.0006206380155617808
72a9e30a-83fd-4794-bd0a-3d3242bc4ce2,0.0006206380155617808
05112933-d2d1-40cc-8a92-c7809af9ba07,0.0006206380155617808
df33e78f-2641-4357-85a8-bf30285eb101,0.0006206380155617808
7fb970ad-5e02-4cf3-bedf-e5a801806482,0.0006206380155617808
c689151e-0ef6-4091-8217-8ac6ab3d517b,0.0006206380155617808
f922e779-eb7d-4a77-a72c-df1670ef3f3d,0.0006206380155617808
b54d44b7-b453-4850-9673-c16609e723c4,0.0006206380155617808
2e56bbbe-b2d2-42d4-aad7-9918f2c5ccea,0.0006206380155617808
9c70dca5-7aa8-4ec5-8610-28a1ad9c624f,0.0006206380155617808
247084de-1a65-44cc-bace-d7f030292cc2,0.0006206380155617808
ccb2c894-d0d7-4f6a-acaf-ae0a65100e5a,0.0006206380155617808
188f1de6-1e27-4790-a7f9-f7836351abc2,0.0006206380155617808
07a6711c-6836-42e5-bdc5-a5e39726c05a,0.0006206380155617808
8af93770-dac1-4daa-be1b-c50e064b8615,0.0006206380155617808
3cc04dc9-dba4-4d5c-8362-14a51e35365b,0.0006206380155617808
96c5ff0e-4028-4126-b9fe-0b6263e6fa93,0.0006206380155617808
be292836-4739-45d2-822b-dffbad28a923,0.0006206380155617808
a339a4ef-e7e2-43a8-8589-6797e8c3ca57,0.0006206380155617808
88ef11f2-9c9f-4d6a-8e1c-323ccf94a91c,0.0006206380155617808
ded3e474-4081-4ab5-91eb-d3c328729470,0.0006206380155617808
27cd7f54-0199-403b-a578-3636809d45ef,0.0006206380155617808
cc5d17f9-eeae-400d-bfbb-e1b3b2a8ccd0,0.0006206380155617808
0e54e28d-90a7-490a-8725-762090628a2c,0.0006206380155617808
aa573ffb-00b1-439d-94e1-f73bab3ec5ea,0.0006206380155617808
978f529e-2968-4ca9-bc71-c5cd3a1c91a0,0.0006206380155617808
f1176802-8811-4e33-ba79-0791a39b7158,0.0006206380155617808
82d3614b-703f-472c-9239-bb86953e942e,0.0006206380155617808
83dfaaed-e386-4582-9c7b-88cc66fee28e,0.0006206380155617808
3568cf5d-afd3-4338-b1ac-3a5946d2987d,0.0006206380155617808
7693079f-9aed-4dbd-bb7d-b5832cdcfc11,0.0006206380155617808
c923911a-6953-449c-9d95-7737e30ab978,0.0006206380155617808
40f452a4-b201-44fe-952c-7d411700922e,0.0006206380155617808
4b6c92fd-50bc-44c6-8861-7b260d0b2fbb,0.0006206380155617808
4877cd5c-f0cb-4b76-bf9c-5f274a31f109,0.0006206380155617808
1e1d95d9-dc8c-4027-ab04-87cb79f95e1d,0.0006206380155617808
203d0368-6a0d-4373-a30d-37b59a616566,0.0006206380155617808
d1892f48-9ee2-4a14-9b7b-7416caed631c,0.0006206380155617808
168fdba9-05e4-46b3-96b8-05a8fe84e48f,0.0006206380155617808
f0e2f22c-4769-43bf-9f1a-b7154988414f,0.0006206380155617808
870d9005-dd4d-4868-8e7a-424fb75d96d8,0.0006206380155617808
7b264b42-ddcc-4ae0-a1c5-ba8bd049af97,0.0006206380155617808
00acbdb7-0afa-4f62-81b7-a95e501336a4,0.0006206380155617808
7b093167-deef-43cd-8266-4e99b5bb23b0,0.0006206380155617808
f141dafe-ba82-4410-8b07-61c4cb35ccc2,0.0006206380155617808
6495c367-eebd-4480-b1fb-8f499c389f3b,0.0006206380155617808
35943f7a-128f-4477-8c85-311861f7d486,0.0006206380155617808
af59ee85-7913-4907-aefb-8b49e2fb9bdb,0.0006206380155617808
afc8b472-32c7-4e05-9248-3de6b0452470,0.0006206380155617808
d73911cc-e857-4620-a6df-26ac96f283b6,0.0006206380155617808
fe4dc9ad-7e66-411c-b36f-e4e31e155ca6,0.0006206380155617808
30001213-9ced-454e-86ed-19867e10c6e3,0.0006206380155617808
3801ac32-9115-4f16-b9f8-f2a1e736b001,0.0006206380155617808
479b2bf2-448c-4c99-8c08-02664daaab8a,0.0006206380155617808
5f8b1d47-9f46-4c9a-94e7-cfd07a4fb066,0.0006206380155617808
31f8b31a-7b0c-4da2-8a16-401197eb4520,0.0006206380155617808
2c70db7c-c2f6-4921-b8b1-e1ff68cddb1c,0.0006206380155617808
6946d69a-a4d7-4881-be85-b21423803827,0.0006206380155617808
5c8a976a-8878-4fa7-aeeb-2720995fe777,0.0006206380155617808
42d0f555-10af-44bf-8caa-9d6a0d6f00b1,0.0006206380155617808
249b38ec-8714-4f78-968d-0cc56b1c4b69,0.0006206380155617808
cfc5895e-a681-4650-b583-479f93b81d6f,0.0006206380155617808
2ffc6732-fcd1-41cd-9455-7341a3af0cb7,0.0006206380155617808
3142f090-64e6-49a6-8ad1-6e6ad7e3ab37,0.0006206380155617808
1079c503-cbe8-468d-912b-e7e16a820a89,0.0006206380155617808
f00f9a41-44de-4de1-a0a4-94b4b6b24247,0.0006206380155617808
f9c12c42-028c-4ea2-b293-62447a64bdfb,0.0006206380155617808
8b68c77a-803e-46c7-a087-8612817b0cfc,0.0006206380155617808
853bd210-f2ea-4e8f-9a5d-3596bb25f571,0.0006206380155617808
c6578205-2313-46a1-8361-a5022839fae3,0.0006206380155617808
2db7b869-42a5-4ba2-ad44-1698492fc3e3,0.0006206380155617808
ea9d4580-9dca-4bd1-89e0-a51845d09d02,0.0006206380155617808
797b3ae5-3b13-4b78-bc0c-6afd34c2e86e,0.0006206380155617808
c7f7563a-bf67-4760-9652-b396b432df58,0.0006206380155617808
c0de26f6-7b50-4be2-9c7b-df71adc08f39,0.0006206380155617808
167fb825-219f-4426-9dce-fac67c375f6d,0.0006206380155617808
991b5f30-b394-44f2-9564-e1a60994c4a5,0.0006206380155617808
a35d5748-074a-4023-b3e5-ee0026ab657a,0.0006206380155617808
63755016-b0e1-4404-a2ea-3d0c0b712513,0.0006206380155617808
9f79b56f-af5a-4949-abe7-672643529425,0.0006206380155617808
cc7822a4-281c-491e-86d8-7ce663f1de9c,0.0006206380155617808
5b880043-5707-435b-8b46-0d7b68e1998e,0.0006206380155617808
f8380fce-20ee-45dc-939f-d73e93417a3f,0.0006206380155617808
5a55b266-af87-4b93-bc7c-f2617d8b69eb,0.0006206380155617808
0c7136bf-c12d-47db-a30d-06ff8cf1a6ef,0.0006206380155617808
4305bd96-d43b-4259-8672-10af706af8d8,0.0006206380155617808
dbdba183-632d-4d35-a11c-53380193ae0c,0.0006206380155617808
91038787-6880-4a13-bf55-ab712bd6a775,0.0006206380155617808
1859420b-d892-4a0e-9225-9c0411490990,0.0006206380155617808
6405cfa1-04db-481d-b5f5-c24c51b1a90d,0.0006206380155617808
a1f1ec7b-b987-4809-89d7-8c7b172243ab,0.0006206380155617808
98acaa4c-e61f-4e98-94dd-b80a6e185ade,0.0006206380155617808
ff9c6351-cc86-439e-9302-a9e9cc43c60d,0.0006206380155617808
de3772c7-c835-4ae7-8dc1-fe5f6c0a78f0,0.0006206380155617808
b6061401-ef11-4a95-bcba-4eab8a24d297,0.0006206380155617808
5cc99fc3-6054-4597-bc7c-285402178cf8,0.0006206380155617808
132ebb2f-b327-4eb1-b81b-33d2e0b902fc,0.0006206380155617808
9ac5588f-7007-4776-b600-8a7f8bcaddf9,0.0006206380155617808
1df92d01-f388-4bf5-8740-3e2d96cfeef2,0.0006206380155617808
f73904da-cb9b-4880-bc5d-203b72127c7b,0.0006206380155617808
eab2a2aa-75d9-41bb-b28d-2fbb09f59de4,0.0006206380155617808
fe7d0b82-367f-413e-93d6-642f21e01b9c,0.0006206380155617808
7d1a5eec-36d0-4e0c-b389-85a1c51295b2,0.0006206380155617808
2f112c05-7aa2-4890-bec1-56205fddc5dd,0.0006206380155617808
48c22313-3ec0-409d-a9e9-d6d166d32f06,0.0006206380155617808
dbed7302-a440-4052-961a-7176af84ad05,0.0006206380155617808
58b2b0fb-3b4d-4a49-8409-4c58a0591b70,0.0006206380155617808
67c80478-4c34-4d77-8619-0378192be6a5,0.0006206380155617808
8b8582fe-6643-4ec0-a090-cc9c703f9476,0.0006206380155617808
ee3ac56d-db45-465a-89e5-a3bbdf64d694,0.0006206380155617808
3759bae7-7c14-4c4d-b2e3-d07db93dd86f,0.0006206380155617808
a3bc2b15-ecac-49ad-92f2-f999d6740b45,0.0006206380155617808
a857e97b-a520-4894-b076-21328e85eccf,0.0006206380155617808
3ef40793-222e-467f-92d5-d5f0d778996b,0.0006206380155617808
4a7c9e5a-e5ca-42cd-bce7-f21124ac69ae,0.0006206380155617808
bcd0604d-7a7f-4c0e-85ae-4c6cb0b69193,0.0006206380155617808
3d273ed1-1d73-4770-8316-4a594ecf2491,0.0006171380233581658
eaccc6ae-2b34-43a5-b699-1206f47ea8b8,0.0006171380233581658
398b6545-21d5-4af9-9630-bbf1c1692869,0.0006171380233581658
d83a77ef-4733-4a59-9c8d-e3b9f913e45b,0.0006171380233581658
47ac96c6-f9e5-46ec-8e39-5e06759beb4e,0.0006171380233581658
90e56cb8-de5f-4ddf-99db-af6580f1640a,0.0006171380233581658
e41a08f4-3652-4549-90b0-1e8fe83230fd,0.0006171380233581658
2afbd3b1-c075-4fa6-8fa4-3f98362e696b,0.0006171380233581658
47ac030e-91f7-43e1-a36d-d080f7b7b7a8,0.0006171380233581658
2a478916-5e0f-43cf-9af3-e71d1ddd0734,0.0006171380233581658
cee7c033-5af6-48a4-ab98-54ec90ca3f78,0.0006171380233581658
b5b2729c-f6b5-4316-8b17-37da44fe27f2,0.0006171380233581658
ac9bb3bb-9413-4cd4-b075-61021afff436,0.0006171380233581658
03dffa64-6eaf-4db6-b71c-dc8aa452bd58,0.0006171380233581658
5c17b0f3-d320-47d0-bf93-b54ee36b91b9,0.0006171380233581658
1370862e-28af-4e9e-a81d-e0d6f8d1e97e,0.0006171380233581658
92a2b999-e5b7-428c-933e-4761b5545342,0.0006171380233581658
db1b505d-9f67-4aca-a032-6cf3f45fccb6,0.0006171380233581658
8733e87c-513c-470d-9ea5-54059fd86265,0.0006171380233581658
b988494a-f93d-4e62-ac21-426ad4bcbc13,0.0006171380233581658
67fdaa1a-fe7e-4c06-8cb7-1a9e23642b0e,0.0006171380233581658
42c22b48-c5a7-48fe-8e2e-68ce99f21d37,0.0006171380233581658
008fd8b4-b967-4dcf-8653-7ff87134a99e,0.0006171380233581658
712d1e67-4ebe-4629-aa18-73f02cd73a05,0.0006171380233581658
f394d4fd-0e29-4eef-8797-67fd033e31c4,0.0006171380233581658
8596e0ad-921c-4bf5-a677-32c504c8b06e,0.0006171380233581658
795e9e1b-8771-4af1-9540-e40495cd6fc2,0.0006171380233581658
9fda75b3-aadb-4043-a0e7-3d111739fa84,0.0006171380233581658
d323fe7e-aa00-47cf-b5b6-bff8e78dd0b2,0.0006171380233581658
a3948445-4a75-4f9d-81b8-e9152e0c9b11,0.0006171380233581658
4ca7336c-4762-4003-8315-dc8ea04c0d93,0.0006171380233581658
238fa7fc-8d82-4191-84d3-a3c38783e2b9,0.0006171380233581658
aeee945e-0d03-4a9a-be8e-9395ad3f4177,0.0006171380233581658
ccb31a45-95d2-4f1d-91aa-e3ab668c07b2,0.0006171380233581658
746af3d2-b851-412f-96a0-23d15ffc1d1b,0.0006171380233581658
9f88d6d6-97d7-4271-ba44-a1806e495f56,0.0006171380233581658
52891b62-9b0b-487a-802b-5fd8ce20edc1,0.0006171380233581658
9da99def-8733-4992-8b42-72b4ffe0bccd,0.0006171380233581658
28b55f71-0a58-42ee-9d36-7c0e406afdba,0.0006171380233581658
b6fde32f-ae36-4454-819b-fb8253d937eb,0.0006171380233581658
b24925af-eca5-4ffb-a830-2c4aed1c0c81,0.0006171380233581658
451c2cee-c97d-4238-8d83-69963963dbe6,0.0006171380233581658
48d4d7b3-039d-4f10-8075-7373d655a60b,0.0006171380233581658
b429a531-31a5-44d6-83fa-e05adecf1a42,0.0006171380233581658
32db14e4-d989-4ffd-a50e-0fb3d12d7cb8,0.0006171380233581658
4de8ef9c-5b63-4995-b1cd-3f601e77762b,0.0006171380233581658
39fd8b75-f68a-4592-8394-9f1dea480a55,0.0006171380233581658
fa4c4c35-a8f0-436f-a501-bdf470df8dc6,0.0006171380233581658
61e7fd79-e425-4d38-9956-1933b052d09b,0.0006171380233581658
5512f7ae-ac40-408d-b366-3bbd328d9650,0.0006171380233581658
1a898971-a8e1-4eb9-a281-44cee4832367,0.0006171380233581658
0d6c92c1-8b1f-43ae-b9e9-d78a3165ed49,0.0006171380233581658
b0bdbe59-c98e-4497-9629-b6b09e41b141,0.0006171380233581658
c578f75d-181a-4108-8458-16b1bdc4be67,0.0006171380233581658
44bf0161-350e-4eb3-8562-0550bae43b46,0.0006171380233581658
fe3a331c-8b17-4be9-829b-03cd14e75a9a,0.0006171380233581658
ebaea623-0e13-42af-8b43-610e29d21da0,0.0006171380233581658
8048615e-e82a-4b18-a403-c42cf8d3a848,0.0006171380233581658
fb678c9a-4c4e-4441-b6c2-bfb0eb760619,0.0006171380233581658
c4297a25-29b9-4860-97bd-c1fcd0063d5e,0.0006171380233581658
948d13be-40a8-416c-a175-87ca8a5da5af,0.0006171380233581658
e360dbf5-895c-4066-bcbf-1912688ca237,0.0006171380233581658
e4ce8ba9-bd7b-4f06-b5cf-537f2a9e90c5,0.0006171380233581658
429d5512-6294-45a7-b6e5-6951eae7a47e,0.0006171380233581658
12540fc1-9a17-4864-8f93-d56ef7ebb20f,0.0006171380233581658
c976f835-397e-44d0-b1df-4124c5f82c65,0.0006171380233581658
87ee09ca-f528-460e-a57a-2bb6701016e6,0.0006171380233581658
203f87b1-bfee-40ac-90b4-792b0685ec0a,0.0006171380233581658
8cbd9a37-be30-47a1-a163-298e2a749772,0.0006171380233581658
8a800183-9748-42d8-be93-20db34599033,0.0006171380233581658
e34cb993-5142-4f5c-a3c2-d0c8294e21cc,0.0006171380233581658
0cfdbb1b-ef64-4b72-aefb-ae834367820e,0.0006171380233581658
d288782e-8b10-434c-a650-3498bf61e7e9,0.0006171380233581658
b293898d-b76f-44c1-95ec-940bb010d3a3,0.0006171380233581658
b196856f-7ad6-42e7-b136-8638bd5772cb,0.0006171380233581658
290f1351-72d1-419b-8b0c-b032f03ed041,0.0006171380233581658
9f72905d-6f41-4ab8-9b86-19c60cdfb77e,0.0006171380233581658
a1425a3a-4fb9-49b7-998c-a8f87f162f8f,0.0006171380233581658
dca105b7-6f1d-4ef5-bf45-7809aa7e334c,0.0006171380233581658
de0d92c5-09c1-4af8-b578-cda9e883ffb6,0.0006171380233581658
95e48920-8a14-405e-bf31-e5725a8c4aa4,0.0006171380233581658
02bf010a-d977-4209-84d3-2617803c735e,0.0006171380233581658
0daeeb1b-d47a-4511-acac-bdc75bab8c9f,0.0006171380233581658
fe92c73e-9db9-44db-a1ab-f7a9d2c5d77c,0.0006171380233581658
85a7efe5-46aa-4603-8f5f-69a1a189aa29,0.0006171380233581658
b4185428-9cdd-46ac-9564-33e01874a9df,0.0006171380233581658
903b90f7-0656-449e-9783-99f7e513ec95,0.0006171380233581658
1a93f165-0405-45db-9893-5fb78e0216af,0.0006171380233581658
748311f4-91d1-40f7-9dc3-b00668a787c4,0.0006171380233581658
e8325db3-3a13-4dba-bc07-db70f3cc95b5,0.0006171380233581658
124f0a25-3db4-47a8-9257-01f4b462f38c,0.0006171380233581658
f1c6bf84-73a4-40e1-9e5e-e92a97cbbbe0,0.0006171380233581658
160a73fd-9d09-4958-be09-b7340805e156,0.0006171380233581658
fb279741-34f9-4c7e-a891-f6c767624a7a,0.0006171380233581658
995f388b-ede7-4484-94ae-d7eb0d4d8eeb,0.0006171380233581658
0897fdfb-0105-4bff-8501-000f703d4caa,0.0006171380233581658
62943db6-5d7e-4037-bf90-6fb2566e2d0c,0.0006171380233581658
e1e08e63-350f-4820-9269-25a766485142,0.0006171380233581658
92ad33ec-fafb-44b7-8563-0b2d5f609879,0.0006171380233581658
95dc49ec-840e-416e-ae2d-f4eb2e70a07b,0.0006171380233581658
226b1acb-52ac-4bca-81c7-8b16391b4718,0.0006171380233581658
6fd2e067-227b-4fd0-a770-5788b4ed1c6c,0.0006171380233581658
3c516f41-fdb5-4fa4-a335-d4e41449ce7a,0.0006171380233581658
06f1424d-9639-47c7-b804-bf72e5cd9117,0.0006171380233581658
35865182-8ee7-4e25-8d0c-ff7ad6106251,0.0006171380233581658
5be3a346-059d-4a90-8c9f-7cc56566e424,0.0006171380233581658
b04c3f11-c668-4c75-b731-d9c9bc313cf6,0.0006171380233581658
b6daa190-55db-406e-9831-c1296a9c4c82,0.0006171380233581658
7d270aba-45b5-4342-832a-74b404327bf5,0.0006171380233581658
394f926f-abec-412a-b16d-8a892af74a97,0.0006171380233581658
5ce13428-48a1-485f-bb28-4755533e9734,0.0006171380233581658
1a17df27-1575-497a-8d70-fd456b478c51,0.0006171380233581658
8ec49f60-2dfb-46ec-ad96-f84aed4b8ff5,0.0006171380233581658
e5cabde3-5094-4c20-98b0-7c82cdaf85f7,0.0006171380233581658
461ec343-59e5-4eb4-9bea-7ac83cbcbd25,0.0006171380233581658
aaf0b598-dd5f-4e81-b118-98c8105b1484,0.0006171380233581658
cd505f20-b1ae-42d1-be8f-9f9d27b31117,0.0006171380233581658
61fa02e3-d64a-4ba7-8384-e6af34f9da2c,0.0006171380233581658
b982663b-c168-47bb-9b80-38547b4907eb,0.0006171380233581658
d5aac0e8-5e75-4c63-a65f-eac17f8250d7,0.0006171380233581658
1b39c4fd-735f-405f-99dc-63d7fa89312d,0.0006171380233581658
fb6440aa-b6cd-43f7-9c26-fb236427cd39,0.0006171380233581658
d92ac055-3bc1-4011-abf1-ed1e9e79d0af,0.0006171380233581658
ae2127d6-36fd-4157-b91a-3a6da378bf11,0.0006171380233581658
0f727c15-95d2-463d-845c-5531a10ccdaa,0.0006171380233581658
8211507e-e639-4651-b440-7b301dee87d1,0.0006171380233581658
26716559-3194-48b4-aee1-139e664ad211,0.0006171380233581658
d441f255-dfa8-4f15-aa29-f2fa308384fd,0.0006171380233581658
aea13642-1d77-4f87-95cc-6d9fbf3139ec,0.0005723144531657454
7abddd87-c20c-442f-b8e6-4520807db6d1,0.0005723144531657454
98d952b5-3f69-497b-8017-6e7943ddd693,0.0005723144531657454
e1b465c4-1e69-462d-9688-6a8365855b05,0.0005723144531657454
05f7e1f9-8394-4dcd-9638-9468ccbad59c,0.0005723144531657454
a8b12d82-c692-4cc8-90f0-da3d880e6f26,0.0005723144531657454
5acf85f5-6385-4c5b-b2a1-440e002d6787,0.0005723144531657454
55a3e867-d47a-4a6b-8d9a-a83516e25ed7,0.0005723144531657454
36aac076-2bd9-4c68-99c1-73b21fecc719,0.0005723144531657454
51ca49a4-f897-448e-9d11-89b7235edd95,0.0005723144531657454
77b9b942-05ad-4baa-96b8-4408c10511e4,0.0005723144531657454
9c97c933-7814-4ba6-b350-2890dbda86c8,0.0005723144531657454
1e242b00-32ce-4823-b196-7a01d355ad99,0.0005723144531657454
c0763815-8e9b-47ca-927a-196953289d5c,0.0005723144531657454
976d097d-02de-4680-ac98-a249610e7694,0.0005723144531657454
04ea042c-6ac2-4988-9acf-831c96f8c605,0.0005723144531657454
cbad4a87-ed12-46aa-ae84-e55f206b1ece,0.0005723144531657454
7d52b5b6-2397-48f9-903b-f4dba1a3401f,0.0005723144531657454
726284f1-6ec1-4648-91dc-783eb167e2f1,0.0005723144531657454
893c6c38-3aa0-4eea-bc68-67d01e6dd2fa,0.0005723144531657454
d5a4bd92-bb41-428a-842d-a7f81bf5c01d,0.0005723144531657454
20b804e2-9f8e-4033-a8b6-92f06d91194e,0.0005723144531657454
77c73ad0-6392-4770-b5c4-1819b37e92a3,0.0005723144531657454
91fd22b3-ac1d-4144-b710-945f723cbb98,0.0005723144531657454
5ad040c9-3010-4bba-88b1-23e26798e6f6,0.0005723144531657454
748005d7-f4cc-4f6f-aeb6-62928d1a2950,0.0005723144531657454
a5cd0d53-e72a-4c6e-b941-5aaeb2b9c0cb,0.0005723144531657454
9078ac24-deab-4549-a691-fcc59135f1cb,0.0005723144531657454
35251e9c-ee4a-486e-bc62-5372077e294f,0.0005723144531657454
34fca91c-9359-4ab7-8993-bf22639c7497,0.0005723144531657454
46c958f7-26b3-44dc-865a-ebbbdd6f6c99,0.0005723144531657454
6218335c-b4e3-4869-ad00-06c5b7a6beb5,0.0005723144531657454
b9550cb9-e08c-442b-a15d-d547a849db81,0.0005723144531657454
3cb66e57-607b-490d-a09a-656e4cfde9f5,0.0005723144531657454
3b854fe4-5a62-4988-a5bd-74caa058df39,0.0005723144531657454
9ed605c6-66f9-4374-a1b4-0a4589dfabce,0.0005723144531657454
54010099-ba2d-426d-8156-a28eb6afae9a,0.0005723144531657454
907e319c-b977-44fa-b419-a0d5ba5e42f0,0.0005723144531657454
d01c91f7-c72c-420d-bdbc-434809debaff,0.0005723144531657454
d97a1117-ee15-43b7-b4e0-5a87da66ab92,0.0005723144531657454
e0b80236-64a5-4186-adf0-128100fbcb5c,0.0005723144531657454
22f65465-3e64-45e0-b915-fe019397eeb4,0.0005723144531657454
02556af3-b594-4f08-82a7-b9f7fb3be2b3,0.0005723144531657454
03de4e22-83a1-4d7f-aa5b-87639064fbe3,0.0005723144531657454
ae145032-4b31-49cc-bf82-02eb2e7f2076,0.0005723144531657454
adffd9b7-bc72-488a-8773-4c9087ee9852,0.0005723144531657454
f0c17eed-d79c-44f7-ace3-36ca92294a30,0.0005723144531657454
f612e493-8d19-4fd1-8ef5-223c154de929,0.0005723144531657454
8a877747-f00f-4ccf-9755-0e8b72c82d00,0.0005723144531657454
07fed32d-62d2-4369-8f1e-89eb6dc6ca09,0.0005723144531657454
697da438-81a5-4a2b-8bec-9f27f55c3176,0.0005723144531657454
b5413411-21e0-43e2-8fc5-3d85a11c5c65,0.0005723144531657454
9b8080d3-0349-407c-87e4-13220e91783c,0.0005723144531657454
5f568940-6c58-4663-b0eb-23b1ce9de415,0.0005723144531657454
44031d65-c745-4bb8-8f82-1db5dbc4d0fa,0.0005723144531657454
e9661d07-53e7-42d6-80d7-79db37f2bca5,0.0005723144531657454
5bb45397-30d5-410e-8103-e6cc7c2da6ea,0.0005723144531657454
86f94edf-393c-4293-bdec-705e90df451a,0.0005723144531657454
05ef2653-804c-4c80-9eae-f32d25e5934b,0.0005723144531657454
a2c32297-83b7-46c9-be83-556cb6508f65,0.0005723144531657454
5c3292ac-5aef-4acf-8b3a-0225b4709d90,0.0005723144531657454
2aa2d8e9-7841-4393-9bb8-599db5d1b605,0.0005723144531657454
f435775f-3235-429e-9fe1-bf73270c9805,0.0005723144531657454
d0f6ec74-75e7-4d20-a4d4-a194bfb5305d,0.0005723144531657454
77fa9a40-c796-4156-9161-442a745868a8,0.0005723144531657454
fea914cf-2cd1-432e-bf8f-1d098788b747,0.0005723144531657454
9bed0419-2256-49af-82a0-645ece8b37aa,0.0005723144531657454
0c3128d6-436f-45d7-86bb-b81bb320c494,0.0005723144531657454
3fce5941-6b66-4688-b541-bf1f4622abc5,0.0005723144531657454
6cca0e07-180b-4f40-9078-e6519f52d3c1,0.0005723144531657454
d2af41a1-6366-470e-a46e-83855847b511,0.0005723144531657454
f2605810-d4ea-4fa0-b0b9-160d90edb599,0.0005723144531657454
2ddb0c0d-b199-4250-a9c5-6757a2076ad0,0.0005723144531657454
c2127b46-9f28-40b1-b31c-5749f48d484d,0.0005723144531657454
22521d43-35a8-40ae-a787-ce1be0dc3f68,0.0005723144531657454
659e063d-e395-42d8-863b-8402a9faa2f2,0.0005723144531657454
bfcc61c9-9942-4482-9fb7-009c887e834e,0.0005723144531657454
1b1625d5-c1bc-415f-bda7-e600a7a174c3,0.0005723144531657454
f61d5d56-7c31-4d67-969b-b71656878d30,0.0005723144531657454
ff9f5251-9b00-45ff-8e2a-ffc6e3c65a66,0.0005723144531657454
698f933a-b21f-4933-bc47-1936a72987fc,0.0005723144531657454
94f2b853-1a91-4861-a1cc-26fe1dcfbb17,0.0005723144531657454
b2a41fa5-eb35-4178-81b4-5c53ad750cde,0.0005723144531657454
62a89a93-1074-4a9b-bc50-a87b4d48ebe5,0.0005723144531657454
e9303a95-d00a-4d9a-9fb1-00437794daac,0.0005723144531657454
607e2720-3107-4af6-91f6-6c859196cc91,0.0005723144531657454
15224e94-a14b-4f9d-9547-82395444cccf,0.0005723144531657454
bd3f5241-f77b-479e-a353-639b6bbb0c85,0.0005723144531657454
9f31d8c4-76c7-49d2-aa85-632bbd3ff2cf,0.0005723144531657454
1f48639b-8d9c-46fc-bd3e-3436be0cb6a9,0.0005723144531657454
35e5559d-7b62-4d81-8c16-633a41d03796,0.0005723144531657454
48cc3ee9-b726-4be7-b165-1bd2deb5022e,0.0005723144531657454
3690c559-09a4-4c78-8dec-1022afc1c1da,0.0005723144531657454
57465897-9a01-4d92-8738-1fa713da6df0,0.0005723144531657454
4505881a-983c-43f3-8cc9-78c6b602f59c,0.0005723144531657454
5a671d72-cc6e-40f5-ab6c-2e98f9196519,0.0005723144531657454
e374a01d-19d4-4df2-9299-27875d6d9ac0,0.0005723144531657454
44b0c907-652b-4269-a0e9-aee1edadfb07,0.0005723144531657454
bfd20f17-f8eb-4309-90f5-5e006cf35318,0.0005723144531657454
a4f5f9b3-9c07-402b-bc6e-b4805280f071,0.0005723144531657454
41ee3a7e-1124-4637-89de-0bd455c92323,0.0005723144531657454
d02499d9-1973-4e4e-bd5d-e0630a2252e1,0.0005723144531657454
15e6474a-8ec3-4e30-aa86-1e08adcfe644,0.0005723144531657454
a6d01f26-7d86-49b8-9e66-657f91c846be,0.0005723144531657454
4edc60a7-782c-48a3-83bf-d5ce851423f9,0.0005723144531657454
cff6d951-cb4e-4789-a303-90e082143dec,0.0005723144531657454
ccd627aa-7d06-45b2-b16a-424f2dc7cf8a,0.0005723144531657454
4ff41540-9a41-4ebd-b0d3-1aead261bfbc,0.0005723144531657454
b9f8e10a-dd8a-44b5-8701-c75ad58b63eb,0.0005723144531657454
723e97c6-ca64-462f-ac1c-d15cb9cb1845,0.0005723144531657454
bc19c61e-9a98-4f27-9501-215b60b2f82f,0.0005723144531657454
196c5072-9aa0-455c-a5ae-2c086943d329,0.0005723144531657454
f050c5e3-0409-41cf-b433-3e121d28dfb3,0.0005723144531657454
218eb4ed-22b7-4ec0-9571-7715fb4dc193,0.0005723144531657454
c633c263-d7b5-418f-baa7-5d020bef620a,0.0005723144531657454
b6e2e73d-289d-4a31-874e-f2493ab36811,0.0005723144531657454
3981fe86-a7de-44b1-93ef-51b4655a4ed9,0.0005723144531657454
6eef4a91-593e-48cc-bf48-e56a340e397d,0.0005723144531657454
b0f07247-568b-45b1-94d6-162cab3cde30,0.0005723144531657454
15347ac0-9add-45b8-a998-57fb04d39c76,0.0005723144531657454
13fc0ee7-cb14-470c-b119-bfe60786f67e,0.0005723144531657454
d9ea5003-5900-4ffd-a387-a66316d300f8,0.0005723144531657454
cd3d0435-497f-4d36-8963-997258a566a2,0.0005723144531657454
fedf8508-98c2-4461-8fa6-be281ff4d3d8,0.0005723144531657454
3d8b0333-962e-4560-96f0-d101d5b2b69f,0.0005723144531657454
54ecd0ac-cd6b-4571-9bfa-d9e763653fd8,0.0005723144531657454
c15094bd-24fb-442f-9dfe-738adee9bb07,0.0005723144531657454
720d7f49-51b7-42eb-8f94-063347529b27,0.0005723144531657454
ab1d12e6-326f-4b56-850d-bce82b7160d3,0.0008358522109119804
c6c7522b-d5be-4ae6-9219-07c4b5b4b2d3,0.0008358522109119804
f0d68a31-4a30-4b26-9b10-fa418f1ce816,0.0008358522109119804
7ce1cbbb-3fd3-4cb7-bdec-ac2148c51f1e,0.0008358522109119804
8c080921-757d-4050-8be2-cf0b9058faee,0.0008358522109119804
e7075a14-cc5a-468d-97fe-c54f0267399c,0.0008358522109119804
242654c4-b4d1-4257-b210-23e4e913159c,0.0008358522109119804
cab55a8f-40ca-417b-979d-93df5a55bba9,0.0008358522109119804
3bc6529b-76d9-486c-adb2-1b50f2acaf68,0.0008358522109119804
13ef499e-03e6-4258-a7b7-a5d664da1cc7,0.0008358522109119804
6a05b06c-711a-4aae-a3e2-28b0a13b3553,0.0008358522109119804
9c74eb18-a365-4e39-98c8-e77d94e9a729,0.0008358522109119804
64e5d07a-41ac-4882-9032-1e25604061f9,0.0008358522109119804
e1b51ea8-13c0-4069-9782-dbc8e648f777,0.0008358522109119804
df10a769-410a-4455-b058-cc587e2197b6,0.0008358522109119804
83bf689d-4e0e-4bf3-981b-0b899af85b4c,0.0008358522109119804
20be3967-1415-4f1b-a246-0628fb8943a4,0.0008358522109119804
7a3e96d2-7c15-4656-a9d5-f45f3d41fd1e,0.0008358522109119804
4ef75864-dfef-4420-b6c8-c0c9cdedcd80,0.0008358522109119804
55b9d1f5-bc5f-4c19-88ed-3df442fea287,0.0008358522109119804
37a50565-8419-4841-9d60-bf63e45250ec,0.0008358522109119804
bac83ab7-f9d3-4751-b308-70d8f80e83c2,0.0008358522109119804
2657ac08-40a0-4408-b2f9-975d5c6add2a,0.0008358522109119804
c84458cb-83cd-42fb-8d70-f8f094767760,0.0008358522109119804
abe0915c-6b74-4fa3-a31a-d5f891cb3661,0.0008358522109119804
4b483388-220f-4e5e-98e6-ddef16eda3bb,0.0008358522109119804
512fbc49-6182-44d1-b680-ba2aadefad5e,0.0008358522109119804
76779d21-4f61-4246-bd60-62b2df0166cc,0.0008358522109119804
0c0d211e-4342-4dee-a1b2-dd5e15c6478c,0.0008358522109119804
1f37c6a8-49d0-4ee4-b26c-18e241aaec5e,0.0008358522109119804
3121e4f5-359b-4de5-b4f9-9b5477f10a5c,0.0008358522109119804
c1289753-9541-4a48-b48e-3f1107a18858,0.0008358522109119804
68719efb-8d3d-4c3a-a08f-baeaa4249ee8,0.0008358522109119804
7a3470f2-fd9c-4738-981e-1bc6871150ca,0.0008358522109119804
252b5125-26d3-4b4c-a20a-65ed54e1f7a7,0.0008358522109119804
83f5a08d-d707-4006-a6a9-e71ac26f66fb,0.0008358522109119804
3ae2b6a7-b325-4237-98d5-e8cfd8f576c4,0.0008358522109119804
2d6293c8-b242-42e3-90fe-02ff15d78e55,0.0008358522109119804
e1135f88-431a-426e-9127-66e59db5306c,0.0008358522109119804
1db667eb-1019-4a4f-b287-e5f2328c2bf7,0.0008358522109119804
55937c6e-165e-49e1-89e0-5f5e30e39db7,0.0008358522109119804
c2680d33-86ae-4834-a374-4adf545d9882,0.0008358522109119804
a3adb747-b954-4bef-ba8a-4b6ed32212ea,0.0008358522109119804
f7eb8418-175a-4cba-a7d6-964ef2b4ef9a,0.0008358522109119804
a2ca3597-cc52-4beb-a882-4e6728253a3d,0.0008358522109119804
8b877adf-f10b-4081-9f72-efca605afc6b,0.0008358522109119804
5b0fba50-6fbf-4a1c-81bd-a9818692312c,0.0008358522109119804
4bbe82de-0a97-42ac-96e6-1bd95168941b,0.0008358522109119804
1136dc83-04cb-478a-b12f-8bb53f229636,0.0008358522109119804
98786f23-4178-441e-af55-d5b6d99ed75e,0.0008358522109119804
cc610800-361b-4d86-bc54-122f8ed8fa08,0.0008358522109119804
f93382d2-e1ba-4f90-a16b-384fb50dc20b,0.0008358522109119804
21cd0c35-53b4-4ca3-8e30-7439dd22aa92,0.0008358522109119804
f549e0f9-2b66-4656-a2be-3e411ef19209,0.0008358522109119804
4a0ab616-1fca-4c99-9824-5046d78b39e4,0.0008358522109119804
615f7a1e-add5-4ee5-b697-abe5844355ca,0.0008358522109119804
24f4cbf2-b4ed-4415-9694-6b40123a125a,0.0008358522109119804
c8083789-0407-48ac-8daa-6e64884378d5,0.0008358522109119804
6aa71d78-3ab2-42dc-b3af-2d519b00e172,0.0008358522109119804
de2e7d9f-270a-48b7-9ae6-ad7e178d2063,0.0008358522109119804
6b06c087-23d7-44ad-b29a-f3b6953b570c,0.0008358522109119804
59f48885-5b58-42e4-a3f7-e2a0bc44766f,0.0008358522109119804
d4fe0909-7f11-42b6-b13b-71bc80b6212d,0.0008358522109119804
3020fc51-0e4a-4dd5-aed8-fb0a7ad8ddc0,0.0008358522109119804
3d775e16-347a-4966-8f20-c032fd0aca01,0.0008358522109119804
4666ba07-b57d-4672-9e78-f4bfcd3c3ecd,0.0008358522109119804
47bcaf70-a836-4c8d-bd9a-8f07d8401a10,0.0008358522109119804
c9892f32-9488-4e30-8704-67afbe8d725f,0.0008358522109119804
e60375f8-6bd0-4bd0-9ae9-91bcd1af0917,0.0008358522109119804
304a7164-2cb5-4b67-a7b6-a4fd29c93502,0.0008358522109119804
5339cfe0-3bb3-487c-90e6-51ed6d00514c,0.0008358522109119804
3a1fe6a4-7d3f-466a-a228-db5d9599f17e,0.0008358522109119804
4b4b959b-1f3a-4aef-a7c5-116eeeaf6f20,0.0008358522109119804
6e6db12a-3661-4b4d-9b08-02c1524378d4,0.0008358522109119804
7005fccb-e475-453e-b6a7-fbbf35d8411b,0.0008358522109119804
00a8cc56-8d6d-4b72-a1e2-25bd986b8fbc,0.0008358522109119804
6b9e7bf8-2031-44cd-834d-c446a8f0e27e,0.0008358522109119804
c391025b-16f7-4a5c-a570-763f519c0fdf,0.0008358522109119804
d1f55c61-e4e5-4d12-8be2-edc4f88d674b,0.0008358522109119804
51c2cb8d-c545-4521-aed6-d08ee6c93f1c,0.0008358522109119804
2dde6cd9-ab13-4ed8-81b2-09de4944bbaa,0.0008358522109119804
458727e4-def7-4195-9757-7915d6181806,0.0008358522109119804
ee977f2b-1b37-485f-900b-c7f6e3dd9e8b,0.0008358522109119804
ccdfdb68-a8c5-4883-8d5e-6225bf727ecf,0.0008358522109119804
9e879b03-ee86-4071-81eb-52b1b9f4805e,0.0008358522109119804
59d35ad7-6897-4085-b5f7-5e1e68cdb833,0.0008358522109119804
a23972a4-fc49-4eea-b43e-fc537b19b7b3,0.0008358522109119804
87b12ee0-e4c3-468a-a4ab-43ad9c7b0657,0.0008358522109119804
2b11cb18-cc8a-47c1-a8b7-c31eacee3269,0.0008358522109119804
28144833-b9fd-4204-a741-b14ebe6a8c39,0.0008358522109119804
81747f82-27de-4f60-95bf-3084f5e6b9ff,0.0008358522109119804
e3d1f213-84e2-4c15-b482-f8bb6f642b61,0.0008358522109119804
861b9c66-3d01-4c41-8076-b78a320e9f78,0.0008358522109119804
f70c5393-3020-482b-af4f-bb84d7f68b99,0.0008358522109119804
39e69ce5-fc26-41d4-ace9-da488232105d,0.0008358522109119804
83ec7285-7636-41f3-8994-3ce37826fb3a,0.0008358522109119804
a03d9c8f-9067-46a4-bf9d-a12ccd4d2fe7,0.0008358522109119804
6ba10599-2cfd-49de-8d7c-a7a550b3ba81,0.0008358522109119804
2f3ebdc0-8c47-45e3-9160-2baa8e36e855,0.0008358522109119804
68a7c287-c982-4138-b6de-1663c892afdf,0.0008358522109119804
310f6a65-ebf9-4661-98b9-6bf81f17f823,0.0008358522109119804
d049f705-5268-48d3-8ea6-487f2654c059,0.0008358522109119804
a0abbcf7-35ac-46b6-b273-f230a448b8ae,0.0008358522109119804
306884e8-7360-4ef1-ab39-ffe3feaa445c,0.0008358522109119804
177f4948-1f01-4c97-9606-26e4dfc4a79f,0.0008358522109119804
74eda7a1-b2d2-4827-a036-a3db3ae85ba9,0.0008358522109119804
098ef241-00c9-4a36-b472-235662c1e633,0.0008358522109119804
fab1b743-3fdb-4f1b-a3b4-41879fe946a8,0.0008358522109119804
c0ac312a-ec2f-4e13-9114-41938aa75281,0.0008358522109119804
ff99c92b-7613-411b-9bea-41a228a47df2,0.0008358522109119804
e2fae8eb-43bb-4b48-8ca7-a47a3c5370f1,0.0008358522109119804
578e5173-a306-4d33-ace5-a9a8d442a12a,0.0008358522109119804
7058d518-d808-4604-9b6d-af3be3787275,0.0008358522109119804
6e823b86-3a80-4210-bc4f-b66993899e1a,0.0008358522109119804
ba895266-63c2-4a3e-85e7-8d2c66d226bd,0.0008358522109119804
598bc329-6a49-41f4-abaf-4456abfa0b71,0.0008358522109119804
d4430b18-0bfa-418b-b76b-7af07cc7d8bb,0.0008358522109119804
2942b4bd-4f5d-40c1-9cc9-b82b4d61a84c,0.0008358522109119804
f8a847c5-9886-4293-aac8-64672048de16,0.0008358522109119804
f8e9a3dd-fe4b-4dbc-9d14-b7897a5cd092,0.0008358522109119804
82e6173f-73b5-49f0-bb14-a36cf2ba6a33,0.0008358522109119804
580e50ba-d322-47cd-b586-d94c68bd139e,0.0008358522109119804
1c1cc98e-7a50-420f-8577-8bf7a4c60719,0.0008358522109119804
e1875fa1-97e4-43ec-83b0-451060add210,0.0008358522109119804
2a176549-37be-4165-9a63-8ba2723e09f8,0.0008358522109119804
f2b708dd-ff6d-4538-9b91-ac39f99be3d7,0.0008358522109119804
c6d51be1-64ca-49cd-86e1-475146451529,0.0008358522109119804
c4d85a35-9e88-4728-92c6-359a222d8b82,0.0008358522109119804
b515a985-d814-4ae8-975b-43101363aacb,0.0006675908203988001
369893a3-2549-4ae4-a357-76e7d64a137d,0.0006675908203988001
f7a5c37c-568b-4e1e-9a31-3bb6321e6ddc,0.0006675908203988001
3d3bf5e8-5c1b-489b-b66f-9e11169f1d81,0.0006675908203988001
2ed3e599-2149-491f-a36f-24e1503d9574,0.0006675908203988001
2c65462c-487f-4e8d-be23-419959730567,0.0006675908203988001
159727c6-ba66-4eb4-96b5-3ac8b0feb0cb,0.0006675908203988001
62b0e481-182b-4954-a1dd-5813d5563549,0.0006675908203988001
d322dde6-dc64-4e92-8dbe-fc8ff0d82fb9,0.0006675908203988001
cf035bc9-fcfd-4129-bcd7-fa9672c9a009,0.0006675908203988001
c436982b-c9a3-47fb-a00d-df25885ea0ba,0.0006675908203988001
8ca4f0fa-d4cb-401e-8c3f-fd1656d30b4e,0.0006675908203988001
9301875e-9bcf-4425-9097-c4e3396394cc,0.0006675908203988001
6e714feb-2217-435b-915f-a0d2f34b9eae,0.0006675908203988001
af4db582-1932-4c55-ba71-8ab8ec870f2e,0.0006675908203988001
f76c15e5-7b1f-4825-a20e-0f7398d7da06,0.0006675908203988001
f4ebc8cc-bbc2-434c-9727-675ca749c136,0.0006675908203988001
3fa85785-7dc6-4ccf-b593-1da092f106c8,0.0006675908203988001
99f92d54-8faf-4fd7-b14c-3dd3c512d44d,0.0006675908203988001
09b83c91-a90f-48bb-8760-db37dce0092e,0.0006675908203988001
b697a49b-1deb-4c5e-a440-a7642366b1a8,0.0006675908203988001
8f2e9bbe-340f-42e4-a6cd-27bbbfd0fdd5,0.0006675908203988001
40761d31-934a-4926-a520-aea3a2b4a57a,0.0006675908203988001
3bb314e9-ed37-4d21-b739-0a6742df8461,0.0006675908203988001
dabb87a8-1339-4c0f-ae49-a8ee555cfe06,0.0006675908203988001
050da5b4-8c3e-419e-a66f-db4d7029ff3a,0.0006675908203988001
bcaa83dd-a97c-4bf6-9d1a-81eac5110ce8,0.0006675908203988001
89990b66-fda9-47a8-b6ba-e1dc069e594a,0.0006675908203988001
7913db85-01b8-4045-a349-33e8a7b8cb8f,0.0006675908203988001
015a400e-89bc-49fc-8404-1de3238b795e,0.0006675908203988001
6e9c6059-bc5c-45b7-a051-9ae0353819b2,0.0006675908203988001
160c6945-6649-423e-8ded-8bd88c2afdf5,0.0006675908203988001
bd127c49-67ec-44dd-bfc0-f312036d12fb,0.0006675908203988001
574f0d76-3c94-400c-a29f-e6ec0aff51f7,0.0006675908203988001
9186fdb6-743e-4acd-8466-e437d36428b7,0.0006675908203988001
5b4bf21f-2ea5-4689-bde4-2cc872b48af7,0.0006675908203988001
fa81c6ca-f0dd-4128-9414-635f23ed08e9,0.0006675908203988001
b6b87545-165f-4fe7-b38f-065c8aeef286,0.0006675908203988001
aa6a354c-1c16-4501-9e59-0b06d84dcb3f,0.0006675908203988001
69006e95-e9d3-482a-a6d2-5b62e9f9726f,0.0006675908203988001
cbb94873-06d0-4bb4-86b2-77eaf4eae4d3,0.0006675908203988001
6a31b7e2-bbc9-4281-8bd1-1adae8db8394,0.0006675908203988001
ccec3811-56a3-4a0d-9415-d31cae39e848,0.0006675908203988001
5a5aa696-b6ea-42ca-986b-93e370619140,0.0006675908203988001
7b3c0010-09ba-400a-9fa4-b6e742a9e5a0,0.0006675908203988001
770751a2-f87f-4bf2-a8e7-2a23fa7d19c9,0.0006675908203988001
265e69d5-87ab-4635-9465-c7ef0c76e938,0.0006675908203988001
35407a24-3d22-47b6-b984-2262b091ddb4,0.0006675908203988001
02e79187-40dd-4fe8-954f-1f299cb842d7,0.0006675908203988001
a210c249-21d6-4b1a-9d9f-fd29730c94db,0.0006675908203988001
a5d3262f-cc3b-4afe-b911-a01eaf57a47a,0.0006675908203988001
af266a90-b84e-41a2-9e38-a07b0b475bf2,0.0006675908203988001
d613acae-736b-48fd-9afe-59f4b1240c34,0.0006675908203988001
9270f540-06e9-48dc-ba3f-27c461fb3cda,0.0006675908203988001
d5b7ef37-a839-4f62-a35b-6d3ddc60182b,0.0006675908203988001
c1a684f9-f604-4c59-8de9-424188ae3e54,0.0006675908203988001
8087d909-de1e-4f96-9429-4aa94848ac6d,0.0006675908203988001
3337fd5e-8696-4078-a473-8ddc2482ada7,0.0006675908203988001
73a186a1-cba8-4380-9dc7-a97d0b4878a4,0.0006675908203988001
7ae57d1d-9b73-4dae-941f-15053eeba038,0.0006675908203988001
f7b9a600-77ae-410c-ac20-c06e19229da5,0.0006675908203988001
97f76c3c-6989-42b7-9ed2-f39f8638cf23,0.0006675908203988001
d1e5c00c-656a-439e-884a-4c9fdb86fb64,0.0006675908203988001
7206e993-346a-4b3a-8ed3-65c67dff6dc5,0.0006675908203988001
e853fe75-ad9d-49bb-82d4-0bff3fb580da,0.0006675908203988001
fbc9aa59-435e-434b-83f3-5c42e6f7eaf7,0.0006675908203988001
b64f6208-298f-4ff3-85f0-dd835af2af7b,0.0006675908203988001
5fb0f938-17ad-4c6e-a09e-885c3a938d2d,0.0006675908203988001
7fd7f867-e28d-4a03-ac74-5d6aa918a487,0.0006675908203988001
f72369ec-6291-4de9-8f7c-cfcff9e52a28,0.0006675908203988001
7d74618b-392b-4b1a-972e-02cb8933c794,0.0006675908203988001
3ac009b4-6009-4edf-b3c2-bcf2148b901d,0.0006675908203988001
cd75af0c-dfbd-4e2b-8f6c-ab1088e9d594,0.0006675908203988001
7dd2f15d-e15a-483a-a080-fbb0988cc4c9,0.0006675908203988001
51f209d9-0efd-47ec-8d2b-c72c164104c7,0.0006675908203988001
20b180a4-736d-44d0-9f21-d435336e025c,0.0006675908203988001
6450421f-1a2b-4bb7-9966-9eff8dca4e94,0.0006675908203988001
d2c20dbd-ac9c-4a0c-ab5c-ea4ddd376e6b,0.0006675908203988001
3a3032b8-f986-49da-9079-b62300c89e15,0.0006675908203988001
182840d0-41aa-4c18-9cc2-430d1f769c91,0.0006675908203988001
196379a2-e48f-4a2f-a328-03562825456f,0.0006675908203988001
c2533ffd-b89b-4b22-8be7-41638a52fb8a,0.0006675908203988001
d77be1bd-001a-4a87-8dfc-647e25350a0c,0.0006675908203988001
5b37bc6b-2071-4ff8-8bf8-2ddd23163c75,0.0006675908203988001
2da9a769-09db-4115-b162-0d12ad6bd02d,0.0006675908203988001
c0694294-122f-49f1-acd8-144fd2729b69,0.0006675908203988001
20fad95c-bf4e-4eff-a5b8-f1680e6fcff2,0.0006675908203988001
81e29bd7-db0d-4243-8c98-5d9154397166,0.0006675908203988001
b7a607dc-67fe-43dd-84da-d5e549513e48,0.0006675908203988001
e5515b57-cefe-4a87-bcfb-0759e3fcdf00,0.0006675908203988001
dcca8627-c2c1-4a4c-b71a-5559306ff2a8,0.0006675908203988001
2d916f10-0bad-4130-8b36-9176f8272a21,0.0006675908203988001
531be208-88e0-4b43-b91b-96a6ba97ab66,0.0006675908203988001
73d9e0b8-4bad-4723-826b-66b4d25fd612,0.0006675908203988001
eb13c290-8ce1-4fa5-810d-7d0c31996fb3,0.0006675908203988001
2aa86a74-f053-44d7-84b2-78a322c09b28,0.0006675908203988001
d0315d2c-2bc6-482f-9283-e07b03fef1e6,0.0006675908203988001
238aeb81-db76-4e7f-bd80-92204a260fc9,0.0006675908203988001
98ccedc9-2764-48bc-8bdd-be500b81492b,0.0006675908203988001
4c68359c-4537-4873-aed7-4860e18df3b3,0.0006675908203988001
e2d56595-fbcd-4cf6-85cb-3752ba2e0147,0.0006675908203988001
26932980-5c82-4edc-83d0-71f5aacd2502,0.0006675908203988001
621cd45d-d0b2-49b1-b562-1652bfe60b00,0.0006675908203988001
a98dc51c-12a8-4a12-b11b-2e3c3a6d27f5,0.0006675908203988001
88e6497a-b2ac-4428-a8c6-a331cf526581,0.0006675908203988001
60c71156-78f6-45e7-adea-94d5da25fe51,0.0006675908203988001
73166935-0790-4832-a775-3b979ddefdb0,0.0006675908203988001
1ad75c3c-cf45-4440-958e-18c6307ed9c8,0.0006675908203988001
a0c16e84-43da-461c-aaf6-a82809c96cb7,0.0006675908203988001
7aa5b2a6-4442-416c-9c27-a9cb7f4807a4,0.0006675908203988001
ded87b24-7aa7-436b-a239-777f38351004,0.0006675908203988001
e314765b-003c-472d-a1a9-6fb523febc92,0.0006675908203988001
70916465-cfd5-49bd-ad01-200b9c006e8b,0.0006675908203988001
4ca1de7b-3208-42b8-8d94-0c8f169429d7,0.0006675908203988001
6f1d61fb-4b31-4a86-a5d8-6f4621c28633,0.0006675908203988001
2c19d4d2-902e-49b7-bbca-457abde959aa,0.0006675908203988001
16a5e3c7-3521-4aff-bd84-478daf7c4dd3,0.0006675908203988001
46c60080-3898-4e9e-8a4c-e22184408f64,0.0006675908203988001
3def7c75-4674-4dde-8f98-ad09823e5f3d,0.0006675908203988001
ab5a6493-bace-4c5f-a012-5036e4e91e1a,0.0006675908203988001
2af1eaaf-26aa-4938-b7d7-63927305f106,0.0006675908203988001
5611807d-7565-41f7-aea2-bd0bfe9c8024,0.0006675908203988001
447db41b-7920-42ad-95e5-0387c6a2354d,0.0006675908203988001
a10203b5-f7ed-4211-b0bc-15d701704301,0.0006675908203988001
314c14e1-e050-4dab-8e97-4941270f3e89,0.0006675908203988001
92a5d504-10fa-49fc-a207-15747632417e,0.0006675908203988001
8eb0d8e4-fcb5-4b75-a469-5509672d953d,0.0006675908203988001
4f8d3323-58fd-4d57-99ec-6fd8b10a33c6,0.0006675908203988001
b0746266-4359-48d9-a7de-8aafbf9b9b18,0.0005654993437929079
09e2931c-09fa-4db9-a4b5-39c2f97d7cb6,0.0005654993437929079
b51aca9b-01b2-4506-94d8-eebe22b00e9f,0.0005654993437929079
d660c1f7-84c2-4865-a5ac-07deaca8cab3,0.0005654993437929079
7193c332-c527-4a76-bf2e-800f6ac1232e,0.0005654993437929079
472827fe-bc72-41ac-9b23-e40c90cb113c,0.0005654993437929079
21646893-3677-4e38-8371-77cff8af6c32,0.0005654993437929079
ff81c96e-bafd-4609-b741-f96802a29f98,0.0005654993437929079
a9a12bf0-28ff-4be9-af01-af6753a805e1,0.0005654993437929079
f93aef15-4b8f-463d-a876-88da71de4472,0.0005654993437929079
221593e1-d4d4-4cda-80f1-68c0e7110e5a,0.0005654993437929079
f1460b88-40f4-480c-a201-14f88937847a,0.0005654993437929079
a269e897-e328-4689-a869-35926a932c2c,0.0005654993437929079
c39432ad-bdd2-47b0-b7cc-67a0cfe668e2,0.0005654993437929079
8816c1e1-711e-4afd-9a2f-9af3492be797,0.0005654993437929079
94a93563-4ced-4959-bd3c-01df15265aa2,0.0005654993437929079
85b03b65-c2cd-436a-8346-853f113a3b6b,0.0005654993437929079
e7ffbf2d-2752-4dd3-bf4b-1d19cd1131c8,0.0005654993437929079
6c6f27e2-51cc-41ed-8c6d-a48da6a147b6,0.0005654993437929079
41ccbd3e-a69e-4f60-8533-4c292a9099fb,0.0005654993437929079
45b009ea-0492-4318-8bae-978631b94c6b,0.0005654993437929079
cbcdc9ca-db79-42dd-bd31-da90ad50ee6b,0.0005654993437929079
37a5362f-7bdc-47f2-9ce9-ff6fc873e982,0.0005654993437929079
a5023906-e82b-4b93-89cb-ef87aaac6a30,0.0005654993437929079
5cd4d37c-17ee-4931-8537-8f95ba3c8bb0,0.0005654993437929079
95f8f1fb-f8e7-4397-9dcd-a15be32ef195,0.0005654993437929079
523963b0-6f8b-4427-b67d-b04b8542c271,0.0005654993437929079
5682bec7-0828-424a-81bf-f0247f1c137d,0.0005654993437929079
56c2113e-6eef-4704-b207-6a20d7cbfd99,0.0005654993437929079
f5e7f92e-b375-4b1b-8c2b-bbebbe6f088d,0.0005654993437929079
d097c264-23a0-42c9-ac66-ebab301cb235,0.0005654993437929079
9a28eaa9-2a03-42c2-ba9c-4104fe06736a,0.0005654993437929079
6da76950-68b8-4587-a089-419771d00a4c,0.0005654993437929079
e1b9ae24-5c42-4cd9-8bde-66229b6386db,0.0005654993437929079
cbc9e0d0-8c9b-4117-89b4-7b35a61eca3c,0.0005654993437929079
e21c10cb-861a-4c33-8b5f-53f5a099aa32,0.0005654993437929079
3773d9b3-8b65-4ea7-9bc0-6f5d630a9157,0.0005654993437929079
d677ee52-a48b-4a37-bb00-1dcacfc7149d,0.0005654993437929079
29945fae-1d47-4ec8-914e-2f5503690316,0.0005654993437929079
3f85c78f-4493-4f53-8d24-acf22c802c84,0.0005654993437929079
5413ce3f-ae46-44e5-89b8-b466dbd31a3c,0.0005654993437929079
e1ff5db2-763f-42dd-8c30-9ad311a99bc3,0.0005654993437929079
f247880e-9b53-48f1-870f-069c9cf337b9,0.0005654993437929079
620c1de0-6b7f-4106-a140-d93bc963c874,0.0005654993437929079
051d0674-57d0-4858-8a7e-edc2f540c4bd,0.0005654993437929079
018a5779-9152-4555-909c-4d7a12421ba0,0.0005654993437929079
291cdb94-c9d5-4d31-b51e-e8d80c0dce45,0.0005654993437929079
a0e9cc6b-6e13-40df-ab2a-9e641be6914d,0.0005654993437929079
54323a49-f4c1-44a9-b839-c63e1315795c,0.0005654993437929079
50de340d-d009-415b-808f-ea003e43a6c4,0.0005654993437929079
40e8bcb7-946d-43a4-89da-b6a944f09d89,0.0005654993437929079
23ea2b65-2b23-42bb-8c94-771ae8a56b55,0.0005654993437929079
eda9e1ba-9fa0-444e-bfe9-417601fb7071,0.0005654993437929079
aa6d7f9b-8d26-4cc4-9525-c95a95f25235,0.0005654993437929079
5030660f-c2de-4bb2-a1f1-613c48fcd8f3,0.0005654993437929079
10d36863-7c6e-42ab-b47e-054f97d4a350,0.0005654993437929079
8782b908-c656-4407-a068-21377f7ab25b,0.0005654993437929079
815a3cc3-fb1d-4e54-86fd-e74ff42c6470,0.0005654993437929079
3ebf96f5-b4ed-4294-8728-08c3dea3b59d,0.0005654993437929079
e6f72d37-89de-4a85-900f-0b84e4f5e196,0.0005654993437929079
9106f75c-908e-4a98-b3b4-0c1be0222e9f,0.0005654993437929079
36141022-513b-41c8-9278-8a27f21a03e7,0.0005654993437929079
0235ae54-78d0-49ea-ab57-9917b3e81eae,0.0005654993437929079
f1c1176e-4ae9-4ed1-9220-89ad1a64396a,0.0005654993437929079
bba9c69d-6820-485c-a569-f2b3b8c22b62,0.0005654993437929079
152dca22-09f0-4340-acb4-e32ce05c16dd,0.0005654993437929079
9ca14e11-ba92-449d-b0e7-addf51b031b4,0.0005654993437929079
bce5aafc-0b10-4cdd-9621-936e1d8da04e,0.0005654993437929079
d5083873-987c-4d7d-b98c-cf80e7a62ea2,0.0005654993437929079
4ed16aa3-cb63-4f83-9571-1716bdcffd9a,0.0005654993437929079
791defe8-db44-4f27-9eb2-81a636f1c6ac,0.0005654993437929079
845852d6-c868-482f-a94d-1b72d5bf8faa,0.0005654993437929079
8907ef0a-ff56-420b-98cd-7ec1b7f55ba0,0.0005654993437929079
cb8d949d-7d2d-4d33-adf3-bdab836effd4,0.0005654993437929079
0a4c5314-0558-410b-89f2-d0bccec919bd,0.0005654993437929079
6419d043-cdf3-4d3b-83cd-da55573eb597,0.0005654993437929079
30dae05e-b30d-4083-bbf9-4500874795d4,0.0005654993437929079
09e1e02b-424f-4f45-b6b4-c2cd3ef1ce8b,0.0005654993437929079
e80709de-64e4-46a4-b9e7-4e816869ac2f,0.0005654993437929079
2418f066-cd18-45a1-bec3-5960b2aa37e3,0.0005654993437929079
9b3be367-8ce2-4c08-8a14-62f71b9c4332,0.0005654993437929079
87eaf124-4f3f-4e4f-8258-d549276a9dc4,0.0005654993437929079
232695e6-5e58-4b4e-b709-f14958f0fdb3,0.0005654993437929079
6ee1f072-e84e-4f57-b32b-15106e51188d,0.0005654993437929079
28570aba-c168-4d4d-87ba-7fb0a55d3ded,0.0005654993437929079
c64e2750-7b62-4a9d-bbf9-91c440128171,0.0005654993437929079
0630b2b1-b108-42fc-92b5-e191a691190e,0.0005654993437929079
17ce0fc2-eaab-4e27-b043-fe0de6a0e28e,0.0005654993437929079
d4d369d2-a8e6-4aba-9d96-9fee7f4adc22,0.0005654993437929079
bcfce6ca-b14e-494b-977a-74b8940e617a,0.0005654993437929079
24397f81-540c-4dc5-95d7-0078cbe1d757,0.0005654993437929079
680647b4-c033-4cde-b3f0-32d5d486e3b0,0.0005654993437929079
f4f2d9e4-3a9b-4e99-90ab-d99e09fdcdcd,0.0005654993437929079
460305c3-6a72-4c3b-8698-c937d322ea1e,0.0005654993437929079
3c6f91f6-c634-4a1d-847a-8fb6b1147a11,0.0005654993437929079
ec97fbe8-0e86-42b1-a9ed-0ee0384cc8d6,0.0005654993437929079
7f3ad17e-6e00-48de-8866-b0f7210d6e23,0.0005654993437929079
c62a29de-1805-488b-b434-a44360118e04,0.0005654993437929079
8eb38142-1054-4d16-86d1-6cc6b99ff251,0.0005654993437929079
1d549252-baef-45ad-9fa3-c07f7a9e73bf,0.0005654993437929079
3cf945f7-3fca-4cf3-92c7-ad44723f96d7,0.0005654993437929079
67aedb84-4290-4e85-964e-f866a6a925fc,0.0005654993437929079
ae1ce6a8-7c33-44f2-8518-d92a853c1faa,0.0005654993437929079
73eb1134-8448-4a76-aec2-59520e8fc014,0.0005654993437929079
688355ce-81bb-43d2-86c1-0d44dddfa5ed,0.0005654993437929079
46ddee13-1597-4fbf-b327-e02bd35ced61,0.0005654993437929079
98d21b9f-0d2e-4f91-a35a-9632286fd816,0.0005654993437929079
04615435-ce54-410d-abb5-35bce105132d,0.0005654993437929079
7cd1f303-e11a-414d-a554-0e4115cebf8c,0.0005654993437929079
a7e00333-1dd3-431d-a8c7-45f21b335ff1,0.0005654993437929079
20bf4a26-5973-4095-b296-2e358cf3b14e,0.0005654993437929079
a88b3658-26b3-4343-bd61-f77a56958cc2,0.0005654993437929079
a3560a75-396c-43a4-aa8b-38ec4959bf1a,0.0005654993437929079
d98e7a16-5a42-42ea-b6c8-b5431a4cfab8,0.0005654993437929079
126f7724-7eaa-4f6c-b77d-ec6b53e37268,0.0005654993437929079
0b0196ad-7a42-4e8d-820d-5486185b50be,0.0005654993437929079
696a91ad-fe73-47f2-88c2-df0830ff9b8a,0.0005654993437929079
72e13db3-1f37-40be-afbd-bc1d12b4819b,0.0005654993437929079
42dbb0f8-4435-42e2-aa66-fa93ef40aada,0.0005654993437929079
d7b4fee0-ce64-498a-877d-9240962bdb3a,0.0005654993437929079
7f1c8e90-0d72-4641-b882-5dc891fe06a1,0.0005654993437929079
2a02748f-f4e7-4d5f-953c-a0a5305d18e1,0.0005654993437929079
01b6b760-a5d8-4230-9e8b-1f14fc323673,0.0005654993437929079
e86de018-79de-4276-a8e9-79854bdcb1dc,0.0005654993437929079
4d45a0fe-5540-4b9e-ade0-8f4dfb27388a,0.0005654993437929079
007dc247-272e-475c-96c2-5479c1df1d95,0.0005654993437929079
b505c6f7-4440-4848-9651-6b8ac9ffb4d2,0.0005654993437929079
392f060f-ce40-476e-86f4-862281cde6ee,0.0005654993437929079
5541b962-0e01-46af-b2fb-6920c51afbcf,0.0006907190703486776
41798c03-313e-4d9e-a187-69fd1052960a,0.0006907190703486776
9000eb2e-111b-47f3-a898-21e4f6891bd4,0.0006907190703486776
2acd54f7-f90b-43f3-87d9-38309d45dd2a,0.0006907190703486776
9465d4db-fd09-405c-bc89-5f447de39c1e,0.0006907190703486776
e94d1a9c-93a6-4917-b4fe-4f1815a7c23b,0.0006907190703486776
8af59ef7-d317-4196-a466-4d3acb4b076e,0.0006907190703486776
5d668f9b-bb4b-454a-88ea-22c57c775741,0.0006907190703486776
781589b6-3d1e-4486-b5fb-9b2543dca7f8,0.0006907190703486776
2ba6be9c-59a0-4039-8002-4a56d16619da,0.0006907190703486776
7809a3bf-da7a-4af6-8745-773a62e19649,0.0006907190703486776
ef43b28e-616a-4f3d-b50b-0b3c1186609b,0.0006907190703486776
d79b16b8-8cd3-4113-8f99-66352c59798e,0.0006907190703486776
6915c9b5-98b7-4bd9-8505-8506c34c8a49,0.0006907190703486776
6440fb22-0a84-4a7b-ab3f-2159e61d1caa,0.0006907190703486776
c580ade3-3920-42a0-889f-e30ba753f955,0.0006907190703486776
6b8fd01f-48c7-4f91-b9bb-23259c854740,0.0006907190703486776
a294c572-2959-40e3-b856-02c22366bfff,0.0006907190703486776
88084778-eb4d-473e-93c0-5524f4f77961,0.0006907190703486776
99a3f862-71d4-41e0-8cd6-8492e383513b,0.0006907190703486776
73a73e4e-a966-4667-8aa3-c41602d94b45,0.0006907190703486776
f9f8fde1-bbb4-42c0-bbc7-e97dfa766c34,0.0006907190703486776
965d6646-33d3-423c-8541-546c1c597bbb,0.0006907190703486776
71c2d1f3-426f-4038-bf05-0de51e1d62a1,0.0006907190703486776
8e32a092-8c40-44f7-9740-a970c0b9b115,0.0006907190703486776
33357a24-eb99-428a-93a3-993007ef11bd,0.0006907190703486776
6f1aa1db-dc9a-4afc-8a56-a6f425bd967f,0.0006907190703486776
5098d37d-1569-4dbc-b461-860a0ffd3f2f,0.0006907190703486776
51ab9e94-d6f2-44da-b99f-a6b36a36d9eb,0.0006907190703486776
5ee7e963-6dc5-4119-997c-cc56487e7199,0.0006907190703486776
691b023a-d6ee-4b94-9a16-85e5208aefa1,0.0006907190703486776
5a2a4df1-b50b-4b0f-b7db-f092e643c906,0.0006907190703486776
bcad6a8a-c4e3-4a2f-aaa2-0c78e7b2cfff,0.0006907190703486776
a73e10fc-9148-4853-a407-d871a599342d,0.0006907190703486776
021fb235-0c79-40f0-ae6b-cce4d3cc08dd,0.0006907190703486776
2ae42b67-ae70-44c4-867d-a36ba1f253e8,0.0006907190703486776
2d1208bd-34dd-4645-a420-74edc3234f14,0.0006907190703486776
4efd5c48-fc9d-4f13-8bd9-b3b0b03e2202,0.0006907190703486776
56f3ceaf-165a-49dd-880b-f6ef01b4f72b,0.0006907190703486776
e08beebd-5613-40d3-ad73-0c8c6c510dd5,0.0006907190703486776
13ebbe01-d440-4c8c-8f67-6ca777ff98d0,0.0006907190703486776
b145c0b4-2465-4d79-a29f-705f87de9897,0.0006907190703486776
9def3d80-f891-4f38-93d4-e4018db2865a,0.0006907190703486776
614fc1ec-dbd2-49a7-8bf9-5e7393b37432,0.0006907190703486776
c7fec6b0-9cc4-4214-b2bc-ee792465782b,0.0006907190703486776
8b1ab5fc-f9fd-4cb9-ba43-02897bc6153e,0.0006907190703486776
5c189ea0-601e-4438-b34b-7d0687bf0e8b,0.0006907190703486776
7519a82f-e9e3-4794-b4f5-020525119bb1,0.0006907190703486776
d7ca2a35-bcc0-41f6-be31-9e74d172b1a7,0.0006907190703486776
3d877a0a-81b7-4e21-9990-67f0692a448f,0.0006907190703486776
b8b51b5b-3df9-4fbb-99bc-1c4651369a0e,0.0006907190703486776
0de2924f-f178-49dd-ad81-73f12d1cdbc9,0.0006907190703486776
bd12be0f-8b11-450c-addd-e75953c80f37,0.0006907190703486776
9b1aa73a-32b5-42b3-81fa-e198d0432a01,0.0006907190703486776
3fe7bccc-6480-45e4-9ecf-1cbaa48b8761,0.0006907190703486776
d6ce7ac4-8ba9-4f6f-a8b2-2f8d836819ea,0.0006907190703486776
9961409c-947e-4b3e-8c1b-d71b1a385588,0.0006907190703486776
228e3983-b32c-4adb-817e-81b373d2519d,0.0006907190703486776
15ec8663-22ba-4a63-8a49-caadd4f06072,0.0006907190703486776
3221cd60-76ae-4358-ba35-a10e7d035c1b,0.0006907190703486776
a8f46842-66e6-467c-8c27-65229c3735f1,0.0006907190703486776
b619e526-c57d-43e8-a4b8-df3fa435f7b6,0.0006907190703486776
7ca61bbc-5e15-4f02-b462-33b6819026f2,0.0006907190703486776
27a42872-7bfb-4cf2-a1f2-fc34b0285547,0.0006907190703486776
d451f31a-ffbe-456e-a017-07c7a36a2c1e,0.0006907190703486776
fd70b066-3190-494c-ba09-52f1385e9b92,0.0006907190703486776
b352c37c-c785-484b-9a51-3a6f6ba4886b,0.0006907190703486776
59cd5ef7-30bc-4d13-a0e5-8576397555bd,0.0006907190703486776
2e8868d3-7056-41ae-9eaa-1202b7e56ef7,0.0006907190703486776
c00c4c7b-7c19-4167-bddb-0bee9f55c1bc,0.0006907190703486776
f3807516-12de-463a-93fe-8b7436d47156,0.0006907190703486776
eec5ff72-ff70-496f-8de9-71e593bcde81,0.0006907190703486776
2be8c992-ac69-419b-98b1-78b51508035a,0.0006907190703486776
25739ae2-0db3-409f-ba68-635ec0d419e3,0.0006907190703486776
dd098d12-6937-4baa-8862-fa6b88382556,0.0006907190703486776
c8e7d964-47d4-4330-bb8b-ab8cd0cba80a,0.0006907190703486776
edd0201a-c2a7-4287-84c8-e9074e62a61e,0.0006907190703486776
88145401-93fe-42c0-af75-86ebf8070ce4,0.0006907190703486776
f85da7df-7997-4e4d-a0cc-7ea25ee9693c,0.0006907190703486776
dbe15cc9-7131-4b30-9f14-71e08d8fba98,0.0006907190703486776
5ff9d2b4-7792-46c4-b833-1ea95233345f,0.0006907190703486776
b561b47a-1f0d-47be-8772-c90cb8c41655,0.0006907190703486776
ea8eb8ae-5565-4518-a824-eec0f2bfb541,0.0006907190703486776
bbc40917-15a6-413e-a8a3-918f3b7c2ded,0.0006907190703486776
7d4879f2-fb38-4e4b-922d-b56f3d32e088,0.0006907190703486776
9c4989a9-624f-43cb-877a-3f2e58ec38a5,0.0006907190703486776
6190d18a-3949-4773-a72f-928fe4f79196,0.0006907190703486776
f32e40e4-5df4-4cfe-a0a4-ac42c65d11f6,0.0006907190703486776
5e1a5ef8-b61b-4c70-bcca-a1df4361dcdd,0.0006907190703486776
dbfac0ed-98b6-4c95-a853-62e4bdf06950,0.0006907190703486776
8dc6b343-61e0-4e2c-a9ac-3e804fdc25b1,0.0006907190703486776
c15edb00-8fa0-4ed6-8b6a-b37813342474,0.0006907190703486776
c9821152-e4ad-4d74-ad2b-d135aee10ece,0.0006907190703486776
e5878c86-94d1-4575-8c47-a59e13ca613a,0.0006907190703486776
fce52484-8e06-4202-9a49-bda550eb2fd4,0.0006907190703486776
410fa9d1-e68b-4da3-94ae-d247d828846c,0.0006907190703486776
4a2d0e3e-0a2a-4153-a675-1d3230b4c54c,0.0006907190703486776
c427b3cb-6a7b-460c-87c7-20a4952b8df2,0.0006907190703486776
e3afa1f9-49db-44f4-b45a-a43edca52284,0.0006907190703486776
543c0850-af7b-4be2-af45-066fbeeae698,0.0006907190703486776
19aa96d9-19a5-4436-bbd3-4552b002e565,0.0006907190703486776
76f5b60d-11df-4863-8e1d-4e3604b70ec4,0.0006907190703486776
ec2bdfa9-96af-4159-a238-e4c2f6db55d0,0.0006907190703486776
d0d80a3c-431a-4d21-87a0-65ce7b04b76d,0.0006907190703486776
a8f0223b-3836-4e0c-b77d-9c42aa94f7a0,0.0006907190703486776
502a8879-a8fd-495d-9e65-7d93c326caf0,0.0006907190703486776
12e687a6-5190-4230-a1df-f37592a1b74d,0.0006907190703486776
85f7b37d-51aa-44df-ad9b-a643e15bad84,0.0006907190703486776
bef8992d-a86f-4243-ab1f-36a72ea332cb,0.0006907190703486776
9f780e07-80cb-44b1-9648-adb9e995e48f,0.0006907190703486776
971d11c8-a3ea-4e72-af89-8f1b4e56794e,0.0006907190703486776
9875d8c2-d7c3-46f7-8854-3fd83870e507,0.0006907190703486776
5f5d024a-809b-4b38-a5d1-e4f3b25836c8,0.0006907190703486776
a25247ed-e524-460e-a93a-6d7bf4db9e36,0.0006907190703486776
35b722ae-131a-4793-8229-237e5bf17f77,0.0006907190703486776
f78900ce-a7d6-4f9a-9e94-406fdb558508,0.0006907190703486776
5b52b353-87e5-4bcc-a1c1-0131a2a067ba,0.0006907190703486776
73804950-e2f9-4112-bbf5-70f1f3ad126b,0.0006907190703486776
9f3f7f7b-1312-47c5-91d7-689b759f55f2,0.0006907190703486776
b3190339-5f3b-4f96-ade4-eb5fa3e65ef1,0.0006907190703486776
4db16418-61fb-4a35-be0e-fe357d989167,0.0006907190703486776
d26ab727-ecb8-4768-955e-17ec0d6c4335,0.0006907190703486776
5f4e44ba-b3df-4f2c-ad8d-4ff9ab42946b,0.0006907190703486776
d458cac7-6b52-4c06-9412-b8524a17745f,0.0006907190703486776
7aa1d8c3-0fe9-4b5e-ab14-c32deb8a79b8,0.0006907190703486776
50088aac-9c9b-49a1-8db2-e9c4873c027a,0.0006907190703486776
ec9da5b3-c8a4-43ba-9298-dac15d9cd77e,0.0006907190703486776
b25bf54b-ff48-4473-98b9-a76061de5611,0.0006907190703486776
aff9aa6d-d63e-4d58-ab3f-428a736257a1,0.0005870006484656187
626ffaa2-111a-408e-824b-a15abe886677,0.0005870006484656187
8c727f58-54e3-4451-a002-84e2f77c759d,0.0005870006484656187
7f0c5861-b758-4b93-8772-fee18d10ea1a,0.0005870006484656187
5767234c-37dd-49bc-bacd-da265c06d343,0.0005870006484656187
fb7308a0-21e0-499b-b9a7-c60806c30627,0.0005870006484656187
d9f492c3-1d13-4ca7-ad9c-2b9c90d67898,0.0005870006484656187
7e855515-7a85-49f8-8e29-6cd546c7e7ef,0.0005870006484656187
768b2a00-aed3-4319-a09e-edb98110454d,0.0005870006484656187
1cf63a43-9d42-44ae-a65d-b65948fd69ca,0.0005870006484656187
8e2e5f2f-73f9-47d3-b57c-6af54a91ce7e,0.0005870006484656187
d711250b-265a-42b8-ae32-71a43e8e5b1a,0.0005870006484656187
fbb6cc60-c056-4a39-aca6-44218c162128,0.0005870006484656187
b6054e5b-2afe-4b0d-a51d-2c1f391c08fd,0.0005870006484656187
898f5e53-4cfa-4ce3-b7ba-c02f0d4655be,0.0005870006484656187
17969b38-9f3e-43f5-9d05-6530a65eea0f,0.0005870006484656187
4a118acb-271f-453b-a847-789d93d4777a,0.0005870006484656187
458056a9-1a72-4fb8-85c9-b7ca2382e645,0.0005870006484656187
1f00b10f-00b7-4856-8b3a-1376269131a0,0.0005870006484656187
dfd4f90e-2d7e-4090-9bc3-b0b5ee7e080d,0.0005870006484656187
640487d6-8dd0-4241-af8d-cfb6f5707a73,0.0005870006484656187
cb87f3ea-bcac-49aa-ad0f-9f2bf7ff7130,0.0005870006484656187
937e41df-d8fa-45d3-9ced-3179cf2467d0,0.0005870006484656187
245117b1-0d57-41b8-b4b5-6556234ad020,0.0005870006484656187
c846b978-a3dc-4995-ab3a-bbef2fe0af23,0.0005870006484656187
90323323-a16d-42b8-9cd5-f68b768358dd,0.0005870006484656187
784de6c5-2810-4ff3-a111-c115d3c78a6b,0.0005870006484656187
85f5df26-bc24-439f-b974-cc3ed77c0c0a,0.0005870006484656187
43a0fd28-97c4-4d61-ae56-a5be74703b47,0.0005870006484656187
4384cb74-0de1-4be9-90db-ce1989c2910b,0.0005870006484656187
bde66848-30ae-43c5-a4b1-c795c673eb42,0.0005870006484656187
901c366e-7692-49e8-a323-da06a32ccff5,0.0005870006484656187
3194a9f2-6079-4ab3-ae3d-d48d42da02ea,0.0005870006484656187
768a8acf-0db8-4496-8e63-72d8a9cf55f7,0.0005870006484656187
043d631c-33bd-4c32-aeae-ccbd4ae291e4,0.0005870006484656187
24a1e319-4957-412f-a7aa-75a22758d740,0.0005870006484656187
39415add-e490-458b-a1bd-02f0eb5e43c4,0.0005870006484656187
af168bd3-6b65-471d-82ca-5fa2c6dba43b,0.0005870006484656187
89cdae3a-1e3d-4877-ae31-6abc81f06d77,0.0005870006484656187
a60876e5-b6f7-4fe0-9cd6-c01c158fc197,0.0005870006484656187
5ddde381-3bc4-4265-a758-2f577aa9fc6c,0.0005870006484656187
6016dd06-a8a3-4855-8447-13ebf6424f3d,0.0005870006484656187
b5d1c6d1-a1fe-4fb8-bfb0-964973510923,0.0005870006484656187
692660e5-e856-4b31-a5d4-250bd8af0d75,0.0005870006484656187
9f8fcf86-032a-4143-aadc-7c9337d56dd4,0.0005870006484656187
6b149cba-382d-405f-b2ce-b60f0b62ee7d,0.0005870006484656187
b9f5c96a-0005-49a6-887c-42f8db6d01f1,0.0005870006484656187
3813d903-ebe2-487c-b167-4261114b2d60,0.0005870006484656187
91644883-fe68-4185-9f92-562774e886f1,0.0005870006484656187
8192694a-1e9b-4bc7-b432-25b2be32cc33,0.0005870006484656187
2d70c838-cd18-4f06-a624-0071e0f6e9ec,0.0005870006484656187
98cbd958-7e47-4c93-bdba-3fdbeabf2f29,0.0005870006484656187
505cebdd-1d75-435a-ae53-6e7940ef82c2,0.0005870006484656187
da11b107-4cdc-42b2-952d-445c37976143,0.0005870006484656187
490e42a9-4bd3-4f30-939c-ae1269bbde2f,0.0005870006484656187
0a94f6e3-5d10-4eb3-9f59-39a678578e60,0.0005870006484656187
f12849b2-5566-475f-9d2a-d8b5c871d84a,0.0005870006484656187
25fc8c01-3e81-4a97-8410-214d68b3b8f1,0.0005870006484656187
b012f529-04a3-4bab-9beb-03754bc75fb7,0.0005870006484656187
8588d86b-73b5-4280-9798-91ac57ae357f,0.0005870006484656187
cccaef82-9c5a-484f-82cf-8eb6a85be68e,0.0005870006484656187
c9a982d0-5f38-4b75-a1c2-b688f47e8c65,0.0005870006484656187
232a6546-c871-4418-b908-bb2d9c853cdb,0.0005870006484656187
f96e8bfa-5f21-4fa0-9b2f-a8339e7a8298,0.0005870006484656187
957f638b-7339-4ced-907a-d1912275e0e4,0.0005870006484656187
0e721a84-eb90-4963-b8b1-5545cfd445e2,0.0005870006484656187
32b1ad56-e177-4370-9cb8-5c4f3f16eeb3,0.0005870006484656187
43098409-2266-4a7b-8ec6-f82973449e38,0.0005870006484656187
055f6c96-01f3-4f61-a4be-18b3a1369335,0.0005870006484656187
cb9d7222-3239-41d5-acfc-55660a5b9812,0.0005870006484656187
86cccd85-aceb-4e66-9efc-c2987dcee13b,0.0005870006484656187
0929a316-9b92-4c70-a7e2-cb94cf89dcbd,0.0005870006484656187
bf78ced2-a034-4313-a957-49df2461895d,0.0005870006484656187
ce4b539f-5924-40a9-91de-a8ea5e754dd1,0.0005870006484656187
2eada383-4baa-44f6-9335-321a58eb23db,0.0005870006484656187
8cdc687d-016f-43b7-9c5e-27f6242502c6,0.0005870006484656187
c4900a72-d97b-45d3-90b8-10272d4e42ba,0.0005870006484656187
82cbe7e3-bb60-4f33-9eb5-fb035321a2e5,0.0005870006484656187
4d12ebba-2bb4-44c0-bc0a-5ecbc6160d69,0.0005870006484656187
8bce434d-a33c-4f27-bb73-83922e17906d,0.0005870006484656187
ebc25e64-6083-4c31-b6cf-5049ae20c38a,0.0005870006484656187
0153cd9c-7536-4ed5-9f1f-0dbf8472a40d,0.0005870006484656187
5c27db3c-d045-4354-b0df-7ca6c34fa0de,0.0005870006484656187
cfd0c474-8842-433b-8c1f-411cb384e100,0.0005870006484656187
020a7518-0292-4399-8560-d73be630f881,0.0005870006484656187
b8850342-f6b0-4804-a3c8-bfafec33b868,0.0005870006484656187
0d5b1766-37fc-4444-861f-12b1aa6c302d,0.0005870006484656187
dbeb9215-c19b-4fed-8907-99248876d3e0,0.0005870006484656187
a09a5b1d-41ec-47b9-b1a1-78475bfa37a4,0.0005870006484656187
dded9671-7952-4b74-8a33-a9f6fc09b358,0.0005870006484656187
c03a910f-60e7-4169-b94f-bccd9c7d5b3e,0.0005870006484656187
be92b621-56c7-45c2-8fa8-2528e21768b5,0.0005870006484656187
ebd70ce3-d9bc-4649-b008-cffad43345d8,0.0005870006484656187
09a8c7db-5658-472f-aaaa-14d74238b0c1,0.0005870006484656187
15feea43-d25e-4706-90d5-395ea4f43a81,0.0005870006484656187
4369b722-35ec-45a3-81c6-67a8cb67f917,0.0005870006484656187
c45ba315-e340-4d12-8088-c02f5fcc147f,0.0005870006484656187
d0a23c15-5f23-47e8-a5ad-eed763d0d79c,0.0005870006484656187
8830b86a-46bf-467d-8cd3-be7fe70fc28d,0.0005870006484656187
74662b29-a5b5-45c9-abdc-a4428871b8a2,0.0005870006484656187
83d7e1a2-7d7c-4b04-9d04-22481ed08cb8,0.0005870006484656187
d2f3d24c-9aca-44b9-8e60-c8c83c77882f,0.0005870006484656187
0bf1915c-0394-4c44-995e-8cde2f93cc22,0.0005870006484656187
4569ae39-7578-45be-81c8-b9081323836c,0.0005870006484656187
69ee4b9d-a056-450d-af8d-7d667ec0b444,0.0005870006484656187
6f6fdb94-04f9-4731-b484-90737cae16dc,0.0005870006484656187
5b37b2fc-3915-474f-947a-3f9e0e9e2646,0.0005870006484656187
237f4a41-3f99-4484-811b-16bd407c9076,0.0005870006484656187
078d5518-5972-4d9b-893a-9781f457892c,0.0005870006484656187
0fca9872-9b32-48ff-82cd-b8f4d39434ba,0.0005870006484656187
7e75bc56-99e8-4bc6-b02d-eba0b9a564db,0.0005870006484656187
6fcbceb4-4d50-4d5b-be20-f7f6faba7eca,0.0005870006484656187
27fff648-225b-4330-81a2-ac23be262a2f,0.0005870006484656187
d3942df1-e572-4dee-b6dc-79dbe0c4edf0,0.0005870006484656187
306abbcb-dd50-424d-b10f-5ff9731a9af9,0.0005870006484656187
5e9adc54-6c88-49bf-8722-04d207dc73d5,0.0005870006484656187
fa76561f-1f9b-4fad-9dc3-281dd8aa7fb5,0.0005870006484656187
f241fd1b-8990-4c3e-9bcb-68a89f7a66d3,0.0005870006484656187
d67301d3-3c3a-4b4d-9b3e-249ad6c6cb2a,0.0005870006484656187
7e0df936-63c5-48b8-a0dd-e249b9937563,0.0005870006484656187
ced17bd3-4060-4ada-bd83-8261ce51c559,0.0005870006484656187
b3304fa8-c8d7-459e-b7c3-99c7de8236b9,0.0005870006484656187
76ad3ac8-5232-4ca2-a1e6-c22bd64df3a4,0.0005870006484656187
270a874b-4c36-4116-8180-de4c6cb51eaf,0.0005870006484656187
33355bb9-d201-429d-95d9-d7a0ec3dfffd,0.0005870006484656187
2e406735-74af-4e4f-af44-8ab3be343fab,0.0005870006484656187
b321d7f5-4b5f-49d1-87c6-f9fdcbf502ff,0.0005870006484656187
e2ad7461-2483-423e-be39-1fcc37b2ba20,0.0005870006484656187
e6bafead-695c-4474-b187-05ac8bfd185f,0.0005751175078785309
209d18ca-cfa1-4111-9e7d-9ab3b5a61dee,0.0005751175078785309
6ee63b7c-5c60-423d-8c84-2ba31b548108,0.0005751175078785309
31d2a112-9fc9-4263-9d19-0a73e92439e6,0.0005751175078785309
dbad9190-2366-4916-b26e-4c611e41638e,0.0005751175078785309
254eb98f-2433-4384-946c-ba11a86ed93a,0.0005751175078785309
55ef4a51-9f59-4102-a803-0d28424a21fd,0.0005751175078785309
027feee9-fcd1-448d-9dd3-d0db11d75431,0.0005751175078785309
5bc0db0d-99a8-448f-addf-3298af77118b,0.0005751175078785309
3ff201ba-7b51-4bd5-a4b1-d12a3861c7e6,0.0005751175078785309
534666c6-dabf-4d5e-a6c2-79ae5901064f,0.0005751175078785309
d6250004-6e01-4293-8ff0-519720c49cee,0.0005751175078785309
63947709-9039-44b4-99d6-5b00d6a8d9f2,0.0005751175078785309
7c1a13c8-5c7d-4fe0-80c3-08d4b3f026f2,0.0005751175078785309
56196913-9321-44bd-ae2c-2f99f6567f24,0.0005751175078785309
c2e66e2e-3401-4bdb-ab94-e6a7e104519f,0.0005751175078785309
aa8c4e25-28af-4ade-b29b-badbb76049ff,0.0005751175078785309
277c6e55-81d7-4e45-a739-ae7b87fa912f,0.0005751175078785309
952f3793-a4fc-414c-8456-d07645a79ad9,0.0005751175078785309
6ea984e1-a843-4268-8717-9378e5147815,0.0005751175078785309
75a1bccc-9df0-4dc8-8e45-5ee381b923ee,0.0005751175078785309
5f33782f-c3c1-4d85-a35e-94f7523516d0,0.0005751175078785309
3898d8e1-5fe5-400b-811e-2f65b16f116a,0.0005751175078785309
f0af9b37-a229-499e-9950-aa45da0f01d9,0.0005751175078785309
187e1641-0ff5-4ba0-9a0f-e926482ef2d4,0.0005751175078785309
9bc75d43-1090-49d9-946b-11a8c4e3eaa4,0.0005751175078785309
ceca0598-8e1a-4131-95d6-3dd364401ff8,0.0005751175078785309
e6b1254d-e043-4428-bdd4-70346cb13b2e,0.0005751175078785309
79ad5f3d-6431-4d05-9b12-a2cfe1cddbc0,0.0005751175078785309
4fc51424-16b5-432c-8b47-a5405f1ff728,0.0005751175078785309
c56029c4-21a5-4309-b63a-d3fe7eec74b1,0.0005751175078785309
127be7e5-29a5-4e26-8872-5815b75a7078,0.0005751175078785309
758fc9ad-29a3-4fa5-bb61-7102f6d4f36d,0.0005751175078785309
6a2f0fc4-bc16-47a1-b707-bf72f72d5bdb,0.0005751175078785309
feacc46e-948c-4259-80c0-ec7c3f0f0789,0.0005751175078785309
117eea89-f5ec-4aa7-b344-4f55a88a03d9,0.0005751175078785309
72e901d6-b277-47c4-856e-59b2c623acd0,0.0005751175078785309
8470b620-4a1b-42c4-b3e7-addd7f52e6d6,0.0005751175078785309
2aef71d3-c33d-445d-997f-d527ec191b77,0.0005751175078785309
653737fc-1f49-417d-9a02-d700beefa86c,0.0005751175078785309
ea232c29-b7b8-4012-9d54-62f2de795ebe,0.0005751175078785309
a063eb3a-c108-4837-9cd9-b8b7863ae3de,0.0005751175078785309
8fd9cfb8-d505-472a-9943-cdf956fdae8a,0.0005751175078785309
b1676e01-71eb-408f-8509-0a17f66ec97e,0.0005751175078785309
297af2a1-2dc9-41c6-836c-5722890287af,0.0005751175078785309
ae166fae-da4f-42be-85a7-9b34d0335988,0.0005751175078785309
1ba701ba-df0a-4aca-9308-b687401e053b,0.0005751175078785309
6f8e96a6-b18b-4618-887f-8bf41c1cccf9,0.0005751175078785309
b18aba6c-a614-4279-bff5-e2de2e73b72e,0.0005751175078785309
727d31f4-5170-45dc-a68c-b99b70f5d598,0.0005751175078785309
fdbedf53-d886-4caf-899a-bcc1e351a500,0.0005751175078785309
3bec4aaa-a4db-4a1c-839a-2b6d67b7d901,0.0005751175078785309
e0ba846b-1fda-4eb1-a0d7-b6a70311f8d6,0.0005751175078785309
b6ce357c-97c1-4742-ab5e-4c53804a4e95,0.0005751175078785309
af371d39-535a-4e99-b106-df9df1eb6aa2,0.0005751175078785309
107c1cd4-6dee-4878-a24a-df99f8c1bf50,0.0005751175078785309
702fa526-980c-43e1-9615-458df8ec2ccf,0.0005751175078785309
f26f9395-696b-4072-a010-7565a38641e9,0.0005751175078785309
28208fc1-564e-4110-a474-af4c7442f4f2,0.0005751175078785309
ceb44908-b4d6-4d7d-82ab-3f62529d575d,0.0005751175078785309
9d7f7341-7930-4a38-addb-a656c0646598,0.0005751175078785309
47c4d33a-0d0a-4a25-8ba9-9c9a7a9c8210,0.0005751175078785309
afca7717-4ffb-4e32-ba65-5b74509f85c0,0.0005751175078785309
391a0af8-e4de-4833-9de8-d0c5f4c22055,0.0005751175078785309
40663928-4eea-4dce-a0c9-7486a974b643,0.0005751175078785309
4505c659-9c8c-4f3f-a943-e82085365b96,0.0005751175078785309
6aef1404-b80d-4377-9966-cd00bf6faddc,0.0005751175078785309
c9bcdbd2-356d-48a9-a79b-784a35047769,0.0005751175078785309
861f18d5-64d8-4e4a-b821-b8e6b3495c95,0.0005751175078785309
2fca1fff-9207-45f3-92a6-a8885a97a8c0,0.0005751175078785309
255a5773-f6e4-4747-9320-203f2883143b,0.0005751175078785309
7a5c4229-5710-4a2e-b569-c87fc288052b,0.0005751175078785309
59c23a40-944f-40bc-99bc-8548ad75eee1,0.0005751175078785309
91e4b8d4-c51b-4dd0-9c35-a63343a954f3,0.0005751175078785309
56813310-da5d-4a4a-b057-34d219783933,0.0005751175078785309
4bdb1976-0ab0-4e99-92aa-7f991040d99c,0.0005751175078785309
11a07df8-da94-41d7-ac75-f2023f7babaf,0.0005751175078785309
d991f532-a66d-4d34-abea-0cc7ad075056,0.0005751175078785309
ad327a1e-f1ab-467a-90a8-af720af50f85,0.0005751175078785309
1fd23cbe-9e30-4218-bb30-43dbcc80260e,0.0005751175078785309
f5058627-5b62-42df-b21d-3d64558e8862,0.0005751175078785309
8786236b-04fc-42b8-8395-f4dabe5071b7,0.0005751175078785309
e4c0bb9f-a6a1-4ca9-85af-00b68def652d,0.0005751175078785309
f21f46a4-4850-4614-92ff-dfe81ded4b62,0.0005751175078785309
62e46243-2501-4b5e-9360-b32d861457ff,0.0005751175078785309
d1ac7d16-31fe-40f1-9df7-99913c205cc8,0.0005751175078785309
9da5337f-1d2d-4e8d-bc80-abb6347f1f5c,0.0005751175078785309
65a1bf0f-c3d1-4df3-b883-db05e18f529d,0.0005751175078785309
108c2185-4e3e-421f-96b5-542df1a2db1c,0.0005751175078785309
53d63c54-8425-4a86-8f2f-30410dc7fbb0,0.0005751175078785309
30de8797-8d0e-4163-a987-24ff5f3f889a,0.0005751175078785309
56b58735-f467-4329-b336-1a5d93fa377f,0.0005751175078785309
1f0395ca-c389-4bf8-a09d-e59ee2005bea,0.0005751175078785309
d6f0dee2-0377-45fc-a284-b7a04bd5e73a,0.0005751175078785309
366dc660-a05d-40a2-9f11-1935e3fc7c2a,0.0005751175078785309
1f952bda-8508-4181-a57c-102764aef0fb,0.0005751175078785309
c8aea232-ae2d-46e4-8f67-c2745ddd4636,0.0005751175078785309
de809bce-d245-4dc6-be3d-a6f9ee629a51,0.0005751175078785309
11c10101-834b-40d8-b14a-537f1e15c488,0.0005751175078785309
23881d38-4129-439c-a38a-5f3243dd88aa,0.0005751175078785309
17bf44ed-8bbe-45e4-8f89-2ba9dca2c4fa,0.0005751175078785309
9cfcb51e-8d12-42f4-8bc8-eb0a2727e4f3,0.0005751175078785309
931316fc-ab57-4038-b943-d1921750a672,0.0005751175078785309
2f567c17-613d-4258-949b-231559d4b350,0.0005751175078785309
8b52aad2-dbd2-4b5d-984d-ceccfb30394b,0.0005751175078785309
23aa61ed-25a4-4da1-98a4-cec2b137db65,0.0005751175078785309
0c3a8eee-3661-48e4-8a8d-13e7c8b355eb,0.0005751175078785309
379dac27-ff26-457a-b7d0-39f8935af965,0.0005751175078785309
16d2df98-c0ac-4aa6-a946-77ea5159a8b2,0.0005751175078785309
8f2a3a81-4b32-4ced-8dc5-b46763285975,0.0005751175078785309
5691acc8-3dcf-4fb3-bc05-efa118f9c01a,0.0005751175078785309
53f768c4-39bf-42b7-92d0-ca8a1efab503,0.0005751175078785309
f8f70d51-fa28-4ab6-8320-6086ab51e9ce,0.0005751175078785309
274344a9-e033-44c5-a81a-c3868025cb39,0.0005751175078785309
0e389d88-7c84-4c49-bcba-c8df52939734,0.0005751175078785309
b318a94a-8d3f-4d43-98ed-0e1fc814255d,0.0005751175078785309
be4ce566-6482-4bf5-92fc-02edeb3a4702,0.0005751175078785309
cddfef5f-1848-4c97-b8d0-591ec344cf24,0.0005751175078785309
a33c8170-d7fe-4723-9fdc-3c2d898df50b,0.0005751175078785309
1ad9cccb-f53f-47dc-90af-2a36f2de8f95,0.0005751175078785309
b332740b-0629-4790-beab-aca612eeb474,0.0005751175078785309
745e1581-1f65-4e06-8e65-c94fa6dee78c,0.0005751175078785309
6b0227d5-c2d0-425b-8dfc-b104a253d1a3,0.0005751175078785309
0083a85a-6c8e-41ab-9bad-0bffb78e75ab,0.0005751175078785309
4efa7b5a-078b-4f42-aeec-e682f6cc8395,0.0005751175078785309
a2c68978-eef6-4efe-930e-f666e114b669,0.0005751175078785309
96c30813-4c8c-4af0-aa4d-2fb18e0523ad,0.0005751175078785309
75c77ef5-54c8-4669-a06c-9608393146a2,0.0005751175078785309
d66a294d-16a7-4cee-b90f-7ea416c3272e,0.0006439667969289076
10a86bbe-3e4d-4939-aefe-629f0fcf8b4a,0.0006439667969289076
ec163b99-d6fd-43a1-9f20-e0fb3a84da60,0.0006439667969289076
c8067ec5-a989-449a-a1f4-be975d531981,0.0006439667969289076
7b2ea574-ad76-464d-84f2-77bf5a96e5d3,0.0006439667969289076
0a700775-0ff0-4743-9562-bc51284214b5,0.0006439667969289076
845e2e2d-50f4-4a2d-a11b-a91c00217c83,0.0006439667969289076
8c577cdb-39ea-4c85-bc69-bdfb80362d96,0.0006439667969289076
55b7dd57-02fe-4ab1-9265-b79705942fda,0.0006439667969289076
bf91f1bb-7a30-430c-89f2-fcfbd94851bb,0.0006439667969289076
39c54a99-3abe-4486-b7eb-f7aa555faac1,0.0006439667969289076
fbf7a239-4685-4426-bd5b-7eb4c0d5db2f,0.0006439667969289076
40f797fd-fc17-4431-86a5-4f90afd6bd79,0.0006439667969289076
5f036c42-0c74-48f9-b94f-d319e148e36f,0.0006439667969289076
bc2e296e-588e-4adc-83cc-c9a5161751ea,0.0006439667969289076
f96199f8-822a-4da3-875c-9b9e93ed486c,0.0006439667969289076
44bf7c60-e6c1-4fc3-bd19-7b61b0343338,0.0006439667969289076
b0ed0845-e7d6-4a00-8865-03d5dc02e4f0,0.0006439667969289076
94e84715-a176-43f7-a8e6-8173b702a17a,0.0006439667969289076
c92c6cc0-5ee9-422d-94c5-86998dedcdeb,0.0006439667969289076
3c1e1eb0-0e3c-413a-8cb5-ace7c2d5c4b4,0.0006439667969289076
1212eef7-c458-4ebf-9590-f02668dc3661,0.0006439667969289076
7a3259ee-ae3c-4bd2-a9f1-6d337209778d,0.0006439667969289076
a0f2b2ab-30ff-46df-b7b8-a33f06e212e6,0.0006439667969289076
9cc436b9-8d71-40b0-8f25-2993fd1ecbe5,0.0006439667969289076
84ed648c-2e33-4a80-8e5c-f1c3b456f930,0.0006439667969289076
e305bf54-35df-46ff-83db-20e49a2c66ec,0.0006439667969289076
7e22196d-7cc6-42f7-b044-922367e7754a,0.0006439667969289076
61a9d75a-3b38-4eaa-af20-8589c5e6b492,0.0006439667969289076
99d22ddd-b4d4-4853-b664-3e405a891b81,0.0006439667969289076
b9f6ed12-3343-4a05-ad29-6f5a25500de5,0.0006439667969289076
8bcf6c4c-6b63-4686-a5ff-b6b6322a5745,0.0006439667969289076
5f1a8e47-981c-4297-929b-239fbf70f0d2,0.0006439667969289076
5e14ae15-2cd8-43ff-8a2a-f8eb043c98e9,0.0006439667969289076
97b3e57d-9d4c-4239-9fa6-051316ccff4d,0.0006439667969289076
35bf8b25-3b24-4af7-9bfc-9becc9c11f14,0.0006439667969289076
39d749c5-cc02-46bd-a018-568b86da7f3c,0.0006439667969289076
33c3bae3-421e-44d5-ab16-bb700730ecb0,0.0006439667969289076
37022ac5-a113-4a57-a66c-a957b080694f,0.0006439667969289076
9be437c6-dc80-4b15-8780-7641a0ee9e44,0.0006439667969289076
67a5217e-9d3c-4ae1-9a16-f85d9b42d8dc,0.0006439667969289076
f2097657-c625-4408-b97a-92d07e931a31,0.0006439667969289076
fc1793f8-10ee-43ce-90f9-b2c845f6e1af,0.0006439667969289076
f12adebc-8b4a-4ced-9a22-ceb102246ea9,0.0006439667969289076
580b7c99-a101-4b17-849e-c394c6f24702,0.0006439667969289076
a7e2a213-a2ac-4871-a9aa-74c56aff9e25,0.0006439667969289076
598137ec-0baa-41bd-a880-f4b6eb9eaf5a,0.0006439667969289076
5d9956b0-e242-482e-928d-60d103457cdf,0.0006439667969289076
d03622b6-e0b6-48b8-90c6-24025d17958d,0.0006439667969289076
3bbb9a71-5bf9-4932-a527-75751e80de49,0.0006439667969289076
87faa16a-1dc5-41cd-826f-060e3be7c108,0.0006439667969289076
a71de356-b407-484f-9eae-849e4df3df51,0.0006439667969289076
a25c3194-1329-455b-8f10-20018febfde7,0.0006439667969289076
956dcb1c-b89b-4096-be78-da95f890df37,0.0006439667969289076
682dab0e-3b21-474a-832b-581dc9678022,0.0006439667969289076
811edd6a-f849-4286-9ad4-94bea9da4524,0.0006439667969289076
a9472b05-eb87-4107-b6d8-b102a4521e55,0.0006439667969289076
43070eb1-852c-42b4-9ac4-50f340d65a33,0.0006439667969289076
1917a740-8f35-4a4b-ba14-bb0f81f1107f,0.0006439667969289076
2c3670b4-8b36-45c0-a4b3-ca45128d9a29,0.0006439667969289076
3d41cf3a-aeb0-45a8-b6b3-5a13493b0dcc,0.0006439667969289076
d0479c19-fc57-4c1c-ae73-acba64f75bc5,0.0006439667969289076
c865c695-da43-49e0-b2b6-c3c310efebe4,0.0006439667969289076
261ca2a4-ebfc-4fc3-8f7c-00d5d4057b29,0.0006439667969289076
4fe85d0c-5276-4510-bd5f-828a28bebf02,0.0006439667969289076
2377edfe-7f7e-4120-8bd2-146528ba34ec,0.0006439667969289076
1f534c0c-52d4-4486-9cae-7a000874cd05,0.0006439667969289076
879e1a2d-a215-4622-87c8-5d7e66ab3e94,0.0006439667969289076
68954111-258d-4b65-ac64-9aef8059ffef,0.0006439667969289076
b9c2c227-d5ed-4637-a8f5-5bfa3912ffcc,0.0006439667969289076
3adc2afa-400b-48a2-a4b5-a71dbe4b9fd6,0.0006439667969289076
2dc49645-a028-4441-8123-509536d688c4,0.0006439667969289076
3c7e13dd-e10d-4ea3-a330-2fbbab845da8,0.0006439667969289076
062abe30-ca86-4f63-ab31-52ba9eee2d3a,0.0006439667969289076
0b0528f5-2381-4d05-83d4-4a24212abc1b,0.0006439667969289076
2e86c027-b5f4-48e7-bd6d-1da70adc7e4b,0.0006439667969289076
e0778589-ce17-4784-ae49-7b3dba6431d9,0.0006439667969289076
c45e550f-c715-4ab7-a5cb-52e1a425dad7,0.0006439667969289076
73db1899-5d1c-4748-9827-a19fc727832d,0.0006439667969289076
7fc233f3-14f0-4d6c-85b5-76bd3f5b8ec4,0.0006439667969289076
cb2fdd5d-9033-4fbc-b94c-82f8127920b0,0.0006439667969289076
5706f37b-c37e-4255-986d-f37a6ca0aaeb,0.0006439667969289076
56b01203-905e-4f3b-944f-7a376c8b7df7,0.0006439667969289076
f1348f25-59d6-4ca5-9d85-a614dd55de1b,0.0006439667969289076
f7bbaea2-ea6f-4efb-b73f-754291985471,0.0006439667969289076
e3140eae-0c93-48f9-9804-2ac58813b14b,0.0006439667969289076
1c1ffa9a-a1f4-4904-a1dc-7022d450cfbc,0.0006439667969289076
3ec6d825-3c17-4452-8ef6-a1289c146498,0.0006439667969289076
69dd219c-1710-4040-bfec-fc7f552b853a,0.0006439667969289076
1f28ec36-e8ac-4dcb-8153-3a4ebf9925e9,0.0006439667969289076
04f5ff17-9bc4-4345-8047-743f9daf6246,0.0006439667969289076
8a092b12-c90a-444d-8924-23f9d144d165,0.0006439667969289076
c7ec5f04-d99a-4a38-bb93-7e0a2acb062f,0.0006439667969289076
53d403fd-5122-41fc-811a-caed330fbb23,0.0006439667969289076
0b4bf749-6031-4501-9c91-6e3598db9868,0.0006439667969289076
1791cc2d-bd45-4576-8036-642446017130,0.0006439667969289076
21205cca-d5ee-466f-ae7f-d3ae6b628066,0.0006439667969289076
7c161769-711f-4275-bf5c-b8bf15a08d43,0.0006439667969289076
a4dd402e-2495-481b-bd05-b098edf9e66a,0.0006439667969289076
13ce2f29-07a3-499c-9941-ce4d4372bd41,0.0006439667969289076
33efc33f-d2b2-40d7-a9a9-6d5a229acb8f,0.0006439667969289076
b483a8f8-a71c-4b5a-a9bb-90e7f5a32c2e,0.0006439667969289076
15cc5806-54be-4cf2-ba7c-b68ecb491d52,0.0006439667969289076
6aa2a094-8697-4be5-9063-4d35f3ad3a6f,0.0006439667969289076
281ae9ee-bd0f-4784-b387-5fb0dc2198a9,0.0006439667969289076
71878309-d246-4492-b0fe-9a6a50ff3af6,0.0006439667969289076
f83a5a96-8816-408d-9733-6a207ba50cb9,0.0006439667969289076
06fb2b32-ca3b-43c7-97ed-5ff4f25416ad,0.0006439667969289076
bde951e1-4faa-4bdb-8c93-955ff6c7081b,0.0006439667969289076
a3d9c7ab-dceb-4ff1-aaa7-09c68d2025ea,0.0006439667969289076
f91d4a25-aad1-47e9-a1b4-39c83eaa9701,0.0006439667969289076
263e7533-4742-45c5-b0c9-36213cfd2784,0.0006439667969289076
d3e3f147-13b5-4dba-a612-1bc61b326ece,0.0006439667969289076
44692645-3776-4740-8af3-0a8958ae3a34,0.0006439667969289076
378f3bad-898d-4b76-91bd-9fdbfc0cf0aa,0.0006439667969289076
2cea7015-46e1-4708-b3ca-19f9a9d12a8c,0.0006439667969289076
cfe060fa-c6a2-47b0-804a-8a51b7d3baff,0.0006439667969289076
6de8e479-869b-4373-b8f8-af7d7d34edb3,0.0006439667969289076
1238c059-5e79-42a6-9ac0-ddb8aeeb88e5,0.0006439667969289076
d1c45695-d0ed-4f4b-85f1-fded639ba81c,0.0006439667969289076
f9d9a717-8917-47ea-8542-51c7911335a1,0.0006439667969289076
24707889-4468-40eb-9a43-8a9ef7fc92d3,0.0006439667969289076
5b7d47e3-1411-4a11-8279-f23d5a6350da,0.0006439667969289076
7b6a4dda-35ae-4a5b-a9aa-41f9039a588a,0.0006439667969289076
6ba65dd9-8164-46a9-a3b9-abc7118dcafe,0.0006439667969289076
f641f3cd-33f7-4b94-97a4-43d648ab108a,0.0006439667969289076
748f95c7-0838-48d8-9c59-f2737f79406c,0.0006439667969289076
7d11c1a6-fe2d-4d33-82c2-5e15774203db,0.0006439667969289076
d456d294-b85d-4c31-82f6-155d094e5345,0.000588748703080455
94b73363-b6be-4bd4-8969-bf488ff30784,0.000588748703080455
e4e23bd6-581d-4273-907b-5d0d4238ecbd,0.000588748703080455
7dbdf842-410c-464c-aace-fc26bdb21953,0.000588748703080455
c95dc789-b9ab-4cff-8104-bea8f86c9a05,0.000588748703080455
70f87bae-5f99-4f95-8b5a-135ed7521504,0.000588748703080455
d83df613-e4ad-452b-98ba-c1b16c6015ad,0.000588748703080455
2a7dce13-9fb4-4112-ba89-b7d5566c6935,0.000588748703080455
eaad3ff2-057a-4129-b451-3742dadc5835,0.000588748703080455
6ee543f4-bc00-4678-a688-50420f3d4f7e,0.000588748703080455
b3bd0295-359e-4db4-b4c4-60a5954c8911,0.000588748703080455
eba5c59a-0c50-4dd3-9b6c-feaad6ae6069,0.000588748703080455
47cf509d-e108-42e4-a67c-faae09bc3ec9,0.000588748703080455
04143d8f-4f0d-4e04-942f-fa12e26305a0,0.000588748703080455
206d3c94-d68a-4290-b160-517972c278d3,0.000588748703080455
94023aaf-0027-4609-a5b4-03aac350f789,0.000588748703080455
82b1174a-2100-43af-9968-47a762675875,0.000588748703080455
99731164-b1e3-4b83-8046-dbe61dcab4aa,0.000588748703080455
a40ec5f3-9901-4dd2-9f83-de768bdf43df,0.000588748703080455
98c53279-11ba-4e71-8cfa-4796f0ffd41d,0.000588748703080455
ee429fdf-f808-4ee1-bc1a-adda0f833d73,0.000588748703080455
5bd1cfce-3799-4fbd-b5ec-3a49a9a350ff,0.000588748703080455
df951fbf-a11a-4a89-83c0-fe538f6ff6ff,0.000588748703080455
321503b4-eecc-4315-b75c-b56cb1b5c204,0.000588748703080455
324dca59-1cee-48a7-9e9d-bb2bb22d95e5,0.000588748703080455
56dd5d4e-cb76-4e63-82dc-47d3134f34f2,0.000588748703080455
0fe9a01a-c9c7-4358-af8c-2787e53584fc,0.000588748703080455
b46eb36a-ce48-4e81-b165-4f2674965311,0.000588748703080455
4920affd-3eb6-4499-a91b-0e17c5f2d89e,0.000588748703080455
4b6e2d40-14c0-4da3-8e61-3f2d72999cee,0.000588748703080455
3c8ce945-e9d8-4aac-9d7a-58758a1940e8,0.000588748703080455
e47ea1c0-2745-43de-b1b5-288d9dc7945a,0.000588748703080455
7e0e572f-9ef2-4950-a470-d079a85c1b04,0.000588748703080455
11f3aef8-65c7-44ca-8b7a-621b2c80c872,0.000588748703080455
aff9e351-8b53-49d6-bf7b-1febc3b251d4,0.000588748703080455
86d58cc2-5c38-45ab-9cc3-db8a683996d1,0.000588748703080455
6a8cc627-5f2b-4198-b884-8f6915341f16,0.000588748703080455
705e65f8-b76a-43b7-936e-2954661b52cc,0.000588748703080455
eb1405f4-32f4-49b0-a69b-0aaf5fb44ff7,0.000588748703080455
60aeb348-bbab-4b05-8048-b4f978842084,0.000588748703080455
0e596195-2369-48f5-a080-d4efe35d06e4,0.000588748703080455
54325fe6-a9f0-415d-9523-353c5dbb0c2d,0.000588748703080455
0b12ed58-0a54-41f7-9ee4-6c66787b1681,0.000588748703080455
d5d2f72d-5e8e-4bcf-84ee-b7fc35445d00,0.000588748703080455
ac576cb8-278a-485f-8e27-fd3413a7fbb5,0.000588748703080455
be9b6222-64b1-43d4-9b5d-9afc45d3ccb2,0.000588748703080455
9269adcf-01fc-40e7-8e74-a5246c4bcb90,0.000588748703080455
65698fc5-b951-4569-ac23-526d0a0967c0,0.000588748703080455
895c2d3b-8fa7-4fe4-b606-b7872c444b95,0.000588748703080455
c5ee6689-d0e6-4b41-a24a-f17b36e59511,0.000588748703080455
e6060e53-61e9-4a9b-b9db-7dd8fa3a9fce,0.000588748703080455
9ed494e5-af3f-4213-a748-90932d27b180,0.000588748703080455
fa484e06-bb02-449a-a422-559296f8bd36,0.000588748703080455
626f2bdd-c349-4830-8fe8-e360d47506ba,0.000588748703080455
b0093ed6-c113-4e3e-b7f5-bdd837e6ef1e,0.000588748703080455
4de66498-ac33-42df-9704-a4537b13f3d1,0.000588748703080455
0e2ca09e-d2dc-4f64-b479-7707e9ea575b,0.000588748703080455
8c51178c-5d2d-45d7-9a32-78ea0243bcaa,0.000588748703080455
31b02784-4f5b-4b75-ae1f-f4dd55709c66,0.000588748703080455
837f52ea-632a-49ca-8521-78938949b600,0.000588748703080455
b013ac1c-7e1c-41f4-a5a7-8601a51ad7d2,0.000588748703080455
af9d345b-c8ad-4834-b104-de3a92d0040d,0.000588748703080455
db09fcfa-3849-4bcf-a1bf-179003fa1c22,0.000588748703080455
b4da35f5-eef5-4203-ac34-1c8f3fc55360,0.000588748703080455
a768c32b-41a8-465c-b00c-aaaa881c92c2,0.000588748703080455
0908275c-e7ed-4a97-bf72-55ff953046b2,0.000588748703080455
218c4cc8-169b-4a4b-85d4-c452abb8ac9e,0.000588748703080455
aa90107c-aa5d-4107-9dea-7c1c26f08a7d,0.000588748703080455
8de1b9a5-d179-4e2f-86bc-6e1b40e6fe02,0.000588748703080455
d8658e55-4771-4ccb-8607-0533b0c3d895,0.000588748703080455
8c870892-6e85-43b1-bce2-b412aef37e1c,0.000588748703080455
a855c125-211a-4d2d-bb2f-cbef2aa13484,0.000588748703080455
75a0508a-ca76-418f-8aeb-f7fdfd13d092,0.000588748703080455
192f2e77-4743-46cb-9268-ec69f7b11c1b,0.000588748703080455
68874f28-11d5-46a7-89aa-231747eef6fe,0.000588748703080455
f0d5cefd-565d-4946-86cd-1bd4f82c293b,0.000588748703080455
5a55e013-ddb0-444a-9acc-813b3145e041,0.000588748703080455
46c18bc5-9976-40ac-a999-b4e78d66786b,0.000588748703080455
d70034dc-b244-4784-a298-c2e5517847f5,0.000588748703080455
97a94821-7b1c-4bda-b1be-6a793686d63a,0.000588748703080455
81958ef6-e1a0-4b33-81b5-76f0951c7a05,0.000588748703080455
485a3d38-0f5b-41f5-bb56-f49c12846dc2,0.000588748703080455
0177bf17-6a23-45b0-a27d-1cd9acc1290c,0.000588748703080455
2a59ea78-bd80-4e16-9fe6-16475ca0be32,0.000588748703080455
358598c9-1d2f-46e7-b2b9-f79eea58c627,0.000588748703080455
658a9083-9ec6-40f1-8764-c4733bc63a3f,0.000588748703080455
c1ea4d2d-3801-44e6-9621-084593731f1a,0.000588748703080455
ea47eb83-2715-4291-bbe6-22c00ca01e9d,0.000588748703080455
65cc67ba-2472-4a04-9bb2-66bf474a6f86,0.000588748703080455
f8db1c78-647b-4b35-862b-3c5118a0a594,0.000588748703080455
1bba7a4d-765a-4740-868a-9f6a97080219,0.000588748703080455
14aa09dc-deaa-4948-9959-05eefd09a38b,0.000588748703080455
6f7f8513-61f5-4068-b39f-4dc0147c5dae,0.000588748703080455
542da057-8afa-4e86-bc3e-b923edfc30d0,0.000588748703080455
39d87ea8-d472-493e-99a7-98eb293bbcac,0.000588748703080455
e68d993e-88f7-4962-91a6-819ff97420ce,0.000588748703080455
1efa352d-0037-4c10-a4eb-37b7dbb52d54,0.000588748703080455
0638c271-7115-44da-a63e-1d75a9ad28b9,0.000588748703080455
ed18a7be-3c00-469b-a08c-3d0abf0e1763,0.000588748703080455
b967e21f-f3af-44aa-a39e-76220488e0d2,0.000588748703080455
9df9ae97-d211-43fb-be25-7c0f44333db5,0.000588748703080455
2f7468e0-751c-4274-98cf-5d6440189a4e,0.000588748703080455
59c5d04f-1043-4ebb-b67a-5d62e125d2b0,0.000588748703080455
c215ffca-72fa-45d2-ab78-15efe0ff46ad,0.000588748703080455
787b0989-279f-4721-87b6-fc425ec77009,0.000588748703080455
7525fad1-1668-4a1f-8ce3-c7d3fef57345,0.000588748703080455
51f5d368-43d8-430b-93e1-f62bed15bf70,0.000588748703080455
74b10d31-3e2d-406c-a0c9-e5117ec7bcdb,0.000588748703080455
d47101e0-d301-4447-9883-5484edcf413d,0.000588748703080455
3b33da99-122f-4207-bfda-e3d3cbc5a7b8,0.000588748703080455
6cd1327b-c1a1-4743-82c9-749b097fc6a6,0.000588748703080455
6b1a562c-5256-4e68-be02-a5f006ef1471,0.000588748703080455
e0bf039d-1538-4431-94b6-6cf8da40cdb3,0.000588748703080455
0ca957f1-8ce1-4387-8cc1-a01182d671b3,0.000588748703080455
527fefcc-796c-48df-8fd3-a4320d21efdf,0.000588748703080455
75acb2e8-d7a8-419f-b295-7868c9005f65,0.000588748703080455
29f38b3b-2a85-48b3-9ad6-dbd683358700,0.000588748703080455
9794ff24-d2e0-40b8-83cb-1093c2ddbd56,0.000588748703080455
90208337-99ac-4688-88e5-bb28d628502a,0.000588748703080455
aa50a4f8-3ac3-4a62-bfa6-87b0087b29f8,0.000588748703080455
0b26ea53-cba9-490b-8df0-a1c5ccaa36d7,0.000588748703080455
bc7eb9de-4aa6-4fab-a101-4df49bff458e,0.000588748703080455
c3c4696f-9cf4-4e8e-bc30-7a9f2bd27e76,0.000588748703080455
a678719b-f812-4d97-8599-e82df231196d,0.000588748703080455
34f7fd84-fe8e-4560-a672-eaf543a0ca48,0.000588748703080455
2f1c156b-031f-4f15-8c3c-9ffc0d5b7fb4,0.000588748703080455
af1707d9-d6f5-4b58-add2-faee01383cd9,0.000588748703080455
7df81962-729c-410a-b67a-9c1a3fad56d5,0.000588748703080455
4986cbab-e33d-48c0-891d-61cc95b388dd,0.0005637692108848569
1fd92b9b-c8e8-4cc3-aa8a-f9ee9dc2b682,0.0005637692108848569
2d340825-2884-4fde-a4f8-46e39ea6c6f9,0.0005637692108848569
1a556a00-4c18-4feb-905b-a8f49b3080bf,0.0005637692108848569
49d08b1e-b3bc-46c7-bc71-45a3e17ebbba,0.0005637692108848569
ab840d29-2ecb-48bd-adeb-caf027582170,0.0005637692108848569
d411e624-c4e3-4ceb-aafc-c674ce6eedd5,0.0005637692108848569
56ae02be-a365-4ece-8bb1-aed30a46b89b,0.0005637692108848569
cbe6c567-22c5-4501-b2a7-2e03e5e687fa,0.0005637692108848569
f4e7f948-41a5-4543-9ee6-585b5d56d0ac,0.0005637692108848569
b928c73b-cfcd-43ee-8cd1-7c9973c7a404,0.0005637692108848569
58845e58-a9e2-4ed3-8d8e-0940e7236413,0.0005637692108848569
c45c1bc7-55ea-4363-a43c-b52d9fd649f7,0.0005637692108848569
94046dae-dcd1-47f5-9247-d852c67d8718,0.0005637692108848569
492f7e41-3de1-4389-989c-6e25d64ba5f5,0.0005637692108848569
20b54e69-b4a6-4b27-a9e6-c24e450b38d6,0.0005637692108848569
73e11b9c-9810-4ed7-ad6c-bb087c589f44,0.0005637692108848569
c876ea7d-6019-4073-8719-c442b43dc34d,0.0005637692108848569
c51bc5a4-4d51-421d-8922-8fc09ff6cd39,0.0005637692108848569
4df51f5e-9d46-4df7-96c6-cfc2facd3dee,0.0005637692108848569
4d1552f5-c69f-4e12-a07d-e6497d1a08e7,0.0005637692108848569
4d623c82-664f-40d8-9062-dfa6a8e348e8,0.0005637692108848569
fc5abcc1-da4c-4947-8d4c-6ce2a45bf1f6,0.0005637692108848569
1f784dbe-a5a7-4f33-85bf-b358d6d7d956,0.0005637692108848569
6728929d-e7b8-4f9f-a17e-0c11d409eadc,0.0005637692108848569
185e6f99-b852-4326-a081-92506a27b542,0.0005637692108848569
51744937-3d20-4834-8288-a7773d1aa76d,0.0005637692108848569
4811110c-2c79-4067-ae44-8e13574691d6,0.0005637692108848569
116a0b6a-2443-4aa8-a998-5fee769b3d16,0.0005637692108848569
31d11be4-235d-44a3-b1da-45daae35bd8d,0.0005637692108848569
7a58db32-ca87-4968-a969-5ab398a13a0f,0.0005637692108848569
371a1065-fab0-4bbc-80e8-29eec425e3ab,0.0005637692108848569
85819b9c-1e92-44fe-b595-2ae5b9b268e9,0.0005637692108848569
ea6139c1-092a-42f3-91d3-e4e0820a858f,0.0005637692108848569
1bf6280f-09c5-4774-9530-745cefd82b02,0.0005637692108848569
18551907-55f5-46c6-8575-587dd95a0ab8,0.0005637692108848569
5bda6798-eadc-48ad-98a6-1f59d260ccf0,0.0005637692108848569
9caa573b-69b2-45c7-a97a-a0684adf0939,0.0005637692108848569
4f0fa626-cfea-4332-aea9-48315c03dd6f,0.0005637692108848569
674c5aef-9a8a-41be-9480-198d0f842079,0.0005637692108848569
c42acb8a-0a14-4e76-aaa1-0703f3903c77,0.0005637692108848569
31d55f9e-7c5c-4064-8315-0c82eb486fdf,0.0005637692108848569
0bd6c66b-a83e-43c8-9a80-2ed73d8ed4b7,0.0005637692108848569
fc0f1771-30af-4bf0-a515-f558c4fd07ee,0.0005637692108848569
c08fd785-78cb-42ea-8574-296d03ac991f,0.0005637692108848569
51bef1b7-86eb-42a8-aba0-1a271fab310f,0.0005637692108848569
e26626a0-1e24-4e17-8581-dd965d060343,0.0005637692108848569
88946ba3-3360-42f8-8189-88a59880a76a,0.0005637692108848569
e094b130-8524-4ec0-aef1-337eab1dfe16,0.0005637692108848569
4e28e937-7e72-4479-9fa5-b6c77328d522,0.0005637692108848569
3dbc9107-7717-4fbb-8f1f-06d608030d4f,0.0005637692108848569
2afd4e24-4efd-4dc0-bf37-099f6b38c34f,0.0005637692108848569
bed492fe-5338-4c98-be6f-190fde2c0704,0.0005637692108848569
b0af7935-d54a-4f82-814b-0f756f9f9179,0.0005637692108848569
f57eedf4-d73d-4898-874c-334ee249b0ec,0.0005637692108848569
e44e6bbb-d6d5-427b-b5ab-6dd529d9cd2a,0.0005637692108848569
60a7bf98-636d-4182-a5f9-c4b1912c5ca3,0.0005637692108848569
94f20d78-1dc8-45cb-b888-09e5ec4fb6fc,0.0005637692108848569
e836518b-5d27-4a18-86c0-f0c15aebfcdb,0.0005637692108848569
a9e557e5-fb15-4ccb-a054-b7e04f7b5410,0.0005637692108848569
fac8e9e6-dd08-4c6a-8685-51935142d91f,0.0005637692108848569
767d0538-ada5-4222-bcf0-e2f9034368f4,0.0005637692108848569
e725b897-88b6-486e-b210-db5e52f094d1,0.0005637692108848569
65f2a26c-37dc-4e50-b19f-5a2f7ccfcc08,0.0005637692108848569
a8f521ee-76b8-4a3f-b81f-68545b0307a0,0.0005637692108848569
7c245f5a-537b-4ed2-a34d-b666bb67ed50,0.0005637692108848569
9a7d895c-3127-4986-a1c7-8d719fae50be,0.0005637692108848569
689d04c8-1fe6-43c3-8a73-3398aec2e303,0.0005637692108848569
846a77a6-6cf4-4cd1-bf14-5259fdfae31b,0.0005637692108848569
fe4164c9-25bf-4d78-80c2-daaba221d91c,0.0005637692108848569
4ad391ac-a9a7-4c73-a50c-b40d402eac61,0.0005637692108848569
51c98369-8f27-4445-a201-c4992a4633ce,0.0005637692108848569
78b34555-6dee-4281-982d-3fa195988945,0.0005637692108848569
30ef49f4-e8b6-4291-983c-a6163e46300c,0.0005637692108848569
3e2ff7f9-e444-4b0d-be53-d4b8c782fb01,0.0005637692108848569
50b74dea-3475-4986-aed4-c86a757f60d4,0.0005637692108848569
6d86f3a8-1fc4-4f80-9fbc-bfdf201f8d5b,0.0005637692108848569
a02d581a-5b97-4953-af4f-728cc0e7209b,0.0005637692108848569
3bc5db08-7df7-48f5-a51a-586bdebe6956,0.0005637692108848569
f4138809-c5e2-4556-ae6b-edbc5e3eb9d4,0.0005637692108848569
55dd8699-1a46-4070-a529-4a334e4e705a,0.0005637692108848569
588c55e8-0da4-4b1a-a9ce-ba17c0c34cc3,0.0005637692108848569
fa951faa-16ad-40e2-8d6e-53d5b885e914,0.0005637692108848569
01fa3800-7594-4f6d-8871-b3fb685de2f3,0.0005637692108848569
38e80fec-f901-4bbe-9b0e-f929cf50cfdb,0.0005637692108848569
d8920444-50fa-4e1c-a55c-dc01fb3f7026,0.0005637692108848569
a7f2cca8-4028-4682-8904-6bc1aafa2bb2,0.0005637692108848569
e71d5d48-b0b1-4205-b041-4b73cf894c1f,0.0005637692108848569
9c46bb19-63d1-4b79-aa84-6dfd4392480b,0.0005637692108848569
c2e8d677-ef0d-413f-88d1-3d0b4c818c87,0.0005637692108848569
dea3dd15-40ff-4ad8-8f86-872a4970a4d0,0.0005637692108848569
52c86fb1-8760-4f0a-8308-8b026657995c,0.0005637692108848569
6783dcd2-26da-4085-9d48-55e37fca4d3a,0.0005637692108848569
35c12d8f-04cc-4a48-ad8b-d0969fe608d5,0.0005637692108848569
501c6109-9f65-4549-96be-6d513849b828,0.0005637692108848569
a0c07e2d-99a1-44a8-99ef-e42f17ec395e,0.0005637692108848569
9e6c8bd9-75a3-450d-9727-5fe3dd5c5ea8,0.0005637692108848569
e107dc08-50d7-4f15-b363-74c70f778202,0.0005637692108848569
b9472c74-98e5-4d0e-af17-4b799008badc,0.0005637692108848569
74d7ddd5-7ff9-45ef-bb76-40ba58ac8be9,0.0005637692108848569
04c2f805-fcae-42fe-878c-bd4b65b6e4fd,0.0005637692108848569
ab718570-3a68-4925-96c3-d5466b9a62dd,0.0005637692108848569
70f1855f-6397-416d-beb7-a06d0ca1ba83,0.0005637692108848569
278653a4-47ed-4113-a1b0-2399a1ceaf14,0.0005637692108848569
94d6a3cc-0b53-4c17-b099-3198435d531c,0.0005637692108848569
bf5d189b-95be-433d-a5d1-741c33f0538d,0.0005637692108848569
b57ca4b6-270a-43ee-94b7-15526c79c73b,0.0005637692108848569
0df93d33-2d5b-4276-873b-eb757ad32a85,0.0005637692108848569
0de2bd9d-dc31-4ee3-acd7-2bcba6d95b54,0.0005637692108848569
4caee934-f0dd-484a-b409-acd446e81cdb,0.0005637692108848569
073c2a08-384e-42af-bd54-94427eeefb85,0.0005637692108848569
b3280207-812a-4dab-83ae-8bcfc4b1b3d9,0.0005637692108848569
d831815b-772d-4089-a583-a1a5b50e7611,0.0005637692108848569
6348ef45-6a87-4ea9-a637-644daba3a33c,0.0005637692108848569
50147706-a815-4f3e-a9d3-f8a7dc3e67fa,0.0005637692108848569
418d0f5e-39b1-4248-9428-7e5fb83ae732,0.0005637692108848569
0db3fe6c-ccbb-4d63-9ed5-063d81e556d0,0.0005637692108848569
f2dfaab6-6930-4145-9315-e48d675506a4,0.0005637692108848569
2a7b4f9c-e9ef-43bb-980d-88fac4bb0053,0.0005637692108848569
d9fe4d9d-c270-48a0-83b0-58da3e0aa329,0.0005637692108848569
b713eea8-9661-4e71-aa89-fa82ee438163,0.0005637692108848569
0b079adb-060d-4d55-9135-c93b793337e6,0.0005637692108848569
7783cfac-355a-4bb3-86b4-9ab7bf840c79,0.0005637692108848569
52168ef1-a665-4dd1-946b-260af532d98b,0.0005637692108848569
7aa7857c-5544-4fcf-83f1-90a1bacb4791,0.0005637692108848569
83a57c76-0af4-48fb-9b1e-d5b15c3fa54f,0.0005637692108848569
13fb1195-c1a2-477f-9955-5da19c130422,0.0005637692108848569
120c9ac6-98af-4f79-8b15-7322d8dd0dc4,0.0005637692108848569
09db4ed5-5a50-4183-b18e-9bea5e40ab48,0.0007916468124449239
05268f7e-1589-4217-bfff-596a72e4ac96,0.0007916468124449239
9463a750-d1f4-4df3-920c-d6d0aacf012f,0.0007916468124449239
05601fe3-53db-4672-b170-026d158dd6cb,0.0007916468124449239
1deb5a7f-8ffd-4673-a6c3-377b2c2ca5b0,0.0007916468124449239
abc3f703-100b-402a-a859-a7c679860ff7,0.0007916468124449239
9c0a85ec-3a17-4582-8637-5cba0663bf1a,0.0007916468124449239
d23862f4-d471-45c8-a9e2-0ded2f638719,0.0007916468124449239
759a3d4e-ac7c-4abe-85fe-2f319b446e15,0.0007916468124449239
856c60b6-903a-4e0b-a290-7fc2ef3de543,0.0007916468124449239
9576171a-9d0b-4b56-bede-c4c8af896a50,0.0007916468124449239
8f8d7e0b-8910-4c87-b3a6-c6a2f80c4030,0.0007916468124449239
9f20cd83-3e8c-4035-82e8-3a9614cb259b,0.0007916468124449239
475ea5ac-9304-40db-becd-248799ae9fc1,0.0007916468124449239
655b553d-b2c5-4537-b2d0-081fb434ad48,0.0007916468124449239
95738924-bcfc-45f8-bd29-48c03c6c4770,0.0007916468124449239
1f6f3943-64b1-4cb0-b2d2-b4a37da37181,0.0007916468124449239
63d1fa8c-2797-4dff-accb-402874a67636,0.0007916468124449239
653c2398-0c3c-4414-a3a8-c4ac818aca82,0.0007916468124449239
82d1af2c-e5fc-4737-8872-b9b5fd2c1598,0.0007916468124449239
4f2576b5-cd0e-4da6-b308-b1cea1d89571,0.0007916468124449239
09ee1c68-7198-4fe8-8164-71a171cbd490,0.0007916468124449239
6a89ba95-c14e-4be3-8108-17977ca8e57d,0.0007916468124449239
3f2261a1-0c1a-459c-8daf-479bfd184dd7,0.0007916468124449239
31f22d39-d937-493d-b0ef-4d3ae7473e64,0.0007916468124449239
0958b7c5-40b3-464c-8e28-cecef2150365,0.0007916468124449239
8c3bf1c1-dc01-45df-b7fa-371dc469aac3,0.0007916468124449239
7fc27155-ed24-4646-9bbd-55910b2cedb2,0.0007916468124449239
12429974-6802-47a9-b23f-509d8f3ae9c8,0.0007916468124449239
1160f607-cab6-4a81-8470-14bf468d0bb6,0.0007916468124449239
ecc4bfba-0824-4ce7-a0a5-be49d84d4e0b,0.0007916468124449239
5bfa99a9-685b-4231-b55e-c8701e77bb72,0.0007916468124449239
dd92d7db-65ce-47ca-b27a-71be066d87c4,0.0007916468124449239
32422c5e-6375-430f-8391-c8c9e2303d77,0.0007916468124449239
b6c1bf6b-612e-4d23-bbc5-af01be7a8457,0.0007916468124449239
341c5a2f-0145-471c-a69d-6b7f0e717cc1,0.0007916468124449239
d8f4104d-44e0-4ec0-a4e4-f589379775e2,0.0007916468124449239
4b5cd469-ce39-4ef4-ac9b-c7b2a0776cb2,0.0007916468124449239
4c371d64-def0-4cf3-b08e-3fbf3b823aea,0.0007916468124449239
4af0944d-c3ec-4a31-b9f0-2bc7dda1f463,0.0007916468124449239
5e819854-8c5e-4dd1-b07f-27b8c227547e,0.0007916468124449239
d1549e91-ca63-4e8e-bd84-11333c219f73,0.0007916468124449239
d4cd764f-d408-48e1-93e8-ce9efb4de994,0.0007916468124449239
f23a3530-493f-4cbb-9a05-7a4c779c2e5c,0.0007916468124449239
24a54b34-c219-44b6-9c18-320176e6fe71,0.0007916468124449239
aca219cd-0304-448e-970a-ae4d935f40d6,0.0007916468124449239
6cacc34c-9908-4461-bd20-94392f195796,0.0007916468124449239
c780a5fc-36b3-486c-917b-63691e80e158,0.0007916468124449239
094f6482-cea7-46f3-aac8-50d610f3d49e,0.0007916468124449239
b1cb4688-3086-4262-9611-852659b85f5d,0.0007916468124449239
c8d95aa0-bf6d-4b8c-a057-d3b9e2ac547d,0.0007916468124449239
dc49b3a1-729b-4673-95aa-f3cc723997d1,0.0007916468124449239
faecbc42-d3fe-4f5d-9adf-98fe0a934001,0.0007916468124449239
561058c5-481a-47ad-b6f3-2e1584eacaee,0.0007916468124449239
5e0cc0b2-9bcf-48a2-bce3-87c75710cfb2,0.0007916468124449239
3bc6802b-a987-4fca-8105-275e75e77017,0.0007916468124449239
07eace9c-2b78-4d0e-9858-a8a26501981d,0.0007916468124449239
423a5f5a-094b-4c22-abef-22b97cf15e85,0.0007916468124449239
e0d764cc-dc8f-4ef2-baed-7af0d5496c70,0.0007916468124449239
5b186405-1f78-48b6-b2fc-b0089959f350,0.0007916468124449239
85313a78-700a-4773-aed0-25ea0b6f74a2,0.0007916468124449239
a5bba2af-54ce-4c07-9e82-d5363bb06630,0.0007916468124449239
7f4213a0-7f5e-478f-8aff-e6e935c632b6,0.0007916468124449239
0ffbb1b4-95aa-4250-8ffa-f890e528c7c4,0.0007916468124449239
366e9cb3-5934-483a-ac71-710541902138,0.0007916468124449239
6dd776a5-c337-4765-9ab0-1f19fd19e905,0.0007916468124449239
16cbde4b-7072-4cef-8287-8efa531b8421,0.0007916468124449239
3ea88bb1-1a69-484c-9009-817edba36da6,0.0007916468124449239
25ecf674-79ad-4ed4-9406-c33f8c2ab173,0.0007916468124449239
e9053d98-4e7f-4d6f-b89c-b065ee1c3b4f,0.0007916468124449239
5fce97d1-610a-459a-ac6e-44581f053c5f,0.0007916468124449239
ef70ecf8-89eb-44dc-8e01-f0215ed0f0ce,0.0007916468124449239
849d92de-5f3b-4eae-a764-37364e7e58fa,0.0007916468124449239
3e1d60c0-0293-4f1e-b3d7-b673c29a0abb,0.0007916468124449239
4863a683-7f86-4bd6-932d-2b000183aede,0.0007916468124449239
9f0c3f6f-403c-4160-aff0-9e46e427a1a9,0.0007916468124449239
0b151daf-1483-49cd-820b-cfbd77e2dbff,0.0007916468124449239
5d6612ac-b289-425e-aa8a-0ffe17e07417,0.0007916468124449239
6bb6e54e-9217-4d12-920f-2a065bbd2bb1,0.0007916468124449239
ec38696e-567a-4ec9-aa50-070459771d6e,0.0007916468124449239
0f596904-3f28-4bbf-a5dd-1dc681fc3565,0.0007916468124449239
375fdfd4-d553-4fa3-b9b5-55607133ef74,0.0007916468124449239
3924c9fc-fd86-4711-80f0-711b4b225c60,0.0007916468124449239
ad3f6cb6-016b-46ff-8834-8f8b2aad8fef,0.0007916468124449239
9f29528d-83fb-4f49-9c64-e0103730c9ac,0.0007916468124449239
16dc6e6e-1f77-498c-b6ca-bd8d9ffef4e7,0.0007916468124449239
7dedbacd-f8c8-4db3-8ab9-2d93bbc7020c,0.0007916468124449239
1fe16b57-d6ff-4cc2-aa03-efe6d814140d,0.0007916468124449239
065963cd-dbe8-488e-afa9-ca1a470b1d13,0.0007916468124449239
6e7f4753-4f2e-4fd1-bb11-fdb51f9e68a6,0.0007916468124449239
815e1bd7-6f6f-4027-9e7b-de4a9b24f493,0.0007916468124449239
5bb53fb4-f1ab-4334-bfa6-9577eea20b05,0.0007916468124449239
b7b3b398-5b43-49e5-93d5-aba655add326,0.0007916468124449239
620ffaf6-9078-4db6-86a0-d17ca825f0fe,0.0007916468124449239
358f7131-e164-4fd7-98d0-bf5522e53fcb,0.0007916468124449239
e7caa8c2-48fb-447a-ae16-c6641af8335d,0.0007916468124449239
63a37092-fc9d-4c24-95a2-8e14187ec1b2,0.0007916468124449239
446e81af-6e8a-42d2-8216-21ba494d0be6,0.0007916468124449239
6af02871-12c6-43fe-8580-7ea0c96125ad,0.0007916468124449239
2814043b-db5e-4cd1-8a42-6138c4cb29fb,0.0007916468124449239
f8d429ce-ef4a-4333-81fa-a4e329a62c97,0.0007916468124449239
9771eed2-02ed-4f5d-9c23-43e8a1e9e6df,0.0007916468124449239
bd0ae995-90b7-4337-8b2e-11f7be1516c5,0.0007916468124449239
3d8f85b1-0db5-4d64-a94a-cd3112a0f8b8,0.0007916468124449239
09f78ab2-4fb1-4830-a787-cedffafa49c7,0.0007916468124449239
0c452066-c52e-4790-a605-dd6ca52e6d33,0.0007916468124449239
8e68b25c-81b8-4461-bbb2-45acae8ed359,0.0007916468124449239
02dce04c-eff1-4a64-8944-9e2577b3c25f,0.0007916468124449239
2cf03c06-6147-41b3-b231-a149226041a8,0.0007916468124449239
5c55ab79-d75e-4e8e-a138-b6011fe99048,0.0007916468124449239
14d72c1e-64e9-4ba2-8f49-f56c989ff5a6,0.0007916468124449239
bed7f5b4-5f1d-4f4c-804f-55f89296ff5c,0.0007916468124449239
1cf50345-8af1-4ee7-bcc1-2c0a702e85c5,0.0007916468124449239
569c2f3c-fa4e-4d63-b3fa-7e074d26ee2f,0.0007916468124449239
30022686-db0c-45bc-bff4-ae032dd38fd3,0.0007916468124449239
06219aa5-92a7-4a92-b74f-d92061d2d847,0.0007916468124449239
6cc74acc-ff73-4f4c-bfd4-43176e1144e1,0.0007916468124449239
09dacc5e-8897-4d63-94d8-fadfcfad51b1,0.0007916468124449239
316834da-31b3-4e50-a7b6-15ddf4c3272e,0.0007916468124449239
90d028c9-1515-44e9-9bfe-3913c34d30c0,0.0007916468124449239
82b63fab-fb7a-462f-a7d1-5dae9997a038,0.0007916468124449239
65e66530-5181-4e2c-ac79-8e87fa428ca7,0.0007916468124449239
7ddb9352-d380-447c-8478-60cfc9227c80,0.0007916468124449239
0078f48f-b72d-4b72-b386-cc4086c9e9ee,0.0007916468124449239
702a5f8b-b978-47c5-8db3-fae23e5dc6e6,0.0007916468124449239
889f4bb9-3edd-418c-85ba-2dacc801fd56,0.0007916468124449239
ed4a8ac4-865e-450e-a9ef-82e48abd3653,0.0007916468124449239
fcfb8d25-069f-4934-b649-dd31aebaa661,0.0007916468124449239
6f8912fe-2506-43c2-a729-12d716043c5f,0.0035556509992602514
947aec7e-ebf5-4eeb-9bf4-204f8deb79f4,0.0035556509992602514
a4fdfc3e-f77f-407a-8d16-781d5720e7fd,0.0035556509992602514
d5e1769b-40cc-43e7-9f64-f8ebff4fdbcb,0.0035556509992602514
c24062ec-7f86-4b59-b21d-db66b716c6d9,0.0035556509992602514
02c08840-2fde-4cf7-8d6f-e0f3df7978a4,0.0035556509992602514
201370b6-7dc9-4892-af81-2ca62b6aea28,0.0035556509992602514
c6732c6a-caa6-4301-ba5b-489a4802e528,0.0035556509992602514
