title,pageviews_sum_12m,pageviews_mean_12m,incoming_links,redirects,status
'Til It Kills,0,0.0,21,1,pageviews_http_403
'Way Out,0,0.0,161,4,pageviews_http_403
(If You're Wondering If I Want You To) I Want You To,0,0.0,132,2,pageviews_http_403
(Last Night) I Didn't Get to Sleep at All,0,0.0,71,2,pageviews_http_403
(Margie's At) The Lincoln Park Inn,0,0.0,28,0,pageviews_http_403
(Remember Me) I'm the One Who Loves You,0,0.0,117,1,pageviews_http_403
(Remember Me) I'm the One Who Loves You (album),0,0.0,100,0,pageviews_http_403
(They Long to Be) Close to You,0,0.0,677,8,pageviews_http_403
(This Ain't) No Thinkin' Thing,0,0.0,60,0,pageviews_http_403
(What Can I Say) To Make You Love Me,0,0.0,39,1,pageviews_http_403
+1 (film),0,0.0,35,0,pageviews_http_403
-hou,0,0.0,35,1,pageviews_http_403
...All That Might Have Been...,0,0.0,45,1,pageviews_http_403
...And Mother Makes Five,0,0.0,48,2,pageviews_http_403
...And Mother Makes Three,0,0.0,44,2,pageviews_http_403
...Famous Last Words...,0,0.0,89,4,pageviews_http_403
...Twice Shy,0,0.0,58,3,pageviews_http_403
...What Remains,0,0.0,7,1,pageviews_http_403
...Y mañana serán mujeres,0,0.0,10,1,pageviews_http_403
.aw,0,0.0,318,1,pageviews_http_403
.dm,0,0.0,307,1,pageviews_http_403
.gq,0,0.0,309,1,pageviews_http_403
.hk,0,0.0,328,3,pageviews_http_403
.id,0,0.0,330,3,pageviews_http_403
.il,0,0.0,333,5,pageviews_http_403
.it,0,0.0,339,2,pageviews_http_403
.ki,0,0.0,308,1,pageviews_http_403
.name,0,0.0,157,3,pageviews_http_403
.post,0,0.0,144,0,pageviews_http_403
.sk,0,0.0,313,1,pageviews_http_403
.sol,0,0.0,4,1,pageviews_http_403
.tz,0,0.0,306,0,pageviews_http_403
.ug,0,0.0,305,1,pageviews_http_403
/pol/,0,0.0,579,6,pageviews_http_403
1 E4,0,0.0,5,1,pageviews_http_403
100 (Glee),0,0.0,166,1,pageviews_http_403
1001 Things You Should Know,0,0.0,12,0,pageviews_http_403
105th United States Congress,0,0.0,1366,9,pageviews_http_403
111th United States Congress,0,0.0,1917,12,pageviews_http_403
13 Rue Madeleine,0,0.0,129,0,pageviews_http_403
15 (film),0,0.0,41,3,pageviews_http_403
15 Maiden Lane,0,0.0,199,5,pageviews_http_403
16 Handles,0,0.0,10,0,pageviews_http_403
165 Loreley,0,0.0,31,2,pageviews_http_403
16PF Questionnaire,0,0.0,164,9,pageviews_http_403
1715 Treasure Fleet,0,0.0,62,3,pageviews_http_403
180 (2011 Indian film),0,0.0,80,4,pageviews_http_403
1903 Tour de France,0,0.0,475,1,pageviews_http_403
1913 Nordic Games,0,0.0,8,0,pageviews_http_403
1914 (film),0,0.0,125,3,pageviews_http_403
1915 (film),0,0.0,70,2,pageviews_http_403
1915 Singapore Mutiny,0,0.0,512,4,pageviews_http_403
1919 (film),0,0.0,25,1,pageviews_http_403
1921 Tampa Bay hurricane,0,0.0,655,3,pageviews_http_403
1926 Paris–Roubaix,0,0.0,226,1,pageviews_http_403
1926 Paris–Tours,0,0.0,122,1,pageviews_http_403
1938 National Challenge Cup,0,0.0,171,0,pageviews_http_403
1938–39 Challenge Cup,0,0.0,172,2,pageviews_http_403
1939 (film),0,0.0,30,1,pageviews_http_403
1941 (film),0,0.0,464,1,pageviews_http_403
1944 (film),0,0.0,100,4,pageviews_http_403
1944 (song),0,0.0,505,3,pageviews_http_403
1948 Arab–Israeli War,0,0.0,5197,23,pageviews_http_403
1950 Australian rainfall records,0,0.0,55,1,pageviews_http_403
1954 Tour de France,0,0.0,499,0,pageviews_http_403
1956 Grand National,0,0.0,231,0,pageviews_http_403
1956 NASCAR Grand National Series,0,0.0,294,4,pageviews_http_403
1957 (film),0,0.0,8,1,pageviews_http_403
1958 (film),0,0.0,12,0,pageviews_http_403
1960 Singapore Open,0,0.0,83,0,pageviews_http_403
1960 Valdivia earthquake,0,0.0,585,21,pageviews_http_403
1960 in Singapore,0,0.0,32,0,pageviews_http_403
1962 Finnish presidential election,0,0.0,173,1,pageviews_http_403
1963 Little League World Series,0,0.0,167,1,pageviews_http_403
1964 (film),0,0.0,113,0,pageviews_http_403
1964 Grand National,0,0.0,234,0,pageviews_http_403
1964 Little League World Series,0,0.0,165,1,pageviews_http_403
1965 (film),0,0.0,25,0,pageviews_http_403
1966 Little League World Series,0,0.0,162,1,pageviews_http_403
1966 Nigerian counter-coup,0,0.0,465,3,pageviews_http_403
1966 Nigerian coup d'état,0,0.0,586,2,pageviews_http_403
1968 (film),0,0.0,50,0,pageviews_http_403
1968 Masters Tournament,0,0.0,189,0,pageviews_http_403
1968 in the Vietnam War,0,0.0,42,0,pageviews_http_403
1969 (film),0,0.0,46,1,pageviews_http_403
1970 New York Jets season,0,0.0,140,7,pageviews_http_403
1971 (2007 film),0,0.0,156,0,pageviews_http_403
1976 (film),0,0.0,128,1,pageviews_http_403
1976 Beckemeyer train accident,0,0.0,12,1,pageviews_http_403
1976 Schiedam train accident,0,0.0,35,0,pageviews_http_403
1977 (film),0,0.0,41,0,pageviews_http_403
1977 California 500,0,0.0,15,0,pageviews_http_403
1980 Formula One season,0,0.0,1030,7,pageviews_http_403
1980 Summer Olympics boycott,0,0.0,3514,30,pageviews_http_403
1981 (film),0,0.0,43,1,pageviews_http_403
1983 (film),0,0.0,79,0,pageviews_http_403
1983 European Super Cup,0,0.0,377,1,pageviews_http_403
1983 Israel Super Cup,0,0.0,48,0,pageviews_http_403
1983 Japanese Super Cup,0,0.0,94,0,pageviews_http_403
1983 Polish Super Cup,0,0.0,48,1,pageviews_http_403
1984 CONCACAF Champions' Cup,0,0.0,166,1,pageviews_http_403
1984 Democratic National Convention,0,0.0,1019,1,pageviews_http_403
1985 (film),0,0.0,26,0,pageviews_http_403
1985 Grand National,0,0.0,236,0,pageviews_http_403
1987 (film),0,0.0,51,1,pageviews_http_403
1987 BDO World Darts Championship,0,0.0,113,0,pageviews_http_403
1988 Giro d'Italia,0,0.0,552,1,pageviews_http_403
1988 Polish strikes,0,0.0,693,1,pageviews_http_403
1989 Pilkington Glass Championships,0,0.0,236,0,pageviews_http_403
1991 (film),0,0.0,81,0,pageviews_http_403
1991 Belgian Grand Prix,0,0.0,318,0,pageviews_http_403
1991 US Open (tennis),0,0.0,593,3,pageviews_http_403
1993 Michigan Wolverines football team,0,0.0,277,3,pageviews_http_403
1994 Karamay fire,0,0.0,31,1,pageviews_http_403
1995 (film),0,0.0,44,0,pageviews_http_403
1995 Milan–San Remo,0,0.0,250,3,pageviews_http_403
1996 Cannes Film Festival,0,0.0,257,1,pageviews_http_403
1996 Metro Manila Film Festival,0,0.0,318,1,pageviews_http_403
1996 World Rowing Championships,0,0.0,900,1,pageviews_http_403
1996–97 Charlotte Hornets season,0,0.0,105,3,pageviews_http_403
1997 World Series,0,0.0,859,3,pageviews_http_403
1998 Minnesota Vikings season,0,0.0,292,3,pageviews_http_403
1998 NFC Championship Game,0,0.0,449,10,pageviews_http_403
1998 Tour de France,0,0.0,773,5,pageviews_http_403
1999 (film),0,0.0,22,1,pageviews_http_403
1999 WGC-Andersen Consulting Match Play Championship,0,0.0,111,0,pageviews_http_403
19th January (film),0,0.0,5,0,pageviews_http_403
1st Nepalese Constituent Assembly,0,0.0,282,0,pageviews_http_403
1st United States Congress,0,0.0,714,7,pageviews_http_403
2-8-8-8-8-2,0,0.0,4,0,pageviews_http_403
20 Fingers (film),0,0.0,13,0,pageviews_http_403
20 Million Miles to Earth,0,0.0,134,2,pageviews_http_403
2000 European Super Touring Cup,0,0.0,152,1,pageviews_http_403
2000 Global Crossing @ The Glen,0,0.0,50,0,pageviews_http_403
2000 WGC-Andersen Consulting Match Play Championship,0,0.0,114,0,pageviews_http_403
2001 (Dr. Dre album),0,0.0,279,31,pageviews_http_403
2001 Amarnath pilgrimage massacre,0,0.0,148,3,pageviews_http_403
2001 Los Angeles mayoral election,0,0.0,1131,6,pageviews_http_403
2001 PDC World Darts Championship,0,0.0,147,1,pageviews_http_403
2001 Pennzoil Freedom 400,0,0.0,174,0,pageviews_http_403
2002 (film),0,0.0,65,1,pageviews_http_403
2002 (song),0,0.0,124,1,pageviews_http_403
2002 Dove Award nominees,0,0.0,7,0,pageviews_http_403
2002 FIFA World Cup,0,0.0,4646,32,pageviews_http_403
2002 WAFU Nations Cup,0,0.0,8,0,pageviews_http_403
2002 Winter Olympics torch relay,0,0.0,96,2,pageviews_http_403
2003 Champion Hurdle,0,0.0,39,0,pageviews_http_403
2003 Dove Award nominees,0,0.0,6,0,pageviews_http_403
2003 Paris–Brussels,0,0.0,15,2,pageviews_http_403
2003 Paris–Nice,0,0.0,172,1,pageviews_http_403
2003 Paris–Roubaix,0,0.0,271,1,pageviews_http_403
2003 Paris–Tours,0,0.0,162,1,pageviews_http_403
2003 in ice hockey,0,0.0,34,0,pageviews_http_403
2004 Darfur Humanitarian Ceasefire Agreement,0,0.0,3,0,pageviews_http_403
2005 Adelaide Film Festival,0,0.0,17,0,pageviews_http_403
2005 Cannes Film Festival,0,0.0,310,3,pageviews_http_403
2005 Los Angeles mayoral election,0,0.0,1080,7,pageviews_http_403
2005 Western Australian retail trading hours referendum,0,0.0,72,1,pageviews_http_403
2006 ECM Prague Open,0,0.0,212,0,pageviews_http_403
2006 Jama Masjid bombings,0,0.0,120,6,pageviews_http_403
2006 New Orleans Saints season,0,0.0,262,3,pageviews_http_403
2006 Philadelphia Eagles season,0,0.0,323,4,pageviews_http_403
2006 Prague terror plot,0,0.0,11,0,pageviews_http_403
2006 Qatar motorcycle Grand Prix,0,0.0,357,1,pageviews_http_403
2006–07 Serie A,0,0.0,846,5,pageviews_http_403
2006–07 Serie B,0,0.0,429,3,pageviews_http_403
2007 AFL Mark of the Year,0,0.0,13,0,pageviews_http_403
2007 Detroit Lions season,0,0.0,232,3,pageviews_http_403
2007 Little League World Series,0,0.0,193,2,pageviews_http_403
2007 Women's Hockey Asia Cup,0,0.0,64,0,pageviews_http_403
2008 Arizona Cardinals season,0,0.0,346,4,pageviews_http_403
2008 Carolina Panthers season,0,0.0,191,3,pageviews_http_403
2008 Namdaemun fire,0,0.0,50,2,pageviews_http_403
2008 Philadelphia Eagles season,0,0.0,261,3,pageviews_http_403
2008 Summer Olympics,0,0.0,14276,72,pageviews_http_403
2008 Summer Olympics medal table,0,0.0,771,15,pageviews_http_403
2008 Summer Paralympics medal table,0,0.0,330,3,pageviews_http_403
2008 Tennessee Titans season,0,0.0,243,3,pageviews_http_403
2008 Washington Redskins season,0,0.0,226,6,pageviews_http_403
2008 in cycle racing,0,0.0,7,1,pageviews_http_403
2009 BMW PGA Championship,0,0.0,38,0,pageviews_http_403
2009 BWF World Championships – Women's singles,0,0.0,51,3,pageviews_http_403
2009 Bangladesh ferry accident,0,0.0,41,0,pageviews_http_403
2009 G20 London summit,0,0.0,199,19,pageviews_http_403
2009 Lambertz Open by STAWAG,0,0.0,10,0,pageviews_http_403
2009 New York Jets season,0,0.0,241,7,pageviews_http_403
2009 PGA Championship,0,0.0,256,1,pageviews_http_403
2009 in British radio,0,0.0,36,0,pageviews_http_403
2009 in radio,0,0.0,132,0,pageviews_http_403
2010 BWF World Championships – Women's singles,0,0.0,49,3,pageviews_http_403
2010 Lambertz Open by STAWAG,0,0.0,163,0,pageviews_http_403
2010 Lambertz Open by STAWAG – Doubles,0,0.0,8,1,pageviews_http_403
2010 Lambertz Open by STAWAG – Singles,0,0.0,7,1,pageviews_http_403
2010 NRL Grand Final,0,0.0,186,1,pageviews_http_403
2010 Premios Juventud,0,0.0,59,0,pageviews_http_403
2010 Qatar motorcycle Grand Prix,0,0.0,381,1,pageviews_http_403
2010 San Francisco 49ers season,0,0.0,219,3,pageviews_http_403
2010 Sultan Azlan Shah Cup,0,0.0,52,2,pageviews_http_403
2010 WAFU Nations Cup,0,0.0,32,5,pageviews_http_403
2010 Winter Paralympics closing ceremony,0,0.0,36,0,pageviews_http_403
2011 AFL Mark of the Year,0,0.0,29,0,pageviews_http_403
2011 Canadian Figure Skating Championships,0,0.0,87,0,pageviews_http_403
2011 Major League Baseball Home Run Derby,0,0.0,35,1,pageviews_http_403
2011 Miami Dolphins season,0,0.0,206,3,pageviews_http_403
2011 Presidents Cup,0,0.0,142,0,pageviews_http_403
2011 Qatar motorcycle Grand Prix,0,0.0,365,1,pageviews_http_403
2011 Quick-Step season,0,0.0,59,1,pageviews_http_403
2011 San Diego Chargers season,0,0.0,217,3,pageviews_http_403
2011 Sultan Azlan Shah Cup,0,0.0,55,0,pageviews_http_403
2012 AFL Mark of the Year,0,0.0,30,0,pageviews_http_403
2012 Grand National,0,0.0,260,0,pageviews_http_403
2012 Indianapolis Colts season,0,0.0,234,3,pageviews_http_403
2012 Major League Baseball Home Run Derby,0,0.0,34,1,pageviews_http_403
2012 Premios Juventud,0,0.0,62,0,pageviews_http_403
2012 Sultan Azlan Shah Cup,0,0.0,55,0,pageviews_http_403
2013 AFL Grand Final,0,0.0,590,1,pageviews_http_403
2013 Baltimore Ravens season,0,0.0,187,3,pageviews_http_403
2013 Canadian Figure Skating Championships,0,0.0,100,0,pageviews_http_403
2013 Los Angeles mayoral election,0,0.0,1181,4,pageviews_http_403
2013 Mountain West Conference Football Championship Game,0,0.0,54,2,pageviews_http_403
2013 NASCAR Sprint Cup Series,0,0.0,511,3,pageviews_http_403
2013 SEA Games,0,0.0,606,8,pageviews_http_403
2013–14 Manchester City F.C. season,0,0.0,434,9,pageviews_http_403
2014 Cheltenham Gold Cup,0,0.0,42,0,pageviews_http_403
2014 Commonwealth Games opening ceremony,0,0.0,113,1,pageviews_http_403
2014 Major League Baseball season,0,0.0,1506,1,pageviews_http_403
2014 Premios Juventud,0,0.0,66,0,pageviews_http_403
2014 Roller Derby World Cup,0,0.0,45,0,pageviews_http_403
2014 Winter Paralympics closing ceremony,0,0.0,64,0,pageviews_http_403
2015 ACBS Asian Snooker Championship,0,0.0,7,0,pageviews_http_403
2015 AFL Mark of the Year,0,0.0,29,0,pageviews_http_403
2015 Auckland Darts Masters,0,0.0,124,0,pageviews_http_403
2015 Cricket World Cup,0,0.0,1465,16,pageviews_http_403
2015 Cure Bowl,0,0.0,99,0,pageviews_http_403
2015 Minnesota Vikings season,0,0.0,278,3,pageviews_http_403
2015 New York Giants season,0,0.0,273,6,pageviews_http_403
2016 ACBS Asian Snooker Championship,0,0.0,7,0,pageviews_http_403
2016 Atlantic hurricane season,0,0.0,370,17,pageviews_http_403
2016 Auckland Darts Masters,0,0.0,126,0,pageviews_http_403
2016 Cincinnati Bengals season,0,0.0,196,3,pageviews_http_403
2016 Green Bay Packers season,0,0.0,429,3,pageviews_http_403
2016 Kansas City Chiefs season,0,0.0,299,3,pageviews_http_403
2016 Oakland Raiders season,0,0.0,296,3,pageviews_http_403
2016 World Rugby Under 20 Championship,0,0.0,165,1,pageviews_http_403
2016 World Series,0,0.0,1254,3,pageviews_http_403
2016–17 Oklahoma City Thunder season,0,0.0,117,3,pageviews_http_403
2016–17 Villanova Wildcats men's basketball team,0,0.0,128,3,pageviews_http_403
2016–17 Villanova Wildcats women's basketball team,0,0.0,49,3,pageviews_http_403
2016–17 World Rugby Sevens Series,0,0.0,200,1,pageviews_http_403
2016–17 World Rugby Women's Sevens Series,0,0.0,119,3,pageviews_http_403
2017 ACBS Asian Snooker Championship,0,0.0,4,0,pageviews_http_403
2017 AFL Mark of the Year,0,0.0,32,0,pageviews_http_403
2017 Abu Dhabi Grand Prix,0,0.0,323,1,pageviews_http_403
2017 All-Ireland Senior Hurling Championship,0,0.0,544,0,pageviews_http_403
2017 Arena Football League season,0,0.0,360,1,pageviews_http_403
2017 Auckland Darts Masters,0,0.0,130,0,pageviews_http_403
2017 BWF World Championships,0,0.0,220,0,pageviews_http_403
2017 BWF World Championships – Men's singles,0,0.0,46,1,pageviews_http_403
2017 BWF World Championships – Women's singles,0,0.0,48,1,pageviews_http_403
2017 Belmont Stakes,0,0.0,143,0,pageviews_http_403
2017 Buffalo Bills season,0,0.0,215,3,pageviews_http_403
2017 Canadian Olympic Curling Trials,0,0.0,201,3,pageviews_http_403
2017 Carolina Panthers season,0,0.0,199,3,pageviews_http_403
2017 Cheltenham Gold Cup,0,0.0,44,0,pageviews_http_403
2017 College Football Playoff National Championship,0,0.0,419,9,pageviews_http_403
2017 Cure Bowl,0,0.0,94,0,pageviews_http_403
2017 ITTF Men's World Cup,0,0.0,37,0,pageviews_http_403
2017 ITTF Women's World Cup,0,0.0,27,0,pageviews_http_403
2017 Indianapolis Colts season,0,0.0,221,3,pageviews_http_403
2017 Little League Softball World Series,0,0.0,19,0,pageviews_http_403
2017 Little League World Series,0,0.0,173,1,pageviews_http_403
2017 Little League World Series qualification,0,0.0,160,0,pageviews_http_403
2017 Little League World Series results,0,0.0,157,0,pageviews_http_403
2017 MLS All-Star Game,0,0.0,386,5,pageviews_http_403
2017 Major League Baseball Home Run Derby,0,0.0,30,0,pageviews_http_403
2017 Men's Hockey Asia Cup,0,0.0,81,0,pageviews_http_403
2017 Missouri Valley Conference men's basketball tournament,0,0.0,122,1,pageviews_http_403
2017 Missouri Valley Conference men's soccer season,0,0.0,102,0,pageviews_http_403
2017 Monaco Grand Prix,0,0.0,413,7,pageviews_http_403
2017 Mountain West Conference Football Championship Game,0,0.0,57,0,pageviews_http_403
2017 National Arena League season,0,0.0,139,0,pageviews_http_403
2017 National League Championship Series,0,0.0,701,2,pageviews_http_403
2017 North American Indigenous Games,0,0.0,13,0,pageviews_http_403
2017 Qatar motorcycle Grand Prix,0,0.0,341,0,pageviews_http_403
2017 Sierra Leone mudslides,0,0.0,53,6,pageviews_http_403
2017 St. Louis protests,0,0.0,390,0,pageviews_http_403
2017 Sultan Azlan Shah Cup,0,0.0,57,0,pageviews_http_403
2017 Sultan Azlan Shah Cup squads,0,0.0,3,0,pageviews_http_403
2017 UEFA Super Cup,0,0.0,745,0,pageviews_http_403
2017 Women's Hockey Asia Cup,0,0.0,87,0,pageviews_http_403
2017 Women's Indoor Hockey Asia Cup,0,0.0,9,0,pageviews_http_403
2017 World Aquatics Championships,0,0.0,1269,2,pageviews_http_403
2017 World Baseball Classic,0,0.0,1375,2,pageviews_http_403
2017 World Rugby Under 20 Championship,0,0.0,136,1,pageviews_http_403
2017–18 Kerala Blasters FC season,0,0.0,91,2,pageviews_http_403
2017–18 La Liga,0,0.0,933,2,pageviews_http_403
2017–18 Missouri Valley Conference men's basketball season,0,0.0,67,1,pageviews_http_403
2017–18 UEFA Champions League,0,0.0,2134,2,pageviews_http_403
2017–18 UEFA Champions League group stage,0,0.0,433,1,pageviews_http_403
2017–18 UEFA Europa League knockout phase,0,0.0,438,2,pageviews_http_403
2018 Advance Auto Parts Clash,0,0.0,132,0,pageviews_http_403
2018 Auckland Darts Masters,0,0.0,134,0,pageviews_http_403
2018 Big 12 Championship Game,0,0.0,83,0,pageviews_http_403
2018 Birthday Honours,0,0.0,590,1,pageviews_http_403
2018 Canadian Figure Skating Championships,0,0.0,129,0,pageviews_http_403
2018 Chennai Open Challenger,0,0.0,166,0,pageviews_http_403
2018 Chennai Open Challenger – Doubles,0,0.0,8,1,pageviews_http_403
2018 Chennai Open Challenger – Singles,0,0.0,7,1,pageviews_http_403
2018 Chinese Grand Prix,0,0.0,314,1,pageviews_http_403
2018 FIFA World Cup qualification (UEFA),0,0.0,1310,2,pageviews_http_403
2018 FIFA World Cup qualification – UEFA Group H,0,0.0,217,1,pageviews_http_403
2018 Grand National,0,0.0,244,1,pageviews_http_403
2018 ITTF Women's World Cup,0,0.0,140,0,pageviews_http_403
2018 MLS All-Star Game,0,0.0,356,5,pageviews_http_403
2018 Masters (darts),0,0.0,74,0,pageviews_http_403
2018 NRL Grand Final,0,0.0,198,1,pageviews_http_403
2018 Oceania Rugby Under 20 Championship,0,0.0,19,0,pageviews_http_403
2018 PBA Commissioner's Cup,0,0.0,190,0,pageviews_http_403
2018 PGA Championship,0,0.0,240,0,pageviews_http_403
2018 Pulitzer Prize,0,0.0,191,0,pageviews_http_403
2018 Roller Derby World Cup,0,0.0,47,0,pageviews_http_403
2018 Scotties Tournament of Hearts,0,0.0,216,0,pageviews_http_403
2018 Six Nations Championship,0,0.0,342,8,pageviews_http_403
2018 Six Nations Championship squads,0,0.0,193,0,pageviews_http_403
2018 Sultan Azlan Shah Cup,0,0.0,54,0,pageviews_http_403
2018 Tata Open Maharashtra,0,0.0,253,3,pageviews_http_403
2018 Tata Open Maharashtra – Doubles,0,0.0,224,3,pageviews_http_403
2018 Tata Open Maharashtra – Singles,0,0.0,229,3,pageviews_http_403
2018 US Darts Masters,0,0.0,140,1,pageviews_http_403
2018 USA Sevens,0,0.0,60,0,pageviews_http_403
2018 USA Women's Sevens,0,0.0,52,1,pageviews_http_403
2018 Winter Olympics torch relay,0,0.0,81,0,pageviews_http_403
2018 Winter Paralympics closing ceremony,0,0.0,40,0,pageviews_http_403
2018 Women's PGA Championship,0,0.0,96,1,pageviews_http_403
2018 Women's Six Nations Championship,0,0.0,118,0,pageviews_http_403
2018 World Figure Skating Championships,0,0.0,730,0,pageviews_http_403
2018 World Rugby Under 20 Championship,0,0.0,164,1,pageviews_http_403
2018 World Rugby Under 20 Trophy,0,0.0,66,0,pageviews_http_403
2018–19 NCAA Division I women's basketball rankings,0,0.0,342,1,pageviews_http_403
2018–19 NCAA Division I women's basketball season,0,0.0,713,1,pageviews_http_403
2019 Advance Auto Parts Clash,0,0.0,144,0,pageviews_http_403
2019 Chennai Open Challenger,0,0.0,168,0,pageviews_http_403
2019 FIFA Women's World Cup qualification,0,0.0,379,2,pageviews_http_403
2019 FIFA Women's World Cup qualification (UEFA),0,0.0,746,0,pageviews_http_403
2019 ITTF Women's World Cup,0,0.0,156,0,pageviews_http_403
2019 Tata Open Maharashtra,0,0.0,247,1,pageviews_http_403
2020 ITTF Women's World Cup,0,0.0,85,0,pageviews_http_403
2022 US Darts Masters,0,0.0,144,0,pageviews_http_403
2022 United States treasurer elections,0,0.0,6,0,pageviews_http_403
2023 North American Indigenous Games,0,0.0,10,0,pageviews_http_403
2023 Tata Open Maharashtra,0,0.0,251,2,pageviews_http_403
2023 US Darts Masters,0,0.0,143,1,pageviews_http_403
21 Jump Street (film),0,0.0,318,4,pageviews_http_403
21st Century (Blue System album),0,0.0,37,0,pageviews_http_403
21st century,0,0.0,4478,33,pageviews_http_403
22 (Taylor Swift song),0,0.0,368,5,pageviews_http_403
227 (TV series),0,0.0,379,17,pageviews_http_403
23 (23 album),0,0.0,24,3,pageviews_http_403
23 (film),0,0.0,49,3,pageviews_http_403
23 People (film),0,0.0,7,0,pageviews_http_403
23 Skidoo (film),0,0.0,10,0,pageviews_http_403
25 or 6 to 4,0,0.0,224,6,pageviews_http_403
27th GMA Dove Awards,0,0.0,76,1,pageviews_http_403
27th Infantry Regiment (United States),0,0.0,206,7,pageviews_http_403
28th GMA Dove Awards,0,0.0,79,1,pageviews_http_403
3 (The X-Files),0,0.0,83,2,pageviews_http_403
3 Minutes,0,0.0,13,0,pageviews_http_403
33rd Street station (PATH),0,0.0,282,12,pageviews_http_403
33rd Street–Rawson Street station,0,0.0,76,14,pageviews_http_403
41st GMA Dove Awards,0,0.0,194,1,pageviews_http_403
42nd GMA Dove Awards,0,0.0,172,1,pageviews_http_403
46th GMA Dove Awards,0,0.0,111,1,pageviews_http_403
4th Impact,0,0.0,271,5,pageviews_http_403
555 California Street,0,0.0,587,9,pageviews_http_403
555 Mission Street,0,0.0,180,2,pageviews_http_403
58,0,0.0,27,2,pageviews_http_403
58 (band),0,0.0,131,0,pageviews_http_403
58 Concordia,0,0.0,34,3,pageviews_http_403
67th Academy Awards,0,0.0,807,3,pageviews_http_403
67th Tony Awards,0,0.0,302,5,pageviews_http_403
711 Ocean Drive,0,0.0,68,0,pageviews_http_403
74th Golden Globe Awards,0,0.0,287,0,pageviews_http_403
76,0,0.0,37,7,pageviews_http_403
76 (album),0,0.0,111,1,pageviews_http_403
76 Freia,0,0.0,42,5,pageviews_http_403
7B,0,0.0,9,7,pageviews_http_403
7B (band),0,0.0,21,1,pageviews_http_403
8 (play),0,0.0,73,4,pageviews_http_403
8 Seconds,0,0.0,142,1,pageviews_http_403
8 Seconds (soundtrack),0,0.0,32,2,pageviews_http_403
80 (Tolis Voskopoulos album),0,0.0,12,0,pageviews_http_403
8th Lagos State House of Assembly,0,0.0,45,0,pageviews_http_403
9000,0,0.0,29,1,pageviews_http_403
911 (Wyclef Jean song),0,0.0,181,0,pageviews_http_403
931,0,0.0,60,11,pageviews_http_403
9630,0,0.0,1,1,pageviews_http_403
99 Problems,0,0.0,402,4,pageviews_http_403
9th Ward of New Orleans,0,0.0,170,11,pageviews_http_403
A (1965 film),0,0.0,12,0,pageviews_http_403
A (1998 Kannada film),0,0.0,43,0,pageviews_http_403
A Bar at the Folies-Bergère,0,0.0,177,15,pageviews_http_403
A Bend in the River,0,0.0,81,5,pageviews_http_403
A Bend in the Road,0,0.0,47,0,pageviews_http_403
A Better Place,0,0.0,18,0,pageviews_http_403
A Better Place to Be,0,0.0,55,2,pageviews_http_403
A Bit of Singing and Dancing,0,0.0,33,1,pageviews_http_403
A Boy,0,0.0,60,1,pageviews_http_403
A Boy Without a Girl,0,0.0,27,0,pageviews_http_403
A Boy and a Girl,0,0.0,2,2,pageviews_http_403
A Boy. A Girl. A Dream.,0,0.0,16,2,pageviews_http_403
A Boy... a Girl,0,0.0,15,0,pageviews_http_403
A Breath of October,0,0.0,4,1,pageviews_http_403
A Broadway Musical,0,0.0,50,0,pageviews_http_403
A Brokedown Melody,0,0.0,61,2,pageviews_http_403
A Bronx Tale,0,0.0,177,3,pageviews_http_403
A Bronx Tale (play),0,0.0,44,0,pageviews_http_403
A Bullet for Joey,0,0.0,67,0,pageviews_http_403
A Bullet for Sandoval,0,0.0,28,8,pageviews_http_403
A Bushel and a Peck,0,0.0,267,2,pageviews_http_403
A Century Is Not Enough,0,0.0,3,8,pageviews_http_403
A Chorus of Disapproval,0,0.0,8,2,pageviews_http_403
A Chorus of Disapproval (film),0,0.0,68,1,pageviews_http_403
A Chorus of Disapproval (play),0,0.0,172,0,pageviews_http_403
A Christmas Melody,0,0.0,100,0,pageviews_http_403
A Clockwork Orange,0,0.0,475,7,pageviews_http_403
A Clockwork Orange (film),0,0.0,1365,7,pageviews_http_403
A Clockwork Orange (soundtrack),0,0.0,42,2,pageviews_http_403
A Crime,0,0.0,19,0,pageviews_http_403
A Darker Domain,0,0.0,23,0,pageviews_http_403
A Darker Place,0,0.0,6,0,pageviews_http_403
A Death,0,0.0,26,0,pageviews_http_403
A Desperate Crime,0,0.0,253,1,pageviews_http_403
A Different World,0,0.0,768,1,pageviews_http_403
A Distant Trumpet,0,0.0,147,0,pageviews_http_403
A Dubious Legacy,0,0.0,17,0,pageviews_http_403
A Fishful of Dollars,0,0.0,194,4,pageviews_http_403
A Fistful of Dollars,0,0.0,434,12,pageviews_http_403
A Fool Like You,0,0.0,9,1,pageviews_http_403
A Girl Like You (Easton Corbin song),0,0.0,21,0,pageviews_http_403
A Good Heart,0,0.0,55,0,pageviews_http_403
A Groovy Kind of Love,0,0.0,196,2,pageviews_http_403
A Kind of Magic,0,0.0,351,10,pageviews_http_403
A Kind of a Stopwatch,0,0.0,194,5,pageviews_http_403
A Legacy,0,0.0,15,1,pageviews_http_403
A Life in Pieces,0,0.0,16,1,pageviews_http_403
A Little Dive Bar in Dahlonega,0,0.0,22,0,pageviews_http_403
A Little Help,0,0.0,28,0,pageviews_http_403
A Little More Love,0,0.0,5,2,pageviews_http_403
A Little More Love (Vince Gill song),0,0.0,83,0,pageviews_http_403
A Little Princess,0,0.0,196,3,pageviews_http_403
A Little Princess (1917 film),0,0.0,102,1,pageviews_http_403
A Long Line of Love,0,0.0,72,0,pageviews_http_403
A Lover's Complaint,0,0.0,398,4,pageviews_http_403
A Lover's Concerto,0,0.0,254,4,pageviews_http_403
A Lover's Return,0,0.0,72,4,pageviews_http_403
A Man Without Love,0,0.0,264,1,pageviews_http_403
A Man Without Words,0,0.0,6,0,pageviews_http_403
A Man and His Dog,0,0.0,42,1,pageviews_http_403
A Married Man's Story,0,0.0,41,0,pageviews_http_403
A Matter of Honor,0,0.0,60,3,pageviews_http_403
A Matter of Taste,0,0.0,10,1,pageviews_http_403
A Matter of Time (Cook novel),0,0.0,5,0,pageviews_http_403
A Matter of Time (film),0,0.0,100,1,pageviews_http_403
A Memory of Light,0,0.0,147,6,pageviews_http_403
A Memory of Murder,0,0.0,131,0,pageviews_http_403
A Million Love Songs,0,0.0,137,0,pageviews_http_403
A Million for Love,0,0.0,74,0,pageviews_http_403
A Moment,0,0.0,23,1,pageviews_http_403
A New Day (The Wire),0,0.0,83,1,pageviews_http_403
A New Life (novel),0,0.0,30,0,pageviews_http_403
A New World (Angel),0,0.0,97,1,pageviews_http_403
A Night in Sickbay,0,0.0,67,7,pageviews_http_403
A Night to Remember (1958 film),0,0.0,565,3,pageviews_http_403
A Peep into the Past,0,0.0,28,1,pageviews_http_403
A Penny for My Thoughts,0,0.0,13,2,pageviews_http_403
A Penny for Your Thoughts,0,0.0,9,4,pageviews_http_403
A Penny for Your Thoughts (The Twilight Zone),0,0.0,173,1,pageviews_http_403
A Penny for Your Thoughts (song),0,0.0,29,1,pageviews_http_403
A Place to Go,0,0.0,81,0,pageviews_http_403
A Planet for the President,0,0.0,31,0,pageviews_http_403
A Positive,0,0.0,9,0,pageviews_http_403
A Positive Rage,0,0.0,24,0,pageviews_http_403
A Prairie Home Companion,0,0.0,637,29,pageviews_http_403
A Question of Sport,0,0.0,216,5,pageviews_http_403
A Quiver Full of Arrows,0,0.0,44,1,pageviews_http_403
A Rainy Day,0,0.0,4,1,pageviews_http_403
A Rickle in Time,0,0.0,74,0,pageviews_http_403
A Run for Your Money,0,0.0,149,1,pageviews_http_403
A Secret,0,0.0,111,2,pageviews_http_403
A Secret Affair,0,0.0,48,0,pageviews_http_403
A Self-Made Failure,0,0.0,198,0,pageviews_http_403
A Self-Made Hero,0,0.0,58,3,pageviews_http_403
A Sharp Intake of Breath,0,0.0,57,1,pageviews_http_403
A Shine of Rainbows,0,0.0,32,4,pageviews_http_403
A Short Story About Love,0,0.0,145,0,pageviews_http_403
A Single Life (1985 film),0,0.0,14,0,pageviews_http_403
A Slave of Fashion,0,0.0,36,0,pageviews_http_403
A Slave of Love,0,0.0,80,0,pageviews_http_403
A Slave of Vanity,0,0.0,37,0,pageviews_http_403
A Small Town Girl,0,0.0,166,0,pageviews_http_403
A Son of Satan,0,0.0,60,1,pageviews_http_403
A Sound of Thunder,0,0.0,214,2,pageviews_http_403
A Sound of Thunder (film),0,0.0,235,2,pageviews_http_403
A Step into the Past,0,0.0,60,3,pageviews_http_403
A Stranger in Town (1967 film),0,0.0,29,3,pageviews_http_403
A Swingin' Affair!,0,0.0,279,3,pageviews_http_403
A Swingin' Safari,0,0.0,34,5,pageviews_http_403
A Taste of Honey,0,0.0,191,1,pageviews_http_403
A Taste of Honey (band),0,0.0,212,3,pageviews_http_403
A Teacher's Crime,0,0.0,18,0,pageviews_http_403
A Thorn in the Heart,0,0.0,48,1,pageviews_http_403
A Thousand Acres,0,0.0,296,1,pageviews_http_403
A Time to Love (film),0,0.0,26,2,pageviews_http_403
A Touch of Frost,0,0.0,496,4,pageviews_http_403
A Tragic Legacy,0,0.0,7,0,pageviews_http_403
A True Woman,0,0.0,7,2,pageviews_http_403
A Tune a Day,0,0.0,6,1,pageviews_http_403
A Very Glee Christmas,0,0.0,172,2,pageviews_http_403
A Very Merry Chipmunk,0,0.0,79,0,pageviews_http_403
A Very Merry Christmas,0,0.0,84,1,pageviews_http_403
A Very Merry Daughter of the Bride,0,0.0,13,2,pageviews_http_403
A Very Murray Christmas,0,0.0,153,0,pageviews_http_403
A Very Potter Musical,0,0.0,302,4,pageviews_http_403
A Visit from St. Nicholas,0,0.0,897,19,pageviews_http_403
A Way Out,0,0.0,105,1,pageviews_http_403
A Woman in Love,0,0.0,114,1,pageviews_http_403
A Woman of the Iron People,0,0.0,63,0,pageviews_http_403
A World Without,0,0.0,25,1,pageviews_http_403
A World Without Love,0,0.0,199,2,pageviews_http_403
A Year in Provence,0,0.0,45,0,pageviews_http_403
A cappella,0,0.0,4997,36,pageviews_http_403
A flor de piel (TV series),0,0.0,93,1,pageviews_http_403
A word,0,0.0,11,1,pageviews_http_403
A-sharp,0,0.0,14,8,pageviews_http_403
A. K. 47 (1999 film),0,0.0,50,3,pageviews_http_403
A. Lawrence Kocher,0,0.0,10,2,pageviews_http_403
A57 road,0,0.0,545,4,pageviews_http_403
AAI RQ-7 Shadow,0,0.0,471,13,pageviews_http_403
AAP,0,0.0,75,2,pageviews_http_403
ABA,0,0.0,62,1,pageviews_http_403
ACBS Asian Snooker Championship,0,0.0,164,1,pageviews_http_403
ACBS Asian Under-21 Snooker Championship,0,0.0,61,0,pageviews_http_403
ACE STAR Model of Knowledge Transformation,0,0.0,2,1,pageviews_http_403
ACE model,0,0.0,3,0,pageviews_http_403
AF2,0,0.0,1154,7,pageviews_http_403
AL and AL,0,0.0,6,0,pageviews_http_403
ASK,0,0.0,19,1,pageviews_http_403
AURA,0,0.0,10,1,pageviews_http_403
AW,0,0.0,35,8,pageviews_http_403
Aa Divasam,0,0.0,16,1,pageviews_http_403
Aafje Looijenga-Vos,0,0.0,4,1,pageviews_http_403
Aag (1948 film),0,0.0,51,0,pageviews_http_403
Aag Hi Aag,0,0.0,43,0,pageviews_http_403
Aanch,0,0.0,35,0,pageviews_http_403
Aandan Adimai,0,0.0,65,0,pageviews_http_403
Aap To Aise Na The,0,0.0,24,0,pageviews_http_403
Aaron,0,0.0,1719,12,pageviews_http_403
Aaron Barker,0,0.0,60,1,pageviews_http_403
Aaron Yan,0,0.0,166,11,pageviews_http_403
Aathvaan Vachan,0,0.0,17,0,pageviews_http_403
Aba,0,0.0,89,5,pageviews_http_403
Aba (film),0,0.0,41,1,pageviews_http_403
"Aba, Nigeria",0,0.0,599,11,pageviews_http_403
"Aba, Okayama",0,0.0,16,0,pageviews_http_403
Abandoned (Lost),0,0.0,154,1,pageviews_http_403
Abbey Ales Brewery,0,0.0,19,2,pageviews_http_403
Abbey National,0,0.0,230,7,pageviews_http_403
Abbot Oliba,0,0.0,61,3,pageviews_http_403
Abby,0,0.0,73,0,pageviews_http_403
Abby Mann,0,0.0,380,0,pageviews_http_403
Abby Rockefeller,0,0.0,12,1,pageviews_http_403
Abby Rockefeller (ecologist),0,0.0,75,0,pageviews_http_403
Abby Rockefeller Mauzé,0,0.0,96,2,pageviews_http_403
Abd Allah ibn al-Zubayr,0,0.0,489,36,pageviews_http_403
Abdoul Camara,0,0.0,109,0,pageviews_http_403
Abdoul Kabèlè Camara,0,0.0,12,2,pageviews_http_403
Abdul Hamid II,0,0.0,1909,37,pageviews_http_403
Abdullah bin Zayed Al Nahyan,0,0.0,251,6,pageviews_http_403
Abel,0,0.0,784,2,pageviews_http_403
Abel (1986 film),0,0.0,91,0,pageviews_http_403
Abel (2010 film),0,0.0,19,0,pageviews_http_403
Abele,0,0.0,12,1,pageviews_http_403
Abele (opera),0,0.0,0,0,pageviews_http_403
Abhimani,0,0.0,10,1,pageviews_http_403
Abhimani (film),0,0.0,12,3,pageviews_http_403
Abigail,0,0.0,332,7,pageviews_http_403
Abigail Hawk,0,0.0,40,4,pageviews_http_403
Abigail Rokison,0,0.0,10,0,pageviews_http_403
"Abilene, Kansas",0,0.0,646,5,pageviews_http_403
Abiogenesis,0,0.0,3258,47,pageviews_http_403
Abolition of monarchy,0,0.0,809,5,pageviews_http_403
About Face (album),0,0.0,99,10,pageviews_http_403
About Them Shoes,0,0.0,5,0,pageviews_http_403
About Time,0,0.0,19,6,pageviews_http_403
About Time (book),0,0.0,23,0,pageviews_http_403
About Us (song),0,0.0,49,2,pageviews_http_403
About Us But Not About Us,0,0.0,18,0,pageviews_http_403
About us,0,0.0,13,3,pageviews_http_403
Abraham Abraham,0,0.0,25,0,pageviews_http_403
Abraham Bosse,0,0.0,107,1,pageviews_http_403
Absentia (film),0,0.0,42,0,pageviews_http_403
Absolute Ego,0,0.0,9,0,pageviews_http_403
Abu Bakr ibn Hasan ibn Ali,0,0.0,14,2,pageviews_http_403
Abu l-Hasan Ali I,0,0.0,74,4,pageviews_http_403
Abu-l-Hasan Ali,0,0.0,0,1,pageviews_http_403
Abu-l-Hasan Ali ibn Ruburtayr,0,0.0,8,1,pageviews_http_403
Abuja,0,0.0,4184,14,pageviews_http_403
Accident (1976 film),0,0.0,33,0,pageviews_http_403
Accident (2009 film),0,0.0,108,3,pageviews_http_403
Accounting Standards Codification,0,0.0,20,1,pageviews_http_403
Ace (tennis),0,0.0,286,1,pageviews_http_403
Ace Baby Ace,0,0.0,44,5,pageviews_http_403
Acme,0,0.0,59,7,pageviews_http_403
Acme Building,0,0.0,2,0,pageviews_http_403
Acme Farm Supply Building,0,0.0,6,0,pageviews_http_403
Acorn Antiques,0,0.0,57,3,pageviews_http_403
Acoustic meatus,0,0.0,2,1,pageviews_http_403
Acquainted,0,0.0,159,1,pageviews_http_403
Acral necrosis,0,0.0,14,0,pageviews_http_403
Across the Dead-Line,0,0.0,101,1,pageviews_http_403
Across the Line,0,0.0,4,4,pageviews_http_403
Across the Line (2000 film),0,0.0,21,0,pageviews_http_403
Across the Line (2015 film),0,0.0,26,0,pageviews_http_403
Act of Settlement 1701,0,0.0,850,16,pageviews_http_403
Actin,0,0.0,1440,11,pageviews_http_403
Acting,0,0.0,1795,6,pageviews_http_403
Acting on Impulse,0,0.0,32,1,pageviews_http_403
Action (1921 film),0,0.0,191,0,pageviews_http_403
Action (play),0,0.0,43,0,pageviews_http_403
Action film,0,0.0,12519,48,pageviews_http_403
Action plan,0,0.0,67,1,pageviews_http_403
Ad Infinitum (British band),0,0.0,4,0,pageviews_http_403
Ad Infinitum (EP),0,0.0,22,0,pageviews_http_403
Ad Infinitum (disambiguation),0,0.0,19,1,pageviews_http_403
Ad infinitum,0,0.0,254,2,pageviews_http_403
Adagio (T.H.C. album),0,0.0,7,1,pageviews_http_403
Adam,0,0.0,4446,8,pageviews_http_403
Adam Adamant Lives!,0,0.0,162,3,pageviews_http_403
Adam Baldwin,0,0.0,393,1,pageviews_http_403
Adam Baldwin (singer),0,0.0,19,0,pageviews_http_403
Adam Bennett,0,0.0,28,1,pageviews_http_403
Adam Darr,0,0.0,24,1,pageviews_http_403
Adam Gillen,0,0.0,42,1,pageviews_http_403
Adam Henley,0,0.0,81,3,pageviews_http_403
Adam Huckle,0,0.0,53,1,pageviews_http_403
Adams,0,0.0,83,5,pageviews_http_403
Addicted to Beauty,0,0.0,26,2,pageviews_http_403
Addicted to Black,0,0.0,47,0,pageviews_http_403
Addicted to Curry,0,0.0,60,8,pageviews_http_403
Addicted to Music,0,0.0,42,15,pageviews_http_403
Adel,0,0.0,41,3,pageviews_http_403
Adel Bousmal,0,0.0,24,0,pageviews_http_403
Adel Humoud,0,0.0,8,0,pageviews_http_403
"Adel, Leeds",0,0.0,197,5,pageviews_http_403
Adelaide (given name),0,0.0,32,1,pageviews_http_403
Adidas Telstar,0,0.0,158,5,pageviews_http_403
Adidas Telstar 18,0,0.0,144,2,pageviews_http_403
Adil,0,0.0,47,1,pageviews_http_403
Adil Shamoo,0,0.0,33,3,pageviews_http_403
Adil Çarçani,0,0.0,119,2,pageviews_http_403
Adimai Changili,0,0.0,41,1,pageviews_http_403
Adimai Penn,0,0.0,288,3,pageviews_http_403
Aditya,0,0.0,60,2,pageviews_http_403
Aditya Puri,0,0.0,31,0,pageviews_http_403
Administration of Justice Act,0,0.0,25,2,pageviews_http_403
Administration of Justice Act 1774,0,0.0,60,1,pageviews_http_403
Administration of Justice Act 1970,0,0.0,27,0,pageviews_http_403
Adrian,0,0.0,194,3,pageviews_http_403
Adrian Leaper,0,0.0,47,0,pageviews_http_403
Adrian Olah,0,0.0,25,0,pageviews_http_403
Aero Contractors,0,0.0,4,1,pageviews_http_403
Aero Contractors (Nigeria),0,0.0,97,5,pageviews_http_403
Aero Contractors (United States),0,0.0,11,1,pageviews_http_403
Affair (film),0,0.0,4,0,pageviews_http_403
Afghan afghani,0,0.0,468,12,pageviews_http_403
Afonso I of Portugal,0,0.0,913,42,pageviews_http_403
Afonso of Portugal,0,0.0,7,2,pageviews_http_403
"Afonso of Portugal, Lord of Leiria",0,0.0,103,1,pageviews_http_403
"Afonso of Portugal, Lord of Portalegre",0,0.0,163,6,pageviews_http_403
"Afonso, Duke of Porto",0,0.0,299,10,pageviews_http_403
Africa Cup of Nations,0,0.0,3100,14,pageviews_http_403
African American trail rides,0,0.0,10,3,pageviews_http_403
African Burial Ground National Monument,0,0.0,1896,7,pageviews_http_403
Afsana (1951 film),0,0.0,52,0,pageviews_http_403
After (Prose novel),0,0.0,181,0,pageviews_http_403
After Dark (novel),0,0.0,55,1,pageviews_http_403
After Hours,0,0.0,53,14,pageviews_http_403
After Hours (film),0,0.0,308,2,pageviews_http_403
After Loving You,0,0.0,113,0,pageviews_http_403
After You,0,0.0,5,2,pageviews_http_403
After You...,0,0.0,31,8,pageviews_http_403
After the Bomb (novel),0,0.0,6,1,pageviews_http_403
After the End,0,0.0,4,0,pageviews_http_403
After the End (album),0,0.0,3,0,pageviews_http_403
After the Flood (novel),0,0.0,8,2,pageviews_http_403
After the Morning After,0,0.0,2,0,pageviews_http_403
Aftermath of the Korean War,0,0.0,190,1,pageviews_http_403
Afternoon,0,0.0,182,3,pageviews_http_403
Afternoon (play),0,0.0,3,0,pageviews_http_403
Against the Sun,0,0.0,21,0,pageviews_http_403
Agboola,0,0.0,1,0,pageviews_http_403
Agboola Shadare,0,0.0,16,1,pageviews_http_403
Age Of,0,0.0,52,14,pageviews_http_403
Age of Oil,0,0.0,484,2,pageviews_http_403
Age of consent reform,0,0.0,71,0,pageviews_http_403
Age of consent reform in Canada,0,0.0,17,0,pageviews_http_403
Agelas conifera,0,0.0,10,3,pageviews_http_403
Agim Zajmi,0,0.0,53,0,pageviews_http_403
Agitator,0,0.0,38,2,pageviews_http_403
Agitator (device),0,0.0,81,3,pageviews_http_403
Agnes Nixon,0,0.0,290,3,pageviews_http_403
Agni,0,0.0,2633,11,pageviews_http_403
Agni-III,0,0.0,202,3,pageviews_http_403
Ago,0,0.0,27,5,pageviews_http_403
"Ago, Mie",0,0.0,16,0,pageviews_http_403
Agriculture in Australia,0,0.0,622,13,pageviews_http_403
Agriculture in Djibouti,0,0.0,106,2,pageviews_http_403
Agriculture in Kentucky,0,0.0,245,1,pageviews_http_403
Aha,0,0.0,47,3,pageviews_http_403
Aha ha,0,0.0,34,1,pageviews_http_403
Aha!,0,0.0,9,1,pageviews_http_403
Ahead,0,0.0,7,1,pageviews_http_403
Ahead of Time,0,0.0,11,1,pageviews_http_403
Ai (poet),0,0.0,324,2,pageviews_http_403
Ai Yazawa,0,0.0,170,1,pageviews_http_403
Aida (musical),0,0.0,757,1,pageviews_http_403
Aileron,0,0.0,2259,8,pageviews_http_403
Ain't No More Cane,0,0.0,23,1,pageviews_http_403
Ain't Nobody,0,0.0,741,12,pageviews_http_403
Ain't Nobody Got Time for That,0,0.0,60,6,pageviews_http_403
Ain't Nobody Here but Us Chickens,0,0.0,152,2,pageviews_http_403
Ain't Thinkin' 'Bout You,0,0.0,240,0,pageviews_http_403
Ain't Wastin' Time No More,0,0.0,116,0,pageviews_http_403
Ain't Worth the Whiskey,0,0.0,46,2,pageviews_http_403
Aina Kusuda,0,0.0,71,3,pageviews_http_403
Air (Tyson Ritter song),0,0.0,32,0,pageviews_http_403
Air Bud,0,0.0,208,4,pageviews_http_403
Air Bud (series),0,0.0,243,3,pageviews_http_403
Air-to-Air Stinger,0,0.0,296,5,pageviews_http_403
Air-to-air,0,0.0,10,2,pageviews_http_403
Aircraft pilot,0,0.0,5518,55,pageviews_http_403
Aircraft principal axes,0,0.0,562,30,pageviews_http_403
Airman,0,0.0,699,6,pageviews_http_403
Airport (1993 film),0,0.0,104,0,pageviews_http_403
Airport (2009 film),0,0.0,3,0,pageviews_http_403
Airport High School (South Carolina),0,0.0,25,0,pageviews_http_403
Airway management,0,0.0,306,5,pageviews_http_403
Airway resistance,0,0.0,116,2,pageviews_http_403
Aisi Deewangi Dekhi Nahi Kahi,0,0.0,14,0,pageviews_http_403
Aitchison,0,0.0,17,1,pageviews_http_403
Aizawa,0,0.0,4,0,pageviews_http_403
Aizawa Seishisai,0,0.0,33,3,pageviews_http_403
Ajay Kumar,0,0.0,18,1,pageviews_http_403
Ajay Kumar Parida,0,0.0,339,0,pageviews_http_403
Ajay Kumar Poddar,0,0.0,14,0,pageviews_http_403
Ajeej Sarkaria,0,0.0,27,0,pageviews_http_403
Akari,0,0.0,9,1,pageviews_http_403
Akari Hayami,0,0.0,90,2,pageviews_http_403
"Akdeniz, Mersin",0,0.0,289,3,pageviews_http_403
Akeelah and the Bee,0,0.0,218,8,pageviews_http_403
Akiko Yazawa,0,0.0,5,0,pageviews_http_403
Akikusa Gakuen Junior College,0,0.0,5,0,pageviews_http_403
Akimasa,0,0.0,0,0,pageviews_http_403
Akimasa Nakamura,0,0.0,99,2,pageviews_http_403
Akimasa Tsukamoto,0,0.0,11,0,pageviews_http_403
Akino Arai,0,0.0,72,2,pageviews_http_403
Akosua Busia,0,0.0,101,1,pageviews_http_403
Aktaş,0,0.0,5,1,pageviews_http_403
Al Bundy,0,0.0,209,4,pageviews_http_403
Al Messa,0,0.0,14,1,pageviews_http_403
Al-'Al,0,0.0,62,4,pageviews_http_403
Ala Moana Center,0,0.0,308,2,pageviews_http_403
Alain,0,0.0,18,1,pageviews_http_403
Alain Laurier,0,0.0,156,0,pageviews_http_403
Alain Rakotondramanana,0,0.0,7,0,pageviews_http_403
Alain-Fournier,0,0.0,128,4,pageviews_http_403
Alan Bennett,0,0.0,1151,3,pageviews_http_403
Alan Huckle,0,0.0,32,1,pageviews_http_403
Alan Keith,0,0.0,39,0,pageviews_http_403
Alan Mauritz Swanson,0,0.0,8,2,pageviews_http_403
Alan Parkinson (footballer),0,0.0,5,1,pageviews_http_403
Alan Willows,0,0.0,18,0,pageviews_http_403
Alan-Michael Spaulding,0,0.0,21,0,pageviews_http_403
Alarm (1938 film),0,0.0,107,0,pageviews_http_403
Alarm (1941 film),0,0.0,34,0,pageviews_http_403
Alarm (2008 film),0,0.0,10,1,pageviews_http_403
Alarnatha Mandira,0,0.0,78,0,pageviews_http_403
Alaska Permanent Fund,0,0.0,200,6,pageviews_http_403
Alastair Heathcote,0,0.0,26,0,pageviews_http_403
Albert Bates,0,0.0,24,1,pageviews_http_403
Albert Einstein,0,0.0,11183,27,pageviews_http_403
Albert Finney,0,0.0,1510,4,pageviews_http_403
Albert Herring,0,0.0,324,1,pageviews_http_403
Albert Timmer,0,0.0,67,1,pageviews_http_403
Albert Woolson,0,0.0,55,3,pageviews_http_403
Albertine,0,0.0,17,3,pageviews_http_403
Albertine (Krohg novel),0,0.0,30,2,pageviews_http_403
Albertine (Rose novel),0,0.0,13,3,pageviews_http_403
Alberto Ascari,0,0.0,1025,0,pageviews_http_403
Albrecht,0,0.0,22,2,pageviews_http_403
Album (2002 film),0,0.0,104,0,pageviews_http_403
Alceste (Lully),0,0.0,88,1,pageviews_http_403
Alcoholic Beverage Control,0,0.0,8,6,pageviews_http_403
Alcoholic beverage,0,0.0,6383,32,pageviews_http_403
Alcoholic beverage control state,0,0.0,442,25,pageviews_http_403
Alcoholic beverages in Oregon,0,0.0,165,21,pageviews_http_403
Alderson Broaddus University,0,0.0,331,34,pageviews_http_403
Aldo Jara,0,0.0,21,0,pageviews_http_403
Ale,0,0.0,1347,7,pageviews_http_403
Ale Vena Ale,0,0.0,22,0,pageviews_http_403
Alekh Kumar Parida,0,0.0,18,0,pageviews_http_403
Aleksandr Nekrasov,0,0.0,18,2,pageviews_http_403
Aleksandr Nekrasov (footballer),0,0.0,7,0,pageviews_http_403
Aleksandr Ugarov,0,0.0,7,3,pageviews_http_403
Aleksey Chadov,0,0.0,47,2,pageviews_http_403
Aleksi Laakso,0,0.0,9,0,pageviews_http_403
Ales,0,0.0,21,1,pageviews_http_403
Alessandra,0,0.0,27,0,pageviews_http_403
Alessandra Ambrosio,0,0.0,273,10,pageviews_http_403
Alessandra Torresani,0,0.0,70,4,pageviews_http_403
Alessandro Di Battista,0,0.0,30,0,pageviews_http_403
Alessandro Di Lello,0,0.0,7,0,pageviews_http_403
Alessandro Di Martile,0,0.0,2,0,pageviews_http_403
Alessandro Di Robilant,0,0.0,33,1,pageviews_http_403
Alessio Giustini,0,0.0,7,0,pageviews_http_403
Alessio Perilli,0,0.0,12,0,pageviews_http_403
Alex (actor),0,0.0,88,1,pageviews_http_403
"Alex Box Stadium, Skip Bertman Field",0,0.0,325,4,pageviews_http_403
Alex Crombie,0,0.0,6,0,pageviews_http_403
Alex Karev,0,0.0,210,1,pageviews_http_403
Alex McArthur,0,0.0,43,0,pageviews_http_403
Alex Reece,0,0.0,34,0,pageviews_http_403
Alex Vincent,0,0.0,11,2,pageviews_http_403
Alex Vincent (actor),0,0.0,66,0,pageviews_http_403
Alexander,0,0.0,517,20,pageviews_http_403
Alexander (son of Polyperchon),0,0.0,18,1,pageviews_http_403
Alexander (surname),0,0.0,50,0,pageviews_http_403
Alexander Ales,0,0.0,41,5,pageviews_http_403
Alexander Beggrov,0,0.0,11,1,pageviews_http_403
Alexander Douglas-Douglas,0,0.0,15,3,pageviews_http_403
Alexander Fleming,0,0.0,1056,10,pageviews_http_403
Alexander Gadolin,0,0.0,14,1,pageviews_http_403
Alexander Graham Bell,0,0.0,3415,7,pageviews_http_403
Alexander H. Stephens,0,0.0,1321,7,pageviews_http_403
Alexander Hamilton (film),0,0.0,685,0,pageviews_http_403
Alexander Humphrys-Alexander,0,0.0,5,0,pageviews_http_403
"Alexander Leitch, Baron Leitch",0,0.0,29,2,pageviews_http_403
Alexander Morten,0,0.0,23,1,pageviews_http_403
Alexander Singer,0,0.0,234,1,pageviews_http_403
Alexander Todd,0,0.0,13,2,pageviews_http_403
Alexander Whisker,0,0.0,6,1,pageviews_http_403
Alexandra Gowie,0,0.0,14,2,pageviews_http_403
Alexandra Prinzessin von Hannover,0,0.0,49,3,pageviews_http_403
Alexandria,0,0.0,10833,31,pageviews_http_403
Alexandria (novel),0,0.0,47,0,pageviews_http_403
Alexandros,0,0.0,17,1,pageviews_http_403
Alexandros Koryzis,0,0.0,706,2,pageviews_http_403
Alexandros Matsas,0,0.0,11,3,pageviews_http_403
Alexei Ugarov,0,0.0,33,0,pageviews_http_403
Alexis Carra,0,0.0,8,0,pageviews_http_403
Alexis Mendoza,0,0.0,253,1,pageviews_http_403
Alexis Mendoza (artist),0,0.0,4,0,pageviews_http_403
Alexis Simonson,0,0.0,9,0,pageviews_http_403
Alfie (Burt Bacharach song),0,0.0,558,1,pageviews_http_403
Alfred Enoch,0,0.0,149,1,pageviews_http_403
Alfred Frank Hardiman,0,0.0,22,2,pageviews_http_403
Alfred Hagn,0,0.0,11,0,pageviews_http_403
Alfred Jefferis Turner,0,0.0,1493,1,pageviews_http_403
Alfred Turner,0,0.0,11,1,pageviews_http_403
Alfred Turner (sculptor),0,0.0,38,0,pageviews_http_403
Alfredo Da Silva,0,0.0,22,2,pageviews_http_403
Alfredo Ramos Martínez,0,0.0,115,1,pageviews_http_403
Ali (film),0,0.0,71,0,pageviews_http_403
Ali Landry,0,0.0,231,0,pageviews_http_403
Alice (1988 film),0,0.0,282,4,pageviews_http_403
Alice (1990 film),0,0.0,192,2,pageviews_http_403
Alice (2005 film),0,0.0,84,0,pageviews_http_403
Alice (short story collection),0,0.0,6,2,pageviews_http_403
Alice Arnold,0,0.0,17,2,pageviews_http_403
Alice Arnold (broadcaster),0,0.0,26,0,pageviews_http_403
Alice Arnold Crawford,0,0.0,14,0,pageviews_http_403
Alice Ormsby-Gore,0,0.0,15,1,pageviews_http_403
Alice and Jerry,0,0.0,11,0,pageviews_http_403
Alice in Wonderland (2005 film),0,0.0,32,2,pageviews_http_403
Alice's Adventures in Wonderland,0,0.0,3325,22,pageviews_http_403
Alidade,0,0.0,228,4,pageviews_http_403
Aliens (Tappan Wright novel),0,0.0,11,1,pageviews_http_403
All 4 Love,0,0.0,51,1,pageviews_http_403
All About Them,0,0.0,17,2,pageviews_http_403
All American (musical),0,0.0,100,1,pageviews_http_403
All Day,0,0.0,42,4,pageviews_http_403
All Fall Down (comics),0,0.0,6,1,pageviews_http_403
All I Do Is Cry,0,0.0,40,0,pageviews_http_403
All I Do Is Win,0,0.0,780,2,pageviews_http_403
All I Have to Offer Is My Own Confusion,0,0.0,13,13,pageviews_http_403
All I Have to Offer You (Is Me),0,0.0,95,2,pageviews_http_403
All Over,0,0.0,46,0,pageviews_http_403
All Over (song),0,0.0,11,0,pageviews_http_403
All Over Me,0,0.0,6,2,pageviews_http_403
All Over Me (Josh Turner song),0,0.0,37,0,pageviews_http_403
"All Singing, All Dancing",0,0.0,117,2,pageviews_http_403
All Star (song),0,0.0,387,14,pageviews_http_403
All Summer in a Day,0,0.0,164,1,pageviews_http_403
All Things Go,0,0.0,219,1,pageviews_http_403
All Things Go Music Festival,0,0.0,40,1,pageviews_http_403
All Time Love,0,0.0,63,0,pageviews_http_403
All We Know,0,0.0,85,2,pageviews_http_403
All We Know (Paramore song),0,0.0,64,0,pageviews_http_403
All We Know (disambiguation),0,0.0,2,0,pageviews_http_403
All You've Got,0,0.0,46,0,pageviews_http_403
All at Sea (1933 film),0,0.0,5,0,pageviews_http_403
All for One &amp; One for All!,0,0.0,0,0,pageviews_http_403
All for You Tour,0,0.0,146,4,pageviews_http_403
All for one,0,0.0,21,14,pageviews_http_403
All in a Day,0,0.0,21,1,pageviews_http_403
All in a Day (radio show),0,0.0,93,1,pageviews_http_403
All the Pretty Horses (film),0,0.0,126,1,pageviews_http_403
All the Way Home (Tamar Braxton song),0,0.0,32,1,pageviews_http_403
All the Way Turnt Up,0,0.0,56,1,pageviews_http_403
All the Way Up,0,0.0,406,6,pageviews_http_403
All the Way Up (film),0,0.0,30,1,pageviews_http_403
All things,0,0.0,151,2,pageviews_http_403
All-over painting,0,0.0,43,1,pageviews_http_403
Allen &amp; Allen,0,0.0,0,0,pageviews_http_403
Allen (Prison Break),0,0.0,63,2,pageviews_http_403
Allen (surname),0,0.0,126,1,pageviews_http_403
Allen Plays Allen,0,0.0,5,0,pageviews_http_403
Allen Raymond,0,0.0,22,0,pageviews_http_403
"Allen, Allen, Allen &amp; Allen",0,0.0,0,0,pageviews_http_403
Alleppey Ashraf,0,0.0,41,0,pageviews_http_403
Alleppey Ranganath,0,0.0,9,0,pageviews_http_403
Alleppey Vincent,0,0.0,13,0,pageviews_http_403
Alliance to End Plastic Waste,0,0.0,9,0,pageviews_http_403
Allis-Chalmers,0,0.0,626,11,pageviews_http_403
Allison,0,0.0,77,2,pageviews_http_403
Allison &amp; Allison,0,0.0,0,0,pageviews_http_403
Allison Balson,0,0.0,21,1,pageviews_http_403
Allison Hirschlag,0,0.0,8,1,pageviews_http_403
Allman,0,0.0,6,1,pageviews_http_403
Allow,0,0.0,11,2,pageviews_http_403
Allow Me,0,0.0,349,0,pageviews_http_403
"Allow Me (Portland, Oregon)",0,0.0,253,0,pageviews_http_403
"Allow Me, Daddy!",0,0.0,68,3,pageviews_http_403
Alloway,0,0.0,189,1,pageviews_http_403
"Alloway, Tennessee",0,0.0,16,0,pageviews_http_403
Ally,0,0.0,56,1,pageviews_http_403
Ally (novel),0,0.0,15,0,pageviews_http_403
Ally McCoist,0,0.0,1038,5,pageviews_http_403
Alma,0,0.0,110,12,pageviews_http_403
Alma the Younger,0,0.0,164,2,pageviews_http_403
Almost Like a Whale,0,0.0,14,2,pageviews_http_403
Aloha Festivals,0,0.0,216,3,pageviews_http_403
Alois Rašín,0,0.0,42,1,pageviews_http_403
Alone (Evan Brewer album),0,0.0,6,0,pageviews_http_403
Along Came a Spider (film),0,0.0,210,2,pageviews_http_403
Alonso Álvarez de Pineda,0,0.0,120,6,pageviews_http_403
Alonso Álvarez de Soria,0,0.0,5,0,pageviews_http_403
Aloysia Weber,0,0.0,98,4,pageviews_http_403
Aloïs Boudry,0,0.0,5,1,pageviews_http_403
Alpha (The X-Files),0,0.0,64,1,pageviews_http_403
Alpine skiing at the 2002 Winter Olympics – Women's super-G,0,0.0,74,3,pageviews_http_403
Alpine skiing at the 2006 Winter Olympics – Women's super-G,0,0.0,109,4,pageviews_http_403
Alpine skiing at the 2018 Winter Olympics – Men's super-G,0,0.0,179,1,pageviews_http_403
Alpine skiing at the 2018 Winter Olympics – Women's super-G,0,0.0,160,1,pageviews_http_403
Already Gone (Kelly Clarkson song),0,0.0,218,3,pageviews_http_403
Alstom Traxx,0,0.0,747,31,pageviews_http_403
Alternative complement pathway,0,0.0,116,6,pageviews_http_403
Alternative-complement-pathway C3/C5 convertase,0,0.0,8,14,pageviews_http_403
Altmann,0,0.0,17,1,pageviews_http_403
Always with You,0,0.0,13,10,pageviews_http_403
Alysia,0,0.0,13,4,pageviews_http_403
Alysia Montaño,0,0.0,285,6,pageviews_http_403
Alysia Reiner,0,0.0,94,1,pageviews_http_403
Am I Losing You,0,0.0,156,1,pageviews_http_403
Amalia (novel),0,0.0,17,0,pageviews_http_403
Amanda Holden,0,0.0,515,2,pageviews_http_403
Amaram,0,0.0,138,0,pageviews_http_403
Amaram Akhilam Prema,0,0.0,15,0,pageviews_http_403
Amazon (video game),0,0.0,91,1,pageviews_http_403
Amazon HQ2,0,0.0,362,2,pageviews_http_403
Amazon Prime Video,0,0.0,10408,20,pageviews_http_403
Amba (Mahabharata),0,0.0,252,1,pageviews_http_403
Amber Rudd,0,0.0,591,3,pageviews_http_403
Ambulatory,0,0.0,455,3,pageviews_http_403
Ambulatory care,0,0.0,272,10,pageviews_http_403
Ambulatory care nursing,0,0.0,190,0,pageviews_http_403
Amdy Faye,0,0.0,136,2,pageviews_http_403
Ameglio,0,0.0,4,0,pageviews_http_403
Amen (Amen album),0,0.0,23,0,pageviews_http_403
Amen (TV series),0,0.0,235,9,pageviews_http_403
Amendment of the Constitution of India,0,0.0,597,7,pageviews_http_403
Amenemopet (Viceroy of Kush),0,0.0,110,1,pageviews_http_403
Amenemopet (prince),0,0.0,5,0,pageviews_http_403
Amenemopet (princess),0,0.0,11,0,pageviews_http_403
American Athletic Conference Football Championship Game,0,0.0,217,0,pageviews_http_403
American Beauty/American Psycho,0,0.0,144,6,pageviews_http_403
American Buffalo (coin),0,0.0,343,4,pageviews_http_403
American Chopper,0,0.0,416,5,pageviews_http_403
American Dream,0,0.0,1827,7,pageviews_http_403
"American Dream, Global Nightmare",0,0.0,5,0,pageviews_http_403
American Dreamer (1984 film),0,0.0,55,0,pageviews_http_403
American Eagle Outfitters,0,0.0,523,11,pageviews_http_403
American Gothic (1988 film),0,0.0,50,1,pageviews_http_403
American Horror Story,0,0.0,1385,4,pageviews_http_403
American Nightmare,0,0.0,19,4,pageviews_http_403
American Nightmare (film),0,0.0,21,0,pageviews_http_403
American Power and the New Mandarins,0,0.0,72,1,pageviews_http_403
American Sociological Association,0,0.0,1010,7,pageviews_http_403
American University,0,0.0,4083,22,pageviews_http_403
American football positions,0,0.0,6188,15,pageviews_http_403
Americans for Limited Government,0,0.0,59,4,pageviews_http_403
Amine,0,0.0,2430,25,pageviews_http_403
"Amir Bhatia, Baron Bhatia",0,0.0,31,6,pageviews_http_403
Amir Syamsuddin,0,0.0,25,0,pageviews_http_403
Amniote,0,0.0,19136,7,pageviews_http_403
Amoene van Haersolte,0,0.0,8,1,pageviews_http_403
Amos Garrett,0,0.0,112,2,pageviews_http_403
Amsterdam Centraal station,0,0.0,662,14,pageviews_http_403
Amy (1981 film),0,0.0,52,4,pageviews_http_403
Amy (1997 film),0,0.0,65,1,pageviews_http_403
Amy Barnes,0,0.0,290,2,pageviews_http_403
Amy Krouse Rosenthal,0,0.0,67,1,pageviews_http_403
Amy Robach,0,0.0,101,0,pageviews_http_403
Amy Rosenthal,0,0.0,29,1,pageviews_http_403
An Age,0,0.0,14,1,pageviews_http_403
An Age of Kings,0,0.0,174,0,pageviews_http_403
An Angel,0,0.0,41,1,pageviews_http_403
An Evening with Gary Lineker,0,0.0,22,1,pageviews_http_403
An Event,0,0.0,25,2,pageviews_http_403
An Event in Autumn,0,0.0,25,2,pageviews_http_403
An Occurrence at Owl Creek Bridge,0,0.0,146,7,pageviews_http_403
Ana Baschwitz,0,0.0,4,0,pageviews_http_403
Anagarika Dharmapala,0,0.0,757,3,pageviews_http_403
Anatoliy Matviyenko,0,0.0,26,1,pageviews_http_403
Ancestor,0,0.0,2629,18,pageviews_http_403
Ancestor (disambiguation),0,0.0,1,2,pageviews_http_403
Ancestor (novel),0,0.0,13,0,pageviews_http_403
Ancestor (sculpture),0,0.0,238,0,pageviews_http_403
Anchor,0,0.0,1828,28,pageviews_http_403
Anchor (brand),0,0.0,160,8,pageviews_http_403
Ancient Egyptian units of measurement,0,0.0,260,6,pageviews_http_403
Ancient Mesopotamian units of measurement,0,0.0,317,6,pageviews_http_403
And God Smiled at Me,0,0.0,10,0,pageviews_http_403
And Tango Makes Three,0,0.0,63,0,pageviews_http_403
And did those feet in ancient time,0,0.0,414,10,pageviews_http_403
Anders K. Orvin,0,0.0,22,2,pageviews_http_403
"Anderson (footballer, born 1988)",0,0.0,400,6,pageviews_http_403
Anderson Lessa,0,0.0,19,2,pageviews_http_403
Andover Newton Theological School,0,0.0,284,6,pageviews_http_403
Andrade,0,0.0,101,1,pageviews_http_403
Andranik,0,0.0,365,16,pageviews_http_403
Andranik Migranyan,0,0.0,11,2,pageviews_http_403
Andrea Corr,0,0.0,270,3,pageviews_http_403
Andrea Jaeger,0,0.0,517,2,pageviews_http_403
Andrea Magi,0,0.0,16,1,pageviews_http_403
Andrea Robinson,0,0.0,7,2,pageviews_http_403
Andrea Robinson (singer),0,0.0,38,0,pageviews_http_403
Andrea Robinson (sommelier),0,0.0,20,3,pageviews_http_403
Andrea di Alessandro,0,0.0,4,1,pageviews_http_403
Andreas Rüdiger,0,0.0,12,1,pageviews_http_403
Andrei,0,0.0,37,2,pageviews_http_403
Andrei Bogomolov,0,0.0,16,1,pageviews_http_403
Andrei Chadov,0,0.0,12,3,pageviews_http_403
Andrei Linde,0,0.0,381,2,pageviews_http_403
Andrei Vițelaru,0,0.0,15,3,pageviews_http_403
Andrew Blades,0,0.0,61,1,pageviews_http_403
Andrew Carnie,0,0.0,43,1,pageviews_http_403
Andrew Martin,0,0.0,472,2,pageviews_http_403
Andrew McDonald (cricketer),0,0.0,209,0,pageviews_http_403
Andrew Stevenson,0,0.0,824,3,pageviews_http_403
Andrews,0,0.0,28,1,pageviews_http_403
Andrés Bottiglieri,0,0.0,12,1,pageviews_http_403
Andy Greene,0,0.0,103,0,pageviews_http_403
Andy Hamilton,0,0.0,147,1,pageviews_http_403
Andy Hamilton (author),0,0.0,14,0,pageviews_http_403
Andy Hamilton (jazz saxophonist),0,0.0,27,0,pageviews_http_403
Andy Powell,0,0.0,82,0,pageviews_http_403
Andy Powell (rugby),0,0.0,139,2,pageviews_http_403
Ang Singsing ng Dalagang Marmol,0,0.0,18,8,pageviews_http_403
Angel (1960 TV series),0,0.0,55,0,pageviews_http_403
Angel (1999 TV series),0,0.0,1455,13,pageviews_http_403
Angel (2011 film),0,0.0,19,0,pageviews_http_403
Angel (Sarah McLachlan song),0,0.0,476,3,pageviews_http_403
Angel Angel,0,0.0,20,0,pageviews_http_403
Angel Falls (TV series),0,0.0,26,0,pageviews_http_403
Angel Sanctuary,0,0.0,254,10,pageviews_http_403
Angel Town (film),0,0.0,27,1,pageviews_http_403
Angel on the Amazon,0,0.0,65,1,pageviews_http_403
Angel on the Right,0,0.0,28,2,pageviews_http_403
Angel-A,0,0.0,120,3,pageviews_http_403
Angelos Efthymiou,0,0.0,18,0,pageviews_http_403
Angels in the Outfield (1951 film),0,0.0,397,0,pageviews_http_403
Animal Crackers (2017 film),0,0.0,480,3,pageviews_http_403
Animal Justice (extended play),0,0.0,63,2,pageviews_http_403
Anita Wachter,0,0.0,259,0,pageviews_http_403
Anjali,0,0.0,64,4,pageviews_http_403
Anjali (1990 film),0,0.0,273,0,pageviews_http_403
Anjali Sudhakar,0,0.0,41,0,pageviews_http_403
Ankhiyon Ke Jharokhon Se,0,0.0,54,2,pageviews_http_403
Ankle,0,0.0,870,12,pageviews_http_403
Ann Kennedy,0,0.0,8,1,pageviews_http_403
Ann Rutherford,0,0.0,191,0,pageviews_http_403
Anna Christie (1930 English-language film),0,0.0,261,2,pageviews_http_403
Anna Christie (1930 German-language film),0,0.0,95,1,pageviews_http_403
Anna Hutchison,0,0.0,68,1,pageviews_http_403
Anna Lake,0,0.0,5,0,pageviews_http_403
Anna Larsson (contralto),0,0.0,24,2,pageviews_http_403
Anna May Hutchison,0,0.0,34,1,pageviews_http_403
"Anna Russell, Duchess of Bedford",0,0.0,43,3,pageviews_http_403
Annakili,0,0.0,116,1,pageviews_http_403
Annakili (soundtrack),0,0.0,34,1,pageviews_http_403
"Annapolis, Maryland",0,0.0,8053,18,pageviews_http_403
Anne Enger,0,0.0,146,1,pageviews_http_403
Anneliese van der Pol,0,0.0,128,8,pageviews_http_403
Annie,0,0.0,187,5,pageviews_http_403
Annie Beustes,0,0.0,11,0,pageviews_http_403
Annie Golden,0,0.0,146,0,pageviews_http_403
"Annie, Let's Not Wait",0,0.0,28,0,pageviews_http_403
Another Chance (film),0,0.0,21,0,pageviews_http_403
Another Life,0,0.0,25,7,pageviews_http_403
Another Life (2001 film),0,0.0,25,0,pageviews_http_403
Another Life (2013 film),0,0.0,21,2,pageviews_http_403
Another Part of Me,0,0.0,206,4,pageviews_http_403
Another Simpsons Clip Show,0,0.0,101,0,pageviews_http_403
Another Toothpick,0,0.0,144,6,pageviews_http_403
Another Woman in Love,0,0.0,21,1,pageviews_http_403
Another Year (film),0,0.0,165,1,pageviews_http_403
"Another You, Another Me",0,0.0,28,0,pageviews_http_403
Anqing,0,0.0,999,11,pageviews_http_403
Anthology,0,0.0,4500,11,pageviews_http_403
Anthony Corleone,0,0.0,81,2,pageviews_http_403
Anthony Quinn,0,0.0,1271,10,pageviews_http_403
Anthony Roll,0,0.0,228,4,pageviews_http_403
Anthony Sharp,0,0.0,96,1,pageviews_http_403
Anthony Tyler Quinn,0,0.0,51,0,pageviews_http_403
Anti-Discrimination Act 1977,0,0.0,53,4,pageviews_http_403
Anti-Discrimination Act 1991 (Queensland),0,0.0,5,0,pageviews_http_403
Anti-Federalist League,0,0.0,181,3,pageviews_http_403
Anti-Federalist League election results,0,0.0,48,0,pageviews_http_403
Anti-Federalist Papers,0,0.0,473,6,pageviews_http_403
Anti-discrimination law,0,0.0,1296,14,pageviews_http_403
Antigoni Goni,0,0.0,16,0,pageviews_http_403
Antigoni Papadopoulou,0,0.0,16,1,pageviews_http_403
Antigoni Psychrami,0,0.0,7,1,pageviews_http_403
Antipater,0,0.0,401,3,pageviews_http_403
Antipater of Sidon,0,0.0,55,3,pageviews_http_403
Antipodes (story collection),0,0.0,45,0,pageviews_http_403
Anton II of Georgia,0,0.0,42,3,pageviews_http_403
Anton Lui,0,0.0,17,0,pageviews_http_403
Antonio Roybal,0,0.0,22,1,pageviews_http_403
Antonio Álvarez Alonso,0,0.0,10,1,pageviews_http_403
Antral follicle,0,0.0,30,7,pageviews_http_403
Antral lavage,0,0.0,20,2,pageviews_http_403
Antti Ruuskanen,0,0.0,120,0,pageviews_http_403
Anushilan Samiti,0,0.0,849,3,pageviews_http_403
Anybody's Goat,0,0.0,7,0,pageviews_http_403
Anybody's Nightmare,0,0.0,16,1,pageviews_http_403
Anybody's War,0,0.0,61,0,pageviews_http_403
Anybody's Woman,0,0.0,40,0,pageviews_http_403
Apartment,0,0.0,3459,30,pageviews_http_403
Apartment (film),0,0.0,29,0,pageviews_http_403
Apocalypticism,0,0.0,1161,5,pageviews_http_403
Appalachian Bible College,0,0.0,75,0,pageviews_http_403
Appalachian Technical College,0,0.0,33,1,pageviews_http_403
Appaloosa (film),0,0.0,76,0,pageviews_http_403
Appleby Plays Chicken,0,0.0,5,1,pageviews_http_403
Appointment with Death (play),0,0.0,179,1,pageviews_http_403
Aqua (band),0,0.0,694,9,pageviews_http_403
Aqua (color),0,0.0,277,2,pageviews_http_403
Aqua Aqua,0,0.0,40,1,pageviews_http_403
Aquaman,0,0.0,2527,21,pageviews_http_403
Aquarius Casino Resort,0,0.0,0,0,pageviews_http_403
Aquarius/Let the Sunshine In,0,0.0,409,6,pageviews_http_403
Aquatic mammal,0,0.0,289,3,pageviews_http_403
Ara Abrahamian,0,0.0,202,1,pageviews_http_403
Arai,0,0.0,12,1,pageviews_http_403
Arati Saha,0,0.0,253,3,pageviews_http_403
Arc welding,0,0.0,373,9,pageviews_http_403
Archduchess Assunta of Austria,0,0.0,151,0,pageviews_http_403
Archduchess Louise of Austria,0,0.0,241,13,pageviews_http_403
Archibald Ormsby-Gore,0,0.0,135,1,pageviews_http_403
Archie,0,0.0,73,1,pageviews_http_403
Archie Needham,0,0.0,14,0,pageviews_http_403
Arctic Spas,0,0.0,19,0,pageviews_http_403
Ardh Satya,0,0.0,210,1,pageviews_http_403
Are You Gone,0,0.0,20,0,pageviews_http_403
Are You Now or Have You Ever Been,0,0.0,111,5,pageviews_http_403
Are the Good Times Really Over (I Wish a Buck Was Still Silver),0,0.0,188,1,pageviews_http_403
Area code 931,0,0.0,258,1,pageviews_http_403
Arena (1989 film),0,0.0,35,0,pageviews_http_403
Arena (2011 film),0,0.0,30,1,pageviews_http_403
Ariarathes V of Cappadocia,0,0.0,305,3,pageviews_http_403
Ariarathes VII of Cappadocia,0,0.0,278,3,pageviews_http_403
Ariarathes VIII of Cappadocia,0,0.0,279,3,pageviews_http_403
Arise Therefore,0,0.0,60,0,pageviews_http_403
Aristotelian ethics,0,0.0,552,7,pageviews_http_403
Aristotle Onassis,0,0.0,510,11,pageviews_http_403
Arizona (play),0,0.0,47,0,pageviews_http_403
Arizona Coyotes,0,0.0,3226,14,pageviews_http_403
Arizona Diamondbacks,0,0.0,4590,17,pageviews_http_403
Arizona Trail,0,0.0,212,2,pageviews_http_403
Arjun Sarja,0,0.0,580,5,pageviews_http_403
Ark,0,0.0,135,14,pageviews_http_403
Ark (novel),0,0.0,71,1,pageviews_http_403
Arkady Rotenberg,0,0.0,163,1,pageviews_http_403
Arkansas (You Run Deep in Me),0,0.0,21,1,pageviews_http_403
Armed,0,0.0,157,0,pageviews_http_403
Armed merchantman,0,0.0,2049,13,pageviews_http_403
Armed schooner,0,0.0,5,1,pageviews_http_403
Army (1944 film),0,0.0,48,1,pageviews_http_403
Army Daze,0,0.0,31,1,pageviews_http_403
Army Wives (1944 film),0,0.0,86,0,pageviews_http_403
Arndt,0,0.0,19,0,pageviews_http_403
Around the Horn,0,0.0,240,4,pageviews_http_403
Around the World (musical),0,0.0,252,1,pageviews_http_403
Arrive,0,0.0,10,1,pageviews_http_403
Arrive (company),0,0.0,4,1,pageviews_http_403
Arrive Alive,0,0.0,28,0,pageviews_http_403
Arrive Alive (disambiguation),0,0.0,2,0,pageviews_http_403
Arrowhead,0,0.0,1180,15,pageviews_http_403
Arrowhead Water,0,0.0,241,3,pageviews_http_403
Ars,0,0.0,43,3,pageviews_http_403
Ars (film),0,0.0,25,0,pageviews_http_403
Ars Americana Ars Politica,0,0.0,9,2,pageviews_http_403
Ars antiqua,0,0.0,371,2,pageviews_http_403
Art Gallery of Greater Victoria,0,0.0,143,2,pageviews_http_403
Art Ingels,0,0.0,16,2,pageviews_http_403
Art gallery,0,0.0,2440,2,pageviews_http_403
Artaserse (Vinci),0,0.0,34,0,pageviews_http_403
Artery,0,0.0,2678,12,pageviews_http_403
Arthur Aviles,0,0.0,24,2,pageviews_http_403
Arthur Chung,0,0.0,86,8,pageviews_http_403
Arthur Chung Conference Centre,0,0.0,42,2,pageviews_http_403
Arthur Devis,0,0.0,108,4,pageviews_http_403
Arthur Fowler,0,0.0,489,1,pageviews_http_403
Arthur Jimerson,0,0.0,17,1,pageviews_http_403
Arthur Mullard,0,0.0,96,1,pageviews_http_403
Arthur Treacher's,0,0.0,436,5,pageviews_http_403
Arthur Verow,0,0.0,9,1,pageviews_http_403
Arthur William Devis,0,0.0,67,0,pageviews_http_403
Articulate,0,0.0,9,1,pageviews_http_403
Articulate Ink,0,0.0,23,4,pageviews_http_403
Articulate!,0,0.0,11,1,pageviews_http_403
Artillery,0,0.0,8580,33,pageviews_http_403
Artist (film),0,0.0,48,0,pageviews_http_403
Aruna,0,0.0,28,1,pageviews_http_403
Aruna Miller,0,0.0,408,3,pageviews_http_403
Aruna Reddy,0,0.0,44,3,pageviews_http_403
Arvinder Singh Lovely,0,0.0,51,0,pageviews_http_403
Arvinder Singh Lovely (Deoli MLA),0,0.0,12,0,pageviews_http_403
As I Have Always Been,0,0.0,127,0,pageviews_http_403
As One (opera),0,0.0,20,0,pageviews_http_403
As Seen Through Windows,0,0.0,18,0,pageviews_http_403
As the Deer,0,0.0,12,2,pageviews_http_403
As the Sea Rages,0,0.0,19,0,pageviews_http_403
Asa Higuchi,0,0.0,203,1,pageviews_http_403
Asadi,0,0.0,52,1,pageviews_http_403
Ascari,0,0.0,10,1,pageviews_http_403
Ascari Cars,0,0.0,375,1,pageviews_http_403
Asch,0,0.0,17,1,pageviews_http_403
Asch.,0,0.0,26,0,pageviews_http_403
Ascites,0,0.0,673,13,pageviews_http_403
Ashleigh and Pudsey,0,0.0,197,7,pageviews_http_403
Ashley Bell (actress),0,0.0,47,0,pageviews_http_403
Ashley Jensen,0,0.0,200,0,pageviews_http_403
Ashley Williams,0,0.0,19,3,pageviews_http_403
Ashley Williams (actress),0,0.0,104,0,pageviews_http_403
Ashtar (extraterrestrial being),0,0.0,82,0,pageviews_http_403
Ask,0,0.0,45,1,pageviews_http_403
Ask Me How I Am,0,0.0,73,0,pageviews_http_403
Ask Me How I Know,0,0.0,78,0,pageviews_http_403
Ask the Family,0,0.0,19,3,pageviews_http_403
Asleep (novel),0,0.0,28,1,pageviews_http_403
Asleep (song),0,0.0,77,1,pageviews_http_403
Asphalt,0,0.0,364,7,pageviews_http_403
Asphalt (1929 film),0,0.0,83,0,pageviews_http_403
Asphalt (1964 film),0,0.0,47,0,pageviews_http_403
Aspis,0,0.0,100,3,pageviews_http_403
Aspis (Menander),0,0.0,39,0,pageviews_http_403
Asprinio bianco,0,0.0,23,6,pageviews_http_403
Assault (film),0,0.0,60,2,pageviews_http_403
Assumption (short story),0,0.0,82,0,pageviews_http_403
"Astoria, Oregon",0,0.0,1734,10,pageviews_http_403
At Home (short story),0,0.0,120,0,pageviews_http_403
At Home with the Braithwaites,0,0.0,106,2,pageviews_http_403
At Midnight,0,0.0,9,2,pageviews_http_403
At Night (short story),0,0.0,101,2,pageviews_http_403
At This Moment,0,0.0,94,0,pageviews_http_403
At the Movies (Rugrats),0,0.0,92,1,pageviews_http_403
Atanas Atanasov,0,0.0,18,6,pageviews_http_403
"Atanas Atanasov (footballer, born 1969)",0,0.0,54,2,pageviews_http_403
"Atanas Atanasov (footballer, born 1985)",0,0.0,17,0,pageviews_http_403
"Atanas Atanasov (footballer, born 2005)",0,0.0,11,0,pageviews_http_403
Atanas Atanasov (runner),0,0.0,13,0,pageviews_http_403
Atatürk Dam,0,0.0,511,5,pageviews_http_403
Ataxic cerebral palsy,0,0.0,60,0,pageviews_http_403
Athenian festivals,0,0.0,533,4,pageviews_http_403
Atkinson,0,0.0,27,1,pageviews_http_403
Atkinson (surname),0,0.0,84,0,pageviews_http_403
Atlantic (film),0,0.0,383,1,pageviews_http_403
Atlantic Coast Conference Men's Basketball Player of the Year,0,0.0,333,4,pageviews_http_403
Atlantic Coast Conference Men's Soccer Player of the Year,0,0.0,156,2,pageviews_http_403
Atlantic Coast Conference Player of the Year,0,0.0,2,3,pageviews_http_403
Atlantic Coast Conference women's basketball Player of the Year,0,0.0,114,2,pageviews_http_403
Atlantic Rim (film),0,0.0,40,0,pageviews_http_403
Atm⁵,0,0.0,118,1,pageviews_http_403
Atsushi,0,0.0,7,1,pageviews_http_403
Atsushi Kaneko,0,0.0,18,3,pageviews_http_403
Attack (band),0,0.0,14,0,pageviews_http_403
Attack Attack! (American band),0,0.0,225,16,pageviews_http_403
Attack! Attack! (Welsh band),0,0.0,42,11,pageviews_http_403
Atticus,0,0.0,22,1,pageviews_http_403
Atticus Kodiak,0,0.0,5,0,pageviews_http_403
Atticus Mitchell,0,0.0,65,2,pageviews_http_403
Atto Melani,0,0.0,44,0,pageviews_http_403
Auburn–LSU football rivalry,0,0.0,497,11,pageviews_http_403
Auction,0,0.0,2380,35,pageviews_http_403
Aud,0,0.0,30,5,pageviews_http_403
Aud Brindley,0,0.0,33,1,pageviews_http_403
Auditory meatus,0,0.0,8,1,pageviews_http_403
Auf dem Acker,0,0.0,22,2,pageviews_http_403
August (1996 film),0,0.0,38,0,pageviews_http_403
August (Rossner novel),0,0.0,15,1,pageviews_http_403
August (Woodward novel),0,0.0,10,1,pageviews_http_403
August 1 (film),0,0.0,117,3,pageviews_http_403
August 1914 (novel),0,0.0,27,0,pageviews_http_403
August Brand,0,0.0,34,0,pageviews_http_403
August Heinrich Matthiae,0,0.0,9,0,pageviews_http_403
August Uprising,0,0.0,407,2,pageviews_http_403
"Augustus, Count Palatine of Sulzbach",0,0.0,37,0,pageviews_http_403
Aun,0,0.0,56,3,pageviews_http_403
Aun Pornmoniroth,0,0.0,79,2,pageviews_http_403
Aunt Em,0,0.0,280,1,pageviews_http_403
Aura,0,0.0,258,6,pageviews_http_403
Aura-Aura Climber,0,0.0,12,1,pageviews_http_403
Austin Cuvillier,0,0.0,33,1,pageviews_http_403
Austin Tappan Wright,0,0.0,33,0,pageviews_http_403
Australia at the 2018 Winter Olympics,0,0.0,373,0,pageviews_http_403
Australia at the Winter Olympics,0,0.0,724,1,pageviews_http_403
Australia in the Korean War,0,0.0,467,2,pageviews_http_403
Australian Father of the Year award,0,0.0,47,3,pageviews_http_403
Australian Magazine,0,0.0,6,1,pageviews_http_403
Australian fifty-dollar note,0,0.0,104,5,pageviews_http_403
Australian five-cent coin,0,0.0,70,4,pageviews_http_403
Australian five-dollar note,0,0.0,98,6,pageviews_http_403
Australian mangroves,0,0.0,41,1,pageviews_http_403
Australian raven,0,0.0,393,3,pageviews_http_403
Australian ten-cent coin,0,0.0,71,4,pageviews_http_403
Australian ten-dollar note,0,0.0,96,6,pageviews_http_403
Australian twenty-dollar note,0,0.0,267,6,pageviews_http_403
Australian two-cent coin,0,0.0,65,6,pageviews_http_403
Austro-Turkish War (1663–1664),0,0.0,378,12,pageviews_http_403
Authorization certificate,0,0.0,16,1,pageviews_http_403
Authorship of the Pauline epistles,0,0.0,348,16,pageviews_http_403
Auto Trader,0,0.0,27,3,pageviews_http_403
Auto Trader Group,0,0.0,372,0,pageviews_http_403
Aval Appadithan,0,0.0,199,1,pageviews_http_403
Avalanche (1923 film),0,0.0,175,2,pageviews_http_403
Avatar (1916 film),0,0.0,85,0,pageviews_http_403
Avatar (2009 film),0,0.0,2883,33,pageviews_http_403
Average,0,0.0,1265,12,pageviews_http_403
Aw Come Aw Wry,0,0.0,14,0,pageviews_http_403
Axes,0,0.0,38,1,pageviews_http_403
Axes (album),0,0.0,24,0,pageviews_http_403
Axis,0,0.0,202,4,pageviews_http_403
Axis (novel),0,0.0,14,0,pageviews_http_403
Azazel,0,0.0,457,7,pageviews_http_403
Azazel Jacobs,0,0.0,81,0,pageviews_http_403
B vitamins,0,0.0,939,36,pageviews_http_403
B. J. and the Bear,0,0.0,433,8,pageviews_http_403
B. S. Chandrasekhar,0,0.0,386,9,pageviews_http_403
BBC Sports Personality of the Year Award,0,0.0,307,2,pageviews_http_403
BBC Sports Personality of the Year Helen Rollason Award,0,0.0,127,2,pageviews_http_403
BDO World Darts Championship,0,0.0,757,1,pageviews_http_403
BIANCO,0,0.0,178,0,pageviews_http_403
BMO Field,0,0.0,1744,5,pageviews_http_403
BRL V6,0,0.0,41,0,pageviews_http_403
BUNCH,0,0.0,99,0,pageviews_http_403
Baba (2002 film),0,0.0,200,0,pageviews_http_403
Baba Yetu,0,0.0,105,3,pageviews_http_403
Babubhai Mistry,0,0.0,86,1,pageviews_http_403
Baby (1915 film),0,0.0,8,0,pageviews_http_403
Baby (2010 film),0,0.0,22,2,pageviews_http_403
Baby (Thorup novel),0,0.0,12,1,pageviews_http_403
Baby Baby Baby,0,0.0,5,2,pageviews_http_403
Baby Blue (Badfinger song),0,0.0,166,0,pageviews_http_403
Baby Daddy,0,0.0,342,2,pageviews_http_403
Baby Daddy (disambiguation),0,0.0,3,1,pageviews_http_403
Baby Got Back,0,0.0,329,7,pageviews_http_403
Baby I Love U!,0,0.0,122,4,pageviews_http_403
Baby Not on Board,0,0.0,92,2,pageviews_http_403
Baby Squad,0,0.0,37,0,pageviews_http_403
Baby Train,0,0.0,217,1,pageviews_http_403
Baby on Board (film),0,0.0,20,0,pageviews_http_403
Baby on board,0,0.0,30,7,pageviews_http_403
Baby's Got a New Baby,0,0.0,28,0,pageviews_http_403
Baby-Baby-Baby,0,0.0,101,1,pageviews_http_403
Bachelor Games,0,0.0,14,2,pageviews_http_403
Bachelor Party (1984 film),0,0.0,120,0,pageviews_http_403
Bacillus atticus atticus,0,0.0,5,1,pageviews_http_403
Back Roads (novel),0,0.0,12,0,pageviews_http_403
Back When / Going All The Way,0,0.0,6,0,pageviews_http_403
Back in Black,0,0.0,446,13,pageviews_http_403
Back to December,0,0.0,366,4,pageviews_http_403
Back to School,0,0.0,168,6,pageviews_http_403
Background,0,0.0,100,7,pageviews_http_403
Background (1953 film),0,0.0,61,1,pageviews_http_403
Background (1973 film),0,0.0,7,0,pageviews_http_403
Backlash (1947 film),0,0.0,33,0,pageviews_http_403
Backstage,0,0.0,44,4,pageviews_http_403
Backstage (1988 film),0,0.0,30,0,pageviews_http_403
Backstage (2000 film),0,0.0,36,0,pageviews_http_403
Backstage (2005 film),0,0.0,28,0,pageviews_http_403
Bad Girl,0,0.0,37,5,pageviews_http_403
Bad News Bears,0,0.0,115,3,pageviews_http_403
Badman,0,0.0,23,7,pageviews_http_403
Badminton,0,0.0,18701,15,pageviews_http_403
Bae Geu-rin,0,0.0,21,1,pageviews_http_403
Baez,0,0.0,8,0,pageviews_http_403
Baiji,0,0.0,2238,45,pageviews_http_403
Baird,0,0.0,23,3,pageviews_http_403
Bakay,0,0.0,1,0,pageviews_http_403
Baker,0,0.0,719,5,pageviews_http_403
Baker Plan (debt relief),0,0.0,2,1,pageviews_http_403
Bal Thackeray,0,0.0,530,14,pageviews_http_403
Bala (director),0,0.0,289,1,pageviews_http_403
Bala Bala Sese,0,0.0,33,1,pageviews_http_403
Balance,0,0.0,166,7,pageviews_http_403
Balance (1983 film),0,0.0,10,1,pageviews_http_403
Balance sheet,0,0.0,972,14,pageviews_http_403
Balcerzak,0,0.0,4,0,pageviews_http_403
Baldy,0,0.0,9,1,pageviews_http_403
Baldy Wittman,0,0.0,5,0,pageviews_http_403
Ball Play,0,0.0,1,4,pageviews_http_403
Ballad (Glee),0,0.0,180,1,pageviews_http_403
Ballyhooley Steam Railway,0,0.0,8,2,pageviews_http_403
Balson,0,0.0,1,0,pageviews_http_403
Baltimore Claws,0,0.0,89,1,pageviews_http_403
Baltimore Orioles,0,0.0,8105,15,pageviews_http_403
Bamboo Organ,0,0.0,288,3,pageviews_http_403
Bananarama,0,0.0,861,7,pageviews_http_403
Band Aid (band),0,0.0,458,0,pageviews_http_403
Band of Holes,0,0.0,12,2,pageviews_http_403
Bandar,0,0.0,27,3,pageviews_http_403
Bandar Utama,0,0.0,273,1,pageviews_http_403
Bandar-log,0,0.0,96,2,pageviews_http_403
Bandi Rajan Babu,0,0.0,8,1,pageviews_http_403
Bang (Desperate Housewives),0,0.0,74,0,pageviews_http_403
Bangkok Noi district,0,0.0,150,3,pageviews_http_403
Bank of America,0,0.0,4211,61,pageviews_http_403
Bank of British West Africa,0,0.0,72,3,pageviews_http_403
Bank of England note issues,0,0.0,174,5,pageviews_http_403
Bank of England £1 note,0,0.0,88,0,pageviews_http_403
Bank of England £50 note,0,0.0,111,4,pageviews_http_403
Bank of United States,0,0.0,36,5,pageviews_http_403
Bank rate,0,0.0,799,5,pageviews_http_403
Bankable Productions,0,0.0,19,1,pageviews_http_403
Bankable star,0,0.0,107,5,pageviews_http_403
Bankable stars,0,0.0,4,0,pageviews_http_403
Banking in India,0,0.0,1035,11,pageviews_http_403
Banks and Politics in America,0,0.0,216,3,pageviews_http_403
Banna Bannada Loka,0,0.0,7,1,pageviews_http_403
Bannada Gejje,0,0.0,58,0,pageviews_http_403
Banoffee pie,0,0.0,253,9,pageviews_http_403
Baptiste,0,0.0,19,2,pageviews_http_403
Baptiste Amar,0,0.0,28,0,pageviews_http_403
Baptiste Lecaplain,0,0.0,13,0,pageviews_http_403
Baqiuddin Shamsudin,0,0.0,92,0,pageviews_http_403
Bar association,0,0.0,1369,4,pageviews_http_403
Barabbas,0,0.0,445,9,pageviews_http_403
Barabbas (2012 film),0,0.0,304,2,pageviews_http_403
Barbara Engel,0,0.0,8,1,pageviews_http_403
Barbara Engel (historian),0,0.0,19,3,pageviews_http_403
Barbara Euphan Todd,0,0.0,43,0,pageviews_http_403
Barbara Feldon,0,0.0,153,1,pageviews_http_403
Barbara Flynn,0,0.0,123,0,pageviews_http_403
Barbara Flynn Currie,0,0.0,66,2,pageviews_http_403
Barbara Hepworth,0,0.0,939,3,pageviews_http_403
Barbecue sauce,0,0.0,582,5,pageviews_http_403
Barbi,0,0.0,10,1,pageviews_http_403
Barbi Benton,0,0.0,151,3,pageviews_http_403
Barbie's careers,0,0.0,193,1,pageviews_http_403
Barbra Streisand,0,0.0,5616,21,pageviews_http_403
Barclay Bailes,0,0.0,75,0,pageviews_http_403
Barcol hardness test,0,0.0,14,2,pageviews_http_403
Barefoot doctor,0,0.0,303,3,pageviews_http_403
Barge Haulers on the Volga,0,0.0,95,1,pageviews_http_403
Barkana Falls,0,0.0,233,0,pageviews_http_403
Barker,0,0.0,32,2,pageviews_http_403
Barksdale Air Force Base,0,0.0,1153,16,pageviews_http_403
Barney Miller,0,0.0,744,5,pageviews_http_403
Baron Mostyn,0,0.0,379,4,pageviews_http_403
Baron Raglan,0,0.0,420,3,pageviews_http_403
Baroque music,0,0.0,3075,11,pageviews_http_403
Barracks,0,0.0,1991,7,pageviews_http_403
Barracudas,0,0.0,2,1,pageviews_http_403
Barrens,0,0.0,5,2,pageviews_http_403
Barrett,0,0.0,48,6,pageviews_http_403
Barricade,0,0.0,641,8,pageviews_http_403
Barricade (1939 film),0,0.0,59,0,pageviews_http_403
Barricade (2007 film),0,0.0,15,2,pageviews_http_403
Barrie Aitchison,0,0.0,11,0,pageviews_http_403
Barrier (film),0,0.0,40,2,pageviews_http_403
Barry McGuigan,0,0.0,343,2,pageviews_http_403
Bart Andrus,0,0.0,199,0,pageviews_http_403
Bart Kofoed,0,0.0,28,0,pageviews_http_403
Bart Swings,0,0.0,434,0,pageviews_http_403
Bartholomaeus Anglicus,0,0.0,108,8,pageviews_http_403
Bartholomaeus Nigrinus,0,0.0,10,1,pageviews_http_403
Bartholomaeus Praetorius,0,0.0,9,1,pageviews_http_403
Barwick,0,0.0,11,1,pageviews_http_403
Barwick Green,0,0.0,39,1,pageviews_http_403
Baseball glove,0,0.0,425,12,pageviews_http_403
Baseball in Japan,0,0.0,294,12,pageviews_http_403
Basement (2010 film),0,0.0,12,1,pageviews_http_403
Basement (2014 film),0,0.0,23,0,pageviews_http_403
Basic Principles Committee,0,0.0,16,0,pageviews_http_403
Basic Rate Interface,0,0.0,60,11,pageviews_http_403
Basil,0,0.0,1908,31,pageviews_http_403
Basil (name),0,0.0,74,7,pageviews_http_403
Basketball positions,0,0.0,22251,10,pageviews_http_403
Bastard Film Encounter,0,0.0,7,1,pageviews_http_403
Bastien Lecouffe-Deharme,0,0.0,17,0,pageviews_http_403
Bat Masterson,0,0.0,538,2,pageviews_http_403
Bat Masterson (TV series),0,0.0,416,2,pageviews_http_403
Batman,0,0.0,7658,70,pageviews_http_403
Batman and Harley Quinn,0,0.0,657,1,pageviews_http_403
Batting average against,0,0.0,174,2,pageviews_http_403
Battle of Bannockburn,0,0.0,977,7,pageviews_http_403
Battle of Battle Hill,0,0.0,33,2,pageviews_http_403
Battle of Carnifex Ferry,0,0.0,97,1,pageviews_http_403
Battle of Carnifex Ferry order of battle,0,0.0,6,1,pageviews_http_403
Battle of Fisher's Hill,0,0.0,233,0,pageviews_http_403
Battle of Hamel,0,0.0,194,4,pageviews_http_403
Battle of Jutland,0,0.0,2650,17,pageviews_http_403
Battle of Lake George,0,0.0,154,7,pageviews_http_403
Battle of Modon,0,0.0,3,2,pageviews_http_403
Battle of Modon (1403),0,0.0,53,0,pageviews_http_403
Battle of Modon (1500),0,0.0,261,3,pageviews_http_403
Battle of Neuburg (1800),0,0.0,135,1,pageviews_http_403
Battle of Oued Djer,0,0.0,5,0,pageviews_http_403
Battle of Panipat,0,0.0,39,6,pageviews_http_403
Battle of Queenston Heights,0,0.0,431,3,pageviews_http_403
Battle of Romani,0,0.0,987,1,pageviews_http_403
Battle of St. George's Caye,0,0.0,253,0,pageviews_http_403
Battle of Takur Ghar,0,0.0,363,5,pageviews_http_403
Battle of Waterloo,0,0.0,4569,13,pageviews_http_403
Battle of the Boyne,0,0.0,956,6,pageviews_http_403
Battleground (2017),0,0.0,91,2,pageviews_http_403
Battleship,0,0.0,7189,9,pageviews_http_403
Baxter!,0,0.0,42,2,pageviews_http_403
"Baxter, Vera Baxter",0,0.0,12,0,pageviews_http_403
Bay Hill Club and Lodge,0,0.0,42,3,pageviews_http_403
Bay of Fundy,0,0.0,1676,5,pageviews_http_403
Bay to Breakers,0,0.0,256,3,pageviews_http_403
Bazaar (1982 film),0,0.0,81,0,pageviews_http_403
Be Cool,0,0.0,260,2,pageviews_http_403
Be Sure to Share,0,0.0,45,0,pageviews_http_403
Be aware and share,0,0.0,8,0,pageviews_http_403
Bea Smith (Wentworth),0,0.0,48,0,pageviews_http_403
Beach Blanket Babylon,0,0.0,48,3,pageviews_http_403
Beach Blanket Bingo,0,0.0,126,0,pageviews_http_403
Beans and Tolerance,0,0.0,7,1,pageviews_http_403
Bear (comics),0,0.0,16,4,pageviews_http_403
Beat Down,0,0.0,96,0,pageviews_http_403
Beat It On Down the Line,0,0.0,44,0,pageviews_http_403
Beating Heart,0,0.0,11,2,pageviews_http_403
Beating Heart (film),0,0.0,87,1,pageviews_http_403
Beating heart cadaver,0,0.0,239,1,pageviews_http_403
Beats Electronics,0,0.0,1040,19,pageviews_http_403
Beau Soleil (The Killing),0,0.0,48,0,pageviews_http_403
Beaufort,0,0.0,76,2,pageviews_http_403
Beautiful (2000 film),0,0.0,56,0,pageviews_http_403
Beautiful Country (book),0,0.0,14,0,pageviews_http_403
Beautiful Day,0,0.0,1143,10,pageviews_http_403
Beautiful Maria of My Soul,0,0.0,26,1,pageviews_http_403
Beautiful Ohio,0,0.0,177,0,pageviews_http_403
Beautiful Ohio (film),0,0.0,25,0,pageviews_http_403
Beautiful People,0,0.0,84,7,pageviews_http_403
Beautiful People (film),0,0.0,75,0,pageviews_http_403
Beautiful People (manga),0,0.0,44,2,pageviews_http_403
Beck,0,0.0,2931,16,pageviews_http_403
Beckton Sewage Treatment Works,0,0.0,86,0,pageviews_http_403
Become,0,0.0,24,1,pageviews_http_403
Become You,0,0.0,51,1,pageviews_http_403
"Bed, Bed, Bed",0,0.0,78,3,pageviews_http_403
Bedazzled (1967 film),0,0.0,281,2,pageviews_http_403
Bedroom (film),0,0.0,29,1,pageviews_http_403
Bedroom Eyes (film),0,0.0,29,1,pageviews_http_403
Bedřich,0,0.0,2,1,pageviews_http_403
Bedřich Feigl,0,0.0,8,1,pageviews_http_403
Bee Card (payment card),0,0.0,5,0,pageviews_http_403
Beer in Germany,0,0.0,309,9,pageviews_http_403
Beers,0,0.0,13,1,pageviews_http_403
Before (short story),0,0.0,9,0,pageviews_http_403
Before Dawn (film),0,0.0,286,0,pageviews_http_403
Before I Die (short story),0,0.0,118,0,pageviews_http_403
Before the Rain,0,0.0,30,9,pageviews_http_403
Before the Rain (album),0,0.0,5,0,pageviews_http_403
Beggar on Horseback,0,0.0,80,1,pageviews_http_403
Beggar on Horseback (film),0,0.0,120,0,pageviews_http_403
Begum Akhtar,0,0.0,1045,5,pageviews_http_403
Behavioral communication,0,0.0,128,0,pageviews_http_403
Behavioral contagion,0,0.0,459,2,pageviews_http_403
Behboud Shahtahtinsky,0,0.0,3,0,pageviews_http_403
Being Human,0,0.0,91,4,pageviews_http_403
Being Human Foundation,0,0.0,51,1,pageviews_http_403
Being There,0,0.0,364,7,pageviews_http_403
Beja people,0,0.0,415,3,pageviews_http_403
Belarmino,0,0.0,20,0,pageviews_http_403
Belgrade declaration,0,0.0,132,1,pageviews_http_403
Believe Me (film),0,0.0,26,0,pageviews_http_403
Believe in Me,0,0.0,14,8,pageviews_http_403
Believe in Me (1971 film),0,0.0,35,1,pageviews_http_403
Belinda Carlisle,0,0.0,846,4,pageviews_http_403
Bell Biv DeVoe,0,0.0,386,14,pageviews_http_403
Bella Heathcote,0,0.0,124,1,pageviews_http_403
"Bellavista, Bellavista",0,0.0,24,1,pageviews_http_403
Belle (Disney song),0,0.0,178,1,pageviews_http_403
Bellizzi,0,0.0,180,0,pageviews_http_403
Belly (film),0,0.0,92,3,pageviews_http_403
Belly (rapper),0,0.0,429,6,pageviews_http_403
Belmont Stakes,0,0.0,1755,7,pageviews_http_403
Belonging (Dollhouse),0,0.0,23,2,pageviews_http_403
Belvedere auf dem Klausberg,0,0.0,12,1,pageviews_http_403
Ben Branch,0,0.0,42,0,pageviews_http_403
Ben Fogle,0,0.0,141,0,pageviews_http_403
Ben Mitchell (EastEnders),0,0.0,629,1,pageviews_http_403
Ben Townley,0,0.0,63,1,pageviews_http_403
Bend in the Road,0,0.0,10,0,pageviews_http_403
Beneath,0,0.0,13,4,pageviews_http_403
Beneath (2007 film),0,0.0,73,0,pageviews_http_403
Beneath (2013 film),0,0.0,17,0,pageviews_http_403
Beneath the 12-Mile Reef,0,0.0,156,1,pageviews_http_403
Benelli Vinci,0,0.0,35,0,pageviews_http_403
Bengali film,0,0.0,28,0,pageviews_http_403
Bengawan Solo (company),0,0.0,33,1,pageviews_http_403
Benge,0,0.0,16,0,pageviews_http_403
Beni Hasan,0,0.0,125,3,pageviews_http_403
Beni Hasan funerary boat,0,0.0,8,1,pageviews_http_403
Benjamin Jeannot,0,0.0,64,1,pageviews_http_403
Benn,0,0.0,10,1,pageviews_http_403
Bennett,0,0.0,44,3,pageviews_http_403
Bennett Place,0,0.0,415,3,pageviews_http_403
Benny,0,0.0,35,4,pageviews_http_403
Benny Beaver,0,0.0,301,3,pageviews_http_403
Bentley,0,0.0,1929,13,pageviews_http_403
Bentley Continental R,0,0.0,70,3,pageviews_http_403
Beowulf (hero),0,0.0,284,3,pageviews_http_403
Berenice Troglodytica,0,0.0,359,2,pageviews_http_403
Bergmeister,0,0.0,16,0,pageviews_http_403
Berkeley Cars,0,0.0,46,3,pageviews_http_403
Berlin (play),0,0.0,49,0,pageviews_http_403
Berlin Calling,0,0.0,26,1,pageviews_http_403
Berlin Calling (2014 film),0,0.0,4,2,pageviews_http_403
Berlin in Berlin,0,0.0,14,0,pageviews_http_403
"Berlin, Berlin",0,0.0,108,1,pageviews_http_403
Berlinski,0,0.0,1,0,pageviews_http_403
Bernard C. Webber,0,0.0,37,1,pageviews_http_403
Bernard Peiris,0,0.0,13,0,pageviews_http_403
Berner M. Bonifant,0,0.0,2,3,pageviews_http_403
Bernie (1996 film),0,0.0,27,0,pageviews_http_403
Bernie (2011 film),0,0.0,155,0,pageviews_http_403
Bernie Winters,0,0.0,63,1,pageviews_http_403
Berrill,0,0.0,2,0,pageviews_http_403
Berserk (2016 TV series),0,0.0,289,2,pageviews_http_403
Bert Myers,0,0.0,19,0,pageviews_http_403
Bert and Ernie,0,0.0,472,22,pageviews_http_403
Best Day Ever,0,0.0,149,4,pageviews_http_403
Best Day Ever (mixtape),0,0.0,72,3,pageviews_http_403
Best Friends (Wilson novel),0,0.0,62,0,pageviews_http_403
Best Friends?,0,0.0,29,0,pageviews_http_403
Best NBA Player ESPY Award,0,0.0,135,0,pageviews_http_403
Best NFL Player ESPY Award,0,0.0,109,0,pageviews_http_403
Best NHL Player ESPY Award,0,0.0,116,0,pageviews_http_403
Best Shot (TV series),0,0.0,58,0,pageviews_http_403
Best friends forever,0,0.0,104,2,pageviews_http_403
Bet365,0,0.0,418,2,pageviews_http_403
Bet365 Gold Cup,0,0.0,89,2,pageviews_http_403
Bethel,0,0.0,653,6,pageviews_http_403
Betrayal (1929 film),0,0.0,120,0,pageviews_http_403
Betrayal (1932 film),0,0.0,21,0,pageviews_http_403
Betrayal (1981 film),0,0.0,17,1,pageviews_http_403
Betrayal (2009 film),0,0.0,14,1,pageviews_http_403
Bette Stephenson,0,0.0,254,1,pageviews_http_403
Better Place,0,0.0,35,2,pageviews_http_403
Better Start Running,0,0.0,11,0,pageviews_http_403
Betty,0,0.0,55,2,pageviews_http_403
Betty (Betty Who album),0,0.0,36,18,pageviews_http_403
Betty Francisco,0,0.0,69,0,pageviews_http_403
Between,0,0.0,29,1,pageviews_http_403
Between (TV series),0,0.0,385,6,pageviews_http_403
"Between God, the Devil and a Winchester",0,0.0,84,4,pageviews_http_403
Between Shades of Gray,0,0.0,64,0,pageviews_http_403
Between the Buttons,0,0.0,201,4,pageviews_http_403
Between the Devil,0,0.0,46,1,pageviews_http_403
Between the Devil and Me,0,0.0,83,1,pageviews_http_403
Beverly Cleary,0,0.0,410,9,pageviews_http_403
Beverly Crusher,0,0.0,277,10,pageviews_http_403
Beverly Hills Chihuahua,0,0.0,202,2,pageviews_http_403
Beverly Hills Chihuahua 2,0,0.0,92,1,pageviews_http_403
Beyond (book),0,0.0,8,1,pageviews_http_403
Beyond Einstein (book),0,0.0,27,1,pageviews_http_403
Beyond Our Ken,0,0.0,88,5,pageviews_http_403
Beyond Reach,0,0.0,13,1,pageviews_http_403
Beyond Tomorrow (film),0,0.0,96,2,pageviews_http_403
Beyond the Grave (novel),0,0.0,28,1,pageviews_http_403
Beyond the Reach,0,0.0,55,1,pageviews_http_403
Beyond the Realm of Conscience,0,0.0,69,1,pageviews_http_403
Beyond the Wall (book),0,0.0,20,3,pageviews_http_403
Bhat,0,0.0,346,21,pageviews_http_403
Bhatia,0,0.0,41,1,pageviews_http_403
Bhoopathi (1997 film),0,0.0,144,1,pageviews_http_403
Bhoopathi (2007 film),0,0.0,23,0,pageviews_http_403
Bhoopathi Ranga,0,0.0,29,0,pageviews_http_403
Bhranti Bilas,0,0.0,49,3,pageviews_http_403
Bianca,0,0.0,73,0,pageviews_http_403
Bianca Castafiore,0,0.0,134,3,pageviews_http_403
Bianca Guaccero,0,0.0,31,1,pageviews_http_403
Bianco,0,0.0,134,2,pageviews_http_403
Bibb County Courthouse (Alabama),0,0.0,6,1,pageviews_http_403
"Bibb County, Alabama",0,0.0,515,7,pageviews_http_403
Bible college,0,0.0,539,8,pageviews_http_403
Bible translations into English,0,0.0,724,21,pageviews_http_403
Bible translations into French,0,0.0,30,6,pageviews_http_403
Bible translations into Greek,0,0.0,44,0,pageviews_http_403
Bicol Region,0,0.0,1653,11,pageviews_http_403
Bidet,0,0.0,503,5,pageviews_http_403
Big 12 Championship Game,0,0.0,708,3,pageviews_http_403
Big Brother (franchise),0,0.0,3089,28,pageviews_http_403
Big Business (1929 film),0,0.0,178,1,pageviews_http_403
Big City Nights,0,0.0,4,2,pageviews_http_403
Big City Nights (Scorpions album),0,0.0,76,1,pageviews_http_403
Big City Nights (Space Cowboy album),0,0.0,14,0,pageviews_http_403
Big City Nights (song),0,0.0,84,0,pageviews_http_403
Big Dog Daddy,0,0.0,109,0,pageviews_http_403
Big Dreams Little Tokyo,0,0.0,13,0,pageviews_http_403
Big Money,0,0.0,7,2,pageviews_http_403
Big Money (novel),0,0.0,197,1,pageviews_http_403
Big Money!,0,0.0,11,0,pageviews_http_403
Big Shots (TV series),0,0.0,105,7,pageviews_http_403
Big Three (automobile manufacturers),0,0.0,645,4,pageviews_http_403
Big Time (1929 film),0,0.0,15,0,pageviews_http_403
Big Time (1988 film),0,0.0,80,0,pageviews_http_403
Big Trouble (1986 film),0,0.0,65,0,pageviews_http_403
Big Trouble (Big Trouble album),0,0.0,10,0,pageviews_http_403
Big Walker Mountain,0,0.0,8,0,pageviews_http_403
Big Walker Mountain Tunnel,0,0.0,13,1,pageviews_http_403
Bigger Than America,0,0.0,39,1,pageviews_http_403
Bigger Than You,0,0.0,123,0,pageviews_http_403
Bigger than Us,0,0.0,7,5,pageviews_http_403
Biggest Part of Me,0,0.0,50,1,pageviews_http_403
Bigha,0,0.0,223,7,pageviews_http_403
Bilas,0,0.0,9,1,pageviews_http_403
Bilingual Education Act,0,0.0,72,2,pageviews_http_403
Bill Hibbard,0,0.0,44,3,pageviews_http_403
Bill Keating (politician),0,0.0,611,0,pageviews_http_403
Bill Knapp's,0,0.0,15,4,pageviews_http_403
Bill Maynard,0,0.0,164,3,pageviews_http_403
Bill Mumy,0,0.0,446,5,pageviews_http_403
Bill Wyman,0,0.0,841,1,pageviews_http_403
Bill's,0,0.0,201,0,pageviews_http_403
Billa (2007 film),0,0.0,243,9,pageviews_http_403
Billie,0,0.0,28,2,pageviews_http_403
Billie Hayes,0,0.0,69,1,pageviews_http_403
Billionaire,0,0.0,1704,13,pageviews_http_403
Billions (film),0,0.0,18,0,pageviews_http_403
Billions and Billions,0,0.0,82,4,pageviews_http_403
Bills (song),0,0.0,65,4,pageviews_http_403
"Bills, Bills, Bills",0,0.0,180,3,pageviews_http_403
Billy,0,0.0,128,4,pageviews_http_403
Billy (Angel),0,0.0,102,1,pageviews_http_403
Billy (musical),0,0.0,125,0,pageviews_http_403
Billy Butlin,0,0.0,151,5,pageviews_http_403
Billy Connolly,0,0.0,1098,12,pageviews_http_403
Billy Dennehy,0,0.0,71,0,pageviews_http_403
Billy Donkin,0,0.0,15,0,pageviews_http_403
Billy Elliot the Musical,0,0.0,867,6,pageviews_http_403
Billy Fellowes,0,0.0,7,1,pageviews_http_403
Billy Hufsey,0,0.0,18,0,pageviews_http_403
Billy Lumley,0,0.0,14,1,pageviews_http_403
Billy Mitchell,0,0.0,529,5,pageviews_http_403
Binary,0,0.0,295,4,pageviews_http_403
Binary (novel),0,0.0,85,0,pageviews_http_403
Bingo (1974 film),0,0.0,15,0,pageviews_http_403
Bingo (1998 film),0,0.0,134,1,pageviews_http_403
Bingo (2012 film),0,0.0,8,0,pageviews_http_403
Binion's Gambling Hall and Hotel,0,0.0,348,10,pageviews_http_403
Biography of a Slave,0,0.0,206,5,pageviews_http_403
Biolink zones,0,0.0,7,1,pageviews_http_403
Bircumshaw,0,0.0,1,0,pageviews_http_403
Bird (1988 film),0,0.0,821,0,pageviews_http_403
Bird Girl,0,0.0,21,3,pageviews_http_403
Birds Australia,0,0.0,16,1,pageviews_http_403
Birds Australia – Victoria,0,0.0,10,2,pageviews_http_403
Birds of Australia,0,0.0,100,7,pageviews_http_403
Birds of Australia (disambiguation),0,0.0,17,3,pageviews_http_403
"Birla Planetarium, Chennai",0,0.0,1026,0,pageviews_http_403
Biron,0,0.0,18,1,pageviews_http_403
Birth control movement in the United States,0,0.0,612,3,pageviews_http_403
Birthday,0,0.0,1153,24,pageviews_http_403
Birthday (Angel),0,0.0,107,1,pageviews_http_403
Birthday Honours,0,0.0,1731,17,pageviews_http_403
Bitcoin ATM,0,0.0,153,0,pageviews_http_403
Bizaardvark,0,0.0,391,4,pageviews_http_403
Björn Böhning,0,0.0,24,1,pageviews_http_403
Black &amp; White (2008 Hindi film),0,0.0,0,0,pageviews_http_403
Black (2008 film),0,0.0,20,3,pageviews_http_403
Black Cars,0,0.0,28,0,pageviews_http_403
Black Clover,0,0.0,580,1,pageviews_http_403
Black Dirt Region,0,0.0,294,3,pageviews_http_403
Black Easter Bunny,0,0.0,4,0,pageviews_http_403
Black Film (1971 film),0,0.0,2,0,pageviews_http_403
Black Mamba (roller coaster),0,0.0,27,0,pageviews_http_403
Black Mass (film),0,0.0,215,1,pageviews_http_403
Black Mass Krakow 2004,0,0.0,35,0,pageviews_http_403
Black President (Black President album),0,0.0,14,0,pageviews_http_403
Black President (band),0,0.0,82,0,pageviews_http_403
Black President (song),0,0.0,9,1,pageviews_http_403
Black Widow (2021 film),0,0.0,1070,6,pageviews_http_403
Black Wings of Destiny,0,0.0,10,1,pageviews_http_403
Black and White (2008 Italian film),0,0.0,28,2,pageviews_http_403
Black and White (novel),0,0.0,15,1,pageviews_http_403
Black president,0,0.0,55,9,pageviews_http_403
Black-and-white,0,0.0,2747,0,pageviews_http_403
Black-box testing,0,0.0,183,7,pageviews_http_403
Black-eyed Pea (restaurant),0,0.0,20,6,pageviews_http_403
Black-eyed pea,0,0.0,259,32,pageviews_http_403
Blackadder Goes Forth,0,0.0,305,4,pageviews_http_403
Blackball,0,0.0,43,4,pageviews_http_403
Blackball (film),0,0.0,160,1,pageviews_http_403
"Blackest Hair, Bluest Eyes",0,0.0,6,0,pageviews_http_403
Blackmail (1947 film),0,0.0,150,0,pageviews_http_403
Blacktip reef shark,0,0.0,496,8,pageviews_http_403
Blade (1998 film),0,0.0,475,8,pageviews_http_403
Blair,0,0.0,93,4,pageviews_http_403
Blair Bush,0,0.0,163,0,pageviews_http_403
Blake (film),0,0.0,155,1,pageviews_http_403
Blake (monologue),0,0.0,143,1,pageviews_http_403
Blame Game,0,0.0,414,2,pageviews_http_403
Blame It on Me,0,0.0,6,4,pageviews_http_403
Blame It on Me (George Ezra song),0,0.0,70,0,pageviews_http_403
Blame It on Me (album),0,0.0,12,2,pageviews_http_403
Blast,0,0.0,202,15,pageviews_http_403
Blessed (2004 film),0,0.0,30,0,pageviews_http_403
Blessed (2008 film),0,0.0,22,1,pageviews_http_403
Blessed (2009 film),0,0.0,54,0,pageviews_http_403
Blessed Be Thy Name,0,0.0,2,1,pageviews_http_403
Blighted ovum,0,0.0,29,3,pageviews_http_403
Blind Faith (Blind Faith album),0,0.0,83,4,pageviews_http_403
Blind Faith (novel),0,0.0,49,1,pageviews_http_403
Blinded,0,0.0,9,2,pageviews_http_403
Blinded by Science,0,0.0,27,1,pageviews_http_403
Bloater,0,0.0,7,2,pageviews_http_403
Bloater (herring),0,0.0,69,4,pageviews_http_403
Blood Axis,0,0.0,116,11,pageviews_http_403
Blood Brothers (2007 Chinese film),0,0.0,79,2,pageviews_http_403
Blood Brothers (2007 Indian film),0,0.0,45,2,pageviews_http_403
Blood Harvest (film),0,0.0,20,0,pageviews_http_403
Blood Test (novel),0,0.0,7,0,pageviews_http_403
Blood gas test,0,0.0,137,2,pageviews_http_403
Blood on My Hands,0,0.0,47,2,pageviews_http_403
Blood substitute,0,0.0,316,34,pageviews_http_403
Blood test,0,0.0,1021,16,pageviews_http_403
Blood type,0,0.0,2227,46,pageviews_http_403
Blood type diet,0,0.0,151,4,pageviews_http_403
Bloody Mary Morning,0,0.0,107,0,pageviews_http_403
Bloomfield,0,0.0,36,6,pageviews_http_403
Bloomfield (film),0,0.0,40,1,pageviews_http_403
Blue (Third Eye Blind album),0,0.0,237,6,pageviews_http_403
Blue Baby Blue,0,0.0,54,0,pageviews_http_403
Blue Eyed,0,0.0,10,0,pageviews_http_403
Blue Flame (film),0,0.0,14,1,pageviews_http_403
Blue Line (Dubai Metro),0,0.0,106,3,pageviews_http_403
Blue Moon (1934 song),0,0.0,1064,0,pageviews_http_403
Blue Mounds State Park,0,0.0,231,1,pageviews_http_403
Blue Peter (American horse),0,0.0,23,1,pageviews_http_403
Blue Peter (British horse),0,0.0,458,1,pageviews_http_403
Blue poison dart frog,0,0.0,103,5,pageviews_http_403
Blue ringtail,0,0.0,25,2,pageviews_http_403
Bluebook,0,0.0,4000,13,pageviews_http_403
Blues (Super Rugby),0,0.0,1118,4,pageviews_http_403
Blurryface,0,0.0,252,7,pageviews_http_403
Blutengel,0,0.0,112,9,pageviews_http_403
BoND,0,0.0,10,0,pageviews_http_403
Boardwalk Empire (Boardwalk Empire episode),0,0.0,164,0,pageviews_http_403
Boat (song),0,0.0,115,1,pageviews_http_403
Bob Allison,0,0.0,409,2,pageviews_http_403
Bob Anderson (racing driver),0,0.0,146,2,pageviews_http_403
Bob Brannum,0,0.0,64,1,pageviews_http_403
Bob Clampett,0,0.0,622,3,pageviews_http_403
Bob Cremins,0,0.0,12,2,pageviews_http_403
Bob Johnston,0,0.0,344,5,pageviews_http_403
Bobbin Up,0,0.0,12,0,pageviews_http_403
Bobby Cremins,0,0.0,252,2,pageviews_http_403
Bobby Hopper Tunnel,0,0.0,12,1,pageviews_http_403
Bobby Laing,0,0.0,12,0,pageviews_http_403
Bobby Orr,0,0.0,1071,7,pageviews_http_403
Bobby Singer,0,0.0,153,0,pageviews_http_403
Bobby's World,0,0.0,384,5,pageviews_http_403
Bobsleigh at the 1928 Winter Olympics,0,0.0,308,0,pageviews_http_403
Bobsleigh at the 2018 Winter Olympics,0,0.0,208,0,pageviews_http_403
Bobsleigh at the 2018 Winter Olympics – Qualification,0,0.0,50,1,pageviews_http_403
Bobsleigh at the Winter Olympics,0,0.0,549,4,pageviews_http_403
Boca (The Sopranos),0,0.0,139,1,pageviews_http_403
Bod,0,0.0,30,3,pageviews_http_403
Bod (TV series),0,0.0,45,10,pageviews_http_403
Bodi Brusselers,0,0.0,3,0,pageviews_http_403
Bodies (novel),0,0.0,24,0,pageviews_http_403
Bodies Bodies Bodies,0,0.0,101,3,pageviews_http_403
Body Double (novel),0,0.0,13,0,pageviews_http_403
Body fluid,0,0.0,372,11,pageviews_http_403
Body of Evidence (1988 film),0,0.0,16,0,pageviews_http_403
Bodyboarding,0,0.0,588,11,pageviews_http_403
Boeing AH-64 Apache,0,0.0,1455,43,pageviews_http_403
Boeing C-32,0,0.0,454,1,pageviews_http_403
Bog,0,0.0,3175,15,pageviews_http_403
Bogardus social distance scale,0,0.0,23,3,pageviews_http_403
Bognor or Bust,0,0.0,8,1,pageviews_http_403
Bogomolov,0,0.0,1,2,pageviews_http_403
Bogomolov conjecture,0,0.0,17,0,pageviews_http_403
Bogotá Bracelet,0,0.0,34,3,pageviews_http_403
Boise State–Idaho football rivalry,0,0.0,287,9,pageviews_http_403
Bolt,0,0.0,147,8,pageviews_http_403
Bombing of Guernica,0,0.0,468,8,pageviews_http_403
Bombs on Monte Carlo (1931 film),0,0.0,65,2,pageviews_http_403
Bombs on Monte Carlo (1960 film),0,0.0,117,0,pageviews_http_403
Bonaparte,0,0.0,52,1,pageviews_http_403
Bonaparte à Malte,0,0.0,5,1,pageviews_http_403
Bond,0,0.0,227,5,pageviews_http_403
Bone,0,0.0,3778,36,pageviews_http_403
Bone Eater,0,0.0,76,0,pageviews_http_403
Bone Tomahawk,0,0.0,113,0,pageviews_http_403
Bone marrow examination,0,0.0,163,8,pageviews_http_403
Bones + Longing,0,0.0,27,2,pageviews_http_403
Bongo Bongo,0,0.0,1,2,pageviews_http_403
Bongo Bongo Land,0,0.0,23,2,pageviews_http_403
Bongo-Bongo (linguistics),0,0.0,17,0,pageviews_http_403
Bonifas,0,0.0,2,1,pageviews_http_403
Bonnie Bramlett,0,0.0,359,2,pageviews_http_403
Book Art,0,0.0,6,0,pageviews_http_403
Book City,0,0.0,1,1,pageviews_http_403
Book of Joshua,0,0.0,1292,25,pageviews_http_403
Book of Revelation,0,0.0,4100,61,pageviews_http_403
Book of Saint Albans,0,0.0,52,8,pageviews_http_403
Book of Travels,0,0.0,7,0,pageviews_http_403
Book series,0,0.0,1156,13,pageviews_http_403
Boost (chocolate bar),0,0.0,164,3,pageviews_http_403
Boot Service Discovery Protocol,0,0.0,20,1,pageviews_http_403
Boots (film),0,0.0,99,0,pageviews_http_403
"Boots, Boots, Boots",0,0.0,118,1,pageviews_http_403
Bora Milutinović,0,0.0,887,5,pageviews_http_403
Borbor,0,0.0,97,3,pageviews_http_403
Borden,0,0.0,16,1,pageviews_http_403
Borders of the United States,0,0.0,75,11,pageviews_http_403
Boren,0,0.0,8,1,pageviews_http_403
Boren (surname),0,0.0,4,0,pageviews_http_403
Borino,0,0.0,35,0,pageviews_http_403
Boris,0,0.0,52,5,pageviews_http_403
Boris Alterman,0,0.0,37,2,pageviews_http_403
Boris Rankov,0,0.0,290,0,pageviews_http_403
Boris Ugarov,0,0.0,156,0,pageviews_http_403
Born Cages,0,0.0,13,0,pageviews_http_403
Born Innocent (film),0,0.0,34,0,pageviews_http_403
Born on the Fourth of July (film),0,0.0,525,0,pageviews_http_403
Born to Rock,0,0.0,8,2,pageviews_http_403
Born to Rock 'n' Roll,0,0.0,7,1,pageviews_http_403
Born to Rock (album),0,0.0,31,1,pageviews_http_403
Born to Rock (novel),0,0.0,32,1,pageviews_http_403
Born to Rock and Roll,0,0.0,17,2,pageviews_http_403
Born to the West,0,0.0,98,1,pageviews_http_403
Boss,0,0.0,237,13,pageviews_http_403
Boss DR-110 Dr. Rhythm,0,0.0,10,1,pageviews_http_403
Bosse,0,0.0,12,1,pageviews_http_403
Bosse Field,0,0.0,596,1,pageviews_http_403
Boston Red Sox,0,0.0,12092,44,pageviews_http_403
Boston United F.C.,0,0.0,1838,7,pageviews_http_403
Bottiglieri,0,0.0,5,0,pageviews_http_403
Bouchard's nodes,0,0.0,75,2,pageviews_http_403
Boudry,0,0.0,93,5,pageviews_http_403
Bougainville Revolutionary Army,0,0.0,68,0,pageviews_http_403
Boule de Suif,0,0.0,86,3,pageviews_http_403
Bourque,0,0.0,11,0,pageviews_http_403
Boutheina,0,0.0,3,3,pageviews_http_403
Boutheina Jabnoun Marai,0,0.0,9,0,pageviews_http_403
Bow (music),0,0.0,614,10,pageviews_http_403
Bow echo,0,0.0,139,2,pageviews_http_403
Bowling average,0,0.0,17928,0,pageviews_http_403
Bowman's capsule,0,0.0,155,16,pageviews_http_403
Bowman's layer,0,0.0,146,9,pageviews_http_403
Box Cricket League,0,0.0,34,0,pageviews_http_403
Box plot,0,0.0,681,18,pageviews_http_403
Box the Pony,0,0.0,10,1,pageviews_http_403
Boxes (film),0,0.0,19,0,pageviews_http_403
Boy &amp; a Girl Thing,0,0.0,0,0,pageviews_http_403
Boy (2010 film),0,0.0,119,1,pageviews_http_403
Boy A,0,0.0,23,2,pageviews_http_403
Boy! What a Girl!,0,0.0,33,2,pageviews_http_403
Boyko Rashkov,0,0.0,24,1,pageviews_http_403
Boyle,0,0.0,54,1,pageviews_http_403
Boys (1977 film),0,0.0,115,0,pageviews_http_403
Boyzone,0,0.0,871,7,pageviews_http_403
Brad Armstrong (wrestler),0,0.0,563,2,pageviews_http_403
Brad Kocher,0,0.0,12,0,pageviews_http_403
Bradley Whitford,0,0.0,646,0,pageviews_http_403
Brain Slaves,0,0.0,16,2,pageviews_http_403
Brains (Thunderbirds),0,0.0,90,10,pageviews_http_403
Bramwell,0,0.0,42,1,pageviews_http_403
Branch,0,0.0,680,10,pageviews_http_403
Branches (novel),0,0.0,15,1,pageviews_http_403
Brand,0,0.0,31750,66,pageviews_http_403
Brand New (band),0,0.0,436,12,pageviews_http_403
Brand New Eyes,0,0.0,164,9,pageviews_http_403
Brandon Backe,0,0.0,96,0,pageviews_http_403
Brandon Phillips,0,0.0,319,1,pageviews_http_403
Brant,0,0.0,23,1,pageviews_http_403
Brant Daugherty,0,0.0,69,0,pageviews_http_403
Brat,0,0.0,74,6,pageviews_http_403
Brave (1994 film),0,0.0,94,0,pageviews_http_403
Bravest Warriors,0,0.0,404,2,pageviews_http_403
Brazil at the 2006 FIFA World Cup,0,0.0,42,0,pageviews_http_403
Brazil at the 2010 FIFA World Cup,0,0.0,30,1,pageviews_http_403
Brazil at the FIFA World Cup,0,0.0,228,2,pageviews_http_403
Brazilian,0,0.0,497,2,pageviews_http_403
Brazilian Highlands,0,0.0,431,4,pageviews_http_403
Brazilian nationality law,0,0.0,419,8,pageviews_http_403
Brazos River,0,0.0,685,4,pageviews_http_403
Bread,0,0.0,64354,28,pageviews_http_403
Bread (1924 film),0,0.0,96,0,pageviews_http_403
Bread (1971 film),0,0.0,12,0,pageviews_http_403
Bread (1986 film),0,0.0,14,2,pageviews_http_403
Break Up (1965 film),0,0.0,39,3,pageviews_http_403
Break Up in a Small Town,0,0.0,42,0,pageviews_http_403
Break-Up,0,0.0,3,0,pageviews_http_403
Breakaway,0,0.0,69,11,pageviews_http_403
Breakaway rim,0,0.0,164,0,pageviews_http_403
Breakaway roping,0,0.0,260,1,pageviews_http_403
Breakin' Away,0,0.0,4,1,pageviews_http_403
Breakin' Away (album),0,0.0,143,2,pageviews_http_403
Breakin' Away (song),0,0.0,73,0,pageviews_http_403
Breakin' Away / That's Livin' Alright,0,0.0,15,3,pageviews_http_403
Breaking Bad,0,0.0,3054,7,pageviews_http_403
Breaking Point,0,0.0,62,11,pageviews_http_403
Breaking Point (1976 film),0,0.0,48,0,pageviews_http_403
Breaking Point (2009 film),0,0.0,31,1,pageviews_http_403
Breaking Point!,0,0.0,169,1,pageviews_http_403
Breath (2007 film),0,0.0,53,2,pageviews_http_403
Breath (2009 film),0,0.0,20,4,pageviews_http_403
Breath (2017 film),0,0.0,43,0,pageviews_http_403
Breathe (2 AM),0,0.0,26,5,pageviews_http_403
Breathe (Taylor Swift song),0,0.0,325,1,pageviews_http_403
Brenda's Got a Baby,0,0.0,123,2,pageviews_http_403
Brenda's Time,0,0.0,3,0,pageviews_http_403
Brendan (given name),0,0.0,101,9,pageviews_http_403
Brendan Canty,0,0.0,146,1,pageviews_http_403
Brenman,0,0.0,2,0,pageviews_http_403
Brennan,0,0.0,25,3,pageviews_http_403
Brent Barry,0,0.0,421,2,pageviews_http_403
Brett Heady,0,0.0,182,0,pageviews_http_403
Brew,0,0.0,22,2,pageviews_http_403
Brew (horse),0,0.0,29,0,pageviews_http_403
Brian Baird,0,0.0,184,3,pageviews_http_403
Brian Dennehy,0,0.0,773,4,pageviews_http_403
Brian Fletcher,0,0.0,252,1,pageviews_http_403
Brian Fletcher (attorney),0,0.0,67,1,pageviews_http_403
Brian Fletcher (disambiguation),0,0.0,3,0,pageviews_http_403
Brian Hibbard,0,0.0,68,1,pageviews_http_403
"Brian Jensen (footballer, born 1975)",0,0.0,96,2,pageviews_http_403
Brian Kerwin,0,0.0,145,1,pageviews_http_403
Brian McKnight,0,0.0,867,5,pageviews_http_403
Brian Patrick Mitchell,0,0.0,17,0,pageviews_http_403
Brian Patrick Wade,0,0.0,36,0,pageviews_http_403
Brian Smith,0,0.0,90,16,pageviews_http_403
Brian Song,0,0.0,175,1,pageviews_http_403
Brian Thomas,0,0.0,10,2,pageviews_http_403
Brian Thomas Smith,0,0.0,39,0,pageviews_http_403
Brian Wilson (song),0,0.0,188,0,pageviews_http_403
Bribery Act 2010,0,0.0,244,3,pageviews_http_403
Brice Dulin,0,0.0,102,0,pageviews_http_403
Bridal Chorus,0,0.0,329,4,pageviews_http_403
Bridal Mask,0,0.0,113,3,pageviews_http_403
Bride of Chucky,0,0.0,244,14,pageviews_http_403
Bridegroom,0,0.0,389,3,pageviews_http_403
Bridesmaids (2011 film),0,0.0,462,5,pageviews_http_403
Bridge of Dee,0,0.0,85,1,pageviews_http_403
"Bridge of Dee, Galloway",0,0.0,9,0,pageviews_http_403
Brighter,0,0.0,7,1,pageviews_http_403
Brighter Side of Darkness,0,0.0,20,1,pageviews_http_403
Brightman,0,0.0,5,0,pageviews_http_403
Brighton Palace Pier,0,0.0,489,17,pageviews_http_403
Brighton Sharbino,0,0.0,69,0,pageviews_http_403
Brindley,0,0.0,194,0,pageviews_http_403
Brinell hardness test,0,0.0,421,7,pageviews_http_403
Bring It,0,0.0,3,1,pageviews_http_403
Bring It On...Bring It On,0,0.0,140,1,pageviews_http_403
Bring It!,0,0.0,50,5,pageviews_http_403
Bring It! (TV series),0,0.0,155,2,pageviews_http_403
Bring Me the Head of Alfredo Garcia,0,0.0,111,3,pageviews_http_403
Bring Me the Head of Prince Charming,0,0.0,9,0,pageviews_http_403
Brinsley,0,0.0,37,3,pageviews_http_403
Brinsley Forde,0,0.0,59,0,pageviews_http_403
Bristol,0,0.0,19658,20,pageviews_http_403
Bristol stool scale,0,0.0,177,11,pageviews_http_403
Britain's Got the Pop Factor... and Possibly a New Celebrity Jesus Christ Soapstar Superstar Strictly on Ice,0,0.0,82,24,pageviews_http_403
British Engineerium,0,0.0,305,2,pageviews_http_403
British North West Africa Company,0,0.0,7,1,pageviews_http_403
British Satellite Broadcasting,0,0.0,609,1,pageviews_http_403
British West Africa,0,0.0,235,5,pageviews_http_403
British twenty-five pence coin,0,0.0,84,3,pageviews_http_403
Broadway,0,0.0,673,18,pageviews_http_403
Broadway (1942 film),0,0.0,155,0,pageviews_http_403
Broadway (play),0,0.0,33,0,pageviews_http_403
Broadway Jones,0,0.0,11,0,pageviews_http_403
Broadway Jones (film),0,0.0,15,0,pageviews_http_403
Broadway Play Publishing,0,0.0,80,2,pageviews_http_403
Broadway Rose (film),0,0.0,165,1,pageviews_http_403
Broderick Crawford,0,0.0,556,3,pageviews_http_403
Brody Lovett,0,0.0,37,0,pageviews_http_403
Brody Roybal,0,0.0,39,0,pageviews_http_403
Broke (The Office),0,0.0,234,0,pageviews_http_403
Brokedown Cadillac,0,0.0,8,0,pageviews_http_403
Brokedown Palace,0,0.0,112,1,pageviews_http_403
Broken (Armstrong novel),0,0.0,140,0,pageviews_http_403
Broken (Slaughter novel),0,0.0,9,0,pageviews_http_403
Broken Lullaby,0,0.0,112,1,pageviews_http_403
Broncho Billy Anderson,0,0.0,371,11,pageviews_http_403
Bronx Opera House,0,0.0,29,1,pageviews_http_403
Bronze Fonz,0,0.0,308,1,pageviews_http_403
Brooklyn and Bailey McKnight,0,0.0,170,8,pageviews_http_403
Brothers (2007 film),0,0.0,29,0,pageviews_http_403
Brothers Cider,0,0.0,24,2,pageviews_http_403
Brown Eyed Girl,0,0.0,421,3,pageviews_http_403
Brown Panther,0,0.0,28,0,pageviews_http_403
Brown Sugar (1922 film),0,0.0,44,0,pageviews_http_403
Brown sugar,0,0.0,678,11,pageviews_http_403
Bruce C. Heezen,0,0.0,100,3,pageviews_http_403
Bruce C. Lubeck,0,0.0,12,3,pageviews_http_403
Bruce Forsyth,0,0.0,748,11,pageviews_http_403
Brunei Barracudas,0,0.0,67,3,pageviews_http_403
Bruno De Zordo,0,0.0,11,1,pageviews_http_403
Bryan,0,0.0,54,1,pageviews_http_403
Bryan Fisher,0,0.0,17,0,pageviews_http_403
Bryan Robinson (judge),0,0.0,18,1,pageviews_http_403
Bryan Schmidt,0,0.0,12,0,pageviews_http_403
Bryan Schmidt (footballer),0,0.0,6,0,pageviews_http_403
Bryan Spring,0,0.0,12,0,pageviews_http_403
Bryan Thomas Schmidt,0,0.0,44,1,pageviews_http_403
"Bryan, Bryan, Bryan, Bryan",0,0.0,6,0,pageviews_http_403
Bubba Watson,0,0.0,628,3,pageviews_http_403
Buck buck,0,0.0,109,11,pageviews_http_403
Bud,0,0.0,762,19,pageviews_http_403
Bud Bud,0,0.0,186,2,pageviews_http_403
Bud Luckey,0,0.0,110,4,pageviews_http_403
Buddhism in Senegal,0,0.0,2169,1,pageviews_http_403
Buffalo Bill's,0,0.0,59,4,pageviews_http_403
Buffalo Memorial Auditorium,0,0.0,897,6,pageviews_http_403
Bug,0,0.0,245,12,pageviews_http_403
Bug!,0,0.0,74,3,pageviews_http_403
Bug-Eyed Bandit,0,0.0,257,3,pageviews_http_403
Build or Bust,0,0.0,7,2,pageviews_http_403
Building Giants (TV series),0,0.0,4,0,pageviews_http_403
Bulgaria,0,0.0,89672,28,pageviews_http_403
Bull's Eye!,0,0.0,63,1,pageviews_http_403
Bull's-Eye Barbecue Sauce,0,0.0,211,9,pageviews_http_403
Bullet (Hollywood Undead song),0,0.0,38,1,pageviews_http_403
Bullet (novel),0,0.0,47,0,pageviews_http_403
Bullet Club,0,0.0,1471,27,pageviews_http_403
Bullet Time (novel),0,0.0,75,0,pageviews_http_403
Bullet Train (novel),0,0.0,17,2,pageviews_http_403
Bullet for a Badman,0,0.0,30,0,pageviews_http_403
Bullets Over Broadway (musical),0,0.0,158,2,pageviews_http_403
Bulletstorm,0,0.0,339,4,pageviews_http_403
Bullock Creek Public Schools,0,0.0,9,0,pageviews_http_403
Bullseye,0,0.0,77,21,pageviews_http_403
Bullseye (mascot),0,0.0,60,4,pageviews_http_403
Bumblebee,0,0.0,1840,16,pageviews_http_403
Bump,0,0.0,40,6,pageviews_http_403
Bump Bump!,0,0.0,69,0,pageviews_http_403
Bump!,0,0.0,16,0,pageviews_http_403
"Bump, Bump, Bump",0,0.0,194,2,pageviews_http_403
Bunch,0,0.0,23,1,pageviews_http_403
Bunny (1998 film),0,0.0,203,1,pageviews_http_403
Bunny Drop (film),0,0.0,40,1,pageviews_http_403
Bunsen,0,0.0,10,1,pageviews_http_403
Bunsen burner,0,0.0,426,4,pageviews_http_403
Bunty,0,0.0,269,0,pageviews_http_403
Bunty Bailey,0,0.0,29,0,pageviews_http_403
Buoyant Billions,0,0.0,93,0,pageviews_http_403
BurNIng,0,0.0,11,5,pageviews_http_403
Burgers and Fries,0,0.0,82,0,pageviews_http_403
Buried,0,0.0,22,3,pageviews_http_403
Buried (Breaking Bad),0,0.0,118,0,pageviews_http_403
Buried Thunder,0,0.0,23,1,pageviews_http_403
Buried treasure,0,0.0,1091,5,pageviews_http_403
Burk,0,0.0,18,1,pageviews_http_403
Burkina Faso,0,0.0,15442,24,pageviews_http_403
Burnett Guffey,0,0.0,213,0,pageviews_http_403
Burning Heart (novel),0,0.0,46,0,pageviews_http_403
Burning Man,0,0.0,1270,38,pageviews_http_403
Burning Man (film),0,0.0,59,0,pageviews_http_403
Burning an Illusion,0,0.0,21,2,pageviews_http_403
Burnley F.C. in European football,0,0.0,111,1,pageviews_http_403
Burton,0,0.0,89,8,pageviews_http_403
Burton Lane,0,0.0,605,2,pageviews_http_403
Bush,0,0.0,603,7,pageviews_http_403
Bush (album),0,0.0,302,8,pageviews_http_403
Bush–Blair 2003 Iraq memo,0,0.0,381,5,pageviews_http_403
Busia,0,0.0,51,4,pageviews_http_403
"Busia, Uganda",0,0.0,59,0,pageviews_http_403
Busted,0,0.0,94,3,pageviews_http_403
Busted (film),0,0.0,15,0,pageviews_http_403
Busted!,0,0.0,328,0,pageviews_http_403
Buster,0,0.0,22,3,pageviews_http_403
Buster Bloodvessel,0,0.0,61,3,pageviews_http_403
Buster Brown,0,0.0,138,2,pageviews_http_403
Buster Keaton,0,0.0,2183,10,pageviews_http_403
Buster Narum,0,0.0,35,2,pageviews_http_403
Bustin' Loose,0,0.0,15,5,pageviews_http_403
Bustin' Loose (film),0,0.0,173,2,pageviews_http_403
Bustin' Loose (song),0,0.0,130,1,pageviews_http_403
But Why Not,0,0.0,24,0,pageviews_http_403
But You Know I Love You,0,0.0,296,0,pageviews_http_403
But for the Grace of God,0,0.0,9,6,pageviews_http_403
But for the Grace of God (play),0,0.0,26,0,pageviews_http_403
But for the Grace of God (song),0,0.0,81,0,pageviews_http_403
Butler Bulldogs men's basketball,0,0.0,1367,3,pageviews_http_403
Butler Bulldogs men's basketball statistical leaders,0,0.0,64,0,pageviews_http_403
Butson,0,0.0,0,0,pageviews_http_403
Butter,0,0.0,2442,14,pageviews_http_403
Butterfly,0,0.0,14278,12,pageviews_http_403
Butterfly (2004 film),0,0.0,34,3,pageviews_http_403
Butterfly (2015 film),0,0.0,11,1,pageviews_http_403
Butterfly (options),0,0.0,197,5,pageviews_http_403
Butterfly Effect (Travis Scott song),0,0.0,168,3,pageviews_http_403
Butterfly Kiss,0,0.0,71,1,pageviews_http_403
Butterfly count,0,0.0,10,0,pageviews_http_403
Butterfly effect,0,0.0,873,8,pageviews_http_403
Buy U a Drank (Shawty Snappin'),0,0.0,426,8,pageviews_http_403
Buyout (Breaking Bad),0,0.0,113,0,pageviews_http_403
Buzz (Autograph album),0,0.0,12,0,pageviews_http_403
Buzz (Fifteen album),0,0.0,16,0,pageviews_http_403
Buzz (Guardian album),0,0.0,13,0,pageviews_http_403
Buzz (Steps album),0,0.0,72,0,pageviews_http_403
Buzz-Buzz-Buzz,0,0.0,25,2,pageviews_http_403
By Design,0,0.0,38,0,pageviews_http_403
By Indian Post,0,0.0,159,0,pageviews_http_403
By the Gods Beloved,0,0.0,5,2,pageviews_http_403
By the Grace of God,0,0.0,332,33,pageviews_http_403
By the Pricking of My Thumbs,0,0.0,201,4,pageviews_http_403
Bye Bye Bye,0,0.0,416,6,pageviews_http_403
Bykhovets,0,0.0,0,1,pageviews_http_403
Bálint,0,0.0,12,2,pageviews_http_403
Bálint Bakfark,0,0.0,48,23,pageviews_http_403
Böhning,0,0.0,2,1,pageviews_http_403
Bříza,0,0.0,113,2,pageviews_http_403
C-peptide,0,0.0,162,4,pageviews_http_403
C. C. L. Gregory,0,0.0,6,2,pageviews_http_403
C. E. Webber,0,0.0,73,4,pageviews_http_403
C. L. Blast,0,0.0,21,0,pageviews_http_403
C. L. Gloger,0,0.0,84,4,pageviews_http_403
CARS,0,0.0,24,0,pageviews_http_403
CH postcode area,0,0.0,400,6,pageviews_http_403
CHiPs,0,0.0,908,10,pageviews_http_403
CLaMS,0,0.0,103,1,pageviews_http_403
CNO cycle,0,0.0,661,21,pageviews_http_403
COMPASS,0,0.0,51,0,pageviews_http_403
CRO,0,0.0,46,5,pageviews_http_403
Cabeza,0,0.0,368,0,pageviews_http_403
Cabin Fever (2016 film),0,0.0,33,0,pageviews_http_403
Cabo San Lucas,0,0.0,768,11,pageviews_http_403
Cabo San Lucas International Airport,0,0.0,197,5,pageviews_http_403
Cache on a stick,0,0.0,8,2,pageviews_http_403
Cadgwith,0,0.0,192,2,pageviews_http_403
Caen,0,0.0,3896,6,pageviews_http_403
Caen Hill Locks,0,0.0,150,4,pageviews_http_403
Cages (comics),0,0.0,23,4,pageviews_http_403
Cages (film),0,0.0,12,1,pageviews_http_403
Cahill U.S. Marshal,0,0.0,93,6,pageviews_http_403
Cahokia,0,0.0,1816,9,pageviews_http_403
Cain vs. Cain,0,0.0,18,1,pageviews_http_403
Cake,0,0.0,2655,10,pageviews_http_403
Cal,0,0.0,59,4,pageviews_http_403
Cal (1984 film),0,0.0,96,0,pageviews_http_403
Cal (2013 film),0,0.0,15,0,pageviews_http_403
Calamotropha sybilla,0,0.0,3,0,pageviews_http_403
Calcium,0,0.0,6789,23,pageviews_http_403
Calderón,0,0.0,52,1,pageviews_http_403
Caleb,0,0.0,637,6,pageviews_http_403
Caleb Walton West,0,0.0,50,2,pageviews_http_403
Caleb West,0,0.0,1,0,pageviews_http_403
Caleb West (novel),0,0.0,14,1,pageviews_http_403
Calf,0,0.0,138,2,pageviews_http_403
Calf (leg),0,0.0,344,6,pageviews_http_403
California (1947 film),0,0.0,125,1,pageviews_http_403
California (1977 film),0,0.0,28,0,pageviews_http_403
California Health Care Facility,0,0.0,66,1,pageviews_http_403
California's 31st State Assembly district,0,0.0,218,18,pageviews_http_403
Call Call Call,0,0.0,13,0,pageviews_http_403
Call for the Dead,0,0.0,93,2,pageviews_http_403
Callery,0,0.0,3,0,pageviews_http_403
"Callery, Pennsylvania",0,0.0,112,1,pageviews_http_403
Calling You,0,0.0,276,2,pageviews_http_403
Calling You (disambiguation),0,0.0,1,0,pageviews_http_403
Calumpit,0,0.0,226,4,pageviews_http_403
Calusa,0,0.0,290,7,pageviews_http_403
Calvin Coolidge,0,0.0,5959,45,pageviews_http_403
Cambio de piel (TV series),0,0.0,113,2,pageviews_http_403
"Cambridge, Maryland",0,0.0,729,8,pageviews_http_403
Came Home,0,0.0,21,0,pageviews_http_403
Camel,0,0.0,2935,26,pageviews_http_403
Camel Cup,0,0.0,10,0,pageviews_http_403
Camel by Camel,0,0.0,7,0,pageviews_http_403
Cameroon,0,0.0,27039,28,pageviews_http_403
Camp Bonifas,0,0.0,40,1,pageviews_http_403
Camp Parapet,0,0.0,30,1,pageviews_http_403
Campaign for Nuclear Disarmament,0,0.0,1099,7,pageviews_http_403
Campert,0,0.0,1,0,pageviews_http_403
Campo La Cruz,0,0.0,4,0,pageviews_http_403
Can I Get It,0,0.0,123,4,pageviews_http_403
Can We Get Together,0,0.0,4,1,pageviews_http_403
Can We Go Back,0,0.0,211,1,pageviews_http_403
Can't Be Sure,0,0.0,16,0,pageviews_http_403
Can't Blame a Girl for Trying (song),0,0.0,18,0,pageviews_http_403
Can't Breathe Without You,0,0.0,1,2,pageviews_http_403
Can't Live Without You,0,0.0,3,1,pageviews_http_403
Can't Smile Without You,0,0.0,228,1,pageviews_http_403
Canada and the Kyoto Protocol,0,0.0,60,1,pageviews_http_403
Canada at the 2014 Winter Olympics,0,0.0,806,1,pageviews_http_403
Canadian Country Music Hall of Fame,0,0.0,85,4,pageviews_http_403
Canadian Figure Skating Championships,0,0.0,577,0,pageviews_http_403
Canadian Film Institute,0,0.0,107,0,pageviews_http_403
Canadian Football Hall of Fame,0,0.0,1110,7,pageviews_http_403
Canadian Music Hall of Fame,0,0.0,326,3,pageviews_http_403
Canadian Olympic Curling Trials,0,0.0,233,1,pageviews_http_403
Canadian Tire,0,0.0,557,21,pageviews_http_403
Canadian Tire guy,0,0.0,14,3,pageviews_http_403
Canadian fifty-dollar note,0,0.0,143,4,pageviews_http_403
Canadian five-dollar note,0,0.0,159,8,pageviews_http_403
Canadian ten-dollar note,0,0.0,154,7,pageviews_http_403
Canadian twenty-dollar note,0,0.0,137,5,pageviews_http_403
Canadians,0,0.0,22045,10,pageviews_http_403
Canal de Lalinde,0,0.0,8,0,pageviews_http_403
Canasta,0,0.0,247,6,pageviews_http_403
Canberra,0,0.0,13080,17,pageviews_http_403
Cancer survivor,0,0.0,240,9,pageviews_http_403
Candy (1944 song),0,0.0,102,0,pageviews_http_403
Candy (2006 film),0,0.0,87,2,pageviews_http_403
Candy Candy,0,0.0,591,6,pageviews_http_403
Candy Candy (song),0,0.0,37,1,pageviews_http_403
Candy Corn (film),0,0.0,12,0,pageviews_http_403
Candy Rain,0,0.0,6,1,pageviews_http_403
Candy Rain (album),0,0.0,13,0,pageviews_http_403
Candy Rain (film),0,0.0,22,2,pageviews_http_403
Candy Rain (song),0,0.0,41,1,pageviews_http_403
Candy corn,0,0.0,456,5,pageviews_http_403
Cane Ashby,0,0.0,190,2,pageviews_http_403
Cane toads in Australia,0,0.0,139,3,pageviews_http_403
Cannula,0,0.0,258,15,pageviews_http_403
Canon EOS,0,0.0,395,10,pageviews_http_403
Canon EOS 1300D,0,0.0,91,11,pageviews_http_403
Canon EOS 5D,0,0.0,188,4,pageviews_http_403
Canon EOS 5D Mark III,0,0.0,153,14,pageviews_http_403
Canon EOS 5D Mark IV,0,0.0,132,6,pageviews_http_403
Canon EOS 750D,0,0.0,101,14,pageviews_http_403
Cantonal police,0,0.0,79,1,pageviews_http_403
Cantonal rebellion,0,0.0,733,0,pageviews_http_403
Cap gun,0,0.0,66,3,pageviews_http_403
Cap-Vert,0,0.0,143,9,pageviews_http_403
Cap-Vert (volcano),0,0.0,3,0,pageviews_http_403
Cape May,0,0.0,300,6,pageviews_http_403
Capital C,0,0.0,3,0,pageviews_http_403
Capital Liverpool,0,0.0,89,9,pageviews_http_403
Capital of the Netherlands,0,0.0,97,5,pageviews_http_403
Capital punishment for juveniles in the United States,0,0.0,332,3,pageviews_http_403
Capital punishment in California,0,0.0,584,5,pageviews_http_403
Capital punishment in Ireland,0,0.0,108,6,pageviews_http_403
Capital punishment in New Zealand,0,0.0,92,3,pageviews_http_403
Capital punishment in South Korea,0,0.0,115,4,pageviews_http_403
Capital punishment in the Netherlands,0,0.0,92,4,pageviews_http_403
Capitol (short story collection),0,0.0,140,17,pageviews_http_403
Capitol Reflecting Pool,0,0.0,295,1,pageviews_http_403
Capstan,0,0.0,24,3,pageviews_http_403
Capstan (cigarette),0,0.0,195,0,pageviews_http_403
Capstan (nautical),0,0.0,330,5,pageviews_http_403
Capsule,0,0.0,62,3,pageviews_http_403
Capsule (fruit),0,0.0,3291,6,pageviews_http_403
Capture of Guam,0,0.0,698,2,pageviews_http_403
Carac,0,0.0,2,1,pageviews_http_403
Carac (pastry),0,0.0,305,0,pageviews_http_403
Carbohydrate,0,0.0,4765,33,pageviews_http_403
Carbohydrate loading,0,0.0,38,9,pageviews_http_403
Card,0,0.0,107,7,pageviews_http_403
Cardrona Alpine Resort,0,0.0,95,2,pageviews_http_403
Career (1959 film),0,0.0,68,0,pageviews_http_403
Career Opportunities (film),0,0.0,121,0,pageviews_http_403
Careers (album),0,0.0,5,0,pageviews_http_403
Careers (film),0,0.0,72,0,pageviews_http_403
Careers TV,0,0.0,7,0,pageviews_http_403
Carey,0,0.0,24,1,pageviews_http_403
Carey Landry,0,0.0,7,0,pageviews_http_403
Cargo (2006 film),0,0.0,21,0,pageviews_http_403
Cargo (2009 film),0,0.0,31,0,pageviews_http_403
Cargo (2013 film),0,0.0,11,0,pageviews_http_403
Carl Allen (drummer),0,0.0,100,0,pageviews_http_403
Carl B. Olsen,0,0.0,4,0,pageviews_http_403
Carl Diggler,0,0.0,40,1,pageviews_http_403
Carl Hensler,0,0.0,12,1,pageviews_http_403
Carl Valentin Falsen,0,0.0,16,1,pageviews_http_403
Carl Valentin Wunderle,0,0.0,15,1,pageviews_http_403
Carl Wilhelm Scheele,0,0.0,329,5,pageviews_http_403
Carla Maliandi,0,0.0,7,0,pageviews_http_403
Carlisle and Silloth Bay Railway,0,0.0,446,12,pageviews_http_403
Carlo De Medici,0,0.0,4,0,pageviews_http_403
Carlo Giustini,0,0.0,50,1,pageviews_http_403
Carlo de' Medici,0,0.0,42,4,pageviews_http_403
Carlo de' Medici (cardinal),0,0.0,172,3,pageviews_http_403
Carlsen,0,0.0,13,2,pageviews_http_403
Carlton Your Doorman,0,0.0,96,0,pageviews_http_403
Carmela Soprano,0,0.0,208,3,pageviews_http_403
Carmen Marai,0,0.0,16,0,pageviews_http_403
Carmen for Cool Ones,0,0.0,70,0,pageviews_http_403
"Carnation, Lily, Lily, Rose",0,0.0,73,0,pageviews_http_403
Carnegie Deli,0,0.0,450,0,pageviews_http_403
Carnie Smith,0,0.0,41,0,pageviews_http_403
Carnie Wilson,0,0.0,282,0,pageviews_http_403
Carnie!,0,0.0,12,1,pageviews_http_403
Carnifex,0,0.0,17,1,pageviews_http_403
Carnifex Ferry Battlefield State Park,0,0.0,193,2,pageviews_http_403
Carnival of Carnage,0,0.0,121,6,pageviews_http_403
Carol Woods,0,0.0,71,4,pageviews_http_403
"Carolina, North Carolina",0,0.0,4,1,pageviews_http_403
Caroline Aherne,0,0.0,214,5,pageviews_http_403
Caroline Flack,0,0.0,484,2,pageviews_http_403
Caroline Kamya,0,0.0,11,0,pageviews_http_403
Caroline Lucy Scott,0,0.0,24,0,pageviews_http_403
Carra,0,0.0,12,2,pageviews_http_403
Carrageenan,0,0.0,210,12,pageviews_http_403
Carrie Brady,0,0.0,177,5,pageviews_http_403
Carried Away,0,0.0,19,5,pageviews_http_403
Carried Away (George Strait song),0,0.0,123,0,pageviews_http_403
Carried Away (Passion Pit song),0,0.0,28,0,pageviews_http_403
Carried Away (band),0,0.0,23,5,pageviews_http_403
Carroll O'Connor,0,0.0,536,8,pageviews_http_403
Carry On,0,0.0,39,4,pageviews_http_403
Carry On Cowboy,0,0.0,117,1,pageviews_http_403
Carry-On,0,0.0,79,2,pageviews_http_403
Carsten Carlsen,0,0.0,10,0,pageviews_http_403
Carter,0,0.0,117,6,pageviews_http_403
Carter &amp; Carter,0,0.0,0,0,pageviews_http_403
Carter Country,0,0.0,69,0,pageviews_http_403
Cartwright,0,0.0,27,2,pageviews_http_403
Cary Guffey,0,0.0,30,0,pageviews_http_403
Casanova (1918 film),0,0.0,53,0,pageviews_http_403
Cascade Falls (Falls Creek),0,0.0,9,0,pageviews_http_403
Case Keenum,0,0.0,765,3,pageviews_http_403
Casey,0,0.0,49,1,pageviews_http_403
Casey Moss,0,0.0,23,2,pageviews_http_403
Cash (surname),0,0.0,3,2,pageviews_http_403
Cash Cash,0,0.0,327,13,pageviews_http_403
Cash Flow (comics),0,0.0,16,0,pageviews_http_403
Cash flow,0,0.0,569,9,pageviews_http_403
Cassandra,0,0.0,1122,1,pageviews_http_403
Cassandra Trotter,0,0.0,3,0,pageviews_http_403
Castaway,0,0.0,247,0,pageviews_http_403
Castaway on the Moon,0,0.0,41,1,pageviews_http_403
Caste (play),0,0.0,65,0,pageviews_http_403
Castel Sant'Angelo,0,0.0,1035,19,pageviews_http_403
Castelli,0,0.0,18,1,pageviews_http_403
Castiel (Supernatural),0,0.0,228,0,pageviews_http_403
Cat People (Putting Out Fire),0,0.0,313,2,pageviews_http_403
Cat in the Rain,0,0.0,178,1,pageviews_http_403
Cat rigged,0,0.0,147,0,pageviews_http_403
Catbird,0,0.0,116,6,pageviews_http_403
Catbird seat,0,0.0,22,2,pageviews_http_403
Caterpillar (Alice's Adventures in Wonderland),0,0.0,285,3,pageviews_http_403
Catfish,0,0.0,6206,19,pageviews_http_403
Cathedral hull,0,0.0,13,0,pageviews_http_403
Catherine Earnshaw,0,0.0,97,2,pageviews_http_403
Catholic Church in Zambia,0,0.0,272,5,pageviews_http_403
Catholic schools in the United Kingdom,0,0.0,107,6,pageviews_http_403
Catholic schools in the United States,0,0.0,109,1,pageviews_http_403
Cathy's Child,0,0.0,54,1,pageviews_http_403
Cathy's Key,0,0.0,10,0,pageviews_http_403
Catwoman,0,0.0,1883,26,pageviews_http_403
Caucasus Mountains,0,0.0,1836,11,pageviews_http_403
Caught (1931 film),0,0.0,59,0,pageviews_http_403
Caught (1949 film),0,0.0,94,0,pageviews_http_403
Caught (1996 film),0,0.0,55,0,pageviews_http_403
Caught in the Act (1931 film),0,0.0,47,1,pageviews_http_403
Cause and Effect (Numbers),0,0.0,55,1,pageviews_http_403
Caveat,0,0.0,71,4,pageviews_http_403
Caveat (horse),0,0.0,179,0,pageviews_http_403
Caveat emptor,0,0.0,422,10,pageviews_http_403
Cavity wall,0,0.0,93,2,pageviews_http_403
Cayman Islands,0,0.0,7802,26,pageviews_http_403
"Cedar County, Missouri",0,0.0,523,1,pageviews_http_403
"Cedar Rapids, Iowa",0,0.0,3556,14,pageviews_http_403
Celebrate (Mika song),0,0.0,147,0,pageviews_http_403
Celebrate Me Home,0,0.0,80,0,pageviews_http_403
Celebrate Me Home (song),0,0.0,142,1,pageviews_http_403
Celebration,0,0.0,116,10,pageviews_http_403
Celebration (1970s band),0,0.0,89,2,pageviews_http_403
Celebration (2000s band),0,0.0,44,4,pageviews_http_403
Celebration (musical),0,0.0,30,0,pageviews_http_403
Celiac,0,0.0,24,4,pageviews_http_403
Celiac ganglia,0,0.0,116,8,pageviews_http_403
Celiac plexus,0,0.0,211,12,pageviews_http_403
Cell Mates,0,0.0,2,1,pageviews_http_403
Cell Mates (album),0,0.0,11,0,pageviews_http_403
Cell Mates (play),0,0.0,15,0,pageviews_http_403
Cell Phone (film),0,0.0,85,2,pageviews_http_403
Cell phone novel,0,0.0,215,7,pageviews_http_403
Cement,0,0.0,2453,15,pageviews_http_403
Cement (film),0,0.0,21,1,pageviews_http_403
Cenotaph,0,0.0,1627,6,pageviews_http_403
Centenary Test,0,0.0,387,2,pageviews_http_403
Center for Science and Culture,0,0.0,281,17,pageviews_http_403
Central Airport (film),0,0.0,232,1,pageviews_http_403
Central Mountain,0,0.0,108,1,pageviews_http_403
Central Mountain Air,0,0.0,143,1,pageviews_http_403
Central line (London Underground),0,0.0,1392,8,pageviews_http_403
Centre (department),0,0.0,277,2,pageviews_http_403
Centre Department (Ivory Coast),0,0.0,123,0,pageviews_http_403
Centre for Public Policy Research,0,0.0,25,1,pageviews_http_403
Centre-Ouest Department,0,0.0,121,0,pageviews_http_403
Centuries (song),0,0.0,164,2,pageviews_http_403
Century (film),0,0.0,47,2,pageviews_http_403
Century (novel),0,0.0,12,2,pageviews_http_403
"Century High School (Pocatello, Idaho)",0,0.0,49,1,pageviews_http_403
Cerberus,0,0.0,1462,9,pageviews_http_403
Certificate,0,0.0,122,3,pageviews_http_403
Ceyda,0,0.0,4,1,pageviews_http_403
Ceyda Aktaş,0,0.0,30,1,pageviews_http_403
Ceyda Ateş,0,0.0,24,1,pageviews_http_403
Ceyda Kozluca,0,0.0,7,0,pageviews_http_403
"Chachapoyas, Peru",0,0.0,182,3,pageviews_http_403
Chadov,0,0.0,0,1,pageviews_http_403
Chadwick Boseman,0,0.0,1218,14,pageviews_http_403
Chairman George,0,0.0,57,0,pageviews_http_403
Chaitya,0,0.0,348,5,pageviews_http_403
Challenge (novel),0,0.0,46,1,pageviews_http_403
Chambers,0,0.0,30,1,pageviews_http_403
Chambers (TV series),0,0.0,588,0,pageviews_http_403
Chambers (series),0,0.0,33,2,pageviews_http_403
Chambers (surname),0,0.0,26,0,pageviews_http_403
Champion (2000 film),0,0.0,52,1,pageviews_http_403
Champion (2003 film),0,0.0,187,0,pageviews_http_403
Champion (Nicki Minaj song),0,0.0,385,0,pageviews_http_403
Champion INH Flat Race,0,0.0,47,1,pageviews_http_403
Champions (1984 film),0,0.0,96,1,pageviews_http_403
Champions (2021 film),0,0.0,13,0,pageviews_http_403
Champions (2023 film),0,0.0,73,2,pageviews_http_403
Championship (dog),0,0.0,108,3,pageviews_http_403
Chance (2002 film),0,0.0,9,0,pageviews_http_403
Chandrakanta,0,0.0,26,3,pageviews_http_403
Chandrakanta (1994 TV series),0,0.0,53,1,pageviews_http_403
Chandrakanta (2017 TV series),0,0.0,205,1,pageviews_http_403
Chandrakanta (author),0,0.0,12,0,pageviews_http_403
Chandrayaan-2,0,0.0,1055,7,pageviews_http_403
Change No Change,0,0.0,11,0,pageviews_http_403
Change of Heart (Change album),0,0.0,29,1,pageviews_http_403
Changes (1969 film),0,0.0,42,0,pageviews_http_403
Changes (1991 film),0,0.0,122,0,pageviews_http_403
Changes (2009 film),0,0.0,3,1,pageviews_http_403
Changes (Imagination song),0,0.0,20,0,pageviews_http_403
Channel Tunnel,0,0.0,6833,18,pageviews_http_403
Chaos Chaos,0,0.0,136,3,pageviews_http_403
Chaos Code,0,0.0,22,3,pageviews_http_403
Chaotic,0,0.0,78,4,pageviews_http_403
Chaotic (novella),0,0.0,28,0,pageviews_http_403
Chaotic Resolve,0,0.0,30,6,pageviews_http_403
Chapi,0,0.0,4,1,pageviews_http_403
Chapi (footballer),0,0.0,13,2,pageviews_http_403
Chapi Chapo,0,0.0,13,0,pageviews_http_403
Chapi-chapi,0,0.0,6,0,pageviews_http_403
Chariot,0,0.0,1534,9,pageviews_http_403
Chariot Race,0,0.0,7,1,pageviews_http_403
Charismatic (horse),0,0.0,397,0,pageviews_http_403
Charites,0,0.0,951,8,pageviews_http_403
"Charlene, Princess of Monaco",0,0.0,290,10,pageviews_http_403
Charles A. Goodrich,0,0.0,11,3,pageviews_http_403
"Charles Barnett (cricketer, born 1884)",0,0.0,11,1,pageviews_http_403
Charles Burton,0,0.0,7,2,pageviews_http_403
Charles Combe,0,0.0,11,1,pageviews_http_403
Charles Darrow,0,0.0,101,2,pageviews_http_403
Charles Grandison Finney,0,0.0,375,6,pageviews_http_403
Charles Harvey Combe,0,0.0,20,0,pageviews_http_403
Charles Hayter,0,0.0,33,1,pageviews_http_403
Charles Hayter (secretary),0,0.0,8,0,pageviews_http_403
Charles Joseph Bonaparte,0,0.0,523,5,pageviews_http_403
Charles Lawrence (British Army officer),0,0.0,200,0,pageviews_http_403
Charles Lindbergh,0,0.0,3326,25,pageviews_http_403
Charles Shaw-Lefevre,0,0.0,9,3,pageviews_http_403
Charles Stranks,0,0.0,16,3,pageviews_http_403
Charles Washington,0,0.0,378,1,pageviews_http_403
Charles Washington Merrill,0,0.0,9,0,pageviews_http_403
Charles le Beau,0,0.0,24,1,pageviews_http_403
Charleston Bump,0,0.0,2,0,pageviews_http_403
Charlie Chuck,0,0.0,16,1,pageviews_http_403
Charlie Davis (baseball),0,0.0,7,0,pageviews_http_403
Charlie Davis (basketball),0,0.0,92,0,pageviews_http_403
Charlie Davis (cricketer),0,0.0,78,0,pageviews_http_403
Charlie Davis (footballer),0,0.0,7,0,pageviews_http_403
Charlie Puth,0,0.0,1581,5,pageviews_http_403
Charlie St. Cloud,0,0.0,112,3,pageviews_http_403
Charlie and the Chocolate Factory (film),0,0.0,824,16,pageviews_http_403
CharlieCard,0,0.0,179,9,pageviews_http_403
Charlotte (1981 film),0,0.0,24,0,pageviews_http_403
Charlotte Bonaparte,0,0.0,101,2,pageviews_http_403
Charlotte Bonaparte Gabrielli,0,0.0,70,1,pageviews_http_403
Charlotte Hornets,0,0.0,3433,18,pageviews_http_403
Charlotte Sometimes (film),0,0.0,36,1,pageviews_http_403
Charlotte von Hagn,0,0.0,21,1,pageviews_http_403
Charlton Jimerson,0,0.0,123,0,pageviews_http_403
Charter,0,0.0,3197,13,pageviews_http_403
Chase (novel),0,0.0,94,0,pageviews_http_403
Chasing (song),0,0.0,25,2,pageviews_http_403
Chasing Cars,0,0.0,345,2,pageviews_http_403
Chasing Time (song),0,0.0,61,0,pageviews_http_403
Chauncey A. Goodrich,0,0.0,30,1,pageviews_http_403
Che (2008 film),0,0.0,305,15,pageviews_http_403
Che (2014 film),0,0.0,42,0,pageviews_http_403
Che Che,0,0.0,0,1,pageviews_http_403
Chebyshev nodes,0,0.0,111,7,pageviews_http_403
Checkers,0,0.0,1316,17,pageviews_http_403
Checkers (novel),0,0.0,13,0,pageviews_http_403
Cheddar Valley line,0,0.0,197,7,pageviews_http_403
Chelsea Flower Show,0,0.0,435,4,pageviews_http_403
Cheltenham Gold Cup,0,0.0,686,3,pageviews_http_403
Chemist,0,0.0,4716,5,pageviews_http_403
Chemistry,0,0.0,31718,15,pageviews_http_403
Chemistry (2009 film),0,0.0,35,0,pageviews_http_403
Chen Yonglin,0,0.0,37,0,pageviews_http_403
Chennai Open Challenger,0,0.0,652,0,pageviews_http_403
Cherish (The Association song),0,0.0,206,3,pageviews_http_403
Cherokee removal,0,0.0,490,5,pageviews_http_403
Cherubini,0,0.0,8,0,pageviews_http_403
Chesapeake Bay Retriever,0,0.0,228,3,pageviews_http_403
Chester,0,0.0,5188,8,pageviews_http_403
Chester (song),0,0.0,24,0,pageviews_http_403
Chester Chronicle,0,0.0,270,3,pageviews_http_403
Chesty Puller,0,0.0,236,3,pageviews_http_403
Chetan,0,0.0,25,1,pageviews_http_403
Chetan (actor),0,0.0,77,0,pageviews_http_403
Chetan (name),0,0.0,7,0,pageviews_http_403
Chetan Anand,0,0.0,26,2,pageviews_http_403
Chetan Nagar,0,0.0,1009,0,pageviews_http_403
Chiara Zanni,0,0.0,125,0,pageviews_http_403
Chicago (Prison Break),0,0.0,57,1,pageviews_http_403
Chicago (manga),0,0.0,47,0,pageviews_http_403
Chichen Itza,0,0.0,1085,23,pageviews_http_403
Chicken,0,0.0,5849,57,pageviews_http_403
Chicken Licken (restaurant),0,0.0,1561,1,pageviews_http_403
Chicken Party,0,0.0,20,1,pageviews_http_403
Chief cell,0,0.0,14,2,pageviews_http_403
Child benefits in the United Kingdom,0,0.0,66,1,pageviews_http_403
Child dedication,0,0.0,23,3,pageviews_http_403
Child labor in the Philippines,0,0.0,345,1,pageviews_http_403
Child-resistant packaging,0,0.0,300,3,pageviews_http_403
Childhood Memories (song),0,0.0,34,2,pageviews_http_403
Children Without,0,0.0,28,0,pageviews_http_403
Children Without Worms,0,0.0,9,0,pageviews_http_403
Children's Day,0,0.0,1255,31,pageviews_http_403
Chilton,0,0.0,22,1,pageviews_http_403
China (1943 film),0,0.0,82,0,pageviews_http_403
China (The Office),0,0.0,228,1,pageviews_http_403
China and the World Trade Organization,0,0.0,443,3,pageviews_http_403
China at the FIFA Women's World Cup,0,0.0,66,0,pageviews_http_403
China at the FIFA World Cup,0,0.0,136,3,pageviews_http_403
China–South Africa relations,0,0.0,390,9,pageviews_http_403
Chinese Boxes (film),0,0.0,20,1,pageviews_http_403
Chinese Grand Prix,0,0.0,710,4,pageviews_http_403
Chinese drywall,0,0.0,45,9,pageviews_http_403
Chinese noodles,0,0.0,439,5,pageviews_http_403
Chips,0,0.0,127,5,pageviews_http_403
Chips with Everything,0,0.0,42,1,pageviews_http_403
Chitty Chitty Bang Bang (car),0,0.0,47,1,pageviews_http_403
Chloe (You're the One I Want),0,0.0,16,0,pageviews_http_403
Cho Keung-yeon,0,0.0,63,1,pageviews_http_403
Cho Mi-yeon,0,0.0,161,0,pageviews_http_403
Cho Yeon-woo,0,0.0,111,0,pageviews_http_403
Chocolate,0,0.0,5271,37,pageviews_http_403
Chocolate (2005 film),0,0.0,66,3,pageviews_http_403
Chocolate (2007 film),0,0.0,86,1,pageviews_http_403
Chocolate (band),0,0.0,18,2,pageviews_http_403
Chocolate Milk (band),0,0.0,25,0,pageviews_http_403
Chocolate bar,0,0.0,544,10,pageviews_http_403
Choices (1986 film),0,0.0,49,0,pageviews_http_403
Choke (Glee),0,0.0,166,0,pageviews_http_403
Chondrichthyes,0,0.0,3834,19,pageviews_http_403
Choose Me (short story collection),0,0.0,7,1,pageviews_http_403
Chorionic villus sampling,0,0.0,358,7,pageviews_http_403
Chow mein,0,0.0,505,12,pageviews_http_403
Chris,0,0.0,315,2,pageviews_http_403
Chris Denning,0,0.0,210,3,pageviews_http_403
Chris Fountain,0,0.0,145,3,pageviews_http_403
Chris Furrh,0,0.0,23,1,pageviews_http_403
Chris Grayling,0,0.0,612,7,pageviews_http_403
Chris John (boxer),0,0.0,59,2,pageviews_http_403
Chris Kirkpatrick,0,0.0,211,2,pageviews_http_403
Chris Lang,0,0.0,57,1,pageviews_http_403
Chris Tavaré,0,0.0,100,4,pageviews_http_403
Chris Torrance,0,0.0,22,1,pageviews_http_403
Christ's Pieces,0,0.0,26,7,pageviews_http_403
Christa McAuliffe,0,0.0,381,9,pageviews_http_403
Christi,0,0.0,116,1,pageviews_http_403
Christiaan Barnard,0,0.0,509,5,pageviews_http_403
Christian (1989 film),0,0.0,33,0,pageviews_http_403
"Christian (footballer, born 1989)",0,0.0,54,1,pageviews_http_403
"Christian Augustus, Count Palatine of Sulzbach",0,0.0,50,1,pageviews_http_403
Christian Coulson,0,0.0,89,0,pageviews_http_403
Christian cross,0,0.0,2581,9,pageviews_http_403
Christine Melnick,0,0.0,65,0,pageviews_http_403
Christmas Comes But Once a Year (Mad Men),0,0.0,98,0,pageviews_http_403
Christmas card,0,0.0,732,5,pageviews_http_403
Christmas lights,0,0.0,991,19,pageviews_http_403
Christmas tree,0,0.0,2084,15,pageviews_http_403
Christmas with a Capital C,0,0.0,15,0,pageviews_http_403
Christophe,0,0.0,18,1,pageviews_http_403
Christophe Ott,0,0.0,8,0,pageviews_http_403
Christopher (The Sopranos),0,0.0,148,1,pageviews_http_403
Christopher A. Hart,0,0.0,24,0,pageviews_http_403
Christopher Butson,0,0.0,72,1,pageviews_http_403
Christopher Butson (priest),0,0.0,30,1,pageviews_http_403
Christopher Hart,0,0.0,11,3,pageviews_http_403
Christopher Hart (actor),0,0.0,20,2,pageviews_http_403
Christopher K. Hart,0,0.0,9,0,pageviews_http_403
Christopher Plummer,0,0.0,1953,4,pageviews_http_403
Christopher Priest,0,0.0,37,5,pageviews_http_403
Christopher Sean,0,0.0,65,2,pageviews_http_403
Christopher Stevens,0,0.0,23,4,pageviews_http_403
Christos,0,0.0,15,5,pageviews_http_403
Christos Koutsospyros,0,0.0,19,1,pageviews_http_403
Christos Tzekos,0,0.0,9,1,pageviews_http_403
Chrome (Trace Adkins album),0,0.0,65,0,pageviews_http_403
Chrome (Trace Adkins song),0,0.0,63,0,pageviews_http_403
Chronicle,0,0.0,2091,9,pageviews_http_403
Chronicles,0,0.0,68,6,pageviews_http_403
Chronicles (magazine),0,0.0,624,3,pageviews_http_403
Chronicon,0,0.0,18,0,pageviews_http_403
Chronicon (Jerome),0,0.0,113,2,pageviews_http_403
ChucK,0,0.0,123,4,pageviews_http_403
Chuck Chuck Baby,0,0.0,18,1,pageviews_http_403
Chuck's Day Off,0,0.0,58,1,pageviews_http_403
Church of the Nazarene,0,0.0,1453,29,pageviews_http_403
Church usher,0,0.0,479,1,pageviews_http_403
Château Laurier,0,0.0,297,4,pageviews_http_403
Cider,0,0.0,2292,27,pageviews_http_403
Cigarette Smoking Man,0,0.0,287,16,pageviews_http_403
Cilla Black,0,0.0,861,5,pageviews_http_403
Cincinnati Red Stockings,0,0.0,471,0,pageviews_http_403
Cinderella (1914 film),0,0.0,211,0,pageviews_http_403
Cinderella (2000 film),0,0.0,222,1,pageviews_http_403
Cinema (Elaine Paige album),0,0.0,34,0,pageviews_http_403
Cinema Marte Dum Tak,0,0.0,8,1,pageviews_http_403
Cinema of France,0,0.0,1580,13,pageviews_http_403
Circular segment,0,0.0,111,5,pageviews_http_403
Circumstantial Evidence (1929 American film),0,0.0,42,0,pageviews_http_403
Circumstantial Evidence (1929 film),0,0.0,0,0,pageviews_http_403
Circumstantial evidence,0,0.0,611,2,pageviews_http_403
Circus (1936 film),0,0.0,68,1,pageviews_http_403
Circus (2000 film),0,0.0,33,2,pageviews_http_403
Circus (2009 film),0,0.0,26,0,pageviews_http_403
Circus Circus,0,0.0,12,1,pageviews_http_403
Circus Ring,0,0.0,8,0,pageviews_http_403
Cisterna,0,0.0,83,2,pageviews_http_403
Cisterna chyli,0,0.0,109,3,pageviews_http_403
Cisterna d'Asti,0,0.0,138,1,pageviews_http_403
Cita's World,0,0.0,101,1,pageviews_http_403
Citadel of Damascus,0,0.0,327,2,pageviews_http_403
Citi Bike,0,0.0,261,5,pageviews_http_403
City Loop (film),0,0.0,17,0,pageviews_http_403
City Nights,0,0.0,11,0,pageviews_http_403
City Slickers,0,0.0,237,0,pageviews_http_403
Civil Code of the Philippines,0,0.0,56,4,pageviews_http_403
Civil Peace,0,0.0,23,0,pageviews_http_403
Civil Service Commission (Philippines),0,0.0,554,3,pageviews_http_403
Civil War (comics),0,0.0,1283,11,pageviews_http_403
Civil liberties in the United States,0,0.0,728,4,pageviews_http_403
Civil procedure,0,0.0,1212,9,pageviews_http_403
Civil procedure in England and Wales,0,0.0,144,3,pageviews_http_403
Civil service commission,0,0.0,628,1,pageviews_http_403
Clag (glue),0,0.0,7,0,pageviews_http_403
Claire Adams,0,0.0,98,5,pageviews_http_403
Claire Adams (disambiguation),0,0.0,1,0,pageviews_http_403
Claire Berlinski,0,0.0,22,0,pageviews_http_403
Claire Denis,0,0.0,469,0,pageviews_http_403
Claire Underwood,0,0.0,155,0,pageviews_http_403
Clampett,0,0.0,2,1,pageviews_http_403
Clare,0,0.0,96,1,pageviews_http_403
Clarence Beck,0,0.0,38,0,pageviews_http_403
Clarence Cross,0,0.0,16,0,pageviews_http_403
Clarence Peters,0,0.0,171,0,pageviews_http_403
Clarence Peters videography,0,0.0,1,1,pageviews_http_403
"Clarence, the Cross-Eyed Lion",0,0.0,73,0,pageviews_http_403
Clarion,0,0.0,43,7,pageviews_http_403
Clark County Commission,0,0.0,168,4,pageviews_http_403
Clarke Fraser,0,0.0,155,2,pageviews_http_403
Classical complement pathway,0,0.0,132,6,pageviews_http_403
Claudia Winkleman,0,0.0,421,4,pageviews_http_403
Clavicle,0,0.0,1674,16,pageviews_http_403
Claws (TV series),0,0.0,216,1,pageviews_http_403
Clay-colored sparrow,0,0.0,137,5,pageviews_http_403
Clay-colored thrush,0,0.0,68,11,pageviews_http_403
Clean Bandit,0,0.0,940,5,pageviews_http_403
Cleave,0,0.0,13,2,pageviews_http_403
Clem,0,0.0,16,1,pageviews_http_403
Clem Daniels,0,0.0,167,0,pageviews_http_403
Clem Michael,0,0.0,91,0,pageviews_http_403
Clem$,0,0.0,2,1,pageviews_http_403
Clement,0,0.0,48,3,pageviews_http_403
Clement Baker,0,0.0,2,0,pageviews_http_403
Clement Park,0,0.0,3,0,pageviews_http_403
Clerk,0,0.0,1121,10,pageviews_http_403
Clerk (1960 film),0,0.0,11,0,pageviews_http_403
Clerk (1989 film),0,0.0,28,0,pageviews_http_403
Clerk (2021 film),0,0.0,78,0,pageviews_http_403
Cleveland Metroparks Zoo,0,0.0,281,5,pageviews_http_403
Cleveland Rocks! Music from The Drew Carey Show,0,0.0,23,0,pageviews_http_403
Click (2010 film),0,0.0,37,2,pageviews_http_403
Click (novel),0,0.0,47,1,pageviews_http_403
Click Click,0,0.0,17,2,pageviews_http_403
Click Click (disambiguation),0,0.0,3,0,pageviews_http_403
Click Click Snap,0,0.0,7,0,pageviews_http_403
Cliff Huxtable,0,0.0,63,5,pageviews_http_403
Cliff Thorburn,0,0.0,587,3,pageviews_http_403
Climate of Ireland,0,0.0,434,4,pageviews_http_403
Climbing to Spring,0,0.0,11,0,pageviews_http_403
Clinical lycanthropy,0,0.0,163,6,pageviews_http_403
Clipper route,0,0.0,221,2,pageviews_http_403
Clive Anderson,0,0.0,211,1,pageviews_http_403
Clock Play,0,0.0,397,2,pageviews_http_403
Clock face,0,0.0,219,39,pageviews_http_403
Cloe Elmo,0,0.0,21,0,pageviews_http_403
"Cloe, Pennsylvania",0,0.0,110,0,pageviews_http_403
Close Up Foundation,0,0.0,40,0,pageviews_http_403
Close to Home (1989 TV series),0,0.0,78,2,pageviews_http_403
Close to You,0,0.0,23,9,pageviews_http_403
Close-up,0,0.0,572,13,pageviews_http_403
Closed-circuit television,0,0.0,3200,39,pageviews_http_403
Closer (The Chainsmokers song),0,0.0,405,4,pageviews_http_403
Closing milestones of the S&amp;P 500,0,0.0,0,0,pageviews_http_403
Clothes Show Live,0,0.0,33,1,pageviews_http_403
Clotilde,0,0.0,277,18,pageviews_http_403
Clotilde (opera),0,0.0,8,0,pageviews_http_403
Cloud Gate,0,0.0,589,13,pageviews_http_403
Clydebank F.C.,0,0.0,384,4,pageviews_http_403
Clydebank Juniors F.C.,0,0.0,605,0,pageviews_http_403
Clydesdale Bank £50 note,0,0.0,62,0,pageviews_http_403
"Co-op City, Bronx",0,0.0,310,10,pageviews_http_403
Coal mining in Pakistan,0,0.0,30,3,pageviews_http_403
Coalition Provisional Authority,0,0.0,816,12,pageviews_http_403
Coastal (horse),0,0.0,189,0,pageviews_http_403
Coastal Party,0,0.0,134,2,pageviews_http_403
Coastline of Brazil,0,0.0,806,1,pageviews_http_403
Coastline of China,0,0.0,36,3,pageviews_http_403
Coastline of Malta,0,0.0,9,5,pageviews_http_403
Coat of arms,0,0.0,19419,24,pageviews_http_403
Coat of arms of Nigeria,0,0.0,464,2,pageviews_http_403
Coat of arms of Puerto Rico,0,0.0,178,7,pageviews_http_403
Coat of arms of Trinidad and Tobago,0,0.0,99,1,pageviews_http_403
Cobe Trophy Race,0,0.0,17,0,pageviews_http_403
Cocaine Bear (bear),0,0.0,72,3,pageviews_http_403
Cochlear,0,0.0,8,1,pageviews_http_403
Cochlear nerve,0,0.0,296,7,pageviews_http_403
Cock a doodle doo,0,0.0,32,2,pageviews_http_403
Cock-A-Doodle-Doo!,0,0.0,36,0,pageviews_http_403
Cock-a-Doodle Dandy,0,0.0,26,0,pageviews_http_403
Cock-a-Doodle Doo,0,0.0,2,0,pageviews_http_403
Cocktail,0,0.0,1486,8,pageviews_http_403
Cocktail (1988 film),0,0.0,283,1,pageviews_http_403
Cocktail (2010 film),0,0.0,53,1,pageviews_http_403
Cocktails &amp; Dreams,0,0.0,0,0,pageviews_http_403
Cocktails (The Office),0,0.0,243,1,pageviews_http_403
Cocktails (album),0,0.0,69,0,pageviews_http_403
Cocktails (film),0,0.0,48,0,pageviews_http_403
Cocktails for Two,0,0.0,65,1,pageviews_http_403
Cocoa Krispies,0,0.0,187,17,pageviews_http_403
Code of Criminal Procedure (India),0,0.0,260,0,pageviews_http_403
Code segment,0,0.0,55,4,pageviews_http_403
Coexist (image),0,0.0,41,8,pageviews_http_403
Coexist (organisation),0,0.0,2,0,pageviews_http_403
Colby Chandler (All My Children),0,0.0,107,2,pageviews_http_403
Colcu mac Connacan,0,0.0,4,0,pageviews_http_403
Colcu mac Domnaill,0,0.0,4,1,pageviews_http_403
Cold Blood (TV series),0,0.0,40,1,pageviews_http_403
Cold Fever (TV series),0,0.0,3,0,pageviews_http_403
Cold War (TV series),0,0.0,72,2,pageviews_http_403
Cold Warrior (TV series),0,0.0,30,0,pageviews_http_403
Cold wave of January 1977,0,0.0,80,1,pageviews_http_403
Cole Harbour (natural harbour),0,0.0,2,0,pageviews_http_403
Cole–Cole equation,0,0.0,22,2,pageviews_http_403
Colin Croft,0,0.0,140,0,pageviews_http_403
Collaboration,0,0.0,2689,18,pageviews_http_403
Collaboration West,0,0.0,83,0,pageviews_http_403
College (1927 film),0,0.0,156,0,pageviews_http_403
College (1984 film),0,0.0,12,0,pageviews_http_403
College (TV series),0,0.0,8,1,pageviews_http_403
College Football Playoff National Championship,0,0.0,1100,17,pageviews_http_403
College Hill (TV series),0,0.0,145,5,pageviews_http_403
College baseball,0,0.0,7196,4,pageviews_http_403
Colley,0,0.0,10,1,pageviews_http_403
Collinwood Mansion,0,0.0,25,0,pageviews_http_403
Collision (novel),0,0.0,8,0,pageviews_http_403
Collision Course (Bayley novel),0,0.0,25,7,pageviews_http_403
Collision Course (Silverberg novel),0,0.0,91,4,pageviews_http_403
Colon,0,0.0,233,3,pageviews_http_403
Colon Street,0,0.0,100,1,pageviews_http_403
Colonial Beach Public Schools,0,0.0,5,1,pageviews_http_403
Colonial Brazil,0,0.0,2214,10,pageviews_http_403
Colony (Grant novel),0,0.0,28,1,pageviews_http_403
Colony (TV series),0,0.0,385,9,pageviews_http_403
Colony (The X-Files),0,0.0,92,1,pageviews_http_403
Color (manga),0,0.0,51,1,pageviews_http_403
Colorado River,0,0.0,3747,19,pageviews_http_403
Colorado River (Texas),0,0.0,799,5,pageviews_http_403
"Colorado, Texas",0,0.0,74,1,pageviews_http_403
Colors (film),0,0.0,25,0,pageviews_http_403
Color–color diagram,0,0.0,300,4,pageviews_http_403
Colt Python,0,0.0,209,2,pageviews_http_403
Columbia sheep,0,0.0,40,2,pageviews_http_403
Columbus Blue Jackets,0,0.0,3268,9,pageviews_http_403
Comb,0,0.0,529,9,pageviews_http_403
Comb (anatomy),0,0.0,238,9,pageviews_http_403
Combatives,0,0.0,416,3,pageviews_http_403
Combe v Combe,0,0.0,34,2,pageviews_http_403
Combination eating utensils,0,0.0,58,8,pageviews_http_403
Combinatorial proof,0,0.0,58,0,pageviews_http_403
Come Dine with Me,0,0.0,355,7,pageviews_http_403
Come Dine with Me Australia,0,0.0,39,1,pageviews_http_403
Come Dine with Me Canada,0,0.0,38,0,pageviews_http_403
Come Dine with Me Ireland,0,0.0,89,4,pageviews_http_403
Come On Over,0,0.0,411,13,pageviews_http_403
Come On Over (play),0,0.0,19,1,pageviews_http_403
Come Out,0,0.0,5,2,pageviews_http_403
Come Out (Reich),0,0.0,70,1,pageviews_http_403
Come Out Come Out,0,0.0,10,1,pageviews_http_403
Come Out!,0,0.0,61,0,pageviews_http_403
Come Outside,0,0.0,49,2,pageviews_http_403
Come Outside (song),0,0.0,28,0,pageviews_http_403
Come Tumbling Down,0,0.0,35,0,pageviews_http_403
Come Undone,0,0.0,7,3,pageviews_http_403
Come Undone (film),0,0.0,48,3,pageviews_http_403
Come and Find Me,0,0.0,14,0,pageviews_http_403
Comedy,0,0.0,55683,18,pageviews_http_403
Comedy of Power,0,0.0,93,3,pageviews_http_403
Comes A-Long A-Love,0,0.0,45,0,pageviews_http_403
Comic Relief,0,0.0,1446,22,pageviews_http_403
Comic relief,0,0.0,845,8,pageviews_http_403
Comin' Home to Stay,0,0.0,53,0,pageviews_http_403
Comin' Your Way,0,0.0,138,0,pageviews_http_403
Comin' to Your City,0,0.0,58,13,pageviews_http_403
Comin' to Your City (song),0,0.0,46,2,pageviews_http_403
Coming Up (album),0,0.0,74,5,pageviews_http_403
Coming of age,0,0.0,1729,8,pageviews_http_403
Comino,0,0.0,174,4,pageviews_http_403
Commemoration Day,0,0.0,114,3,pageviews_http_403
Commissioner (film),0,0.0,84,0,pageviews_http_403
Common cuckoo,0,0.0,615,7,pageviews_http_403
Company Business,0,0.0,65,1,pageviews_http_403
Company Man (film),0,0.0,49,1,pageviews_http_403
Company man,0,0.0,22,1,pageviews_http_403
Comparison of baseball and softball,0,0.0,277,4,pageviews_http_403
Compass,0,0.0,2351,24,pageviews_http_403
Compass (Falling Skies),0,0.0,28,0,pageviews_http_403
Compass (Simpson),0,0.0,235,0,pageviews_http_403
Complex (band),0,0.0,15,0,pageviews_http_403
Composition for Four Instruments,0,0.0,29,1,pageviews_http_403
Comprehensive school,0,0.0,2587,9,pageviews_http_403
Compromise,0,0.0,331,6,pageviews_http_403
Compromise (film),0,0.0,74,1,pageviews_http_403
Computer says no,0,0.0,41,0,pageviews_http_403
Con Man (film),0,0.0,17,0,pageviews_http_403
"Conan, Lord of the Black River",0,0.0,206,2,pageviews_http_403
Concern,0,0.0,33,3,pageviews_http_403
Concern (horse),0,0.0,74,0,pageviews_http_403
Concert Live,0,0.0,40,0,pageviews_http_403
Concord grape,0,0.0,356,4,pageviews_http_403
Concrete Blonde,0,0.0,234,4,pageviews_http_403
Concrete Cows,0,0.0,39,1,pageviews_http_403
Concrete poetry,0,0.0,323,11,pageviews_http_403
Concrete slump test,0,0.0,135,4,pageviews_http_403
Condamine River,0,0.0,423,0,pageviews_http_403
Condition (film),0,0.0,4,0,pageviews_http_403
Condon,0,0.0,12,1,pageviews_http_403
Conductor (rail),0,0.0,306,0,pageviews_http_403
Cone,0,0.0,1131,28,pageviews_http_403
Confession (1937 film),0,0.0,91,0,pageviews_http_403
Confession (1955 film),0,0.0,54,0,pageviews_http_403
Confession (2014 film),0,0.0,19,1,pageviews_http_403
Conflict (1945 film),0,0.0,97,0,pageviews_http_403
Conflict of Adam and Eve with Satan,0,0.0,204,2,pageviews_http_403
Conflict of Wings,0,0.0,58,0,pageviews_http_403
Congratulations (Cliff Richard song),0,0.0,482,0,pageviews_http_403
Congratulations (MGMT song),0,0.0,51,0,pageviews_http_403
Congratulations (Vesta song),0,0.0,7,1,pageviews_http_403
Connecticut Compromise,0,0.0,449,4,pageviews_http_403
Connecticut River,0,0.0,2854,20,pageviews_http_403
Connective tissue,0,0.0,1591,19,pageviews_http_403
Connector,0,0.0,36,5,pageviews_http_403
Connor,0,0.0,140,1,pageviews_http_403
Conqueror,0,0.0,97,14,pageviews_http_403
Conquest of Majorca,0,0.0,332,2,pageviews_http_403
Conquest of the Canary Islands,0,0.0,969,1,pageviews_http_403
Conquest of the Planet of the Apes,0,0.0,247,3,pageviews_http_403
Conscription in the United Kingdom,0,0.0,1197,11,pageviews_http_403
Consolation Prizes,0,0.0,33,0,pageviews_http_403
Conspiracy (1939 film),0,0.0,148,0,pageviews_http_403
Conspiracy (2001 film),0,0.0,126,1,pageviews_http_403
Constance Shulman,0,0.0,60,0,pageviews_http_403
Constituent Assembly of Pakistan,0,0.0,210,5,pageviews_http_403
Constituent assembly,0,0.0,1719,12,pageviews_http_403
Contact lens,0,0.0,1812,25,pageviews_http_403
Contempt of Congress,0,0.0,733,6,pageviews_http_403
Contra (album),0,0.0,89,0,pageviews_http_403
Contraband,0,0.0,523,1,pageviews_http_403
Contraband Days,0,0.0,12,0,pageviews_http_403
Contraband Spain,0,0.0,55,0,pageviews_http_403
Contraception in the Republic of Ireland,0,0.0,163,6,pageviews_http_403
Contract,0,0.0,4490,51,pageviews_http_403
Contract (1985 film),0,0.0,19,1,pageviews_http_403
Contract (2008 film),0,0.0,135,1,pageviews_http_403
Contract (2012 film),0,0.0,39,2,pageviews_http_403
Contract bridge,0,0.0,3678,14,pageviews_http_403
Contract with America,0,0.0,230,3,pageviews_http_403
Contralto,0,0.0,2297,6,pageviews_http_403
Contrast,0,0.0,77,5,pageviews_http_403
Control (2013 film),0,0.0,21,0,pageviews_http_403
Control (novel),0,0.0,60,0,pageviews_http_403
Control Room (film),0,0.0,97,0,pageviews_http_403
Controversial invocations of the Patriot Act,0,0.0,24,5,pageviews_http_403
Convention of 1833,0,0.0,183,0,pageviews_http_403
Conversion disorder,0,0.0,604,13,pageviews_http_403
Convertible,0,0.0,2606,34,pageviews_http_403
Cook Islands,0,0.0,7009,21,pageviews_http_403
Cookie,0,0.0,14492,18,pageviews_http_403
Cookie (novel),0,0.0,57,0,pageviews_http_403
Cooper Smeaton,0,0.0,36,1,pageviews_http_403
Cooperstown cocktail (cocktail),0,0.0,6,1,pageviews_http_403
Coote,0,0.0,15,2,pageviews_http_403
Coover,0,0.0,3,1,pageviews_http_403
Cop and a Half,0,0.0,76,10,pageviews_http_403
Cops and Robbers,0,0.0,21,3,pageviews_http_403
Cops and Robbers (1951 film),0,0.0,202,2,pageviews_http_403
Coracoid process,0,0.0,160,3,pageviews_http_403
Coral,0,0.0,3836,18,pageviews_http_403
Coral Records,0,0.0,394,1,pageviews_http_403
"Coral Springs, Florida",0,0.0,1257,10,pageviews_http_403
Coral bleaching,0,0.0,948,11,pageviews_http_403
Coralie Lansdowne Says No,0,0.0,81,1,pageviews_http_403
Corbett (surname),0,0.0,28,2,pageviews_http_403
Corbett v Corbett,0,0.0,166,4,pageviews_http_403
Corbin Bleu,0,0.0,582,24,pageviews_http_403
Corfu Declaration,0,0.0,100,4,pageviews_http_403
Corinth,0,0.0,2049,16,pageviews_http_403
Corleone,0,0.0,464,2,pageviews_http_403
Corn flakes,0,0.0,896,6,pageviews_http_403
Cornelia Otis Skinner,0,0.0,104,1,pageviews_http_403
Cornelis,0,0.0,24,1,pageviews_http_403
Cornelis Vreeswijk,0,0.0,264,4,pageviews_http_403
Corona,0,0.0,346,7,pageviews_http_403
Coroner,0,0.0,2325,13,pageviews_http_403
Corporal Punishment (Blackadder),0,0.0,50,2,pageviews_http_403
Corporal punishment,0,0.0,2099,13,pageviews_http_403
Corr,0,0.0,13,3,pageviews_http_403
Corridor (short story collection),0,0.0,14,1,pageviews_http_403
Corrupted (band),0,0.0,53,2,pageviews_http_403
Corrupted Blood incident,0,0.0,222,5,pageviews_http_403
Corrupted Ideals,0,0.0,12,1,pageviews_http_403
Corsair War (1620–1621),0,0.0,2,0,pageviews_http_403
Corsie,0,0.0,0,0,pageviews_http_403
Cortlever,0,0.0,0,0,pageviews_http_403
Corythosaurus,0,0.0,473,10,pageviews_http_403
Cosmic distance ladder,0,0.0,9561,17,pageviews_http_403
Cosmic latte,0,0.0,184,7,pageviews_http_403
Cosnett,0,0.0,1,0,pageviews_http_403
Cost of poor quality,0,0.0,15,3,pageviews_http_403
Costa Coffee,0,0.0,699,3,pageviews_http_403
Così,0,0.0,46,0,pageviews_http_403
Così parlò Bellavista,0,0.0,18,2,pageviews_http_403
Cottrill,0,0.0,4,1,pageviews_http_403
Could I Have This Dance,0,0.0,193,0,pageviews_http_403
Coulson,0,0.0,7,1,pageviews_http_403
Count Duckula,0,0.0,488,2,pageviews_http_403
Count Palatine Joseph Charles of Sulzbach,0,0.0,48,9,pageviews_http_403
Count of Clermont,0,0.0,11,6,pageviews_http_403
Count palatine,0,0.0,630,19,pageviews_http_403
Count von Count,0,0.0,483,9,pageviews_http_403
Counting Blue Cars,0,0.0,53,2,pageviews_http_403
Counting Cars,0,0.0,237,1,pageviews_http_403
Country (book),0,0.0,12,1,pageviews_http_403
Country Is My Rock,0,0.0,9,0,pageviews_http_403
Country Life,0,0.0,66,2,pageviews_http_403
Country Life (film),0,0.0,56,0,pageviews_http_403
Country Life (magazine),0,0.0,1137,6,pageviews_http_403
County,0,0.0,3002,7,pageviews_http_403
County commission,0,0.0,1059,10,pageviews_http_403
Coup de Grâce,0,0.0,21,11,pageviews_http_403
Coup de Grâce (1969 film),0,0.0,14,1,pageviews_http_403
Coup de Grâce (1976 film),0,0.0,61,1,pageviews_http_403
Coup de Grâce (novel),0,0.0,19,2,pageviews_http_403
Coup de grâce,0,0.0,659,11,pageviews_http_403
Coupe des Carpathes,0,0.0,90,3,pageviews_http_403
Coupe des Mousquetaires,0,0.0,26,1,pageviews_http_403
Coupe des Nations,0,0.0,70,1,pageviews_http_403
"Court House Hotel, Windsor",0,0.0,5,0,pageviews_http_403
Court Martial (horse),0,0.0,311,0,pageviews_http_403
Court-martial,0,0.0,4727,21,pageviews_http_403
Cousin,0,0.0,1580,99,pageviews_http_403
Cousin Bobby,0,0.0,49,0,pageviews_http_403
Cove,0,0.0,809,1,pageviews_http_403
Coventry Cathedral,0,0.0,890,7,pageviews_http_403
Cover,0,0.0,175,15,pageviews_http_403
Cover You,0,0.0,94,0,pageviews_http_403
Cover You in Kisses,0,0.0,46,0,pageviews_http_403
Cover You in Oil,0,0.0,12,0,pageviews_http_403
Cover to Cover,0,0.0,5,5,pageviews_http_403
Cow and Chicken,0,0.0,896,9,pageviews_http_403
Cowal,0,0.0,351,5,pageviews_http_403
Cowal Highland Gathering,0,0.0,52,2,pageviews_http_403
Coxheath,0,0.0,164,1,pageviews_http_403
Coyne,0,0.0,7,1,pageviews_http_403
Cracker (American TV series),0,0.0,89,5,pageviews_http_403
Cracks (album),0,0.0,3,0,pageviews_http_403
Cracks (film),0,0.0,19,0,pageviews_http_403
Craig Marshall,0,0.0,17,1,pageviews_http_403
Craig Marshall (academic),0,0.0,4,1,pageviews_http_403
"Craigie Aitchison, Lord Aitchison",0,0.0,58,2,pageviews_http_403
Crash 'N Burn (1993 video game),0,0.0,58,3,pageviews_http_403
Crash 'n' Burn (1977 film),0,0.0,9,0,pageviews_http_403
Crash 'n' Burn (2004 video game),0,0.0,23,2,pageviews_http_403
Crash (Have Some Fun),0,0.0,9,0,pageviews_http_403
Crave (film),0,0.0,22,0,pageviews_http_403
Crawling (human),0,0.0,204,10,pageviews_http_403
Crawling (song),0,0.0,230,4,pageviews_http_403
Crazy (2000 film),0,0.0,29,0,pageviews_http_403
Crazy (novel),0,0.0,25,1,pageviews_http_403
Crazy Crazy,0,0.0,1,2,pageviews_http_403
Crazy Moon (film),0,0.0,18,0,pageviews_http_403
Crazy Town (film),0,0.0,105,2,pageviews_http_403
Cream in My Coffee,0,0.0,65,0,pageviews_http_403
Creamer,0,0.0,10,1,pageviews_http_403
Crease (cricket),0,0.0,159,6,pageviews_http_403
Creatures (1990 video game),0,0.0,25,6,pageviews_http_403
Creatures (video game series),0,0.0,102,14,pageviews_http_403
Crime &amp; Punishment (1993 TV series),0,0.0,0,0,pageviews_http_403
Crime Zone,0,0.0,27,2,pageviews_http_403
Crime and Punishment (2002 TV series),0,0.0,68,2,pageviews_http_403
Crime in Australia,0,0.0,744,3,pageviews_http_403
Crime lab,0,0.0,84,4,pageviews_http_403
Crimes (Substituted Section 59) Amendment Act 2007,0,0.0,130,8,pageviews_http_403
Criminal (2004 film),0,0.0,108,0,pageviews_http_403
Criminal Law (film),0,0.0,67,1,pageviews_http_403
Crisis (1946 film),0,0.0,126,0,pageviews_http_403
Crispian Mills,0,0.0,95,3,pageviews_http_403
Crispin Black,0,0.0,18,0,pageviews_http_403
Crispin Whittell,0,0.0,18,0,pageviews_http_403
Crispin and Crispinian,0,0.0,122,20,pageviews_http_403
Criterion,0,0.0,107,3,pageviews_http_403
Critical Condition (film),0,0.0,89,0,pageviews_http_403
Critical Mass (film),0,0.0,84,0,pageviews_http_403
Cro (TV series),0,0.0,229,29,pageviews_http_403
Croft,0,0.0,50,2,pageviews_http_403
Crombie,0,0.0,6,1,pageviews_http_403
Crone,0,0.0,520,1,pageviews_http_403
Crooked House,0,0.0,207,2,pageviews_http_403
Cross My Heart,0,0.0,13,5,pageviews_http_403
Cross My Heart (novel),0,0.0,108,0,pageviews_http_403
Cross Roads (novel),0,0.0,8,0,pageviews_http_403
Cross-Eyed Mary,0,0.0,129,1,pageviews_http_403
Crossing the Bridge,0,0.0,54,0,pageviews_http_403
Crossing-the-bridge noodles,0,0.0,430,4,pageviews_http_403
Crossover (fiction),0,0.0,2983,18,pageviews_http_403
Crouch End (short story),0,0.0,49,2,pageviews_http_403
"Crow Wing County, Minnesota",0,0.0,675,2,pageviews_http_403
Crowley (Supernatural),0,0.0,72,0,pageviews_http_403
Crown,0,0.0,1810,6,pageviews_http_403
Crucifer,0,0.0,410,2,pageviews_http_403
Crufts,0,0.0,299,7,pageviews_http_403
Cruise (film),0,0.0,31,1,pageviews_http_403
Cruisin' Down the River,0,0.0,58,0,pageviews_http_403
Crumpet,0,0.0,499,5,pageviews_http_403
Crustacean,0,0.0,6713,20,pageviews_http_403
Cry 'Havoc' (film),0,0.0,201,2,pageviews_http_403
Cry Baby Cry (Santana song),0,0.0,258,0,pageviews_http_403
Cry Wolf (band),0,0.0,27,2,pageviews_http_403
Cry Wolf (novel),0,0.0,56,0,pageviews_http_403
"Cry, Cry, Cry (Connie Smith song)",0,0.0,53,0,pageviews_http_403
"Cry, Cry, Cry (Highway 101 song)",0,0.0,36,0,pageviews_http_403
Crystals (song),0,0.0,35,1,pageviews_http_403
Crème de Noyaux,0,0.0,649,5,pageviews_http_403
Crème de la crème,0,0.0,27,5,pageviews_http_403
Cubism,0,0.0,3749,13,pageviews_http_403
Cuckoo,0,0.0,1599,13,pageviews_http_403
Cuckoo Trail,0,0.0,31,0,pageviews_http_403
Culture (band),0,0.0,131,1,pageviews_http_403
Culture Clash (band),0,0.0,11,0,pageviews_http_403
Culture Shock (band),0,0.0,28,0,pageviews_http_403
Culture of New Orleans,0,0.0,189,1,pageviews_http_403
Culture of the Cayman Islands,0,0.0,96,3,pageviews_http_403
Cumberland sauce,0,0.0,16,0,pageviews_http_403
Cunter,0,0.0,41,7,pageviews_http_403
Cunter (band),0,0.0,42,9,pageviews_http_403
Cup Noodles,0,0.0,343,13,pageviews_http_403
Cure Bowl,0,0.0,209,4,pageviews_http_403
Curley,0,0.0,23,0,pageviews_http_403
Cursor (databases),0,0.0,157,3,pageviews_http_403
Curt Echtermeyer,0,0.0,127,2,pageviews_http_403
Curtis,0,0.0,92,4,pageviews_http_403
Curtis (Curtis Mayfield album),0,0.0,60,1,pageviews_http_403
Customer Loyalty (The Office),0,0.0,226,0,pageviews_http_403
Customer relationship management,0,0.0,1653,50,pageviews_http_403
Cut,0,0.0,114,8,pageviews_http_403
Cut (EP),0,0.0,11,0,pageviews_http_403
Cut It Out (EP),0,0.0,4,0,pageviews_http_403
Cyanide,0,0.0,1971,23,pageviews_http_403
Cycle (2008 film),0,0.0,69,0,pageviews_http_403
Cycle (2017 film),0,0.0,10,0,pageviews_http_403
Cycler,0,0.0,13,1,pageviews_http_403
Cynthia Lamontagne,0,0.0,25,0,pageviews_http_403
Cynthia McWilliams,0,0.0,61,2,pageviews_http_403
Cyprus national rugby sevens team,0,0.0,157,1,pageviews_http_403
Czorsztyn,0,0.0,53,1,pageviews_http_403
Czorsztyn Castle,0,0.0,16,0,pageviews_http_403
D (film),0,0.0,239,0,pageviews_http_403
D (video game),0,0.0,105,7,pageviews_http_403
D'Amore,0,0.0,3,1,pageviews_http_403
D. W. Griffith,0,0.0,2261,10,pageviews_http_403
DC vs. Marvel,0,0.0,388,22,pageviews_http_403
DM,0,0.0,61,8,pageviews_http_403
DM Lyrae,0,0.0,127,1,pageviews_http_403
DM Sevilla,0,0.0,52,0,pageviews_http_403
DM domain,0,0.0,58,0,pageviews_http_403
DR,0,0.0,150,6,pageviews_http_403
Da (film),0,0.0,28,1,pageviews_http_403
Da Da Da,0,0.0,80,11,pageviews_http_403
Da Game of Life (film),0,0.0,36,0,pageviews_http_403
Da grande (film),0,0.0,25,1,pageviews_http_403
Dab (dance),0,0.0,282,7,pageviews_http_403
Dad (1989 film),0,0.0,62,0,pageviews_http_403
Dad (2005 film),0,0.0,11,1,pageviews_http_403
Dad's Army,0,0.0,1132,37,pageviews_http_403
Daddy (1989 film),0,0.0,100,0,pageviews_http_403
Daddy (1991 film),0,0.0,94,1,pageviews_http_403
Daddy (2001 film),0,0.0,94,0,pageviews_http_403
Daddy (dog),0,0.0,21,0,pageviews_http_403
Daddy Daddy,0,0.0,82,0,pageviews_http_403
Daddy Never Was the Cadillac Kind,0,0.0,21,0,pageviews_http_403
Daddy Was Asleep,0,0.0,1,0,pageviews_http_403
Daddy's Home 2,0,0.0,106,2,pageviews_http_403
Daddy-Long-Legs (novel),0,0.0,76,0,pageviews_http_403
Daffy Duck,0,0.0,1648,8,pageviews_http_403
Dagobert,0,0.0,26,1,pageviews_http_403
Dagobert II,0,0.0,152,1,pageviews_http_403
Dagobert III,0,0.0,193,2,pageviews_http_403
Dahyabhai Patel,0,0.0,21,1,pageviews_http_403
Dahyabhai Shastri,0,0.0,414,0,pageviews_http_403
Dahyabhai Vallabhbhai Patel,0,0.0,20,1,pageviews_http_403
Daizo Kusuda,0,0.0,11,1,pageviews_http_403
Dakota people,0,0.0,1900,26,pageviews_http_403
Dalagang Bukid,0,0.0,35,0,pageviews_http_403
Dale Horvath,0,0.0,159,1,pageviews_http_403
Dalek (Doctor Who episode),0,0.0,494,5,pageviews_http_403
Dalhart Unit,0,0.0,89,2,pageviews_http_403
Dallas,0,0.0,27070,44,pageviews_http_403
"Dallas, Oregon",0,0.0,272,9,pageviews_http_403
Dalsukh Dahyabhai Malvania,0,0.0,116,0,pageviews_http_403
Daman and Diu,0,0.0,795,1,pageviews_http_403
Dame Edna Everage,0,0.0,609,8,pageviews_http_403
Damla,0,0.0,5,0,pageviews_http_403
Damla Çakıroğlu,0,0.0,28,1,pageviews_http_403
Damon and Pythias,0,0.0,84,6,pageviews_http_403
Damon and Pythias (play),0,0.0,168,0,pageviews_http_403
Dan Boren,0,0.0,226,3,pageviews_http_403
Dan Parkinson,0,0.0,11,1,pageviews_http_403
Dan Parkinson (author),0,0.0,15,1,pageviews_http_403
Dan Parkinson (footballer),0,0.0,6,0,pageviews_http_403
Dance Like There's No Tomorrow,0,0.0,50,1,pageviews_http_403
Dance in the Dark,0,0.0,423,5,pageviews_http_403
Dance in the Dark (horse),0,0.0,72,1,pageviews_http_403
Dancing After Hours,0,0.0,11,0,pageviews_http_403
Dancing in the Dark (Bruce Springsteen song),0,0.0,455,3,pageviews_http_403
Dancing on Coral,0,0.0,121,0,pageviews_http_403
Dancing on Ice,0,0.0,650,13,pageviews_http_403
Dancing on Wheels,0,0.0,21,0,pageviews_http_403
Dandu Gopalapuram,0,0.0,5,0,pageviews_http_403
Dandu Mailaram,0,0.0,4,2,pageviews_http_403
Danger Danger,0,0.0,160,11,pageviews_http_403
Dangerous (Michael Jackson album),0,0.0,552,16,pageviews_http_403
Danie Mellor,0,0.0,135,2,pageviews_http_403
"Daniel Blades, Lord Blades",0,0.0,17,4,pageviews_http_403
"Daniel Brennan, Baron Brennan",0,0.0,34,3,pageviews_http_403
Daniel Burton,0,0.0,15,2,pageviews_http_403
Daniel Casey,0,0.0,72,1,pageviews_http_403
Daniel Casey (screenwriter),0,0.0,28,2,pageviews_http_403
Daniel K. Daniel,0,0.0,54,2,pageviews_http_403
Daniel Manzato,0,0.0,31,1,pageviews_http_403
Daniel McGladdery,0,0.0,12,2,pageviews_http_403
Daniel Ortega,0,0.0,1750,7,pageviews_http_403
Danielle Schulmann,0,0.0,17,2,pageviews_http_403
Danny (Finnish singer),0,0.0,59,2,pageviews_http_403
Danny Cedrone,0,0.0,139,0,pageviews_http_403
Danny Masterson,0,0.0,391,2,pageviews_http_403
Danny Williams,0,0.0,119,9,pageviews_http_403
Danny Williams (singer),0,0.0,76,3,pageviews_http_403
Dano-Swedish War,0,0.0,46,11,pageviews_http_403
Dano-Swedish War (1470–1471),0,0.0,51,4,pageviews_http_403
Darin,0,0.0,17,1,pageviews_http_403
Darin Adler,0,0.0,20,1,pageviews_http_403
Darin Brooks,0,0.0,104,0,pageviews_http_403
Darin Morgan,0,0.0,172,0,pageviews_http_403
Dariush,0,0.0,9,6,pageviews_http_403
Dariush Borbor,0,0.0,25,2,pageviews_http_403
Dark Horse Comics,0,0.0,3473,17,pageviews_http_403
Dark Magic (novel),0,0.0,28,0,pageviews_http_403
Dark Matter (comics),0,0.0,20,0,pageviews_http_403
Dark Night (2005 film),0,0.0,6,1,pageviews_http_403
Dark Secret (horse),0,0.0,18,0,pageviews_http_403
Dark Shadows,0,0.0,908,5,pageviews_http_403
Dark They Were and Golden Eyed (bookshop),0,0.0,69,3,pageviews_http_403
"Dark They Were, and Golden-Eyed",0,0.0,175,3,pageviews_http_403
Dark matter,0,0.0,2764,16,pageviews_http_403
Darkness (short story collection),0,0.0,20,1,pageviews_http_403
Darkvision,0,0.0,8,1,pageviews_http_403
Darkvision (novel),0,0.0,9,0,pageviews_http_403
"Darling, Darling, Darling",0,0.0,79,1,pageviews_http_403
Darpan,0,0.0,2,2,pageviews_http_403
Darr,0,0.0,224,1,pageviews_http_403
Darreh Chapi,0,0.0,1,1,pageviews_http_403
Darrell,0,0.0,21,4,pageviews_http_403
Darrell Armstrong,0,0.0,218,1,pageviews_http_403
Darrell Ward,0,0.0,13,0,pageviews_http_403
Darrow,0,0.0,5,0,pageviews_http_403
Darrow &amp; Darrow,0,0.0,0,0,pageviews_http_403
Darts,0,0.0,5162,12,pageviews_http_403
Darts (band),0,0.0,83,1,pageviews_http_403
Daryl Mosley,0,0.0,9,0,pageviews_http_403
Date and time notation,0,0.0,38,3,pageviews_http_403
Date and time notation in Canada,0,0.0,38,8,pageviews_http_403
Date and time notation in Japan,0,0.0,38,0,pageviews_http_403
Date rape drug,0,0.0,534,16,pageviews_http_403
Daud Khan,0,0.0,8,3,pageviews_http_403
Daud Khan Karrani,0,0.0,102,1,pageviews_http_403
Daugherty,0,0.0,5,1,pageviews_http_403
Daugherty Report,0,0.0,2,2,pageviews_http_403
Daughter (2014 film),0,0.0,10,0,pageviews_http_403
Daughter (2016 film),0,0.0,112,0,pageviews_http_403
Daughter (2019 film),0,0.0,33,2,pageviews_http_403
"Daughters, Daughters",0,0.0,20,2,pageviews_http_403
Dauphin of France,0,0.0,633,5,pageviews_http_403
Dauphine,0,0.0,17,1,pageviews_http_403
Dave (Lost),0,0.0,175,1,pageviews_http_403
Dave Johnson (announcer),0,0.0,137,0,pageviews_http_403
Dave Martinez,0,0.0,299,2,pageviews_http_403
Dave Smalley,0,0.0,83,0,pageviews_http_403
Dave Walder,0,0.0,51,1,pageviews_http_403
Dave Williams (radio announcer),0,0.0,5,1,pageviews_http_403
Dave at Night,0,0.0,10,1,pageviews_http_403
David Akers,0,0.0,500,2,pageviews_http_403
David Alexander,0,0.0,42,5,pageviews_http_403
David Alexander (singer),0,0.0,15,0,pageviews_http_403
David Baxter (poker player),0,0.0,80,1,pageviews_http_403
"David Boyle, Lord Boyle",0,0.0,106,1,pageviews_http_403
David Carlisle Hull,0,0.0,28,0,pageviews_http_403
David Cobb,0,0.0,46,4,pageviews_http_403
David Cobb (activist),0,0.0,261,3,pageviews_http_403
David Cobb (artist),0,0.0,16,0,pageviews_http_403
David David,0,0.0,7,2,pageviews_http_403
David David Mr. David,0,0.0,18,1,pageviews_http_403
David Hahn,0,0.0,144,8,pageviews_http_403
David Harris Willson,0,0.0,28,0,pageviews_http_403
David Haugh,0,0.0,27,1,pageviews_http_403
David Henrie,0,0.0,238,2,pageviews_http_403
David Hibbard,0,0.0,7,2,pageviews_http_403
David Homoláč,0,0.0,7,2,pageviews_http_403
David Huertas,0,0.0,63,1,pageviews_http_403
David Hull,0,0.0,31,3,pageviews_http_403
David Hull (actor),0,0.0,24,0,pageviews_http_403
David Labrava,0,0.0,138,2,pageviews_http_403
David Luiz,0,0.0,859,3,pageviews_http_403
David Melnick,0,0.0,17,1,pageviews_http_403
David Ogrin,0,0.0,63,1,pageviews_http_403
David Oppenheim (poker player),0,0.0,99,1,pageviews_http_403
David Puckett,0,0.0,66,2,pageviews_http_403
David Ryall,0,0.0,139,1,pageviews_http_403
David Singer,0,0.0,19,2,pageviews_http_403
David Singer (poker player),0,0.0,406,0,pageviews_http_403
David Spenser,0,0.0,39,1,pageviews_http_403
David Usher,0,0.0,127,1,pageviews_http_403
David Walder,0,0.0,31,2,pageviews_http_403
David Weinstein,0,0.0,5,2,pageviews_http_403
David Willson,0,0.0,7,2,pageviews_http_403
Davos Seaworth,0,0.0,194,1,pageviews_http_403
Dawn,0,0.0,525,9,pageviews_http_403
Dawn (1928 film),0,0.0,150,0,pageviews_http_403
Dawn (1985 film),0,0.0,39,2,pageviews_http_403
Dawn (Andrews novel),0,0.0,34,1,pageviews_http_403
Dawn Lyn,0,0.0,47,0,pageviews_http_403
Dawn of America,0,0.0,52,2,pageviews_http_403
Dawn of the Planet of the Apes,0,0.0,436,7,pageviews_http_403
Dawn!,0,0.0,56,0,pageviews_http_403
Day After Day,0,0.0,7,3,pageviews_http_403
Day After Day (Badfinger song),0,0.0,85,0,pageviews_http_403
Day After Day (film),0,0.0,8,0,pageviews_http_403
Day After Tomorrow (Day After Tomorrow album),0,0.0,8,0,pageviews_http_403
Day Day Up,0,0.0,154,3,pageviews_http_403
Day Off,0,0.0,2,2,pageviews_http_403
Day Off (film),0,0.0,20,2,pageviews_http_403
Day One (1989 film),0,0.0,160,2,pageviews_http_403
Day Trip to Bangor (Didn't We Have a Lovely Time),0,0.0,18,2,pageviews_http_403
Day by Day,0,0.0,27,10,pageviews_http_403
Day by Day (EP),0,0.0,79,2,pageviews_http_403
"Day by Day, Desperately",0,0.0,17,2,pageviews_http_403
Day of the Outlaw,0,0.0,80,0,pageviews_http_403
Day to Day,0,0.0,270,2,pageviews_http_403
Daybreak (Battlestar Galactica),0,0.0,134,0,pageviews_http_403
Daydreaming (Paramore song),0,0.0,64,0,pageviews_http_403
Daydreaming (Radiohead song),0,0.0,138,0,pageviews_http_403
Daylight (Maroon 5 song),0,0.0,145,0,pageviews_http_403
Dayna,0,0.0,9,2,pageviews_http_403
Dayna Curry,0,0.0,39,0,pageviews_http_403
Dayna Manning,0,0.0,43,0,pageviews_http_403
Days Before Tomorrow (band),0,0.0,4,0,pageviews_http_403
Days of Tomorrow,0,0.0,81,2,pageviews_http_403
Days of Wine and Roses,0,0.0,9,4,pageviews_http_403
Days of Wine and Roses (film),0,0.0,226,3,pageviews_http_403
Dayton Project,0,0.0,284,0,pageviews_http_403
Daze,0,0.0,25,1,pageviews_http_403
"De Smet, South Dakota",0,0.0,201,4,pageviews_http_403
Dead Calm (film),0,0.0,234,0,pageviews_http_403
Dead Letters,0,0.0,65,4,pageviews_http_403
Dead Sea,0,0.0,2450,25,pageviews_http_403
Dead Souls,0,0.0,255,9,pageviews_http_403
Dead or Alive 5,0,0.0,198,10,pageviews_http_403
Deadline,0,0.0,384,22,pageviews_http_403
Deadline (Grant novel),0,0.0,33,0,pageviews_http_403
Deadline (band),0,0.0,50,0,pageviews_http_403
Deadline (magazine),0,0.0,33,0,pageviews_http_403
Deadpool 2,0,0.0,901,14,pageviews_http_403
Deadpool 2 (soundtrack),0,0.0,258,2,pageviews_http_403
Dean Winchester,0,0.0,279,0,pageviews_http_403
Dear Dad (2016 film),0,0.0,12,1,pageviews_http_403
Death (album),0,0.0,7,0,pageviews_http_403
Death (play),0,0.0,92,0,pageviews_http_403
Death from Above,0,0.0,5,5,pageviews_http_403
Death of a Batman,0,0.0,93,0,pageviews_http_403
Death of a Princess,0,0.0,41,1,pageviews_http_403
Deaths in August 1996,0,0.0,435,1,pageviews_http_403
Deaths in September 1987,0,0.0,523,1,pageviews_http_403
Deaths in September 2007,0,0.0,449,1,pageviews_http_403
Debbie,0,0.0,34,2,pageviews_http_403
Debbie Johnson,0,0.0,20,2,pageviews_http_403
Debbie Meyer,0,0.0,389,1,pageviews_http_403
Debbie Turner,0,0.0,25,0,pageviews_http_403
Deborah Cottrill,0,0.0,47,1,pageviews_http_403
Debt relief,0,0.0,440,10,pageviews_http_403
Declaration,0,0.0,50,5,pageviews_http_403
Declaration (book),0,0.0,22,0,pageviews_http_403
Declaration of the Independence of New Zealand,0,0.0,109,0,pageviews_http_403
Decomposition,0,0.0,1801,19,pageviews_http_403
Decorate,0,0.0,6,1,pageviews_http_403
Dedication,0,0.0,96,6,pageviews_http_403
Dedication (publishing),0,0.0,164,2,pageviews_http_403
Dedication!,0,0.0,201,0,pageviews_http_403
Deep Blue Sea 2,0,0.0,27,1,pageviews_http_403
Deep Breath,0,0.0,8,1,pageviews_http_403
Deep Breath (film),0,0.0,46,0,pageviews_http_403
Deep End (short story),0,0.0,62,0,pageviews_http_403
Deep Run,0,0.0,24,1,pageviews_http_403
Deep Waters (short story collection),0,0.0,8,1,pageviews_http_403
Deer,0,0.0,5385,23,pageviews_http_403
Deer Creek Public Schools,0,0.0,120,4,pageviews_http_403
Deewangi,0,0.0,162,2,pageviews_http_403
Defecation,0,0.0,1198,39,pageviews_http_403
Defence Security Corps,0,0.0,209,1,pageviews_http_403
Deforestation in the Philippines,0,0.0,513,5,pageviews_http_403
Deforestation in the United States,0,0.0,99,2,pageviews_http_403
Dehydroepiandrosterone,0,0.0,2894,11,pageviews_http_403
Deion Sanders,0,0.0,2120,11,pageviews_http_403
Deivos (band),0,0.0,9,0,pageviews_http_403
Dejando Huella,0,0.0,13,1,pageviews_http_403
Del Monroe,0,0.0,28,0,pageviews_http_403
Del-Del,0,0.0,8,1,pageviews_http_403
Delete (SQL),0,0.0,113,3,pageviews_http_403
Delete Yourself!,0,0.0,36,1,pageviews_http_403
Delete key,0,0.0,183,3,pageviews_http_403
Delivering (film),0,0.0,20,0,pageviews_http_403
Delivering Happiness,0,0.0,15,1,pageviews_http_403
Delivering Milo,0,0.0,46,0,pageviews_http_403
Delle,0,0.0,177,0,pageviews_http_403
Delta (video game),0,0.0,28,3,pageviews_http_403
Delta Delta Delta,0,0.0,509,6,pageviews_http_403
Delta Force (video game),0,0.0,88,5,pageviews_http_403
Delta Velorum,0,0.0,174,6,pageviews_http_403
Demachi,0,0.0,1,0,pageviews_http_403
Demand,0,0.0,761,9,pageviews_http_403
Demetrius,0,0.0,133,5,pageviews_http_403
Demetrius Futaki,0,0.0,6,2,pageviews_http_403
Demetrius Pinder,0,0.0,216,1,pageviews_http_403
Democracy,0,0.0,10957,51,pageviews_http_403
Democracy (Numbers),0,0.0,60,1,pageviews_http_403
Democracy (play),0,0.0,61,0,pageviews_http_403
Democratic Social Party,0,0.0,306,1,pageviews_http_403
Demographics of Asian Americans,0,0.0,379,4,pageviews_http_403
Demographics of California,0,0.0,849,17,pageviews_http_403
Demographics of France,0,0.0,642,13,pageviews_http_403
Demon (novel),0,0.0,27,0,pageviews_http_403
Demsey McKean,0,0.0,19,0,pageviews_http_403
Den Store Danske Encyklopædi,0,0.0,379,10,pageviews_http_403
Den of Thieves (film),0,0.0,85,0,pageviews_http_403
Den store barnedåpen,0,0.0,26,1,pageviews_http_403
Den store gavtyv,0,0.0,19,0,pageviews_http_403
Den store klassefesten,0,0.0,10,0,pageviews_http_403
Deng Geu,0,0.0,17,0,pageviews_http_403
Deng Yaping,0,0.0,423,4,pageviews_http_403
Deniliquin railway line,0,0.0,379,9,pageviews_http_403
"Denis Carter, Baron Carter",0,0.0,29,2,pageviews_http_403
Denise (given name),0,0.0,60,0,pageviews_http_403
Denise Borino-Quinn,0,0.0,33,1,pageviews_http_403
Denise Huxtable,0,0.0,74,4,pageviews_http_403
Deniz Akdeniz,0,0.0,50,0,pageviews_http_403
Denmark,0,0.0,138542,36,pageviews_http_403
Dennehy,0,0.0,53,0,pageviews_http_403
Dennis Havig,0,0.0,55,1,pageviews_http_403
Dennis the Menace,0,0.0,92,8,pageviews_http_403
Dennis the Menace Strikes Again,0,0.0,51,2,pageviews_http_403
Denny Sanford Premier Center,0,0.0,453,2,pageviews_http_403
Denroy Morgan,0,0.0,26,0,pageviews_http_403
Dense connective tissue,0,0.0,74,1,pageviews_http_403
Dense irregular connective tissue,0,0.0,61,0,pageviews_http_403
Dense regular connective tissue,0,0.0,54,1,pageviews_http_403
Dental floss,0,0.0,400,6,pageviews_http_403
Department,0,0.0,133,4,pageviews_http_403
Department (film),0,0.0,220,1,pageviews_http_403
Department for Education,0,0.0,5493,10,pageviews_http_403
Department for Education and Skills,0,0.0,22,1,pageviews_http_403
Department of Economic Development (South Africa),0,0.0,94,0,pageviews_http_403
Department of Social Development,0,0.0,16,2,pageviews_http_403
Department of Social Development (South Africa),0,0.0,122,2,pageviews_http_403
Department of Social Welfare and Development,0,0.0,639,4,pageviews_http_403
Departments of the Continental Army,0,0.0,132,1,pageviews_http_403
Depeche Mode,0,0.0,3559,22,pageviews_http_403
Deportivo Mandiyú,0,0.0,102,2,pageviews_http_403
Der Tod und das Mädchen,0,0.0,145,4,pageviews_http_403
Derek Pringle,0,0.0,137,0,pageviews_http_403
Derek Randall,0,0.0,139,0,pageviews_http_403
Desario,0,0.0,16,2,pageviews_http_403
Descendants 3,0,0.0,425,5,pageviews_http_403
Description Definition Language,0,0.0,45,0,pageviews_http_403
Description language,0,0.0,3,1,pageviews_http_403
Desert de les Palmes Natural Park,0,0.0,5,3,pageviews_http_403
Desert de les Palmes Range,0,0.0,9,5,pageviews_http_403
Design by committee,0,0.0,413,6,pageviews_http_403
Designated driver,0,0.0,446,2,pageviews_http_403
Desirable,0,0.0,5,2,pageviews_http_403
Desirable (film),0,0.0,92,1,pageviews_http_403
Desirable Daughters,0,0.0,12,0,pageviews_http_403
Desirable difficulty,0,0.0,262,3,pageviews_http_403
Desire,0,0.0,780,9,pageviews_http_403
Desire (1936 film),0,0.0,124,0,pageviews_http_403
Desire (1982 film),0,0.0,51,0,pageviews_http_403
Desire (2000 film),0,0.0,21,0,pageviews_http_403
Desire Street (film),0,0.0,16,6,pageviews_http_403
Desires (film),0,0.0,45,1,pageviews_http_403
Desperate (film),0,0.0,82,0,pageviews_http_403
Desperate Housewives season 2,0,0.0,307,59,pageviews_http_403
Desperate Measures (film),0,0.0,79,1,pageviews_http_403
Despised Icon,0,0.0,163,10,pageviews_http_403
Destin Daniel Cretton,0,0.0,198,5,pageviews_http_403
Destiny,0,0.0,1974,4,pageviews_http_403
Destiny (1921 film),0,0.0,163,9,pageviews_http_403
Destiny (1938 film),0,0.0,104,0,pageviews_http_403
Destiny (1944 film),0,0.0,68,0,pageviews_http_403
Det var paa Rundetaarn,0,0.0,22,1,pageviews_http_403
Details (film),0,0.0,24,1,pageviews_http_403
Detective (1954 film),0,0.0,35,0,pageviews_http_403
Detective (2007 film),0,0.0,57,0,pageviews_http_403
Dethklok,0,0.0,387,23,pageviews_http_403
Detroit International Riverfront,0,0.0,697,13,pageviews_http_403
Deuces (film),0,0.0,15,0,pageviews_http_403
Deuces (song),0,0.0,892,1,pageviews_http_403
Deux,0,0.0,6,1,pageviews_http_403
Deux-Montagnes,0,0.0,5,0,pageviews_http_403
Deux-Nèthes,0,0.0,104,1,pageviews_http_403
Development Bank of the Philippines,0,0.0,159,3,pageviews_http_403
Devil on Horseback,0,0.0,40,0,pageviews_http_403
Devil's Pass,0,0.0,57,2,pageviews_http_403
Devon Hamilton,0,0.0,175,2,pageviews_http_403
Devotion (1931 film),0,0.0,41,0,pageviews_http_403
Devotion (1946 film),0,0.0,162,0,pageviews_http_403
Dez Fafara,0,0.0,65,5,pageviews_http_403
Dhaka Anushilan Samiti,0,0.0,217,1,pageviews_http_403
Dham,0,0.0,18,2,pageviews_http_403
Dham (film),0,0.0,19,2,pageviews_http_403
Dhananjaya Y. Chandrachud,0,0.0,283,12,pageviews_http_403
Dheeraj,0,0.0,11,0,pageviews_http_403
Dheeraj Dhoopar,0,0.0,142,0,pageviews_http_403
Dheeraj Jadhav,0,0.0,35,0,pageviews_http_403
DiAna DiAna,0,0.0,6,2,pageviews_http_403
Dia Dia Dia,0,0.0,13,0,pageviews_http_403
Diamond Jubilee Concert,0,0.0,440,0,pageviews_http_403
Diamond jubilee,0,0.0,471,3,pageviews_http_403
Diana Moran,0,0.0,28,0,pageviews_http_403
"Diana Russell, Duchess of Bedford",0,0.0,43,2,pageviews_http_403
Diane (1929 film),0,0.0,44,2,pageviews_http_403
Diane (1956 film),0,0.0,116,0,pageviews_http_403
Diane (2017 film),0,0.0,3,0,pageviews_http_403
Diane Kruger,0,0.0,624,6,pageviews_http_403
Dice,0,0.0,1494,41,pageviews_http_403
Dichomeris sybilla,0,0.0,5,0,pageviews_http_403
Dick Emery,0,0.0,198,1,pageviews_http_403
Dick Rude,0,0.0,34,0,pageviews_http_403
Dick's Last Resort,0,0.0,47,0,pageviews_http_403
Dickie Bird,0,0.0,280,4,pageviews_http_403
Did I Shave My Back for This?,0,0.0,31,2,pageviews_http_403
Did I Shave My Legs for This?,0,0.0,40,3,pageviews_http_403
Did I Shave My Legs for This? (song),0,0.0,25,0,pageviews_http_403
Didn't I,0,0.0,3,2,pageviews_http_403
Die Hard with a Vengeance,0,0.0,446,21,pageviews_http_403
Die Jungfrau auf dem Dach,0,0.0,64,1,pageviews_http_403
Die Trying,0,0.0,8,2,pageviews_http_403
Diego Contento,0,0.0,89,0,pageviews_http_403
Dierks Bentley,0,0.0,1092,2,pageviews_http_403
Different Directions,0,0.0,0,0,pageviews_http_403
Diffuse axonal injury,0,0.0,127,8,pageviews_http_403
Digging to America,0,0.0,37,1,pageviews_http_403
Digging to China,0,0.0,26,1,pageviews_http_403
Digital distribution,0,0.0,3587,22,pageviews_http_403
Digital gold currency,0,0.0,148,4,pageviews_http_403
Dil (1990 film),0,0.0,87,0,pageviews_http_403
Dil (2003 film),0,0.0,70,0,pageviews_http_403
Dil Dil Dil,0,0.0,5,1,pageviews_http_403
Dilemma,0,0.0,287,9,pageviews_http_403
Dilemma (novel),0,0.0,79,0,pageviews_http_403
Dilson,0,0.0,2,1,pageviews_http_403
Dilson Herrera,0,0.0,86,0,pageviews_http_403
Dilson Torres,0,0.0,17,0,pageviews_http_403
Dima,0,0.0,12,1,pageviews_http_403
Dima Grigoriev,0,0.0,19,3,pageviews_http_403
Dimitri Kudinov,0,0.0,19,0,pageviews_http_403
Dimitri Pätzold,0,0.0,41,2,pageviews_http_403
Dimming of the Day,0,0.0,87,0,pageviews_http_403
Dimples (1916 film),0,0.0,15,0,pageviews_http_403
Din Joe Crowley,0,0.0,41,0,pageviews_http_403
Din Syamsuddin,0,0.0,28,0,pageviews_http_403
Ding Dog Daddy,0,0.0,248,0,pageviews_http_403
Ding Ling,0,0.0,111,5,pageviews_http_403
Ding-A-Ling,0,0.0,24,1,pageviews_http_403
Dining room,0,0.0,627,7,pageviews_http_403
Dino De Zordo,0,0.0,19,0,pageviews_http_403
Dinorah Enríquez,0,0.0,13,1,pageviews_http_403
Dio,0,0.0,123,3,pageviews_http_403
Dio (album),0,0.0,89,1,pageviews_http_403
Diocese,0,0.0,21176,41,pageviews_http_403
Dipu,0,0.0,8,0,pageviews_http_403
Dipu Ghosh,0,0.0,34,1,pageviews_http_403
Dipu Moni,0,0.0,107,4,pageviews_http_403
Direct rule,0,0.0,183,3,pageviews_http_403
Direct rule (Northern Ireland),0,0.0,415,5,pageviews_http_403
Director,0,0.0,1449,10,pageviews_http_403
Director of the United States Secret Service,0,0.0,137,6,pageviews_http_403
Dirt,0,0.0,457,3,pageviews_http_403
Dirty (Sonic Youth album),0,0.0,122,0,pageviews_http_403
Dirty Sanchez (TV series),0,0.0,94,14,pageviews_http_403
Dirty Weekend (novel),0,0.0,22,0,pageviews_http_403
Disapproval voting,0,0.0,33,4,pageviews_http_403
Discount,0,0.0,53,2,pageviews_http_403
Discount (band),0,0.0,88,1,pageviews_http_403
Discount (film),0,0.0,13,0,pageviews_http_403
Discount store,0,0.0,6654,17,pageviews_http_403
Discounts and allowances,0,0.0,280,36,pageviews_http_403
Discovery of Neptune,0,0.0,152,2,pageviews_http_403
Discworld Noir,0,0.0,147,1,pageviews_http_403
Dishwasher,0,0.0,610,12,pageviews_http_403
Disk First Aid,0,0.0,13,0,pageviews_http_403
Distant Trumpet,0,0.0,62,0,pageviews_http_403
District,0,0.0,5319,13,pageviews_http_403
District Railway steam locomotives,0,0.0,140,1,pageviews_http_403
Disturbed,0,0.0,410,2,pageviews_http_403
Disturbed (Numbers),0,0.0,55,1,pageviews_http_403
Disturbed (film),0,0.0,31,0,pageviews_http_403
Diurnal,0,0.0,120,2,pageviews_http_403
Diurnal enuresis,0,0.0,51,3,pageviews_http_403
Diurnal motion,0,0.0,136,2,pageviews_http_403
Dive (film),0,0.0,0,0,pageviews_http_403
Dive Bar,0,0.0,6,1,pageviews_http_403
Dive Dive,0,0.0,16,0,pageviews_http_403
Dive bar,0,0.0,361,3,pageviews_http_403
Dive! (film),0,0.0,15,1,pageviews_http_403
Dive! Dive! Dive!,0,0.0,38,0,pageviews_http_403
Divergent boundary,0,0.0,717,18,pageviews_http_403
Divergent series,0,0.0,332,30,pageviews_http_403
Diving bell,0,0.0,1478,30,pageviews_http_403
Divya Sripada,0,0.0,18,0,pageviews_http_403
Diwani,0,0.0,333,2,pageviews_http_403
Dixie,0,0.0,359,8,pageviews_http_403
Dixie Union,0,0.0,0,1,pageviews_http_403
Dixie Union (horse),0,0.0,22,0,pageviews_http_403
"Dixie Union, Georgia",0,0.0,27,1,pageviews_http_403
Dixon Lanier Merritt,0,0.0,12,1,pageviews_http_403
Djer,0,0.0,601,4,pageviews_http_403
Djibouti,0,0.0,8034,31,pageviews_http_403
Dmitrovsky (rural locality),0,0.0,3,0,pageviews_http_403
Dmitry Medvedev,0,0.0,3727,31,pageviews_http_403
Do I Love You,0,0.0,1,1,pageviews_http_403
Do I Love You?,0,0.0,123,0,pageviews_http_403
Do It ('Til You're Satisfied),0,0.0,39,0,pageviews_http_403
Do It ('Til You're Satisfied) (album),0,0.0,12,1,pageviews_http_403
Do It (TV series),0,0.0,9,0,pageviews_http_403
Do It Like That,0,0.0,4,1,pageviews_http_403
Do That...,0,0.0,140,2,pageviews_http_403
Do Ya Do Ya (Wanna Please Me),0,0.0,42,0,pageviews_http_403
Do the Work,0,0.0,24,1,pageviews_http_403
Doc,0,0.0,122,6,pageviews_http_403
Doc Parker,0,0.0,19,0,pageviews_http_403
Doc+,0,0.0,14,0,pageviews_http_403
Doctor Doctor,0,0.0,21,9,pageviews_http_403
Doctor Neo Cortex,0,0.0,134,6,pageviews_http_403
Doctor Slaughter,0,0.0,33,0,pageviews_http_403
Doctor of Business Administration,0,0.0,463,5,pageviews_http_403
Doctor of Civil Law,0,0.0,835,8,pageviews_http_403
Doctor of Law,0,0.0,879,0,pageviews_http_403
Doctor! Doctor!,0,0.0,70,0,pageviews_http_403
Doctors (novel),0,0.0,20,1,pageviews_http_403
Doctors' plot,0,0.0,951,11,pageviews_http_403
Dodd,0,0.0,12,1,pageviews_http_403
"Dodge City, Kansas",0,0.0,1197,7,pageviews_http_403
Dodger,0,0.0,18,5,pageviews_http_403
Does exactly what it says on the tin,0,0.0,99,10,pageviews_http_403
Dog Days (2018 film),0,0.0,45,0,pageviews_http_403
Dog Gone,0,0.0,82,1,pageviews_http_403
Dog days,0,0.0,111,7,pageviews_http_403
Dog the Bounty Hunter,0,0.0,300,11,pageviews_http_403
Dogberry,0,0.0,87,2,pageviews_http_403
Dogs (manga),0,0.0,151,6,pageviews_http_403
Doing It My Way,0,0.0,16,3,pageviews_http_403
Doll (manga),0,0.0,67,2,pageviews_http_403
Dollar General,0,0.0,1106,15,pageviews_http_403
Dollar sign,0,0.0,1248,27,pageviews_http_403
Dolls (2002 film),0,0.0,77,2,pageviews_http_403
Dolls! Dolls! Dolls!,0,0.0,10,2,pageviews_http_403
Dolophones,0,0.0,10,0,pageviews_http_403
Dolophones conifera,0,0.0,5,1,pageviews_http_403
Dolophones turrigera,0,0.0,3,0,pageviews_http_403
Dolours Price,0,0.0,459,1,pageviews_http_403
Dolphin Tale 2,0,0.0,100,2,pageviews_http_403
Domangart mac Domnaill,0,0.0,66,3,pageviews_http_403
Dome of the Rock,0,0.0,1357,9,pageviews_http_403
Domenico Bellizzi,0,0.0,145,1,pageviews_http_403
Domenico Bologna,0,0.0,2,1,pageviews_http_403
Domingo Eyzaguirre,0,0.0,15,0,pageviews_http_403
Dominic,0,0.0,218,3,pageviews_http_403
Dominic Hoffman,0,0.0,37,0,pageviews_http_403
Dominic Serres,0,0.0,143,1,pageviews_http_403
Dominick Bellizzi,0,0.0,9,0,pageviews_http_403
Don (2007 film),0,0.0,75,2,pageviews_http_403
Don Juan,0,0.0,554,3,pageviews_http_403
Don Juan Pond,0,0.0,42,2,pageviews_http_403
Don Lorenzo (film),0,0.0,57,1,pageviews_http_403
Don Melnick,0,0.0,13,0,pageviews_http_403
Don Valley Stadium,0,0.0,522,0,pageviews_http_403
Don't Ask Me How I Know,0,0.0,6,0,pageviews_http_403
Don't Be Afraid of the Dark (2010 film),0,0.0,140,1,pageviews_http_403
Don't Bother Me,0,0.0,84,2,pageviews_http_403
Don't Breathe 2,0,0.0,126,3,pageviews_http_403
Don't Do Me Like That,0,0.0,94,1,pageviews_http_403
Don't Ever Leave Me,0,0.0,7,1,pageviews_http_403
Don't Ever Marry,0,0.0,87,0,pageviews_http_403
Don't Ever Open That Door,0,0.0,35,2,pageviews_http_403
Don't Fall in Love,0,0.0,6,0,pageviews_http_403
Don't Fall in Love with a Dreamer,0,0.0,175,0,pageviews_http_403
Don't Forget,0,0.0,213,10,pageviews_http_403
Don't Go Breaking My Heart,0,0.0,544,5,pageviews_http_403
Don't Go Breaking My Heart (Backstreet Boys song),0,0.0,64,0,pageviews_http_403
Don't Kill Me,0,0.0,10,1,pageviews_http_403
Don't Leave,0,0.0,9,2,pageviews_http_403
Don't Leave (Faithless song),0,0.0,40,0,pageviews_http_403
Don't Leave (Snakehips and MØ song),0,0.0,68,2,pageviews_http_403
Don't Like Me,0,0.0,181,3,pageviews_http_403
Don't Marry,0,0.0,29,0,pageviews_http_403
Don't Marry Her,0,0.0,51,1,pageviews_http_403
Don't Matter to Me,0,0.0,462,4,pageviews_http_403
Don't Play Nice,0,0.0,13,0,pageviews_http_403
Don't Rain on My Parade,0,0.0,280,2,pageviews_http_403
Don't Say You Don't Remember,0,0.0,13,0,pageviews_http_403
Don't Stop the Music,0,0.0,25,7,pageviews_http_403
Don't Stop the Music (Yarbrough and Peoples song),0,0.0,34,1,pageviews_http_403
Don't Take the Girl,0,0.0,118,2,pageviews_http_403
Don't Take the Money,0,0.0,101,0,pageviews_http_403
Don't Talk Dirty to Me,0,0.0,27,0,pageviews_http_403
Don't Talk to Him,0,0.0,140,0,pageviews_http_403
Don't Talk to Strangers,0,0.0,8,4,pageviews_http_403
Don't Tell Her,0,0.0,13,1,pageviews_http_403
Don't Tell Me,0,0.0,13,4,pageviews_http_403
Don't Tell Me You Love Me,0,0.0,55,0,pageviews_http_403
Don't Trust Me,0,0.0,81,8,pageviews_http_403
Don't Turn Around,0,0.0,243,1,pageviews_http_403
Don't Wanna Dance (MØ song),0,0.0,43,1,pageviews_http_403
Don't Wanna Fall in Love,0,0.0,52,2,pageviews_http_403
Don't You Ever Get Tired (Of Hurting Me),0,0.0,154,3,pageviews_http_403
Don't You Ever Leave Me,0,0.0,44,0,pageviews_http_403
Don't You Know I Love You,0,0.0,14,0,pageviews_http_403
Don't You Love Me,0,0.0,1,2,pageviews_http_403
"Don't ask, don't tell",0,0.0,1339,17,pageviews_http_403
Don't talk to me or my son ever again,0,0.0,48,0,pageviews_http_403
Donald De Lue,0,0.0,124,4,pageviews_http_403
Donald Fisher (Home and Away),0,0.0,252,0,pageviews_http_403
Donald Maclean (spy),0,0.0,326,1,pageviews_http_403
"Donald Stokes, Baron Stokes",0,0.0,54,4,pageviews_http_403
Donkey Kong Country Returns,0,0.0,298,23,pageviews_http_403
Donkin,0,0.0,6,1,pageviews_http_403
Donkin (surname),0,0.0,5,0,pageviews_http_403
Donna Doore,0,0.0,6,0,pageviews_http_403
Donner Pass,0,0.0,408,3,pageviews_http_403
Donnie Darko,0,0.0,832,32,pageviews_http_403
Donsol,0,0.0,107,1,pageviews_http_403
Donsol (film),0,0.0,99,1,pageviews_http_403
Doore,0,0.0,1,0,pageviews_http_403
Doore Doore Oru Koodu Koottam,0,0.0,88,0,pageviews_http_403
Doorman,0,0.0,55,11,pageviews_http_403
Dopamine,0,0.0,5485,34,pageviews_http_403
Doris (album),0,0.0,139,1,pageviews_http_403
Doritos,0,0.0,847,15,pageviews_http_403
Dork Diaries,0,0.0,107,2,pageviews_http_403
Dornier Do 17,0,0.0,985,13,pageviews_http_403
Dorus de Vries,0,0.0,129,1,pageviews_http_403
Dose–response relationship,0,0.0,547,39,pageviews_http_403
Dost,0,0.0,30,7,pageviews_http_403
Dotrice,0,0.0,1,0,pageviews_http_403
Double Shot,0,0.0,4,1,pageviews_http_403
Double Shot (Of My Baby's Love),0,0.0,48,2,pageviews_http_403
Double Shot!,0,0.0,11,2,pageviews_http_403
Double Wide,0,0.0,3,1,pageviews_http_403
Double Wide (album),0,0.0,27,1,pageviews_http_403
Double-Shot,0,0.0,99,2,pageviews_http_403
Double-tuned amplifier,0,0.0,39,2,pageviews_http_403
Doug Witter,0,0.0,12,0,pageviews_http_403
Douglas Douglas-Hamilton,0,0.0,6,2,pageviews_http_403
Douglas Kenney,0,0.0,135,2,pageviews_http_403
Dove (I'll Be Loving You),0,0.0,19,1,pageviews_http_403
Dow,0,0.0,46,4,pageviews_http_403
Dow Mossman,0,0.0,18,1,pageviews_http_403
Down (comics),0,0.0,68,1,pageviews_http_403
Down (film),0,0.0,65,3,pageviews_http_403
Down (novel),0,0.0,28,0,pageviews_http_403
Down Down Down,0,0.0,17,1,pageviews_http_403
Down River,0,0.0,6,1,pageviews_http_403
Down Under Donovan (novel),0,0.0,225,0,pageviews_http_403
Down and Dirty (film),0,0.0,59,6,pageviews_http_403
Down and Dirty Duck,0,0.0,82,4,pageviews_http_403
Down and dirty,0,0.0,11,5,pageviews_http_403
Down by the River (Milky Chance song),0,0.0,15,1,pageviews_http_403
Down on My Knees,0,0.0,54,0,pageviews_http_403
Down on My Luck,0,0.0,26,1,pageviews_http_403
Down the River,0,0.0,18,1,pageviews_http_403
Down to Earth (comics),0,0.0,164,1,pageviews_http_403
Down to the River,0,0.0,8,0,pageviews_http_403
Dr. B.R. Ambedkar College,0,0.0,71,0,pageviews_http_403
Dr. B.R. Ambedkar Open University,0,0.0,119,5,pageviews_http_403
"Dr. B.R. Ambedkar Station, Vidhana Soudha metro station",0,0.0,46,0,pageviews_http_403
Dr. Babasaheb Ambedkar Open University,0,0.0,294,1,pageviews_http_403
Dr. Bhimrao Ambedkar University,0,0.0,378,14,pageviews_http_403
Dr. K's Exotic Animal ER,0,0.0,10,1,pageviews_http_403
Dr. Loveless,0,0.0,29,1,pageviews_http_403
Dr. McGillicuddy's,0,0.0,50,0,pageviews_http_403
Draco (lawgiver),0,0.0,242,0,pageviews_http_403
Dracula (1958 film),0,0.0,570,3,pageviews_http_403
Dracula's Daughter,0,0.0,595,2,pageviews_http_403
Dracula's Dog,0,0.0,284,7,pageviews_http_403
Draft Dodger Rag,0,0.0,88,1,pageviews_http_403
Drag Me to Hell,0,0.0,290,3,pageviews_http_403
Dragons' Den (British TV programme),0,0.0,315,7,pageviews_http_403
Drainage in New Orleans,0,0.0,55,1,pageviews_http_403
Drama (Aaron Yan EP),0,0.0,9,1,pageviews_http_403
Drama (Aespa EP),0,0.0,68,1,pageviews_http_403
Dramatic monologue,0,0.0,125,0,pageviews_http_403
Drank,0,0.0,18,1,pageviews_http_403
Drawing the Line (play),0,0.0,25,0,pageviews_http_403
Dream On (Glee),0,0.0,188,1,pageviews_http_403
Dreamer (Livin' Joy song),0,0.0,47,1,pageviews_http_403
Dreamgirls,0,0.0,834,26,pageviews_http_403
"Dreams, Dreams, Dreams",0,0.0,24,1,pageviews_http_403
Dress (film),0,0.0,4,2,pageviews_http_403
Dressed in Black,0,0.0,0,3,pageviews_http_403
Drift (2013 Australian film),0,0.0,34,2,pageviews_http_403
Drift (2013 Belgian film),0,0.0,7,1,pageviews_http_403
Drinkin' Man,0,0.0,112,1,pageviews_http_403
Drinkin' Me Lonely,0,0.0,38,0,pageviews_http_403
Drinkin' Problem,0,0.0,38,1,pageviews_http_403
Drinkin' Town with a Football Problem,0,0.0,32,0,pageviews_http_403
Drive (The X-Files),0,0.0,94,0,pageviews_http_403
Driven,0,0.0,41,8,pageviews_http_403
Driven (1916 film),0,0.0,164,0,pageviews_http_403
Driven (1923 film),0,0.0,64,0,pageviews_http_403
Driven (2001 film),0,0.0,195,0,pageviews_http_403
Driven (video game),0,0.0,52,1,pageviews_http_403
Driver's license,0,0.0,1917,59,pageviews_http_403
Driving in My Car,0,0.0,102,3,pageviews_http_403
Drop,0,0.0,55,4,pageviews_http_403
Dropping,0,0.0,8,1,pageviews_http_403
Dropping point,0,0.0,10,1,pageviews_http_403
Dropping the Pilot,0,0.0,16,2,pageviews_http_403
Dropping the Soap,0,0.0,23,0,pageviews_http_403
Dropping the Writ,0,0.0,25,1,pageviews_http_403
Drug Testing (The Office),0,0.0,239,1,pageviews_http_403
Drug injection,0,0.0,338,26,pageviews_http_403
Drumstick (frozen dairy dessert),0,0.0,243,4,pageviews_http_403
Drying,0,0.0,223,1,pageviews_http_403
Drôle de Félix,0,0.0,59,3,pageviews_http_403
Drôle de parcours,0,0.0,12,8,pageviews_http_403
Dua,0,0.0,708,18,pageviews_http_403
Dual overhead rate,0,0.0,8,0,pageviews_http_403
Duane Reade,0,0.0,110,6,pageviews_http_403
Duat,0,0.0,600,9,pageviews_http_403
"Dublin, North Carolina",0,0.0,72,1,pageviews_http_403
Duchess Anna of Prussia,0,0.0,95,5,pageviews_http_403
Duchess Sophie of Prussia,0,0.0,39,4,pageviews_http_403
Duck Hunt,0,0.0,546,13,pageviews_http_403
Duck family (Disney),0,0.0,254,58,pageviews_http_403
"Duck, duck, goose",0,0.0,212,28,pageviews_http_403
Ductile iron,0,0.0,164,7,pageviews_http_403
Ductile iron pipe,0,0.0,167,1,pageviews_http_403
"Dude, Where's My Car?",0,0.0,538,21,pageviews_http_403
Dudley Moore,0,0.0,1127,3,pageviews_http_403
Duilio,0,0.0,14,0,pageviews_http_403
Duilio Forte,0,0.0,10,1,pageviews_http_403
Duke Blue Devils,0,0.0,1467,26,pageviews_http_403
Duke Blue Devils football,0,0.0,1238,5,pageviews_http_403
Duke Henry of Mecklenburg-Schwerin,0,0.0,188,9,pageviews_http_403
Duke William of Mecklenburg-Schwerin,0,0.0,26,0,pageviews_http_403
Duke of Edinburgh,0,0.0,601,12,pageviews_http_403
Dulin,0,0.0,3,1,pageviews_http_403
Dumb Ways to Die,0,0.0,162,8,pageviews_http_403
Dumitru,0,0.0,9,1,pageviews_http_403
Dumitru Hubert,0,0.0,102,0,pageviews_http_403
Dumitru Prunariu,0,0.0,79,3,pageviews_http_403
Duncan Fowles,0,0.0,8,0,pageviews_http_403
Duncan Goodhew,0,0.0,129,0,pageviews_http_403
Duncan Lambie,0,0.0,15,0,pageviews_http_403
Duncan McArthur,0,0.0,260,0,pageviews_http_403
Dunder Mifflin,0,0.0,479,7,pageviews_http_403
Dungeon Keeper,0,0.0,208,8,pageviews_http_403
Duniya Diwani,0,0.0,3,0,pageviews_http_403
Dunkirk evacuation,0,0.0,3212,14,pageviews_http_403
Dunlop,0,0.0,73,1,pageviews_http_403
Dunlop Bridge,0,0.0,171,0,pageviews_http_403
Dunmurry,0,0.0,357,1,pageviews_http_403
Dunnes Stores,0,0.0,213,3,pageviews_http_403
Duo Duo,0,0.0,52,3,pageviews_http_403
Durand Cup,0,0.0,1359,1,pageviews_http_403
"Dutch Settlement, Nova Scotia",0,0.0,13,1,pageviews_http_403
Dutch Uncle,0,0.0,38,4,pageviews_http_403
Dutch Uncle (novel),0,0.0,4,0,pageviews_http_403
Dutch Uncle (play),0,0.0,10,0,pageviews_http_403
Dutch uncle,0,0.0,27,0,pageviews_http_403
Dušan Ogrin,0,0.0,5,1,pageviews_http_403
Dyke (automobile company),0,0.0,24,1,pageviews_http_403
E (2006 film),0,0.0,58,0,pageviews_http_403
E (novel),0,0.0,27,0,pageviews_http_403
E Sour El Ghozlane,0,0.0,188,1,pageviews_http_403
E postcode area,0,0.0,457,46,pageviews_http_403
E!E,0,0.0,5,0,pageviews_http_403
E. David Redwine,0,0.0,17,1,pageviews_http_403
E4,0,0.0,67,5,pageviews_http_403
"ECHO, Echo echo",0,0.0,4,1,pageviews_http_403
ECW One Night Stand (2005),0,0.0,491,3,pageviews_http_403
EF,0,0.0,26,8,pageviews_http_403
EF Eridani,0,0.0,241,3,pageviews_http_403
EK,0,0.0,25,6,pageviews_http_403
EL++,0,0.0,9,0,pageviews_http_403
ELISA,0,0.0,802,14,pageviews_http_403
ELIZA,0,0.0,282,8,pageviews_http_403
EMBRACE,0,0.0,11,1,pageviews_http_403
ERTA,0,0.0,0,0,pageviews_http_403
ES (Eternal Sabbath),0,0.0,96,3,pageviews_http_403
Eadburh,0,0.0,47,3,pageviews_http_403
Eadburh of Bicester,0,0.0,190,4,pageviews_http_403
"Eagle River, Wisconsin",0,0.0,390,5,pageviews_http_403
Eagles Live,0,0.0,96,0,pageviews_http_403
Earl Grey tea,0,0.0,502,10,pageviews_http_403
Earl of Merioneth,0,0.0,90,3,pageviews_http_403
Earlie Fires,0,0.0,106,0,pageviews_http_403
Early,0,0.0,26,3,pageviews_http_403
Early B,0,0.0,22,0,pageviews_http_403
Early Childhood Education Act,0,0.0,10,0,pageviews_http_403
Early Spring,0,0.0,9,2,pageviews_http_403
Early Spring (1956 film),0,0.0,66,2,pageviews_http_403
Early Spring (1986 film),0,0.0,26,1,pageviews_http_403
Early childhood education,0,0.0,1408,21,pageviews_http_403
Early effect,0,0.0,37,2,pageviews_http_403
Earth (1930 film),0,0.0,86,3,pageviews_http_403
Earth (1996 film),0,0.0,38,2,pageviews_http_403
Earthly Branches,0,0.0,226,15,pageviews_http_403
East Region (Cameroon),0,0.0,233,8,pageviews_http_403
East River Tunnels,0,0.0,259,3,pageviews_http_403
Easter,0,0.0,7360,33,pageviews_http_403
Easter (Patti Smith Group album),0,0.0,114,6,pageviews_http_403
Easter (play),0,0.0,88,0,pageviews_http_403
Easter Bunny,0,0.0,837,10,pageviews_http_403
Eastern Caribbean Central Bank,0,0.0,392,8,pageviews_http_403
Eastern Caribbean Central Securities Registry,0,0.0,35,0,pageviews_http_403
Eastern Idaho,0,0.0,388,1,pageviews_http_403
Eastern Idaho Railroad,0,0.0,73,1,pageviews_http_403
Easton Corbin,0,0.0,173,4,pageviews_http_403
Easy Come Easy Go,0,0.0,26,7,pageviews_http_403
Easy Come Easy Go (Winger song),0,0.0,33,0,pageviews_http_403
Easy Come – Easy Go,0,0.0,72,1,pageviews_http_403
"Easy Come, Easy Go (Bobby Sherman song)",0,0.0,20,0,pageviews_http_403
"Easy Come, Easy Go!",0,0.0,67,1,pageviews_http_403
Easy Edges,0,0.0,60,1,pageviews_http_403
Easy Money (2010 film),0,0.0,62,1,pageviews_http_403
Easy-Way Store,0,0.0,338,2,pageviews_http_403
Eater,0,0.0,46,1,pageviews_http_403
Eater (novel),0,0.0,26,0,pageviews_http_403
Eating,0,0.0,1358,9,pageviews_http_403
Eating (film),0,0.0,41,1,pageviews_http_403
Ebola virus epidemic in Sierra Leone,0,0.0,253,3,pageviews_http_403
Ebrahim Asadi,0,0.0,30,1,pageviews_http_403
Ebrahim Ebrahim,0,0.0,68,2,pageviews_http_403
Eccrine sweat gland,0,0.0,367,7,pageviews_http_403
Echo (2001 film),0,0.0,5,0,pageviews_http_403
Echo (2007 film),0,0.0,23,0,pageviews_http_403
Echo Echo,0,0.0,22,3,pageviews_http_403
Echogenic intracardiac focus,0,0.0,8,0,pageviews_http_403
Echtermeyer,0,0.0,1,0,pageviews_http_403
Eckart von Hirschhausen,0,0.0,35,2,pageviews_http_403
Eckart von Klaeden,0,0.0,727,1,pageviews_http_403
Ecliptic,0,0.0,3900,7,pageviews_http_403
Economic Stimulus Act of 2008,0,0.0,541,7,pageviews_http_403
Economic bubble,0,0.0,1310,19,pageviews_http_403
Economic history of Greece and the Greek world,0,0.0,307,2,pageviews_http_403
"Economy of Buffalo, New York",0,0.0,222,0,pageviews_http_403
Economy of California,0,0.0,989,8,pageviews_http_403
Economy of India under Company rule,0,0.0,476,0,pageviews_http_403
Economy of Oceania,0,0.0,159,4,pageviews_http_403
Economy of Uzbekistan,0,0.0,323,11,pageviews_http_403
Ecotone,0,0.0,732,5,pageviews_http_403
Ecotone (company),0,0.0,16,2,pageviews_http_403
Ed Freeman,0,0.0,41,1,pageviews_http_403
Ed Hall (One Life to Live),0,0.0,126,0,pageviews_http_403
Ed Parker,0,0.0,112,1,pageviews_http_403
Ed Parker Jr.,0,0.0,17,0,pageviews_http_403
Ed Wachter,0,0.0,517,1,pageviews_http_403
Edd Byrnes,0,0.0,200,6,pageviews_http_403
Eddie Lowery,0,0.0,26,0,pageviews_http_403
Eddie Mathews,0,0.0,847,7,pageviews_http_403
Eddie V's Prime Seafood,0,0.0,25,1,pageviews_http_403
Edema,0,0.0,2898,33,pageviews_http_403
Eden (Steve Carter play),0,0.0,18,0,pageviews_http_403
Edgar Manas,0,0.0,37,0,pageviews_http_403
Edge of Tomorrow,0,0.0,462,18,pageviews_http_403
Edgerton,0,0.0,15,1,pageviews_http_403
Edgerton Highway,0,0.0,26,7,pageviews_http_403
Edges (musical),0,0.0,61,0,pageviews_http_403
Edict of Nantes,0,0.0,1134,9,pageviews_http_403
Edmund Cartwright,0,0.0,125,0,pageviews_http_403
Edmund Hillary,0,0.0,2030,10,pageviews_http_403
Eduard,0,0.0,22,1,pageviews_http_403
Eduard Looijenga,0,0.0,14,0,pageviews_http_403
Eduard Spranger,0,0.0,65,1,pageviews_http_403
Eduardo Gudiño Kieffer,0,0.0,20,1,pageviews_http_403
Eduardo Sousa,0,0.0,5,2,pageviews_http_403
Educating Greater Manchester,0,0.0,20,2,pageviews_http_403
Educating Greater Manchester 2,0,0.0,6,0,pageviews_http_403
Education in Indonesia,0,0.0,1169,10,pageviews_http_403
Education in Taiwan,0,0.0,1150,10,pageviews_http_403
Edward A. Calahan,0,0.0,12,1,pageviews_http_403
Edward C. Campbell,0,0.0,8,1,pageviews_http_403
Edward Campbell,0,0.0,10,2,pageviews_http_403
Edward Downes,0,0.0,141,6,pageviews_http_403
Edward Everett Brown,0,0.0,14,1,pageviews_http_403
"Edward Grey, 1st Viscount Grey of Fallodon",0,0.0,633,9,pageviews_http_403
"Edward Lloyd, 1st Baron Mostyn",0,0.0,37,1,pageviews_http_403
"Edward Lloyd-Mostyn, 2nd Baron Mostyn",0,0.0,81,1,pageviews_http_403
Edward Norton,0,0.0,1312,6,pageviews_http_403
Edward Norton (MP),0,0.0,18,0,pageviews_http_403
"Edward Portman, 9th Viscount Portman",0,0.0,6,0,pageviews_http_403
Edward Shames,0,0.0,45,1,pageviews_http_403
Edward Weston,0,0.0,490,6,pageviews_http_403
Edward Winslow,0,0.0,340,5,pageviews_http_403
"Edward, My Son",0,0.0,131,0,pageviews_http_403
Edwin,0,0.0,86,3,pageviews_http_403
Edwin Borchard,0,0.0,18,2,pageviews_http_403
Edwin Conklin,0,0.0,322,3,pageviews_http_403
Edwin H. Colbert,0,0.0,186,5,pageviews_http_403
Edwin H. Knopf,0,0.0,76,1,pageviews_http_403
Edwin H. McConkey,0,0.0,12,1,pageviews_http_403
Edwin Hubbell Chapin,0,0.0,21,4,pageviews_http_403
Edwin N. Hubbell,0,0.0,23,3,pageviews_http_403
Edwin Wallock,0,0.0,19,4,pageviews_http_403
Ee Puzhayum Kadannu,0,0.0,94,0,pageviews_http_403
Ef (Cyrillic),0,0.0,486,6,pageviews_http_403
Ef (band),0,0.0,23,0,pageviews_http_403
Effect,0,0.0,143,2,pageviews_http_403
Effect size,0,0.0,882,13,pageviews_http_403
Efficient (horse),0,0.0,35,0,pageviews_http_403
Efficient frontier,0,0.0,259,3,pageviews_http_403
Efren,0,0.0,9,1,pageviews_http_403
Efren Ramirez,0,0.0,111,0,pageviews_http_403
Efren Reyes,0,0.0,2925,6,pageviews_http_403
Efren Saldivar,0,0.0,36,0,pageviews_http_403
Egg wash,0,0.0,46,2,pageviews_http_403
Eggers,0,0.0,12,1,pageviews_http_403
Eggs (film),0,0.0,31,0,pageviews_http_403
Ego,0,0.0,255,9,pageviews_http_403
Egocentrism,0,0.0,314,8,pageviews_http_403
Egyptian Ratscrew,0,0.0,174,28,pageviews_http_403
Eiffel Tower replicas and derivatives,0,0.0,54,8,pageviews_http_403
Eight Days,0,0.0,9,0,pageviews_http_403
Eighth Grade (film),0,0.0,248,1,pageviews_http_403
Eilema marguerita,0,0.0,3,1,pageviews_http_403
Ek Nari Do Roop,0,0.0,18,0,pageviews_http_403
Ek Nari Ek Brahmachari,0,0.0,32,0,pageviews_http_403
Ek Se Badhkar Ek,0,0.0,13,3,pageviews_http_403
Ek Veer Ki Ardaas...Veera,0,0.0,102,4,pageviews_http_403
Ekkees Tareekh Shubh Muhurat,0,0.0,5,0,pageviews_http_403
Ekkees Toppon Ki Salaami,0,0.0,33,1,pageviews_http_403
El,0,0.0,133,9,pageviews_http_403
El Dorado (1966 film),0,0.0,185,1,pageviews_http_403
"El Niño, el Hombre, el Soñador, el Loco",0,0.0,11,1,pageviews_http_403
El Señor Presidente,0,0.0,344,6,pageviews_http_403
El honorable Señor Valdez,0,0.0,129,1,pageviews_http_403
El perro,0,0.0,37,5,pageviews_http_403
El usurpador,0,0.0,250,0,pageviews_http_403
El Último perro,0,0.0,41,2,pageviews_http_403
El-Sayyid el-Badawi,0,0.0,26,4,pageviews_http_403
Elaan of Troyius,0,0.0,61,3,pageviews_http_403
Elaine Paige,0,0.0,734,8,pageviews_http_403
Elaine Paige (album),0,0.0,29,0,pageviews_http_403
Elden Benge,0,0.0,16,0,pageviews_http_403
Elder law (Massachusetts),0,0.0,438,0,pageviews_http_403
Elder law in India,0,0.0,19,1,pageviews_http_403
Eleanor,0,0.0,116,16,pageviews_http_403
Eleanor Beaufort,0,0.0,33,1,pageviews_http_403
Eleanor Davis,0,0.0,54,1,pageviews_http_403
"Eleanor Hull, Lady Hull",0,0.0,3,3,pageviews_http_403
Eleanor Layfield Davis,0,0.0,15,1,pageviews_http_403
Eleanor R. Davis,0,0.0,7,0,pageviews_http_403
Eleanor Yule,0,0.0,22,0,pageviews_http_403
Election (2013 film),0,0.0,19,0,pageviews_http_403
Electric blues,0,0.0,856,0,pageviews_http_403
Electrical Safety First,0,0.0,220,2,pageviews_http_403
Electrocardiography,0,0.0,2221,44,pageviews_http_403
Electronic dance music,0,0.0,8392,24,pageviews_http_403
Electroscope,0,0.0,133,6,pageviews_http_403
Elena Doronina,0,0.0,11,0,pageviews_http_403
Elena Romagnolo,0,0.0,188,0,pageviews_http_403
Elena Undone,0,0.0,21,0,pageviews_http_403
Elevation,0,0.0,5910,10,pageviews_http_403
Elevation Church,0,0.0,87,0,pageviews_http_403
Eli (biblical figure),0,0.0,366,8,pageviews_http_403
Elias,0,0.0,115,4,pageviews_http_403
Elias Hrawi,0,0.0,176,3,pageviews_http_403
Elias MacDonald,0,0.0,12,0,pageviews_http_403
Elimination Chamber (2015),0,0.0,122,1,pageviews_http_403
Elimination Chamber (2017),0,0.0,115,1,pageviews_http_403
Elisa Bridges,0,0.0,31,0,pageviews_http_403
Elisabeth Sladen,0,0.0,320,6,pageviews_http_403
Elisha Andrews,0,0.0,113,2,pageviews_http_403
Eliza,0,0.0,47,4,pageviews_http_403
Eliza (Cherubini),0,0.0,26,1,pageviews_http_403
Eliza Hittman,0,0.0,254,0,pageviews_http_403
Eliza Lawrence,0,0.0,16,0,pageviews_http_403
"Elizabeth Barker, Baroness Barker",0,0.0,139,2,pageviews_http_403
Elizabeth Cosnett,0,0.0,7,1,pageviews_http_403
Elizabeth Homer Morton,0,0.0,10,0,pageviews_http_403
Elizabeth Morton,0,0.0,27,2,pageviews_http_403
"Elizabeth Stewart, Countess of Arran",0,0.0,31,0,pageviews_http_403
"Elizabeth Stewart, Countess of Crawford",0,0.0,43,0,pageviews_http_403
Elke Schall,0,0.0,134,2,pageviews_http_403
Ella Grasso,0,0.0,825,4,pageviews_http_403
Elmo,0,0.0,582,6,pageviews_http_403
Elsewhere,0,0.0,26,5,pageviews_http_403
Elsewhere (2001 film),0,0.0,14,0,pageviews_http_403
Elsewhere (2009 film),0,0.0,13,0,pageviews_http_403
Elsewhere (2019 film),0,0.0,17,0,pageviews_http_403
Elsham (organisation),0,0.0,5,1,pageviews_http_403
Elvis and Me,0,0.0,458,3,pageviews_http_403
Emanuel Vidović,0,0.0,22,1,pageviews_http_403
Embalming,0,0.0,780,14,pageviews_http_403
"Embassy of the Philippines, Rome",0,0.0,71,0,pageviews_http_403
"Embassy of the United Kingdom, Rome",0,0.0,98,1,pageviews_http_403
"Embassy of the United States, Rome",0,0.0,228,9,pageviews_http_403
"Embassy of the United States, Saigon",0,0.0,377,13,pageviews_http_403
Embrace,0,0.0,51,8,pageviews_http_403
Embrace (American band Embrace album),0,0.0,28,5,pageviews_http_403
Embrace (novel),0,0.0,11,0,pageviews_http_403
Embryonic stem cell,0,0.0,1021,17,pageviews_http_403
Emergency Landing,0,0.0,8,3,pageviews_http_403
Emergency Landing (1952 film),0,0.0,37,2,pageviews_http_403
Emergency Tariff of 1921,0,0.0,185,0,pageviews_http_403
Emergency landing,0,0.0,756,9,pageviews_http_403
Emergency medical services in the United Kingdom,0,0.0,24315,11,pageviews_http_403
Emergency shelter,0,0.0,204,8,pageviews_http_403
Emil Marschalk von Ostheim,0,0.0,4,1,pageviews_http_403
Emil Minty,0,0.0,18,0,pageviews_http_403
Emilio Bottiglieri,0,0.0,10,0,pageviews_http_403
Emilio Estevez,0,0.0,529,6,pageviews_http_403
Emily Swallow,0,0.0,102,0,pageviews_http_403
Emma (1972 TV serial),0,0.0,51,2,pageviews_http_403
Emma (2009 TV serial),0,0.0,95,1,pageviews_http_403
Emma Hamilton (film),0,0.0,89,1,pageviews_http_403
Emma Kenney,0,0.0,148,0,pageviews_http_403
"Emma Portman, Baroness Portman",0,0.0,13,0,pageviews_http_403
"Emma Portman, Viscountess Portman",0,0.0,17,0,pageviews_http_403
Emmaline Henry,0,0.0,35,0,pageviews_http_403
Emmanuel Biron,0,0.0,61,0,pageviews_http_403
Emmanuel Théodose de La Tour d'Auvergne (1668–1730),0,0.0,62,9,pageviews_http_403
Emotional Roadshow World Tour,0,0.0,112,3,pageviews_http_403
Emperor Go-Saga,0,0.0,226,18,pageviews_http_403
Emperor Saga,0,0.0,344,8,pageviews_http_403
Empire (1986 film),0,0.0,30,0,pageviews_http_403
Empire Airlines (1974–1986),0,0.0,238,7,pageviews_http_403
Employment Standards Act,0,0.0,24,0,pageviews_http_403
Employment Standards Act of British Columbia,0,0.0,7,0,pageviews_http_403
Empty Pockets,0,0.0,80,0,pageviews_http_403
Empty Room (Sanna Nielsen song),0,0.0,42,0,pageviews_http_403
Emulsion,0,0.0,1277,15,pageviews_http_403
Emulsion test,0,0.0,12,0,pageviews_http_403
Enchiridion of Epictetus,0,0.0,165,3,pageviews_http_403
Enclosure,0,0.0,1639,21,pageviews_http_403
Enclosure (film),0,0.0,16,2,pageviews_http_403
Encounter (2013 film),0,0.0,9,0,pageviews_http_403
Encyclopedia Magica,0,0.0,21,0,pageviews_http_403
End Game (The X-Files),0,0.0,92,1,pageviews_http_403
End-to-end,0,0.0,16,2,pageviews_http_403
Ender's Game,0,0.0,788,16,pageviews_http_403
Ending It,0,0.0,72,0,pageviews_http_403
Endpoint,0,0.0,29,4,pageviews_http_403
Endre,0,0.0,3,1,pageviews_http_403
Endre Bálint,0,0.0,10,1,pageviews_http_403
Endurance,0,0.0,629,10,pageviews_http_403
Endurance (film),0,0.0,27,0,pageviews_http_403
Enema of the State,0,0.0,256,11,pageviews_http_403
Energy in India,0,0.0,730,7,pageviews_http_403
Engel,0,0.0,35,4,pageviews_http_403
Engel (song),0,0.0,99,4,pageviews_http_403
Engel v. Vitale,0,0.0,305,9,pageviews_http_403
Enger,0,0.0,51,0,pageviews_http_403
England Squash,0,0.0,238,4,pageviews_http_403
England Swings,0,0.0,59,0,pageviews_http_403
England women's cricket team in Sri Lanka in 2018–19,0,0.0,248,5,pageviews_http_403
England women's national football team,0,0.0,2559,10,pageviews_http_403
English (2013 film),0,0.0,45,3,pageviews_http_403
English auction,0,0.0,150,9,pageviews_http_403
English cricket team in Sri Lanka in 2018–19,0,0.0,300,5,pageviews_http_403
Enid Lakeman,0,0.0,20,0,pageviews_http_403
Enikkum Oru Divasam,0,0.0,24,1,pageviews_http_403
Enoch,0,0.0,996,19,pageviews_http_403
Enoch (son of Cain),0,0.0,91,1,pageviews_http_403
Enrique Enríquez,0,0.0,1,2,pageviews_http_403
Enríquez,0,0.0,21,1,pageviews_http_403
Ente Katha,0,0.0,455,0,pageviews_http_403
Ente Katha (film),0,0.0,17,1,pageviews_http_403
Enthiran,0,0.0,864,22,pageviews_http_403
Entomological Society,0,0.0,3,1,pageviews_http_403
Entomology,0,0.0,6618,17,pageviews_http_403
Enzo,0,0.0,47,0,pageviews_http_403
Enzo Biagi,0,0.0,143,0,pageviews_http_403
Enzo Pietropaoli,0,0.0,23,1,pageviews_http_403
Ephraim Chambers,0,0.0,602,0,pageviews_http_403
Epic (1984 film),0,0.0,47,1,pageviews_http_403
Epic film,0,0.0,2077,21,pageviews_http_403
Epic of Sundiata,0,0.0,141,8,pageviews_http_403
Epidermis (botany),0,0.0,625,5,pageviews_http_403
Epiphany,0,0.0,214,9,pageviews_http_403
Epiphany (holiday),0,0.0,2489,46,pageviews_http_403
Epiphany Rising,0,0.0,75,0,pageviews_http_403
Episode,0,0.0,61147,4,pageviews_http_403
Episode (film),0,0.0,31,0,pageviews_http_403
Epistle of Pseudo-Titus,0,0.0,87,2,pageviews_http_403
Epistle to Titus,0,0.0,431,9,pageviews_http_403
Epitaph,0,0.0,1216,1,pageviews_http_403
Epitaph to a Dog,0,0.0,76,2,pageviews_http_403
Epsom Derby,0,0.0,3090,8,pageviews_http_403
Equal Protection Clause,0,0.0,2340,15,pageviews_http_403
Equal pay for equal work,0,0.0,1385,10,pageviews_http_403
Equality and Human Rights Commission,0,0.0,702,6,pageviews_http_403
Equus (play),0,0.0,486,2,pageviews_http_403
Eric Anundsson,0,0.0,57,10,pageviews_http_403
Eric Brady,0,0.0,184,2,pageviews_http_403
Eric Idle,0,0.0,992,2,pageviews_http_403
Eric Lindros,0,0.0,411,4,pageviews_http_403
Eric Menyuk,0,0.0,28,2,pageviews_http_403
Eric Stuart,0,0.0,176,10,pageviews_http_403
Eric Stuart Dougall,0,0.0,17,0,pageviews_http_403
Eric Zimmerman,0,0.0,66,1,pageviews_http_403
Eric and Eric,0,0.0,115,13,pageviews_http_403
Erica Hahn,0,0.0,193,4,pageviews_http_403
Eriksson,0,0.0,16,1,pageviews_http_403
Erin,0,0.0,168,2,pageviews_http_403
Erin Beck,0,0.0,18,2,pageviews_http_403
Erin Chan,0,0.0,19,0,pageviews_http_403
Erin Torpey,0,0.0,61,0,pageviews_http_403
Ermengarde,0,0.0,14,5,pageviews_http_403
"Ermengarde, Viscountess of Narbonne",0,0.0,49,3,pageviews_http_403
Ernest Defarge,0,0.0,39,0,pageviews_http_403
Ernest P. Worrell,0,0.0,115,4,pageviews_http_403
Ernest Saunders,0,0.0,28,0,pageviews_http_403
Ernest Toovey,0,0.0,10,1,pageviews_http_403
Ernest Willows,0,0.0,31,1,pageviews_http_403
Ernie (The Fastest Milkman in the West),0,0.0,76,4,pageviews_http_403
Ernst Theodor Echtermeyer,0,0.0,11,0,pageviews_http_403
Ernő,0,0.0,8,3,pageviews_http_403
Ernő Gerő,0,0.0,303,8,pageviews_http_403
Ernő Noskó,0,0.0,37,3,pageviews_http_403
Eroica (1958 film),0,0.0,127,1,pageviews_http_403
Eros,0,0.0,1570,5,pageviews_http_403
"Eros, Inside Eros",0,0.0,6,0,pageviews_http_403
Erta Ale,0,0.0,85,5,pageviews_http_403
Erta Ale Range,0,0.0,25,0,pageviews_http_403
Erum,0,0.0,5,1,pageviews_http_403
Erum (name),0,0.0,6,0,pageviews_http_403
Erum Shazia Hasan,0,0.0,3,0,pageviews_http_403
Erwin Neutzsky-Wulff,0,0.0,27,6,pageviews_http_403
Esao Andrews,0,0.0,26,0,pageviews_http_403
Esau,0,0.0,569,13,pageviews_http_403
Esau Tjiuoro,0,0.0,7,1,pageviews_http_403
Escalona,0,0.0,259,4,pageviews_http_403
Escape,0,0.0,107,18,pageviews_http_403
Escape (1948 film),0,0.0,75,0,pageviews_http_403
Escape (McMillan book),0,0.0,1,0,pageviews_http_403
Escape (play),0,0.0,39,1,pageviews_http_403
Escape Me Never (play),0,0.0,18,0,pageviews_http_403
Escape Routes (book),0,0.0,10,1,pageviews_http_403
Escape from Alcatraz (book),0,0.0,47,0,pageviews_http_403
Escape to Victory,0,0.0,227,2,pageviews_http_403
Escape!,0,0.0,45,1,pageviews_http_403
Escape! (film),0,0.0,58,2,pageviews_http_403
Esquivel,0,0.0,24,0,pageviews_http_403
Essay,0,0.0,4830,20,pageviews_http_403
Essence (The X-Files),0,0.0,66,0,pageviews_http_403
Esslemont,0,0.0,4,1,pageviews_http_403
Estevez,0,0.0,92,1,pageviews_http_403
Esther &amp; Abi Ofarim,0,0.0,0,0,pageviews_http_403
Esther Anderson (Sanford and Son),0,0.0,29,2,pageviews_http_403
Esther Ofarim,0,0.0,274,2,pageviews_http_403
Eternity of Dimming,0,0.0,13,0,pageviews_http_403
Ethan (biblical figure),0,0.0,249,6,pageviews_http_403
Ethanol fuel in the United States,0,0.0,87,6,pageviews_http_403
Ethnic studies,0,0.0,617,2,pageviews_http_403
Ethnomethodology,0,0.0,498,2,pageviews_http_403
Euchromius erum,0,0.0,2,0,pageviews_http_403
Eudamidas,0,0.0,1,0,pageviews_http_403
Eudamidas I,0,0.0,97,0,pageviews_http_403
Eudamidas II,0,0.0,98,0,pageviews_http_403
Eudamidas III,0,0.0,94,0,pageviews_http_403
Euglenid,0,0.0,360,9,pageviews_http_403
Euler's Disk,0,0.0,51,3,pageviews_http_403
Eunomia,0,0.0,516,4,pageviews_http_403
Eunomia family,0,0.0,1011,2,pageviews_http_403
Eupalamides geron,0,0.0,2,1,pageviews_http_403
Euphan Maxwell,0,0.0,7,0,pageviews_http_403
Eureka,0,0.0,244,24,pageviews_http_403
"Eureka Historic District (Eureka, Nevada)",0,0.0,14,0,pageviews_http_403
Eureka! (museum),0,0.0,71,3,pageviews_http_403
EuroBasket Women 1938,0,0.0,149,3,pageviews_http_403
European Union Referendum Act 2015,0,0.0,274,6,pageviews_http_403
European polecat,0,0.0,799,15,pageviews_http_403
European theatre of World War I,0,0.0,739,2,pageviews_http_403
Europeana,0,0.0,643,5,pageviews_http_403
Europeans in Oceania,0,0.0,513,12,pageviews_http_403
Eurovision Song Contest 2002,0,0.0,567,6,pageviews_http_403
Eurípides Rubio,0,0.0,47,1,pageviews_http_403
Eustace Mullins,0,0.0,140,5,pageviews_http_403
Eva (1948 film),0,0.0,156,0,pageviews_http_403
Eva (2011 film),0,0.0,42,1,pageviews_http_403
Evan,0,0.0,244,1,pageviews_http_403
Evan Abraham,0,0.0,6,0,pageviews_http_403
Evan Brewer,0,0.0,40,1,pageviews_http_403
Evan J. Crane,0,0.0,23,4,pageviews_http_403
Evan J. Peterson,0,0.0,10,2,pageviews_http_403
Evangelical Lutheran Church in Zambia,0,0.0,155,0,pageviews_http_403
Evangeline (1914 film),0,0.0,39,1,pageviews_http_403
Eve (Chase novel),0,0.0,38,1,pageviews_http_403
Eve (South Korean TV series),0,0.0,282,2,pageviews_http_403
Eve (South Korean band),0,0.0,27,2,pageviews_http_403
Eve (The X-Files),0,0.0,77,4,pageviews_http_403
Even Worse,0,0.0,202,8,pageviews_http_403
Even the Man in the Moon Is Cryin',0,0.0,23,1,pageviews_http_403
Everett,0,0.0,45,4,pageviews_http_403
Everett Brown,0,0.0,21,0,pageviews_http_403
Everett Brown (politician),0,0.0,10,3,pageviews_http_403
Everett Glass,0,0.0,27,0,pageviews_http_403
"Everett Historic District (Everett, Pennsylvania)",0,0.0,4,0,pageviews_http_403
Evergreen,0,0.0,3169,9,pageviews_http_403
Evergreen (film),0,0.0,174,0,pageviews_http_403
Everley Gregg,0,0.0,46,0,pageviews_http_403
Every Child,0,0.0,3,1,pageviews_http_403
Every Child Counts,0,0.0,2,1,pageviews_http_403
Every Child Matters,0,0.0,33,0,pageviews_http_403
Every Light in the House,0,0.0,62,0,pageviews_http_403
Every Little Thing,0,0.0,39,2,pageviews_http_403
Every Little Thing (band),0,0.0,217,2,pageviews_http_403
Every Little Thing I Do,0,0.0,15,0,pageviews_http_403
Every Little Thing U Do,0,0.0,8,0,pageviews_http_403
Every Third Thought,0,0.0,26,0,pageviews_http_403
Every Time I Get Around You,0,0.0,21,0,pageviews_http_403
Every Time I Think of You,0,0.0,53,2,pageviews_http_403
Every Woman,0,0.0,4,0,pageviews_http_403
Everybody's Talkin',0,0.0,437,1,pageviews_http_403
Evidence (1915 film),0,0.0,11,0,pageviews_http_403
Evidence (1929 film),0,0.0,72,0,pageviews_http_403
Evidence (1988 film),0,0.0,14,1,pageviews_http_403
Evil,0,0.0,4117,16,pageviews_http_403
Evolution (professional wrestling),0,0.0,742,8,pageviews_http_403
Evolution of fish,0,0.0,851,11,pageviews_http_403
Evolution of fungi,0,0.0,411,3,pageviews_http_403
Evolution of primates,0,0.0,406,6,pageviews_http_403
Ewing,0,0.0,13,1,pageviews_http_403
Ewing (surname),0,0.0,25,1,pageviews_http_403
Example,0,0.0,3139,7,pageviews_http_403
Excited,0,0.0,13,2,pageviews_http_403
Excited (film),0,0.0,31,0,pageviews_http_403
Excited state,0,0.0,782,2,pageviews_http_403
Executioner's Song (album),0,0.0,14,0,pageviews_http_403
Executive Order 6102,0,0.0,339,10,pageviews_http_403
Exercise (options),0,0.0,201,1,pageviews_http_403
Exhibition,0,0.0,1188,6,pageviews_http_403
Exhibition (film),0,0.0,19,2,pageviews_http_403
Exit the Vamp,0,0.0,11,0,pageviews_http_403
Exorcist,0,0.0,426,1,pageviews_http_403
Exotic Animal Petting Zoo,0,0.0,13,4,pageviews_http_403
Expectations (Keith Jarrett album),0,0.0,97,0,pageviews_http_403
Expeditions (poetry collection),0,0.0,61,3,pageviews_http_403
Experience (1921 film),0,0.0,112,0,pageviews_http_403
Experience (book),0,0.0,44,1,pageviews_http_403
Experience and Education (book),0,0.0,27,1,pageviews_http_403
Experiment (1943 film),0,0.0,100,0,pageviews_http_403
Experimental psychology,0,0.0,1626,9,pageviews_http_403
Expert,0,0.0,1391,7,pageviews_http_403
Exploratory,0,0.0,3,1,pageviews_http_403
Exploratory committee,0,0.0,251,3,pageviews_http_403
Exploratory laparotomy,0,0.0,175,1,pageviews_http_403
Exposed (1983 film),0,0.0,45,0,pageviews_http_403
Exposed (2003 film),0,0.0,15,0,pageviews_http_403
Exposed (2016 film),0,0.0,42,1,pageviews_http_403
Exposure (Peet novel),0,0.0,8,0,pageviews_http_403
Exposé (Lost),0,0.0,186,3,pageviews_http_403
Expulsion of the Loyalists,0,0.0,73,0,pageviews_http_403
Extended ASCII,0,0.0,221,13,pageviews_http_403
Extended warranty,0,0.0,290,2,pageviews_http_403
Extended-hours trading,0,0.0,45,10,pageviews_http_403
External sphincter muscle,0,0.0,2,3,pageviews_http_403
Extreme Rules (2012),0,0.0,167,7,pageviews_http_403
Extreme Rules (2018),0,0.0,108,0,pageviews_http_403
Extreme points of the United Kingdom,0,0.0,153,5,pageviews_http_403
Eye of the Storm,0,0.0,41,13,pageviews_http_403
Eye of the Storm (Ryan Stevenson song),0,0.0,8,0,pageviews_http_403
Eye of the Storm (Tarja song),0,0.0,45,0,pageviews_http_403
Eyewitness testimony,0,0.0,264,5,pageviews_http_403
Eyolf Kleven,0,0.0,32,0,pageviews_http_403
Eyzaguirre,0,0.0,4,1,pageviews_http_403
F (manga),0,0.0,369,2,pageviews_http_403
F Troop,0,0.0,280,8,pageviews_http_403
F connector,0,0.0,150,4,pageviews_http_403
F. W. Woolworth Company,0,0.0,770,2,pageviews_http_403
FEED,0,0.0,5,1,pageviews_http_403
FIFA Women's World Cup qualification,0,0.0,203,0,pageviews_http_403
FISA Improvements Act,0,0.0,81,2,pageviews_http_403
FLUID,0,0.0,56,1,pageviews_http_403
FOSSIL,0,0.0,22,1,pageviews_http_403
Fab,0,0.0,41,4,pageviews_http_403
Fab Filippo,0,0.0,83,2,pageviews_http_403
Fab!,0,0.0,11,2,pageviews_http_403
Fabiana,0,0.0,8,1,pageviews_http_403
Fabiana Bravo,0,0.0,21,0,pageviews_http_403
Fabiana Udenio,0,0.0,62,1,pageviews_http_403
Face (1997 film),0,0.0,47,0,pageviews_http_403
Face to Face (1963 film),0,0.0,84,2,pageviews_http_403
Facet joint,0,0.0,151,12,pageviews_http_403
Faction,0,0.0,94,5,pageviews_http_403
Faction Paradox,0,0.0,480,15,pageviews_http_403
Faction Punk,0,0.0,90,3,pageviews_http_403
Factory system,0,0.0,157,3,pageviews_http_403
Fad,0,0.0,829,18,pageviews_http_403
"Fair Antigua, We Salute Thee",0,0.0,201,11,pageviews_http_403
Fair-Rutherford and Rutherford Houses,0,0.0,10,0,pageviews_http_403
Fairfax M. Cone,0,0.0,18,2,pageviews_http_403
Fairmont Royal York,0,0.0,315,7,pageviews_http_403
Fairy tale,0,0.0,4397,20,pageviews_http_403
Faith (1916 film),0,0.0,12,0,pageviews_http_403
Faith (novel),0,0.0,50,0,pageviews_http_403
Faith Evans (U.S. Marshal),0,0.0,22,0,pageviews_http_403
Faithfulness,0,0.0,281,0,pageviews_http_403
Faithfulness (song),0,0.0,15,1,pageviews_http_403
Falconry,0,0.0,1320,7,pageviews_http_403
Fall of Berlin,0,0.0,3,1,pageviews_http_403
Fall of Berlin (1806),0,0.0,84,1,pageviews_http_403
Fall of Berlin – 1945,0,0.0,36,1,pageviews_http_403
Fall to Pieces,0,0.0,3,3,pageviews_http_403
Falling (Howard novel),0,0.0,15,1,pageviews_http_403
Falling (Provoost novel),0,0.0,7,0,pageviews_http_403
Falling Overnight,0,0.0,13,0,pageviews_http_403
Falling Skies,0,0.0,442,5,pageviews_http_403
Falling Slowly,0,0.0,443,0,pageviews_http_403
Falling in Love (1984 film),0,0.0,70,0,pageviews_http_403
Falling in love,0,0.0,223,3,pageviews_http_403
Fallout shelter,0,0.0,1052,5,pageviews_http_403
Falls,0,0.0,27,2,pageviews_http_403
Falter,0,0.0,85,2,pageviews_http_403
Fame (2009 film),0,0.0,130,0,pageviews_http_403
Family (2006 film),0,0.0,67,8,pageviews_http_403
Family Law (film),0,0.0,80,3,pageviews_http_403
Family Life,0,0.0,21,5,pageviews_http_403
Family Life (1971 British film),0,0.0,78,1,pageviews_http_403
Family Life (1971 Polish film),0,0.0,97,2,pageviews_http_403
Family Life (1985 film),0,0.0,28,8,pageviews_http_403
Family Life (2017 film),0,0.0,10,1,pageviews_http_403
Family Ties (2006 film),0,0.0,93,0,pageviews_http_403
Family Tree (2010 film),0,0.0,21,3,pageviews_http_403
Family tree,0,0.0,952,12,pageviews_http_403
Famous Five (film),0,0.0,48,2,pageviews_http_403
Famous Last Words of a Fool,0,0.0,118,0,pageviews_http_403
Fantastic Voyage,0,0.0,595,4,pageviews_http_403
Fargo-Moorhead Beez,0,0.0,53,0,pageviews_http_403
Fargo–Moorhead,0,0.0,205,16,pageviews_http_403
Farman Behboud,0,0.0,11,0,pageviews_http_403
Farman Salmanov,0,0.0,44,0,pageviews_http_403
Farthing (British coin),0,0.0,307,4,pageviews_http_403
Fashion,0,0.0,19034,28,pageviews_http_403
Fashions in Love,0,0.0,98,0,pageviews_http_403
Fat (novel),0,0.0,26,0,pageviews_http_403
Fat City (novel),0,0.0,21,0,pageviews_http_403
Fateh Pur,0,0.0,42,1,pageviews_http_403
Father Goose's Year Book,0,0.0,15,0,pageviews_http_403
Father of surgery,0,0.0,24,1,pageviews_http_403
Father of the Year,0,0.0,3,1,pageviews_http_403
Father of the Year (film),0,0.0,94,1,pageviews_http_403
"Father, Dear Father (film)",0,0.0,56,1,pageviews_http_403
"Father, Father",0,0.0,0,2,pageviews_http_403
"Father, I'll Take Care of You",0,0.0,80,1,pageviews_http_403
Fathers and Daughters,0,0.0,56,0,pageviews_http_403
Fatih Çakıroğlu,0,0.0,77,1,pageviews_http_403
Fatty acid synthesis,0,0.0,344,6,pageviews_http_403
Fatty's Day Off,0,0.0,6,0,pageviews_http_403
Fauna of Australia,0,0.0,665,13,pageviews_http_403
Favorite Blue,0,0.0,9,4,pageviews_http_403
Favorite son,0,0.0,281,6,pageviews_http_403
Fax,0,0.0,2172,41,pageviews_http_403
Fear (1946 film),0,0.0,66,0,pageviews_http_403
Fear (1996 film),0,0.0,204,0,pageviews_http_403
Fear Clinic (film),0,0.0,15,0,pageviews_http_403
Fear and Misery of the Third Reich,0,0.0,121,5,pageviews_http_403
Fears (Modern Family),0,0.0,42,1,pageviews_http_403
Federal Bureau of Narcotics,0,0.0,193,5,pageviews_http_403
Federal Farm Loan Act,0,0.0,263,9,pageviews_http_403
Federal Perkins Loan,0,0.0,187,2,pageviews_http_403
Federal jurisdiction,0,0.0,21,0,pageviews_http_403
Federal jurisdiction (United States),0,0.0,253,1,pageviews_http_403
Federation (short story collection),0,0.0,10,1,pageviews_http_403
Federation Council (Russia),0,0.0,1449,14,pageviews_http_403
Feed,0,0.0,64,7,pageviews_http_403
Feed Jake,0,0.0,29,0,pageviews_http_403
Feed the Birds,0,0.0,131,2,pageviews_http_403
Feed the Machine,0,0.0,134,11,pageviews_http_403
Feed the Machine (Nickelback song),0,0.0,80,0,pageviews_http_403
Feed the Machine (disambiguation),0,0.0,1,1,pageviews_http_403
Feeling Good,0,0.0,975,11,pageviews_http_403
Feeling a Moment,0,0.0,71,2,pageviews_http_403
Feels Like I'm Falling in Love,0,0.0,8,0,pageviews_http_403
Feigl,0,0.0,4,0,pageviews_http_403
Felicia,0,0.0,40,1,pageviews_http_403
Felicia Chateloin,0,0.0,3,2,pageviews_http_403
Felicia Zhang,0,0.0,50,0,pageviews_http_403
Felicia alba,0,0.0,6,0,pageviews_http_403
Felix Eriksson (ice hockey),0,0.0,2,0,pageviews_http_403
Fellowship (short story),0,0.0,101,2,pageviews_http_403
Female (1933 film),0,0.0,365,0,pageviews_http_403
Female (2005 film),0,0.0,70,3,pageviews_http_403
Female buddy film,0,0.0,512,0,pageviews_http_403
Femina Miss India,0,0.0,961,14,pageviews_http_403
Femina Miss India 2017,0,0.0,38,0,pageviews_http_403
Feminist psychology,0,0.0,1992,4,pageviews_http_403
Fender Marauder,0,0.0,57,0,pageviews_http_403
Feral pigeon,0,0.0,280,14,pageviews_http_403
Ferdinand Hérold,0,0.0,386,9,pageviews_http_403
Ferhat Akdeniz,0,0.0,4,0,pageviews_http_403
Fermentation in winemaking,0,0.0,948,15,pageviews_http_403
Fermín,0,0.0,3,3,pageviews_http_403
Fernand,0,0.0,7,1,pageviews_http_403
Fernand Baldet,0,0.0,17,2,pageviews_http_403
Fernand Cornez,0,0.0,18,0,pageviews_http_403
Fernand Courty,0,0.0,14,1,pageviews_http_403
Fernanda,0,0.0,21,2,pageviews_http_403
Fernanda Abreu,0,0.0,389,1,pageviews_http_403
Fernando Tatís,0,0.0,239,4,pageviews_http_403
Fernando Tatís Jr.,0,0.0,550,9,pageviews_http_403
Fernie Alpine Resort,0,0.0,896,1,pageviews_http_403
Ferric,0,0.0,289,12,pageviews_http_403
Ferric chloride test,0,0.0,20,0,pageviews_http_403
Festival (1996 film),0,0.0,97,1,pageviews_http_403
Festival (2005 film),0,0.0,40,0,pageviews_http_403
Festival of San Fermín,0,0.0,170,11,pageviews_http_403
Festivals (book),0,0.0,9,1,pageviews_http_403
Feud,0,0.0,2157,13,pageviews_http_403
Fibrinolysis,0,0.0,521,21,pageviews_http_403
Ficus religiosa,0,0.0,834,46,pageviews_http_403
Field Work (poetry collection),0,0.0,37,2,pageviews_http_403
"Fifth Test, 1948 Ashes series",0,0.0,152,0,pageviews_http_403
"Fifth Ward, Houston",0,0.0,429,7,pageviews_http_403
Fifth wheel (disambiguation),0,0.0,11,2,pageviews_http_403
Fifth-wheel coupling,0,0.0,100,7,pageviews_http_403
Fifty-Fifty,0,0.0,44,24,pageviews_http_403
Fifty-One,0,0.0,192,2,pageviews_http_403
Fifty-One Tales,0,0.0,53,2,pageviews_http_403
Fight the Good Fight,0,0.0,12,1,pageviews_http_403
Fighter (2000 film),0,0.0,40,0,pageviews_http_403
Fighter (2011 film),0,0.0,59,3,pageviews_http_403
Fighter aircraft,0,0.0,7076,25,pageviews_http_403
Fighting (2009 film),0,0.0,64,0,pageviews_http_403
Fighting (2014 film),0,0.0,11,0,pageviews_http_403
Fighting Gravity (film),0,0.0,3,1,pageviews_http_403
Fiji during the time of Cakobau,0,0.0,153,3,pageviews_http_403
File,0,0.0,134,5,pageviews_http_403
File 13,0,0.0,25,3,pageviews_http_403
File 13 (film),0,0.0,20,0,pageviews_http_403
Film Garden,0,0.0,3,0,pageviews_http_403
Film cement,0,0.0,6,0,pageviews_http_403
Film exchange,0,0.0,24,1,pageviews_http_403
Film genre,0,0.0,1262,15,pageviews_http_403
Film leader,0,0.0,108,7,pageviews_http_403
Film look,0,0.0,157,6,pageviews_http_403
Film treatment,0,0.0,568,6,pageviews_http_403
"Film, Film, Film",0,0.0,31,0,pageviews_http_403
Film-out,0,0.0,47,3,pageviews_http_403
Final (film),0,0.0,18,1,pageviews_http_403
Final Examination (film),0,0.0,85,0,pageviews_http_403
Financial Accounting Standards Board,0,0.0,226,5,pageviews_http_403
Financial Times,0,0.0,17354,31,pageviews_http_403
Financial Transactions Plan,0,0.0,3,0,pageviews_http_403
Financial data vendor,0,0.0,104,5,pageviews_http_403
Financial plan,0,0.0,467,5,pageviews_http_403
Financial position of the United States,0,0.0,618,1,pageviews_http_403
Finch House,0,0.0,5,1,pageviews_http_403
Finder,0,0.0,19,1,pageviews_http_403
Finder (comics),0,0.0,43,3,pageviews_http_403
Finder (novel),0,0.0,5,0,pageviews_http_403
Findlay,0,0.0,14,1,pageviews_http_403
Fingerprints of the Gods,0,0.0,76,1,pageviews_http_403
Fingers (1941 film),0,0.0,30,0,pageviews_http_403
Fingers (1978 film),0,0.0,69,0,pageviews_http_403
Fings Ain't Wot They Used T'Be,0,0.0,64,2,pageviews_http_403
Finn Ronne,0,0.0,625,0,pageviews_http_403
Finn Wolfhard,0,0.0,499,4,pageviews_http_403
Fiona,0,0.0,179,3,pageviews_http_403
Fiona Coote,0,0.0,16,0,pageviews_http_403
Fire (TV series),0,0.0,64,0,pageviews_http_403
Fire (The X-Files),0,0.0,71,1,pageviews_http_403
Fire Down Below,0,0.0,18,4,pageviews_http_403
Fire Down Below (1957 film),0,0.0,104,0,pageviews_http_403
Fire Down Below (1997 film),0,0.0,139,0,pageviews_http_403
Fire Sale (film),0,0.0,32,2,pageviews_http_403
Fireball XL5,0,0.0,369,7,pageviews_http_403
Firefly (TV series),0,0.0,2029,31,pageviews_http_403
Fires Within Fires,0,0.0,29,1,pageviews_http_403
Fireworks competitions,0,0.0,14,0,pageviews_http_403
First Air Force,0,0.0,3773,13,pageviews_http_403
First Battle of Panipat,0,0.0,464,7,pageviews_http_403
First Geneva Convention,0,0.0,262,5,pageviews_http_403
First Interstate Bancorp,0,0.0,104,6,pageviews_http_403
First Kill (2017 film),0,0.0,40,0,pageviews_http_403
First Kiss (TV series),0,0.0,12,0,pageviews_http_403
First Love (1977 film),0,0.0,37,0,pageviews_http_403
First Love (2000 film),0,0.0,21,1,pageviews_http_403
First Man (film),0,0.0,557,2,pageviews_http_403
First National Bank of Florida,0,0.0,3,0,pageviews_http_403
First Person (1960 TV series),0,0.0,20,0,pageviews_http_403
First Person (2000 TV series),0,0.0,46,1,pageviews_http_403
First Take (talk show),0,0.0,386,4,pageviews_http_403
First aid,0,0.0,2844,13,pageviews_http_403
First million,0,0.0,1,0,pageviews_http_403
First person,0,0.0,161,7,pageviews_http_403
First sergeant,0,0.0,895,11,pageviews_http_403
First they came ...,0,0.0,170,0,pageviews_http_403
First-person adventure,0,0.0,45,5,pageviews_http_403
Fisher &amp; Fisher,0,0.0,0,0,pageviews_http_403
Fisher's seahorse,0,0.0,10,1,pageviews_http_403
Fishin' in the Dark,0,0.0,115,2,pageviews_http_403
Fishing,0,0.0,10703,10,pageviews_http_403
Fishing (sculpture),0,0.0,241,0,pageviews_http_403
Five (2003 film),0,0.0,55,0,pageviews_http_403
Five Children and It (film),0,0.0,184,1,pageviews_http_403
Five Minutes,0,0.0,5,4,pageviews_http_403
Five Minutes to a Fortune,0,0.0,15,1,pageviews_http_403
Five dollar note,0,0.0,12,6,pageviews_http_403
Five pence (British coin),0,0.0,112,8,pageviews_http_403
Five pence (Irish coin),0,0.0,42,2,pageviews_http_403
Fix,0,0.0,42,5,pageviews_http_403
Fix (Blackstreet song),0,0.0,120,0,pageviews_http_403
Fix (film),0,0.0,21,0,pageviews_http_403
Fix Me (song),0,0.0,27,2,pageviews_http_403
Fizeau (crater),0,0.0,286,0,pageviews_http_403
Fizeau–Foucault apparatus,0,0.0,44,4,pageviews_http_403
Flag,0,0.0,8644,17,pageviews_http_403
Flag Day (United States),0,0.0,548,5,pageviews_http_403
Flag and seal of Illinois,0,0.0,321,13,pageviews_http_403
Flag of Cameroon,0,0.0,288,4,pageviews_http_403
Flag of Cyprus,0,0.0,513,6,pageviews_http_403
Flag of Georgia (U.S. state),0,0.0,261,10,pageviews_http_403
Flag of Jordan,0,0.0,5518,5,pageviews_http_403
Flag of Northern Cyprus,0,0.0,356,8,pageviews_http_403
Flag of Uruguay,0,0.0,279,4,pageviews_http_403
Flag of the Cook Islands,0,0.0,258,6,pageviews_http_403
Flag to Flag,0,0.0,52,3,pageviews_http_403
Flaithrí mac Domnaill,0,0.0,9,1,pageviews_http_403
Flame (1975 film),0,0.0,72,0,pageviews_http_403
Flame (1996 film),0,0.0,12,0,pageviews_http_403
Flash (Jay Garrick),0,0.0,88,0,pageviews_http_403
Flashdance... What a Feeling,0,0.0,769,9,pageviews_http_403
Flatbush Zombies,0,0.0,183,5,pageviews_http_403
Flatliners (2017 film),0,0.0,113,2,pageviews_http_403
Flatworm,0,0.0,3914,13,pageviews_http_403
Flavor Flav,0,0.0,569,17,pageviews_http_403
Fleetwood,0,0.0,1417,4,pageviews_http_403
Fleetwood Town F.C.,0,0.0,2463,7,pageviews_http_403
Flight Nurse (film),0,0.0,198,0,pageviews_http_403
Flight controller,0,0.0,633,26,pageviews_http_403
Flight of the Bumblebee,0,0.0,337,9,pageviews_http_403
Flintstones Chewable Vitamins,0,0.0,122,11,pageviews_http_403
Flood (Baxter novel),0,0.0,74,1,pageviews_http_403
Flooded Belfry,0,0.0,16,1,pageviews_http_403
Flooded engine,0,0.0,12,0,pageviews_http_403
Flooded gum,0,0.0,3,2,pageviews_http_403
Flora,0,0.0,3364,5,pageviews_http_403
Flora of China,0,0.0,354,3,pageviews_http_403
Flora of India,0,0.0,652,3,pageviews_http_403
Florence,0,0.0,17880,60,pageviews_http_403
Florence Harsant,0,0.0,8,2,pageviews_http_403
Florida National Bank,0,0.0,72,1,pageviews_http_403
Florida Province,0,0.0,45,1,pageviews_http_403
Flower in the Wonderland,0,0.0,13,2,pageviews_http_403
Flowers on the Wall,0,0.0,106,4,pageviews_http_403
Flowers on the Wall (album),0,0.0,60,0,pageviews_http_403
Flowers on the Weekend,0,0.0,15,0,pageviews_http_403
Floyd,0,0.0,19,2,pageviews_http_403
Floyd James Thompson,0,0.0,86,1,pageviews_http_403
Floyd Lawson,0,0.0,78,4,pageviews_http_403
Flute,0,0.0,8436,17,pageviews_http_403
Fly Away,0,0.0,15,7,pageviews_http_403
Fly Away (Haddaway song),0,0.0,21,0,pageviews_http_403
Fly Away (John Denver song),0,0.0,80,0,pageviews_http_403
Fly Me Away (song),0,0.0,60,0,pageviews_http_403
Flying (film),0,0.0,37,3,pageviews_http_403
Flying Blind (film),0,0.0,141,1,pageviews_http_403
Flying Solo (novel),0,0.0,8,1,pageviews_http_403
Flying Squadron (film),0,0.0,27,3,pageviews_http_403
Flying fish,0,0.0,613,10,pageviews_http_403
Focal seizure,0,0.0,499,27,pageviews_http_403
Fog,0,0.0,2701,26,pageviews_http_403
Follow,0,0.0,46,3,pageviews_http_403
Follow Follow,0,0.0,36,2,pageviews_http_403
Follow the Music,0,0.0,4,1,pageviews_http_403
Follow the Reaper,0,0.0,60,4,pageviews_http_403
Fontanelle,0,0.0,232,12,pageviews_http_403
Fontanelle (album),0,0.0,53,0,pageviews_http_403
Fonz (disambiguation),0,0.0,2,0,pageviews_http_403
"Fonz, Huesca",0,0.0,221,1,pageviews_http_403
Food drying,0,0.0,538,8,pageviews_http_403
Food taster,0,0.0,70,8,pageviews_http_403
Footes Lane,0,0.0,65,0,pageviews_http_403
"Footes, New York",0,0.0,174,0,pageviews_http_403
For All We Know,0,0.0,15,4,pageviews_http_403
For All We Know (1934 song),0,0.0,211,0,pageviews_http_403
For All We Know (1970 song),0,0.0,460,1,pageviews_http_403
For Those We Love,0,0.0,67,0,pageviews_http_403
For Whom the Sleigh Bell Tolls,0,0.0,113,0,pageviews_http_403
For You (Ricky Nelson song),0,0.0,99,1,pageviews_http_403
"For You, for Me",0,0.0,28,0,pageviews_http_403
For a Friend,0,0.0,25,1,pageviews_http_403
For a Moment,0,0.0,7,1,pageviews_http_403
For the Rest of My Life,0,0.0,68,2,pageviews_http_403
For the Rest of My Life (disambiguation),0,0.0,1,0,pageviews_http_403
For the Rest of Your Life,0,0.0,10,1,pageviews_http_403
Forage (honey bee),0,0.0,44,1,pageviews_http_403
Ford 4.4 Turbo Diesel,0,0.0,11,0,pageviews_http_403
Ford Anglia,0,0.0,532,5,pageviews_http_403
Ford Sierra,0,0.0,681,7,pageviews_http_403
Fordson,0,0.0,298,5,pageviews_http_403
Forever (1994 film),0,0.0,21,1,pageviews_http_403
Forever (2003 film),0,0.0,14,2,pageviews_http_403
Forever Friends (film),0,0.0,32,0,pageviews_http_403
Forever-Forever,0,0.0,7,0,pageviews_http_403
Forget to Remember,0,0.0,41,1,pageviews_http_403
Forgive (The Following),0,0.0,16,0,pageviews_http_403
Form I-9,0,0.0,41,5,pageviews_http_403
Formal,0,0.0,95,4,pageviews_http_403
Formal balance,0,0.0,11,1,pageviews_http_403
Formal wear,0,0.0,1377,14,pageviews_http_403
Formula One drivers from Italy,0,0.0,117,3,pageviews_http_403
Forrest,0,0.0,26,3,pageviews_http_403
Forrest Parry,0,0.0,10,0,pageviews_http_403
"Fort Collins, Colorado",0,0.0,4654,13,pageviews_http_403
Fort Ticonderoga,0,0.0,1132,1,pageviews_http_403
Fort Wayne (fort),0,0.0,109,0,pageviews_http_403
Forte forte forte,0,0.0,19,1,pageviews_http_403
Fortitude,0,0.0,25,3,pageviews_http_403
Fortitude (King),0,0.0,242,0,pageviews_http_403
Fortitude (TV series),0,0.0,198,0,pageviews_http_403
Fortuna,0,0.0,713,15,pageviews_http_403
Fortuna (film),0,0.0,44,3,pageviews_http_403
Forty Naughty Girls,0,0.0,95,0,pageviews_http_403
Forty Shades of Blue,0,0.0,102,1,pageviews_http_403
Forty forty,0,0.0,95,2,pageviews_http_403
Fosdyke,0,0.0,80,1,pageviews_http_403
Fossil,0,0.0,14913,41,pageviews_http_403
Foster care in the United Kingdom,0,0.0,124,0,pageviews_http_403
Foster care in the United States,0,0.0,160,1,pageviews_http_403
Foundation (TV series),0,0.0,666,25,pageviews_http_403
Fountain,0,0.0,1621,13,pageviews_http_403
Four (composition),0,0.0,208,1,pageviews_http_403
Four Boxes (film),0,0.0,13,1,pageviews_http_403
Four Corners,0,0.0,2074,7,pageviews_http_403
Four Element Composition,0,0.0,7,0,pageviews_http_403
Four Feather Falls,0,0.0,99,1,pageviews_http_403
Four Fires,0,0.0,11,0,pageviews_http_403
Four Light Years,0,0.0,138,0,pageviews_http_403
Four Strong Winds,0,0.0,121,0,pageviews_http_403
Four kingdoms of Daniel,0,0.0,101,13,pageviews_http_403
Fourth Geneva Convention,0,0.0,600,14,pageviews_http_403
Fourth Mainland Bridge,0,0.0,9,0,pageviews_http_403
Fowler,0,0.0,59,2,pageviews_http_403
Fowles,0,0.0,4,0,pageviews_http_403
Fox,0,0.0,3515,25,pageviews_http_403
Fox (surname),0,0.0,70,1,pageviews_http_403
Fox Evil,0,0.0,60,0,pageviews_http_403
Fox Mulder,0,0.0,615,10,pageviews_http_403
Fox News @ Night,0,0.0,171,2,pageviews_http_403
Fox on the Run (Manfred Mann song),0,0.0,90,1,pageviews_http_403
Fox the Fox,0,0.0,16,0,pageviews_http_403
Fox's,0,0.0,4,1,pageviews_http_403
Fox's Biscuits,0,0.0,103,3,pageviews_http_403
Fox's shrew,0,0.0,497,2,pageviews_http_403
Fox's weaver,0,0.0,153,2,pageviews_http_403
Fox-y Lady,0,0.0,78,2,pageviews_http_403
Foxwoods Resort Casino,0,0.0,634,13,pageviews_http_403
Foxy Brown,0,0.0,91,3,pageviews_http_403
Foxy Brown (rapper),0,0.0,608,8,pageviews_http_403
Foxy Brown (singer),0,0.0,14,3,pageviews_http_403
Foxy Brown discography,0,0.0,31,1,pageviews_http_403
Fragmentos De Una Tarde Somnolienta,0,0.0,8,0,pageviews_http_403
Framed (1930 film),0,0.0,136,0,pageviews_http_403
Framed (1947 film),0,0.0,84,0,pageviews_http_403
Framed (1990 film),0,0.0,28,0,pageviews_http_403
France at the 2002 Winter Olympics,0,0.0,451,0,pageviews_http_403
France at the 2006 Winter Olympics,0,0.0,363,0,pageviews_http_403
France at the 2010 Winter Olympics,0,0.0,387,0,pageviews_http_403
France at the 2014 Winter Olympics,0,0.0,489,0,pageviews_http_403
Francesco Guardi,0,0.0,263,2,pageviews_http_403
Francis Flute,0,0.0,125,0,pageviews_http_403
Francis Graham Crookshank,0,0.0,20,1,pageviews_http_403
Francis Graham-Smith,0,0.0,102,3,pageviews_http_403
Francis Smith,0,0.0,30,4,pageviews_http_403
"Francisco Fernández de la Cueva, 10th Duke of Alburquerque",0,0.0,99,11,pageviews_http_403
Francisco Franco,0,0.0,6016,42,pageviews_http_403
Francisco I. Madero,0,0.0,993,7,pageviews_http_403
Francisco Maldonado,0,0.0,29,0,pageviews_http_403
Francisco María Oreamuno Bonilla,0,0.0,85,3,pageviews_http_403
Francisco Olivares Maldonado,0,0.0,4,0,pageviews_http_403
Francisco Rodríguez Maldonado,0,0.0,36,2,pageviews_http_403
Francisco Severo Maldonado,0,0.0,5,1,pageviews_http_403
Francisco da Silva,0,0.0,6,2,pageviews_http_403
Franco Manzato,0,0.0,17,0,pageviews_http_403
Frank,0,0.0,142,7,pageviews_http_403
Frank (Squeeze album),0,0.0,88,0,pageviews_http_403
Frank Carson,0,0.0,88,3,pageviews_http_403
Frank Carson (ice hockey),0,0.0,25,2,pageviews_http_403
Frank Cornan,0,0.0,10,2,pageviews_http_403
Frank Forde,0,0.0,538,4,pageviews_http_403
Frank Marino,0,0.0,88,2,pageviews_http_403
Frank Oppenheimer,0,0.0,129,1,pageviews_http_403
Frankenstein's Cat,0,0.0,185,2,pageviews_http_403
Frankenweenie (1984 film),0,0.0,257,0,pageviews_http_403
Frankie Brady,0,0.0,168,0,pageviews_http_403
Frans Pourbus the Elder,0,0.0,59,3,pageviews_http_403
Franz Jonas,0,0.0,132,1,pageviews_http_403
Franz Kraemer,0,0.0,21,0,pageviews_http_403
Franz Olah,0,0.0,47,0,pageviews_http_403
François Antoine Louis Bourcier,0,0.0,53,2,pageviews_http_403
François Gaston de Lévis,0,0.0,76,10,pageviews_http_403
Fraser Clarke Heston,0,0.0,52,3,pageviews_http_403
Fraser Scott,0,0.0,4,0,pageviews_http_403
Fray Francisco Maldonado,0,0.0,2,0,pageviews_http_403
Freak (Estelle song),0,0.0,71,0,pageviews_http_403
Freaks and Geeks,0,0.0,466,36,pageviews_http_403
Freaks and Geeks (soundtrack),0,0.0,7,0,pageviews_http_403
Freaky Friday,0,0.0,122,1,pageviews_http_403
Freaky Friday (1976 film),0,0.0,170,2,pageviews_http_403
Freaky Friday (2018 film),0,0.0,229,0,pageviews_http_403
Fred Astaire,0,0.0,2929,10,pageviews_http_403
Fred Astaire Dance Studios,0,0.0,19,0,pageviews_http_403
Fred Rutherford,0,0.0,35,2,pageviews_http_403
Freddie (Freddie Gibbs album),0,0.0,35,0,pageviews_http_403
Freddie Keppard,0,0.0,92,1,pageviews_http_403
Freddie Smith,0,0.0,77,0,pageviews_http_403
Frederick Arthur MacKenzie,0,0.0,26,2,pageviews_http_403
Frederick Converse,0,0.0,69,2,pageviews_http_403
Frederick Converse Beach,0,0.0,26,2,pageviews_http_403
"Frederick III, Elector Palatine",0,0.0,175,7,pageviews_http_403
"Frederick IV, Elector Palatine",0,0.0,158,4,pageviews_http_403
Frederick Mackenzie,0,0.0,9,2,pageviews_http_403
Frederick Mackenzie (Quebec politician),0,0.0,11,1,pageviews_http_403
Frederick William,0,0.0,22,3,pageviews_http_403
"Frederick, Elector Palatine",0,0.0,9,4,pageviews_http_403
"Frederick, Oklahoma",0,0.0,224,5,pageviews_http_403
Fredrik Havig,0,0.0,6,0,pageviews_http_403
Free Centre,0,0.0,208,2,pageviews_http_403
"Free Home, Georgia",0,0.0,44,2,pageviews_http_403
Free India Centre,0,0.0,87,1,pageviews_http_403
Free Love,0,0.0,17,1,pageviews_http_403
Free Love (film),0,0.0,28,0,pageviews_http_403
Free Man,0,0.0,45,0,pageviews_http_403
Free Man in Paris,0,0.0,96,1,pageviews_http_403
Free Motherland,0,0.0,51,4,pageviews_http_403
Free Radical Centre,0,0.0,54,0,pageviews_http_403
Free Style (film),0,0.0,44,0,pageviews_http_403
Free Word Centre,0,0.0,22,2,pageviews_http_403
Free cash flow,0,0.0,222,4,pageviews_http_403
Free love,0,0.0,2063,5,pageviews_http_403
Free surface,0,0.0,126,2,pageviews_http_403
Free surface effect,0,0.0,68,1,pageviews_http_403
Freedom,0,0.0,1690,8,pageviews_http_403
Freedom (1982 film),0,0.0,42,0,pageviews_http_403
Freedom (2001 film),0,0.0,22,2,pageviews_http_403
Freedom Charter,0,0.0,2073,0,pageviews_http_403
Freedom Day (South Africa),0,0.0,110,1,pageviews_http_403
Freedom Park (South Africa),0,0.0,96,0,pageviews_http_403
Freedom Riders (film),0,0.0,167,1,pageviews_http_403
Freedom Trail (South Africa),0,0.0,9,2,pageviews_http_403
Freedom of movement for workers in the European Union,0,0.0,485,6,pageviews_http_403
Freedom of religion in India,0,0.0,330,12,pageviews_http_403
Freedom of speech,0,0.0,10374,44,pageviews_http_403
Freestyle skiing at the 1998 Winter Olympics,0,0.0,137,1,pageviews_http_403
Freestyle skiing at the 2018 Winter Olympics,0,0.0,279,0,pageviews_http_403
Freestyle skiing at the 2018 Winter Olympics – Qualification,0,0.0,55,1,pageviews_http_403
Freestyle skiing at the Winter Olympics,0,0.0,503,3,pageviews_http_403
French Pass,0,0.0,41,3,pageviews_http_403
French Pass (Oregon),0,0.0,4,0,pageviews_http_403
French West Indies,0,0.0,1593,8,pageviews_http_403
French colonization of the Americas,0,0.0,959,5,pageviews_http_403
French drop,0,0.0,26,3,pageviews_http_403
Frenchy (film),0,0.0,33,3,pageviews_http_403
Frenchy Bordagaray,0,0.0,157,3,pageviews_http_403
Frenchy's Chicken,0,0.0,85,7,pageviews_http_403
Fresh,0,0.0,80,7,pageviews_http_403
Fresh (1994 film),0,0.0,93,1,pageviews_http_403
Fresh Patch,0,0.0,3,0,pageviews_http_403
Fresh!,0,0.0,24,0,pageviews_http_403
Friday (2012 film),0,0.0,58,2,pageviews_http_403
Friday Film Special,0,0.0,6,0,pageviews_http_403
Fried,0,0.0,22,2,pageviews_http_403
Fried Green Tomatoes at the Whistle Stop Cafe,0,0.0,77,6,pageviews_http_403
Fried clams,0,0.0,120,6,pageviews_http_403
Fried pie,0,0.0,109,1,pageviews_http_403
Friedrich August Brand,0,0.0,10,0,pageviews_http_403
Friends (1938 film),0,0.0,156,0,pageviews_http_403
Friends (2001 film),0,0.0,127,2,pageviews_http_403
Friends of the People,0,0.0,72,0,pageviews_http_403
Friendship,0,0.0,1829,28,pageviews_http_403
Frilled shark,0,0.0,412,9,pageviews_http_403
Fritz Feigl,0,0.0,32,6,pageviews_http_403
Fritz Goos,0,0.0,16,0,pageviews_http_403
Frog's Hollow,0,0.0,13,0,pageviews_http_403
From Above,0,0.0,17,0,pageviews_http_403
From Little Things Big Things Grow,0,0.0,62,4,pageviews_http_403
From Now On,0,0.0,16,3,pageviews_http_403
From Now On (film),0,0.0,16,2,pageviews_http_403
From Now On...,0,0.0,35,0,pageviews_http_403
Frontier Centre for Public Policy,0,0.0,49,0,pageviews_http_403
Frosty (frozen dairy dessert),0,0.0,55,10,pageviews_http_403
Frosty's Winter Wonderland,0,0.0,126,0,pageviews_http_403
Frozen River (1929 film),0,0.0,16,0,pageviews_http_403
Frozen dessert,0,0.0,479,1,pageviews_http_403
Fruits (book),0,0.0,6,0,pageviews_http_403
Fruits Basket,0,0.0,1178,11,pageviews_http_403
Fräulein Wunder,0,0.0,10,3,pageviews_http_403
Fuel,0,0.0,2444,4,pageviews_http_403
Fuel (film),0,0.0,159,1,pageviews_http_403
Fukushima Station (Fukushima),0,0.0,317,1,pageviews_http_403
Full Throttle,0,0.0,28,3,pageviews_http_403
Full Throttle (drink),0,0.0,262,16,pageviews_http_403
Full Throttle (roller coaster),0,0.0,74,3,pageviews_http_403
Full Throttle Saloon,0,0.0,103,2,pageviews_http_403
Full-rigged pinnace,0,0.0,384,1,pageviews_http_403
Full-rigged ship,0,0.0,3722,24,pageviews_http_403
Fundal height,0,0.0,167,5,pageviews_http_403
Fundal massage,0,0.0,16,1,pageviews_http_403
Funeral for a Friend,0,0.0,520,23,pageviews_http_403
Funk (Glee),0,0.0,179,0,pageviews_http_403
Funkier Than a Mosquito's Tweeter,0,0.0,130,1,pageviews_http_403
Funkier Than a Mosquito's Tweeter (song),0,0.0,197,2,pageviews_http_403
Further,0,0.0,46,7,pageviews_http_403
Further Austria,0,0.0,385,8,pageviews_http_403
Future (song),0,0.0,230,2,pageviews_http_403
Félix Escalona,0,0.0,21,1,pageviews_http_403
Fútbol de Primera,0,0.0,2,2,pageviews_http_403
Fútbol de Primera (radio network),0,0.0,187,1,pageviews_http_403
G-Star Raw,0,0.0,90,0,pageviews_http_403
G-quadruplex,0,0.0,111,4,pageviews_http_403
G.I. Bill,0,0.0,1997,42,pageviews_http_403
G.I. Joe,0,0.0,1029,27,pageviews_http_403
GCE Ordinary Level (United Kingdom),0,0.0,136,1,pageviews_http_403
GEU,0,0.0,6,1,pageviews_http_403
GQ,0,0.0,6127,25,pageviews_http_403
GQ (actor),0,0.0,29,0,pageviews_http_403
Gabbar Singh (character),0,0.0,127,34,pageviews_http_403
Gabbie Hanna,0,0.0,295,22,pageviews_http_403
Gabriel-Marie Legouvé,0,0.0,46,3,pageviews_http_403
Gabrielle Haugh,0,0.0,24,2,pageviews_http_403
Gada,0,0.0,20,2,pageviews_http_403
Gada Meilin (film),0,0.0,19,0,pageviews_http_403
Gadget,0,0.0,357,1,pageviews_http_403
Gadolin,0,0.0,5,0,pageviews_http_403
Gads Hill Center,0,0.0,30,2,pageviews_http_403
Gads Hill Place,0,0.0,126,5,pageviews_http_403
Gaelic football,0,0.0,9444,7,pageviews_http_403
Gagnon,0,0.0,4,1,pageviews_http_403
Galax,0,0.0,42,6,pageviews_http_403
Galax-Arena,0,0.0,14,0,pageviews_http_403
Galindo,0,0.0,8,1,pageviews_http_403
Galindo Garcés,0,0.0,17,1,pageviews_http_403
Gambols,0,0.0,5,0,pageviews_http_403
Game (2011 film),0,0.0,95,4,pageviews_http_403
Game Description Language,0,0.0,22,3,pageviews_http_403
Game Makers,0,0.0,66,0,pageviews_http_403
Game of Life (film),0,0.0,43,2,pageviews_http_403
Game of Silence (American TV series),0,0.0,59,1,pageviews_http_403
Gamer,0,0.0,3948,29,pageviews_http_403
Games (film),0,0.0,67,2,pageviews_http_403
Games Without Frontiers (song),0,0.0,173,2,pageviews_http_403
Gan Kim Yong,0,0.0,343,2,pageviews_http_403
Gandhi–Irwin Pact,0,0.0,549,6,pageviews_http_403
Gang (film),0,0.0,33,1,pageviews_http_403
Gangs of Wasseypur – Part 1,0,0.0,206,0,pageviews_http_403
Gangsta (Bell Biv DeVoe song),0,0.0,30,0,pageviews_http_403
Garage,0,0.0,145,8,pageviews_http_403
Garage (film),0,0.0,70,0,pageviews_http_403
Garden Party (The Office),0,0.0,232,0,pageviews_http_403
Gareth Jones (conductor),0,0.0,11,0,pageviews_http_403
Garfield Barwick,0,0.0,273,4,pageviews_http_403
"Garment District, Manhattan",0,0.0,513,7,pageviews_http_403
Garson,0,0.0,6,1,pageviews_http_403
Gary,0,0.0,59,3,pageviews_http_403
Gary Cole,0,0.0,526,2,pageviews_http_403
Gary Freear,0,0.0,7,1,pageviews_http_403
Gary Hug,0,0.0,320,2,pageviews_http_403
Gary Lineker,0,0.0,1683,6,pageviews_http_403
Gary Masyk,0,0.0,23,2,pageviews_http_403
Garçon à la pipe,0,0.0,213,4,pageviews_http_403
Gas Monkey Bar N' Grill,0,0.0,85,10,pageviews_http_403
Gas Monkey Live,0,0.0,80,0,pageviews_http_403
Gasoline,0,0.0,5635,34,pageviews_http_403
Gasoline (film),0,0.0,28,1,pageviews_http_403
Gaston-François de Witte,0,0.0,103,2,pageviews_http_403
Gastric chief cell,0,0.0,186,2,pageviews_http_403
Gateway to the West,0,0.0,2,2,pageviews_http_403
Gaudentius,0,0.0,5,2,pageviews_http_403
Geert,0,0.0,16,0,pageviews_http_403
Geert Brusselers,0,0.0,14,0,pageviews_http_403
Geert Versnick,0,0.0,16,1,pageviews_http_403
Geetha Govindam,0,0.0,129,2,pageviews_http_403
Gejje Naada,0,0.0,10,0,pageviews_http_403
Gejje Pooje,0,0.0,138,0,pageviews_http_403
Gelis,0,0.0,10,2,pageviews_http_403
Genadendal,0,0.0,102,3,pageviews_http_403
Genadendal Residence,0,0.0,555,1,pageviews_http_403
Gene (novel),0,0.0,11,0,pageviews_http_403
Gene Schall,0,0.0,14,0,pageviews_http_403
Gene by Gene,0,0.0,19,0,pageviews_http_403
General Surgery (band),0,0.0,32,9,pageviews_http_403
Generation Next,0,0.0,23,1,pageviews_http_403
Generation P (film),0,0.0,23,0,pageviews_http_403
Generation Z,0,0.0,2559,49,pageviews_http_403
Genesis (1986 film),0,0.0,98,0,pageviews_http_403
Genesis II (film),0,0.0,133,0,pageviews_http_403
"Genesius, Count of Clermont",0,0.0,9,0,pageviews_http_403
Genius (2012 film),0,0.0,55,0,pageviews_http_403
Genius (2016 film),0,0.0,327,0,pageviews_http_403
Genko Rashkov,0,0.0,13,0,pageviews_http_403
Genma Wars,0,0.0,275,7,pageviews_http_403
Genndy Tartakovsky,0,0.0,397,10,pageviews_http_403
Genoa,0,0.0,11573,17,pageviews_http_403
"Genoa, Minnesota",0,0.0,52,0,pageviews_http_403
Genre (1996 film),0,0.0,23,2,pageviews_http_403
Genting Highlands,0,0.0,819,8,pageviews_http_403
Gentleman (Lou Bega song),0,0.0,16,0,pageviews_http_403
Gentleman's Intermission,0,0.0,161,1,pageviews_http_403
Gentleman's Relish,0,0.0,67,9,pageviews_http_403
Geoff Toovey,0,0.0,303,0,pageviews_http_403
Geoff and Judy,0,0.0,3,0,pageviews_http_403
"Geoffrey de Mandeville, Earl of Essex",0,0.0,27,0,pageviews_http_403
Geography of Iceland,0,0.0,502,12,pageviews_http_403
Geordie,0,0.0,998,13,pageviews_http_403
Geordie (film),0,0.0,147,1,pageviews_http_403
Georg Marschalk von Ebnet,0,0.0,5,3,pageviews_http_403
"George Bramwell, 1st Baron Bramwell",0,0.0,68,10,pageviews_http_403
"George Chambers (cricketer, born 1866)",0,0.0,10,0,pageviews_http_403
"George Chambers (cricketer, born 1884)",0,0.0,12,0,pageviews_http_403
George Cortlever,0,0.0,33,1,pageviews_http_403
George Esslemont,0,0.0,17,2,pageviews_http_403
George Gregan,0,0.0,355,2,pageviews_http_403
George II of Brieg,0,0.0,36,1,pageviews_http_403
George Mahon (Everton F.C. chairman),0,0.0,138,1,pageviews_http_403
George Minor,0,0.0,8,1,pageviews_http_403
George Minor (baseball),0,0.0,7,0,pageviews_http_403
George Ord,0,0.0,88,2,pageviews_http_403
George Parros,0,0.0,122,1,pageviews_http_403
George S. Patton,0,0.0,2470,24,pageviews_http_403
"George Somerset, 3rd Baron Raglan",0,0.0,102,3,pageviews_http_403
George Washington,0,0.0,14209,68,pageviews_http_403
George Washington (horse),0,0.0,267,0,pageviews_http_403
George Washington in the French and Indian War,0,0.0,384,1,pageviews_http_403
Georgia (1988 film),0,0.0,46,1,pageviews_http_403
Georgia Bulldogs,0,0.0,1356,20,pageviews_http_403
Georgia Department of Education,0,0.0,729,5,pageviews_http_403
Georgia Department of Transportation,0,0.0,727,7,pageviews_http_403
Georgia Dome,0,0.0,2191,8,pageviews_http_403
"Georgiana Bloomfield, Baroness Bloomfield",0,0.0,18,2,pageviews_http_403
Geothermal heating,0,0.0,442,4,pageviews_http_403
Gerald Thomas,0,0.0,175,1,pageviews_http_403
Gerald Thomas Walsh,0,0.0,317,0,pageviews_http_403
Gerard Kennedy,0,0.0,177,1,pageviews_http_403
Gerard Kennedy (actor),0,0.0,168,0,pageviews_http_403
Gerardo,0,0.0,38,2,pageviews_http_403
Gerardo Galindo,0,0.0,50,0,pageviews_http_403
Gerd,0,0.0,25,1,pageviews_http_403
Gerd Gigerenzer,0,0.0,285,1,pageviews_http_403
Gerd Schwidrowski,0,0.0,9,1,pageviews_http_403
Gergő,0,0.0,3,0,pageviews_http_403
Gergő Iváncsik,0,0.0,132,1,pageviews_http_403
Gergő Kovács,0,0.0,20,1,pageviews_http_403
Gerhard Ludwig,0,0.0,6,3,pageviews_http_403
Gerhard Ludwig Müller,0,0.0,392,1,pageviews_http_403
Gerhard Richter (The South Bank Show),0,0.0,17,0,pageviews_http_403
Geri Halliwell,0,0.0,825,13,pageviews_http_403
German Americans,0,0.0,4472,39,pageviews_http_403
Germany and the United Nations,0,0.0,294,0,pageviews_http_403
Geron,0,0.0,10,1,pageviews_http_403
Geron Corporation,0,0.0,63,3,pageviews_http_403
Geron Davis,0,0.0,37,1,pageviews_http_403
Gerritsen,0,0.0,5,0,pageviews_http_403
Gerry Mulligan,0,0.0,1475,3,pageviews_http_403
Get Acquainted Vol. 1,0,0.0,6,2,pageviews_http_403
Get Away If You Can,0,0.0,4,0,pageviews_http_403
Get It Away,0,0.0,6,0,pageviews_http_403
Get Lucky,0,0.0,46,5,pageviews_http_403
Get Ready,0,0.0,21,3,pageviews_http_403
Get Ready (The Temptations song),0,0.0,371,6,pageviews_http_403
Get Well Soon (band),0,0.0,30,1,pageviews_http_403
Get Well Soon (book),0,0.0,4,1,pageviews_http_403
Get Well Soon (film),0,0.0,63,2,pageviews_http_403
Get a Grip,0,0.0,238,6,pageviews_http_403
Get a Grip Tour,0,0.0,218,0,pageviews_http_403
Get a Life (novel),0,0.0,44,0,pageviews_http_403
Get well soon,0,0.0,17,2,pageviews_http_403
Getica (Dio),0,0.0,15,0,pageviews_http_403
Getter Jaani,0,0.0,277,1,pageviews_http_403
Gettin' Over You,0,0.0,259,3,pageviews_http_403
Gettin' You Home (The Black Dress Song),0,0.0,55,2,pageviews_http_403
Getting Acquainted,0,0.0,133,0,pageviews_http_403
Getting Any?,0,0.0,57,10,pageviews_http_403
Getting Away from It All,0,0.0,16,0,pageviews_http_403
Getting Even,0,0.0,7,4,pageviews_http_403
Getting Even (Allen book),0,0.0,94,1,pageviews_http_403
Getting Even (album),0,0.0,5,0,pageviews_http_403
Getting Even with Dad,0,0.0,75,2,pageviews_http_403
Getting Free,0,0.0,6,0,pageviews_http_403
Getty Images,0,0.0,2285,24,pageviews_http_403
Getz,0,0.0,14,1,pageviews_http_403
Geu,0,0.0,482,0,pageviews_http_403
Ghana Bar Association,0,0.0,126,0,pageviews_http_403
Ghar Ki Laaj,0,0.0,16,0,pageviews_http_403
Ghar Ki Laaj (1960 film),0,0.0,5,0,pageviews_http_403
Ghazan,0,0.0,517,8,pageviews_http_403
Ghazan Marri,0,0.0,30,4,pageviews_http_403
Ghiyas ud din Balban,0,0.0,100,0,pageviews_http_403
Ghost House,0,0.0,20,3,pageviews_http_403
Ghost Rider (1982 film),0,0.0,7,1,pageviews_http_403
Ghost Stories Live 2014,0,0.0,65,0,pageviews_http_403
Ghost in This House,0,0.0,51,0,pageviews_http_403
Gia,0,0.0,156,2,pageviews_http_403
Gia Long,0,0.0,727,8,pageviews_http_403
Gia Sena Kai Gia Mena,0,0.0,3,0,pageviews_http_403
Giacomo Guardi,0,0.0,37,0,pageviews_http_403
Gianluca,0,0.0,11,0,pageviews_http_403
Gianluca Comotto,0,0.0,58,3,pageviews_http_403
Gianluca Masi,0,0.0,67,4,pageviews_http_403
Giant (1956 film),0,0.0,425,0,pageviews_http_403
Giant Sequoia National Monument,0,0.0,1082,0,pageviews_http_403
Giants (series),0,0.0,41,11,pageviews_http_403
Giants Netball,0,0.0,270,2,pageviews_http_403
Giants Netball Academy,0,0.0,113,1,pageviews_http_403
Gibberula cherubini,0,0.0,5,1,pageviews_http_403
Gifford Pinchot,0,0.0,542,5,pageviews_http_403
Gifford Pinchot State Park,0,0.0,348,0,pageviews_http_403
Gift,0,0.0,748,21,pageviews_http_403
Gill,0,0.0,2117,9,pageviews_http_403
Gillen,0,0.0,4,1,pageviews_http_403
Gimme Gimme,0,0.0,7,2,pageviews_http_403
Gimme Gimme Gimme,0,0.0,16,7,pageviews_http_403
Gimme Gimme Good Lovin',0,0.0,36,0,pageviews_http_403
Gimme Some Lovin',0,0.0,288,3,pageviews_http_403
Gina G,0,0.0,414,7,pageviews_http_403
Gina G. Turrigiano,0,0.0,30,1,pageviews_http_403
Gina Krog,0,0.0,155,5,pageviews_http_403
Ginger,0,0.0,3011,19,pageviews_http_403
Ginger (2013 film),0,0.0,66,0,pageviews_http_403
Ginger Hall,0,0.0,98,1,pageviews_http_403
Ginger McCain,0,0.0,248,1,pageviews_http_403
Ginger Snaps (film),0,0.0,171,2,pageviews_http_403
Gino,0,0.0,36,3,pageviews_http_403
Gino Anthony Pesi,0,0.0,31,1,pageviews_http_403
Gino Bianco,0,0.0,65,1,pageviews_http_403
Giora Godik,0,0.0,14,1,pageviews_http_403
Giorgos Stathakis,0,0.0,25,1,pageviews_http_403
Giovanni,0,0.0,36,2,pageviews_http_403
Giovanni Fanello,0,0.0,115,1,pageviews_http_403
Giovanni Grasso,0,0.0,55,0,pageviews_http_403
Giovanni Grasso (judge),0,0.0,5,0,pageviews_http_403
Giovanni Nicotera,0,0.0,64,0,pageviews_http_403
Giovanni Speranza,0,0.0,17,0,pageviews_http_403
Giovanni Speranza de' Vajenti,0,0.0,4,2,pageviews_http_403
Giovanni da San Giovanni,0,0.0,42,3,pageviews_http_403
Giovanni di Giovanni,0,0.0,14,1,pageviews_http_403
Giraffe and Annika,0,0.0,6,0,pageviews_http_403
Girl on the Barge,0,0.0,61,2,pageviews_http_403
Girl on the Run (1958 film),0,0.0,41,0,pageviews_http_403
Girlfight,0,0.0,155,0,pageviews_http_403
Girlfight (song),0,0.0,116,0,pageviews_http_403
Girlfriend (2004 film),0,0.0,35,0,pageviews_http_403
"Girlfriend, Girlfriend",0,0.0,270,3,pageviews_http_403
Girls! Girls! Girls!,0,0.0,224,0,pageviews_http_403
Gironella,0,0.0,352,0,pageviews_http_403
Gisele Yashar,0,0.0,118,1,pageviews_http_403
Giuseppe,0,0.0,39,2,pageviews_http_403
Giuseppe Albani (footballer),0,0.0,7,0,pageviews_http_403
Giuseppe Castelli,0,0.0,64,0,pageviews_http_403
Giuseppe Castelli (footballer),0,0.0,4,0,pageviews_http_403
Giuseppe Demachi,0,0.0,14,0,pageviews_http_403
Giuseppe Marchi (footballer),0,0.0,4,0,pageviews_http_403
Giustini,0,0.0,0,0,pageviews_http_403
Give It All Away,0,0.0,3,2,pageviews_http_403
Give It Away,0,0.0,30,6,pageviews_http_403
Give It Away (George Strait song),0,0.0,237,0,pageviews_http_403
Give Me All Your Love,0,0.0,99,3,pageviews_http_403
Give Me Just a Little More Time,0,0.0,274,3,pageviews_http_403
Give Me Your Love,0,0.0,14,4,pageviews_http_403
Give Me a Little More Time,0,0.0,47,0,pageviews_http_403
Given name,0,0.0,114111,47,pageviews_http_403
Gladrags,0,0.0,32,0,pageviews_http_403
Gladwin,0,0.0,7,1,pageviews_http_403
Gladwin Hill,0,0.0,19,0,pageviews_http_403
Gland,0,0.0,990,9,pageviews_http_403
Glass,0,0.0,5045,21,pageviews_http_403
Glass (1958 film),0,0.0,155,1,pageviews_http_403
Glass (1989 film),0,0.0,10,0,pageviews_http_403
Glass (novel),0,0.0,23,0,pageviews_http_403
Glass's Guide,0,0.0,5,2,pageviews_http_403
Glass's shrew,0,0.0,485,2,pageviews_http_403
Glasses (short story),0,0.0,11,1,pageviews_http_403
Glen's Markets,0,0.0,344,1,pageviews_http_403
Glen's Vodka,0,0.0,139,1,pageviews_http_403
Glenn,0,0.0,46,1,pageviews_http_403
Glenn Albrecht,0,0.0,20,2,pageviews_http_403
Glenn Chandler,0,0.0,27,0,pageviews_http_403
Glenne Headly,0,0.0,217,6,pageviews_http_403
"Glenwood Springs, Colorado",0,0.0,1817,13,pageviews_http_403
Global 500 Roll of Honour,0,0.0,144,3,pageviews_http_403
Gloria Jean's Coffees,0,0.0,626,9,pageviews_http_403
Glorifying Terrorism,0,0.0,18,0,pageviews_http_403
Glorifying the American Girl,0,0.0,72,0,pageviews_http_403
Glossary of darts,0,0.0,220,7,pageviews_http_403
Glove,0,0.0,1294,15,pageviews_http_403
Glue (novel),0,0.0,37,1,pageviews_http_403
Glue Sniffer,0,0.0,43,2,pageviews_http_403
Glutamate (neurotransmitter),0,0.0,185,1,pageviews_http_403
Gmina,0,0.0,56472,9,pageviews_http_403
Gmina Czorsztyn,0,0.0,31,1,pageviews_http_403
Go (2007 film),0,0.0,130,0,pageviews_http_403
Go (Kaneshiro novel),0,0.0,17,0,pageviews_http_403
Go Big or Go Home,0,0.0,135,0,pageviews_http_403
Go Big or Go Home (song),0,0.0,16,0,pageviews_http_403
Go Further,0,0.0,32,3,pageviews_http_403
Go Go Amigo,0,0.0,489,0,pageviews_http_403
Go Go Go,0,0.0,3,2,pageviews_http_403
Go Now,0,0.0,244,2,pageviews_http_403
Go Now (film),0,0.0,84,0,pageviews_http_403
Go Outside in the Rain,0,0.0,9,0,pageviews_http_403
Go West (song),0,0.0,296,2,pageviews_http_403
Go for Broke! (1951 film),0,0.0,193,1,pageviews_http_403
Go for broke,0,0.0,9,8,pageviews_http_403
Go go,0,0.0,52,9,pageviews_http_403
Go to Work,0,0.0,14,1,pageviews_http_403
Go to work on an egg,0,0.0,19,0,pageviews_http_403
Go!!GO!GO!Go!!,0,0.0,21,0,pageviews_http_403
Go-go,0,0.0,402,7,pageviews_http_403
Go-on,0,0.0,237,5,pageviews_http_403
"Goa, Daman and Diu",0,0.0,189,7,pageviews_http_403
Goals against average,0,0.0,5178,3,pageviews_http_403
God Says No,0,0.0,33,0,pageviews_http_403
God in Me,0,0.0,120,1,pageviews_http_403
God's Child,0,0.0,1,1,pageviews_http_403
God's Favorite,0,0.0,168,0,pageviews_http_403
God's Problem Child,0,0.0,192,0,pageviews_http_403
"God, Your Mama, and Me",0,0.0,102,1,pageviews_http_403
"God, the Devil and Bob",0,0.0,233,12,pageviews_http_403
Goi of Baekje,0,0.0,52,2,pageviews_http_403
"Goi, Rode, Goi!",0,0.0,18,1,pageviews_http_403
Going All the Way,0,0.0,58,0,pageviews_http_403
Going Away,0,0.0,33,2,pageviews_http_403
Going Away to College,0,0.0,83,1,pageviews_http_403
Going Down,0,0.0,11,5,pageviews_http_403
Going Home (Once Upon a Time),0,0.0,185,0,pageviews_http_403
Going My Way,0,0.0,748,3,pageviews_http_403
Going Places,0,0.0,22,7,pageviews_http_403
Going Places (1938 film),0,0.0,126,0,pageviews_http_403
Going Places (1974 film),0,0.0,85,2,pageviews_http_403
Going for Gold,0,0.0,62,3,pageviews_http_403
Gokusen,0,0.0,328,8,pageviews_http_403
Golconda Vyapari Brahmin,0,0.0,10,4,pageviews_http_403
Gold (Cleave novel),0,0.0,10,1,pageviews_http_403
Gold (short story),0,0.0,124,4,pageviews_http_403
Gold Reserve Act,0,0.0,426,1,pageviews_http_403
Gold mining in Colorado,0,0.0,68,1,pageviews_http_403
Golden Eggs (film),0,0.0,327,0,pageviews_http_403
Golden Globe Awards,0,0.0,4786,0,pageviews_http_403
Golden Hinde (1973),0,0.0,301,1,pageviews_http_403
Golden Hinde (mountain),0,0.0,89,1,pageviews_http_403
Golden Lamb Inn,0,0.0,63,2,pageviews_http_403
Golden Mountain (Canada),0,0.0,9,0,pageviews_http_403
Golden Nugget Atlantic City,0,0.0,278,7,pageviews_http_403
"Golden Valley County, North Dakota",0,0.0,332,1,pageviews_http_403
"Golden Valley, North Dakota",0,0.0,33,1,pageviews_http_403
Golden eagle,0,0.0,2180,28,pageviews_http_403
Golf at the 2016 Summer Olympics,0,0.0,596,0,pageviews_http_403
Golf at the Summer Olympics,0,0.0,767,2,pageviews_http_403
Golf at the Summer Youth Olympics,0,0.0,322,2,pageviews_http_403
Golub Janić,0,0.0,73,1,pageviews_http_403
Gomdhar Konwar,0,0.0,10,0,pageviews_http_403
Gone (Kelly Clarkson song),0,0.0,169,1,pageviews_http_403
Gone (NCIS),0,0.0,99,0,pageviews_http_403
Gone Home,0,0.0,205,2,pageviews_http_403
Gone for Good,0,0.0,0,1,pageviews_http_403
Gone for Good (TV series),0,0.0,53,0,pageviews_http_403
Gone for Good (novel),0,0.0,50,0,pageviews_http_403
"Gone, Baby, Gone (novel)",0,0.0,46,0,pageviews_http_403
"Gone, Gone, Gone",0,0.0,11,4,pageviews_http_403
Goni,0,0.0,7,1,pageviews_http_403
Gonna Get You,0,0.0,16,0,pageviews_http_403
Gonna Make It,0,0.0,7,0,pageviews_http_403
Good Directions,0,0.0,104,1,pageviews_http_403
Good Feeling,0,0.0,12,3,pageviews_http_403
Good Friends and Faithful Neighbours (1938 film),0,0.0,24,0,pageviews_http_403
Good Guys,0,0.0,28,7,pageviews_http_403
Good Guys (American company),0,0.0,40,6,pageviews_http_403
"Good Guys, Bad Guys",0,0.0,146,1,pageviews_http_403
"Good Job, Good Job",0,0.0,26,0,pageviews_http_403
Good Life,0,0.0,98,11,pageviews_http_403
Good Life (OneRepublic song),0,0.0,178,0,pageviews_http_403
Good Life (The Braxtons song),0,0.0,23,1,pageviews_http_403
Good Morning (magazine),0,0.0,10,0,pageviews_http_403
Good Morning Call,0,0.0,98,3,pageviews_http_403
Good Morning Kiss,0,0.0,0,0,pageviews_http_403
Good News (musical),0,0.0,119,0,pageviews_http_403
Good News (novel),0,0.0,19,2,pageviews_http_403
Good News!,0,0.0,37,0,pageviews_http_403
"Good News, Bad News (novel)",0,0.0,9,0,pageviews_http_403
"Good Night, Dear Heart",0,0.0,23,0,pageviews_http_403
Good Vibrations,0,0.0,813,4,pageviews_http_403
Good Vibrations (film),0,0.0,66,0,pageviews_http_403
Good news,0,0.0,43,9,pageviews_http_403
Good to Be Back,0,0.0,72,0,pageviews_http_403
Good to Be Back (film),0,0.0,26,2,pageviews_http_403
Goodbye (Glee),0,0.0,180,0,pageviews_http_403
Goodbye (Grey's Anatomy),0,0.0,124,0,pageviews_http_403
Goodbye to Yesterday,0,0.0,4,3,pageviews_http_403
"Goodbye, Toby",0,0.0,264,2,pageviews_http_403
Goodhew,0,0.0,4,0,pageviews_http_403
Goods and services tax (Australia),0,0.0,297,10,pageviews_http_403
Google Translate,0,0.0,2333,13,pageviews_http_403
Goos,0,0.0,340,0,pageviews_http_403
Goos (disambiguation),0,0.0,3,0,pageviews_http_403
Goosebumps,0,0.0,631,7,pageviews_http_403
Gordon Liu,0,0.0,194,7,pageviews_http_403
Gorilla,0,0.0,2373,35,pageviews_http_403
Gorilla (film),0,0.0,38,3,pageviews_http_403
Gorillas in the Mist,0,0.0,351,5,pageviews_http_403
Gossip (The Office),0,0.0,238,0,pageviews_http_403
Got You (Where I Want You),0,0.0,16,0,pageviews_http_403
Gothic Line,0,0.0,1802,8,pageviews_http_403
Gotta Be Me,0,0.0,22,0,pageviews_http_403
Gotti (1996 film),0,0.0,112,1,pageviews_http_403
Gotti (2018 film),0,0.0,170,5,pageviews_http_403
Government of Guam,0,0.0,333,3,pageviews_http_403
Government of Karnataka,0,0.0,1406,8,pageviews_http_403
Government of the District of Columbia,0,0.0,1312,32,pageviews_http_403
Government of the Philippines,0,0.0,1978,10,pageviews_http_403
Governor of the Eastern Caribbean Central Bank,0,0.0,4,0,pageviews_http_403
Gowie Corby Plays Chicken,0,0.0,5,0,pageviews_http_403
Graham Cole,0,0.0,59,0,pageviews_http_403
Graham Smith,0,0.0,31,7,pageviews_http_403
Gran Torino,0,0.0,560,5,pageviews_http_403
Granary,0,0.0,1653,4,pageviews_http_403
Granary Books,0,0.0,24,1,pageviews_http_403
Granary Square,0,0.0,21,0,pageviews_http_403
Grand Canyon Skywalk,0,0.0,173,3,pageviews_http_403
Grand Jury (film),0,0.0,133,1,pageviews_http_403
Grand National,0,0.0,1202,8,pageviews_http_403
Grand Slam,0,0.0,551,22,pageviews_http_403
Grand Slam (1967 film),0,0.0,49,2,pageviews_http_403
Grand Slam (1978 film),0,0.0,101,1,pageviews_http_403
Grand Theft Auto III,0,0.0,938,74,pageviews_http_403
Grand Theft Auto V,0,0.0,2076,76,pageviews_http_403
Grande Roue de Paris,0,0.0,112,0,pageviews_http_403
Grande roue de Montréal,0,0.0,18,2,pageviews_http_403
Grant Bramwell,0,0.0,333,0,pageviews_http_403
Grant Shaud,0,0.0,63,0,pageviews_http_403
Grape,0,0.0,4137,31,pageviews_http_403
Grappling,0,0.0,978,13,pageviews_http_403
Grasso,0,0.0,10,0,pageviews_http_403
Grateful Dead,0,0.0,4374,17,pageviews_http_403
Graven Images (book),0,0.0,9,0,pageviews_http_403
Gravity (2013 film),0,0.0,1233,3,pageviews_http_403
Gravy Train (EP),0,0.0,50,0,pageviews_http_403
Gray catbird,0,0.0,818,14,pageviews_http_403
Gray's biopsychological theory of personality,0,0.0,52,7,pageviews_http_403
Great Is Thy Faithfulness,0,0.0,53,2,pageviews_http_403
Great Lakes,0,0.0,6082,18,pageviews_http_403
Great Royal Wife,0,0.0,434,3,pageviews_http_403
Great Wall of China,0,0.0,2174,33,pageviews_http_403
Great Wife,0,0.0,51,4,pageviews_http_403
Greater Chennai Corporation,0,0.0,1515,13,pageviews_http_403
Greater Manchester,0,0.0,14953,9,pageviews_http_403
Greater good,0,0.0,15,3,pageviews_http_403
Greatest Hits 1977–1990,0,0.0,77,1,pageviews_http_403
Green (Steve Hillage album),0,0.0,57,0,pageviews_http_403
Green Corn Rebellion,0,0.0,421,1,pageviews_http_403
Green Goddess,0,0.0,47,1,pageviews_http_403
Green Hell,0,0.0,8,2,pageviews_http_403
Green Hell (film),0,0.0,61,0,pageviews_http_403
Green Line (Dubai Metro),0,0.0,269,2,pageviews_http_403
Green Monster,0,0.0,497,5,pageviews_http_403
Green Mountains,0,0.0,767,1,pageviews_http_403
Green Mountains Review,0,0.0,34,2,pageviews_http_403
Green Tea (film),0,0.0,32,1,pageviews_http_403
Green and black poison dart frog,0,0.0,73,6,pageviews_http_403
Green goddess dressing,0,0.0,211,0,pageviews_http_403
Green tea,0,0.0,1878,23,pageviews_http_403
Greene and Greene,0,0.0,184,10,pageviews_http_403
Greenfield,0,0.0,54,5,pageviews_http_403
Greenville Area School District,0,0.0,27,0,pageviews_http_403
Greenville County School District,0,0.0,105,4,pageviews_http_403
Greenville Independent School District,0,0.0,107,1,pageviews_http_403
Greg Brenman,0,0.0,32,1,pageviews_http_403
Greg Greg,0,0.0,29,1,pageviews_http_403
Greg Keagle,0,0.0,28,0,pageviews_http_403
Greg Norman,0,0.0,1051,2,pageviews_http_403
Greg Windsperger,0,0.0,13,0,pageviews_http_403
Greg Wise,0,0.0,143,1,pageviews_http_403
Gregg,0,0.0,10,1,pageviews_http_403
Gregg Allman,0,0.0,892,3,pageviews_http_403
Gregor,0,0.0,14,1,pageviews_http_403
Gregor Balažic,0,0.0,60,1,pageviews_http_403
Gregor MacGregor,0,0.0,276,9,pageviews_http_403
Gregor Zabret,0,0.0,12,1,pageviews_http_403
Grid computing,0,0.0,985,20,pageviews_http_403
Griffin Maxwell Brooks,0,0.0,17,1,pageviews_http_403
Grip Inc.,0,0.0,70,3,pageviews_http_403
Grommet,0,0.0,312,7,pageviews_http_403
Grommet (sportsperson),0,0.0,18,0,pageviews_http_403
Grondona,0,0.0,3,1,pageviews_http_403
Groove Phi Groove,0,0.0,56,2,pageviews_http_403
Ground fighting,0,0.0,356,3,pageviews_http_403
Groundnut,0,0.0,112,5,pageviews_http_403
Groundnut pyramids,0,0.0,9,0,pageviews_http_403
Grounds for Marriage,0,0.0,152,0,pageviews_http_403
Grounds for divorce,0,0.0,139,2,pageviews_http_403
Grouping,0,0.0,11,3,pageviews_http_403
Growing,0,0.0,8,3,pageviews_http_403
Growing season,0,0.0,272,3,pageviews_http_403
Growth,0,0.0,143,3,pageviews_http_403
Growth (film),0,0.0,17,1,pageviews_http_403
Growth of the Soil (film),0,0.0,9,1,pageviews_http_403
Grund,0,0.0,7,2,pageviews_http_403
Gruzinsky,0,0.0,59,4,pageviews_http_403
Gudachari 116,0,0.0,41,1,pageviews_http_403
Gudachari 117,0,0.0,80,1,pageviews_http_403
Gudachari No.1,0,0.0,84,0,pageviews_http_403
Gudiño,0,0.0,1,0,pageviews_http_403
Guelphs and Ghibellines,0,0.0,1625,33,pageviews_http_403
Guess Who's Sleeping in My Bed?,0,0.0,17,0,pageviews_http_403
Guffey,0,0.0,3,1,pageviews_http_403
Guide,0,0.0,287,4,pageviews_http_403
Guilherme,0,0.0,26,0,pageviews_http_403
Guilherme Andrade,0,0.0,16,1,pageviews_http_403
Guilherme Rebelo de Andrade,0,0.0,3,0,pageviews_http_403
Guillem Ramon de Gironella,0,0.0,6,1,pageviews_http_403
Gujarat State Human Rights Commission,0,0.0,6,1,pageviews_http_403
Gull,0,0.0,2162,10,pageviews_http_403
Gumbo,0,0.0,1164,5,pageviews_http_403
Gumbo (mascot),0,0.0,145,0,pageviews_http_403
Gumshoe,0,0.0,13,2,pageviews_http_403
Gumshoe (film),0,0.0,96,1,pageviews_http_403
Gumshoe System,0,0.0,89,5,pageviews_http_403
Gun laws in North Carolina,0,0.0,403,0,pageviews_http_403
Gun laws in South Carolina,0,0.0,290,2,pageviews_http_403
Gunahon Ka Devta,0,0.0,6,2,pageviews_http_403
Gunahon Ka Faisla,0,0.0,21,0,pageviews_http_403
Gunahon Ka Sheher,0,0.0,13,1,pageviews_http_403
Guns (essay),0,0.0,508,1,pageviews_http_403
Guns (film),0,0.0,46,0,pageviews_http_403
Guns N' Roses,0,0.0,4793,46,pageviews_http_403
Guns! Guns! Guns!,0,0.0,6,0,pageviews_http_403
"Guns, Guns, Guns",0,0.0,64,0,pageviews_http_403
Guo,0,0.0,409,8,pageviews_http_403
Guo Gengmao,0,0.0,117,2,pageviews_http_403
Gupta family,0,0.0,523,11,pageviews_http_403
Gurdon,0,0.0,5,1,pageviews_http_403
Gurez,0,0.0,449,4,pageviews_http_403
Gurgel,0,0.0,64,0,pageviews_http_403
Guru (1989 film),0,0.0,42,0,pageviews_http_403
Guru (1997 film),0,0.0,123,0,pageviews_http_403
Guru (2012 film),0,0.0,22,0,pageviews_http_403
Guru Guru,0,0.0,69,0,pageviews_http_403
Guru Josh,0,0.0,122,4,pageviews_http_403
Gustavo A. Madero,0,0.0,47,1,pageviews_http_403
Gustavo García,0,0.0,17,3,pageviews_http_403
Gustavo García (1980s footballer),0,0.0,2,0,pageviews_http_403
"Gustavo García (footballer, born 1980)",0,0.0,5,2,pageviews_http_403
Gustavo García-Siller,0,0.0,271,1,pageviews_http_403
Gustavo Grondona,0,0.0,7,0,pageviews_http_403
Guy (1996 film),0,0.0,34,1,pageviews_http_403
Guy (2018 film),0,0.0,29,0,pageviews_http_403
Guy Fawkes (film),0,0.0,174,0,pageviews_http_403
Guyana national rugby sevens team,0,0.0,215,1,pageviews_http_403
Guzmania conifera,0,0.0,4,0,pageviews_http_403
"Gwinnett County, Georgia",0,0.0,1123,10,pageviews_http_403
Gyda Enger,0,0.0,21,0,pageviews_http_403
Gymnasium (ancient Greece),0,0.0,286,13,pageviews_http_403
Gérard Hérold,0,0.0,15,1,pageviews_http_403
Gösta,0,0.0,11,1,pageviews_http_403
Gösta Ekman,0,0.0,169,2,pageviews_http_403
Gösta Eriksson,0,0.0,22,1,pageviews_http_403
Gösta Eriksson (rowing),0,0.0,10,2,pageviews_http_403
Günter Kutowski,0,0.0,20,1,pageviews_http_403
Günter Müller,0,0.0,36,3,pageviews_http_403
Günter Rexrodt,0,0.0,516,2,pageviews_http_403
H (1990 film),0,0.0,67,0,pageviews_http_403
H. Hugh Bancroft,0,0.0,27,1,pageviews_http_403
H. L. Hunley (submarine),0,0.0,533,0,pageviews_http_403
H.R. Pufnstuf,0,0.0,485,17,pageviews_http_403
HALE,0,0.0,2,1,pageviews_http_403
HIM (Finnish band),0,0.0,750,20,pageviews_http_403
HIV/AIDS,0,0.0,15048,61,pageviews_http_403
HIV/AIDS in Nigeria,0,0.0,267,1,pageviews_http_403
HK Vojvodina,0,0.0,283,1,pageviews_http_403
HMS Crispin (R68),0,0.0,53,2,pageviews_http_403
HMS Hood,0,0.0,963,8,pageviews_http_403
HMS Ocean (R68),0,0.0,270,1,pageviews_http_403
HP 9000,0,0.0,266,5,pageviews_http_403
Ha Ha Ha,0,0.0,16,11,pageviews_http_403
Ha!-Ha!-Ha!,0,0.0,83,6,pageviews_http_403
Haar,0,0.0,9,1,pageviews_http_403
Haar (fog),0,0.0,40,2,pageviews_http_403
Habit,0,0.0,379,5,pageviews_http_403
Habits of the Heart,0,0.0,42,0,pageviews_http_403
Hadise,0,0.0,665,6,pageviews_http_403
Hagen,0,0.0,1006,3,pageviews_http_403
Haggard,0,0.0,14,1,pageviews_http_403
Hagoromo Gakuen Junior College,0,0.0,4,0,pageviews_http_403
Haiku in English,0,0.0,148,4,pageviews_http_403
Hairy Bikers,0,0.0,99,2,pageviews_http_403
Hal Film Maker,0,0.0,326,1,pageviews_http_403
Hale,0,0.0,54,6,pageviews_http_403
Half a Life (novel),0,0.0,38,1,pageviews_http_403
Half and half,0,0.0,75,4,pageviews_http_403
Halfpenny (British decimal coin),0,0.0,99,3,pageviews_http_403
Halfpenny (British pre-decimal coin),0,0.0,285,9,pageviews_http_403
Halfpenny (Irish decimal coin),0,0.0,44,1,pageviews_http_403
Halfpenny (Irish pre-decimal coin),0,0.0,46,1,pageviews_http_403
Hallelujah (Leonard Cohen song),0,0.0,1682,9,pageviews_http_403
Hallelujah (Panic! at the Disco song),0,0.0,74,5,pageviews_http_403
Halley,0,0.0,26,2,pageviews_http_403
Halley (surname),0,0.0,10,0,pageviews_http_403
Halley's Comet,0,0.0,2348,60,pageviews_http_403
Hallmarks of aging,0,0.0,24,2,pageviews_http_403
Halo (optical phenomenon),0,0.0,276,8,pageviews_http_403
Hamilton (1998 film),0,0.0,32,0,pageviews_http_403
Hamilton (2006 film),0,0.0,10,0,pageviews_http_403
Hamilton (2020 film),0,0.0,848,5,pageviews_http_403
Hamilton Hamilton,0,0.0,22,0,pageviews_http_403
Hamish,0,0.0,38,0,pageviews_http_403
Hamish Clark,0,0.0,24,0,pageviews_http_403
Hamish Henderson,0,0.0,210,0,pageviews_http_403
Hamish Macbeth,0,0.0,50,2,pageviews_http_403
Hamish Macbeth (TV series),0,0.0,126,0,pageviews_http_403
Hammer and sickle,0,0.0,1508,19,pageviews_http_403
Hampton,0,0.0,84,2,pageviews_http_403
Hampton (horse),0,0.0,137,0,pageviews_http_403
Hampton Classic Horse Show,0,0.0,18,1,pageviews_http_403
"Hampton High School (Hampton, Tennessee)",0,0.0,19,0,pageviews_http_403
Hamster,0,0.0,1535,16,pageviews_http_403
Hamza,0,0.0,515,28,pageviews_http_403
Hamza Koudri,0,0.0,79,0,pageviews_http_403
Han Seol,0,0.0,9,0,pageviews_http_403
Handbags and Gladrags,0,0.0,223,2,pageviews_http_403
Handel's Last Chance,0,0.0,33,0,pageviews_http_403
Handles (novel),0,0.0,15,1,pageviews_http_403
"Hanged, drawn and quartered",0,0.0,1428,30,pageviews_http_403
Hanni Mendes da Costa,0,0.0,6,0,pageviews_http_403
Hannibal Lecter,0,0.0,724,26,pageviews_http_403
Hans Böhning,0,0.0,17,1,pageviews_http_403
Hans Cornelis,0,0.0,111,0,pageviews_http_403
Hans Jörg,0,0.0,6,2,pageviews_http_403
Hans Snook,0,0.0,13,0,pageviews_http_403
Hans Tikkanen,0,0.0,17,0,pageviews_http_403
Hans Voigt,0,0.0,13,0,pageviews_http_403
Hans-Heinrich Voigt,0,0.0,11,0,pageviews_http_403
Hans-Jörg Bullinger,0,0.0,30,1,pageviews_http_403
Hans-Jörg Voigt,0,0.0,4,1,pageviews_http_403
Hansjörg Schlager,0,0.0,19,3,pageviews_http_403
Happiness (1998 film),0,0.0,220,1,pageviews_http_403
Happiness (2007 film),0,0.0,52,2,pageviews_http_403
Happy (2006 film),0,0.0,115,1,pageviews_http_403
Happy Days (1936 film),0,0.0,7,0,pageviews_http_403
Happy End,0,0.0,24,4,pageviews_http_403
Happy End (1967 film),0,0.0,51,1,pageviews_http_403
Happy End (2003 film),0,0.0,16,0,pageviews_http_403
Happy End (2009 film),0,0.0,33,1,pageviews_http_403
Happy Feet Two,0,0.0,467,3,pageviews_http_403
Happy Meal,0,0.0,490,16,pageviews_http_403
Harbour of Eleutherios,0,0.0,71,3,pageviews_http_403
Harbour of Tears,0,0.0,45,0,pageviews_http_403
Hard Choices (film),0,0.0,23,3,pageviews_http_403
Hard Disk 20,0,0.0,311,0,pageviews_http_403
Hard Disk 20SC,0,0.0,304,0,pageviews_http_403
Hard Habit to Break,0,0.0,172,1,pageviews_http_403
Hard Livin',0,0.0,30,0,pageviews_http_403
Hard Rain (band),0,0.0,79,1,pageviews_http_403
Hard Time,0,0.0,2,1,pageviews_http_403
Hard Time (comics),0,0.0,73,0,pageviews_http_403
Hard Way,0,0.0,30,0,pageviews_http_403
Hard to Forget,0,0.0,44,2,pageviews_http_403
Hard to Get,0,0.0,5,4,pageviews_http_403
Hard to Get (1938 film),0,0.0,106,0,pageviews_http_403
Hard to Say,0,0.0,40,1,pageviews_http_403
Hard to Say Goodbye,0,0.0,0,1,pageviews_http_403
Hard to Say I'm Sorry,0,0.0,339,5,pageviews_http_403
Hardball squash,0,0.0,35,0,pageviews_http_403
Hardiman,0,0.0,20,0,pageviews_http_403
Hardiman Scott,0,0.0,18,2,pageviews_http_403
Harding,0,0.0,35,1,pageviews_http_403
Harding of Bristol,0,0.0,13,0,pageviews_http_403
Hardwick,0,0.0,29,1,pageviews_http_403
"Hardwick, Oxfordshire",0,0.0,0,1,pageviews_http_403
Harger,0,0.0,5,0,pageviews_http_403
Harinjatovo Rakotondramanana,0,0.0,104,0,pageviews_http_403
Harley-Davidson,0,0.0,10924,36,pageviews_http_403
Harley-Davidson Street,0,0.0,57,3,pageviews_http_403
Harold,0,0.0,36,1,pageviews_http_403
Harold Koplar,0,0.0,15,0,pageviews_http_403
"Harold, son of Harold Godwinson",0,0.0,27,0,pageviews_http_403
Harptree Court,0,0.0,13,0,pageviews_http_403
Harri Tikkanen,0,0.0,9,0,pageviews_http_403
Harris Berman,0,0.0,8,0,pageviews_http_403
Harry Buck,0,0.0,75,4,pageviews_http_403
Harry Colley,0,0.0,115,1,pageviews_http_403
Harry Coover,0,0.0,44,4,pageviews_http_403
Harry Ord,0,0.0,139,3,pageviews_http_403
Harry Saltzman,0,0.0,220,1,pageviews_http_403
Harry W. Crum,0,0.0,96,2,pageviews_http_403
Harry W. Kvebæk,0,0.0,12,3,pageviews_http_403
Harry W. Shlaudeman,0,0.0,169,2,pageviews_http_403
Harry W. Wachter,0,0.0,10,1,pageviews_http_403
Harry Wragg,0,0.0,156,1,pageviews_http_403
Harry and the Hendersons,0,0.0,213,3,pageviews_http_403
Hart to Hart,0,0.0,738,1,pageviews_http_403
Harvard University,0,0.0,45015,33,pageviews_http_403
Harvest (1936 film),0,0.0,90,3,pageviews_http_403
Harvest (1967 film),0,0.0,13,0,pageviews_http_403
Harvest Moon (album),0,0.0,265,1,pageviews_http_403
Harvest Time (film),0,0.0,11,1,pageviews_http_403
Harvey Benge,0,0.0,15,1,pageviews_http_403
Harvey William Burk,0,0.0,16,0,pageviews_http_403
Harvey's,0,0.0,95,5,pageviews_http_403
Hatchet,0,0.0,496,2,pageviews_http_403
Hatchet (novel),0,0.0,180,2,pageviews_http_403
Hate Man,0,0.0,22,2,pageviews_http_403
Hate My Life,0,0.0,43,0,pageviews_http_403
Hate for Hate,0,0.0,17,4,pageviews_http_403
Hatred (1977 film),0,0.0,8,1,pageviews_http_403
Haugh,0,0.0,16,1,pageviews_http_403
Haunted (Armstrong novel),0,0.0,35,0,pageviews_http_403
Haunted (Palahniuk novel),0,0.0,50,5,pageviews_http_403
Have I Told You Lately,0,0.0,239,1,pageviews_http_403
Have I Told You Lately That I Love You?,0,0.0,346,3,pageviews_http_403
Have Some Madeira M'Dear,0,0.0,19,1,pageviews_http_403
Haverhill Hustlers,0,0.0,27,2,pageviews_http_403
Havig,0,0.0,1,0,pageviews_http_403
Havoc (1972 film),0,0.0,26,1,pageviews_http_403
Hawaii (Modern Family),0,0.0,46,0,pageviews_http_403
Hawaiian Entomological Society,0,0.0,38,6,pageviews_http_403
Hawk,0,0.0,1890,3,pageviews_http_403
Hayami,0,0.0,0,0,pageviews_http_403
Hayes,0,0.0,79,3,pageviews_http_403
Hayley Turner,0,0.0,70,0,pageviews_http_403
Hayter,0,0.0,3,1,pageviews_http_403
Hazardous Materials Identification System,0,0.0,54,5,pageviews_http_403
He Thinks He's Ray Stevens,0,0.0,0,0,pageviews_http_403
He's Gonna Step on You Again,0,0.0,125,6,pageviews_http_403
He's in Again,0,0.0,11,0,pageviews_http_403
Head (American Horror Story),0,0.0,121,0,pageviews_http_403
Head of the Class,0,0.0,232,7,pageviews_http_403
Head over Heels (American TV series),0,0.0,199,3,pageviews_http_403
Headphones,0,0.0,1161,36,pageviews_http_403
Heady,0,0.0,3,0,pageviews_http_403
Heady Nuggs,0,0.0,75,0,pageviews_http_403
Healers of the Dead Sea,0,0.0,6,0,pageviews_http_403
Health and Safety Authority,0,0.0,22,0,pageviews_http_403
Health and Safety Executive,0,0.0,2236,8,pageviews_http_403
Health and Social Care Act 2012,0,0.0,206,5,pageviews_http_403
Health authority,0,0.0,37,6,pageviews_http_403
Health facility,0,0.0,237,13,pageviews_http_403
Health insurance mandate,0,0.0,141,11,pageviews_http_403
Heap leaching,0,0.0,163,2,pageviews_http_403
Hear You Calling,0,0.0,8,1,pageviews_http_403
Hear!,0,0.0,11,0,pageviews_http_403
"Hear, hear",0,0.0,155,9,pageviews_http_403
Hearing conservation program,0,0.0,60,5,pageviews_http_403
Heart Condition (film),0,0.0,47,1,pageviews_http_403
Heart of the Night,0,0.0,43,1,pageviews_http_403
Heart of the Night (song),0,0.0,61,2,pageviews_http_403
Heart of the Rockies Regional Medical Center,0,0.0,6,0,pageviews_http_403
Heart transplantation,0,0.0,994,13,pageviews_http_403
Heath (musician),0,0.0,117,4,pageviews_http_403
Heathcote,0,0.0,13,1,pageviews_http_403
Heaven 'n Hell,0,0.0,38,0,pageviews_http_403
Heaven (1987 film),0,0.0,23,0,pageviews_http_403
Heaven (Stewart and Cohen novel),0,0.0,7,1,pageviews_http_403
Heaven Help Us,0,0.0,76,2,pageviews_http_403
Heaven Help Us All,0,0.0,267,2,pageviews_http_403
Heaven Knows I'm Miserable Now,0,0.0,157,1,pageviews_http_403
Heaven and Hell,0,0.0,48,12,pageviews_http_403
Heaven on Earth (1987 film),0,0.0,70,0,pageviews_http_403
Heaven or Hell,0,0.0,2,2,pageviews_http_403
Heaven's Just a Sin Away,0,0.0,83,0,pageviews_http_403
Heavy (film),0,0.0,60,1,pageviews_http_403
Heavy Fire,0,0.0,31,7,pageviews_http_403
Hebburn (TV series),0,0.0,53,1,pageviews_http_403
Hector's House,0,0.0,26,3,pageviews_http_403
Hector's dolphin,0,0.0,317,10,pageviews_http_403
Hedgehog,0,0.0,1679,11,pageviews_http_403
"Hedwig of France, Countess of Mons",0,0.0,22,1,pageviews_http_403
"Hedwig of France, Countess of Nevers",0,0.0,21,1,pageviews_http_403
Heidi and Peter,0,0.0,44,1,pageviews_http_403
Height,0,0.0,355,6,pageviews_http_403
Heinrich August Jäschke,0,0.0,67,3,pageviews_http_403
Heinrich August Rothe,0,0.0,16,0,pageviews_http_403
Helder Proença,0,0.0,22,2,pageviews_http_403
Helen (2008 film),0,0.0,13,1,pageviews_http_403
Helen (2009 film),0,0.0,25,0,pageviews_http_403
Helen (2017 film),0,0.0,7,0,pageviews_http_403
Helen (2019 film),0,0.0,103,0,pageviews_http_403
Helen Morgan,0,0.0,23,1,pageviews_http_403
Helicase,0,0.0,587,69,pageviews_http_403
Helix angle,0,0.0,45,0,pageviews_http_403
Helix-turn-helix,0,0.0,968,5,pageviews_http_403
Hell &amp; Heaven,0,0.0,0,0,pageviews_http_403
Hell (1994 film),0,0.0,81,3,pageviews_http_403
Hell (2010 film),0,0.0,48,0,pageviews_http_403
Hell House (film),0,0.0,13,0,pageviews_http_403
Hell Is What You Make It,0,0.0,33,2,pageviews_http_403
Hell on Wheels (Hell on Wheels episode),0,0.0,37,2,pageviews_http_403
Hellgate,0,0.0,6,2,pageviews_http_403
Hellgate (1952 film),0,0.0,49,0,pageviews_http_403
Hellgate (1989 film),0,0.0,22,0,pageviews_http_403
Hellgate (2011 film),0,0.0,13,0,pageviews_http_403
Hello (Masaharu Fukuyama song),0,0.0,37,0,pageviews_http_403
Hello Jai Hind!,0,0.0,14,1,pageviews_http_403
Hello Sailor (Hello Sailor album),0,0.0,26,0,pageviews_http_403
Hello Stranger (2010 film),0,0.0,17,4,pageviews_http_403
Hello! (Good to Be Back),0,0.0,95,1,pageviews_http_403
Help Wanted (SpongeBob SquarePants),0,0.0,199,13,pageviews_http_403
Hen,0,0.0,96,6,pageviews_http_403
Hen Hen Ai,0,0.0,6,0,pageviews_http_403
Hen Hop,0,0.0,30,2,pageviews_http_403
Henderson Island (Pitcairn Islands),0,0.0,266,2,pageviews_http_403
Hendrik Kraemer,0,0.0,26,0,pageviews_http_403
Hendrik Timmer,0,0.0,132,5,pageviews_http_403
Hendrix College,0,0.0,845,18,pageviews_http_403
Henk Timmer,0,0.0,103,3,pageviews_http_403
Henkjan Honing,0,0.0,107,1,pageviews_http_403
Henri Winkelman,0,0.0,62,5,pageviews_http_403
Henrie,0,0.0,3,0,pageviews_http_403
Henrik Tikkanen,0,0.0,18,0,pageviews_http_403
Henry (son of Edward I),0,0.0,101,1,pageviews_http_403
Henry F. Phillips,0,0.0,233,1,pageviews_http_403
Henry H. Goddard,0,0.0,130,2,pageviews_http_403
Henry Henry,0,0.0,32,1,pageviews_http_403
Henry Mancini,0,0.0,2946,6,pageviews_http_403
Henry Moseley,0,0.0,283,14,pageviews_http_403
Henry Phillips,0,0.0,13,2,pageviews_http_403
Henry Stephen (chemist),0,0.0,4,0,pageviews_http_403
Henry Travers,0,0.0,139,2,pageviews_http_403
Henry Travers (naturalist),0,0.0,20,2,pageviews_http_403
"Henry, Sweet Henry",0,0.0,45,1,pageviews_http_403
"Henry, son of Robert I of Burgundy",0,0.0,25,0,pageviews_http_403
Her Purchase Price,0,0.0,14,0,pageviews_http_403
Heracleum mantegazzianum,0,0.0,156,9,pageviews_http_403
Herbert Herbert,0,0.0,18,0,pageviews_http_403
Herbert James Read,0,0.0,16,1,pageviews_http_403
Herbert Richmond,0,0.0,95,1,pageviews_http_403
Herbert Wigwe,0,0.0,67,2,pageviews_http_403
Here (2003 film),0,0.0,84,2,pageviews_http_403
Here (2011 film),0,0.0,15,1,pageviews_http_403
Here Comes,0,0.0,17,2,pageviews_http_403
Here Comes The...,0,0.0,8,2,pageviews_http_403
Here Comes the Bride,0,0.0,18,3,pageviews_http_403
Here Comes the Fuzz,0,0.0,65,3,pageviews_http_403
Here Comes the Judge (Pigmeat Markham song),0,0.0,12,0,pageviews_http_403
Here I Am,0,0.0,16,5,pageviews_http_403
Here I Am to Worship,0,0.0,14,1,pageviews_http_403
Here I Am to Worship (song),0,0.0,31,1,pageviews_http_403
"Here I Am, Here I Stay",0,0.0,68,3,pageviews_http_403
Here and Now (1992 TV series),0,0.0,28,0,pageviews_http_403
Here and Now (2018 TV series),0,0.0,403,14,pageviews_http_403
Here and Now (2018 film),0,0.0,30,2,pageviews_http_403
Herman Albrecht,0,0.0,18,0,pageviews_http_403
Herman Berlinski,0,0.0,32,2,pageviews_http_403
Herman Hoogland,0,0.0,12,0,pageviews_http_403
Herman's Hermits,0,0.0,659,8,pageviews_http_403
"Hermann I, Landgrave of Thuringia",0,0.0,88,4,pageviews_http_403
"Hermann II, Landgrave of Thuringia",0,0.0,21,3,pageviews_http_403
Hermione Granger,0,0.0,885,19,pageviews_http_403
Hero,0,0.0,3824,20,pageviews_http_403
Hero (1983 film),0,0.0,111,0,pageviews_http_403
Hero (1985 film),0,0.0,25,0,pageviews_http_403
Hero (1992 film),0,0.0,141,2,pageviews_http_403
Hero (2002 film),0,0.0,464,5,pageviews_http_403
Hero (2008 film),0,0.0,35,0,pageviews_http_403
Hero (Angel),0,0.0,104,1,pageviews_http_403
Hero (Enrique Iglesias song),0,0.0,332,2,pageviews_http_403
Hero's journey,0,0.0,533,30,pageviews_http_403
"Hero, Hero",0,0.0,109,0,pageviews_http_403
Heroes Shed No Tears (1980 film),0,0.0,37,0,pageviews_http_403
Herring,0,0.0,2057,8,pageviews_http_403
Hershey's,0,0.0,38,2,pageviews_http_403
Hershey's Drops,0,0.0,84,1,pageviews_http_403
Hershey's Kisses,0,0.0,220,9,pageviews_http_403
Hershey's Special Dark,0,0.0,105,3,pageviews_http_403
"Hester Adrian, Baroness Adrian",0,0.0,34,4,pageviews_http_403
Heston,0,0.0,194,1,pageviews_http_403
Het uur tussen hond en wolf,0,0.0,18,0,pageviews_http_403
Hetty,0,0.0,11,3,pageviews_http_403
Hetty Wainthropp Investigates,0,0.0,157,6,pageviews_http_403
Hewer,0,0.0,29,0,pageviews_http_403
Hey Girl Don't Bother Me,0,0.0,24,1,pageviews_http_403
Hey Oh,0,0.0,14,1,pageviews_http_403
Hey Ram,0,0.0,307,7,pageviews_http_403
Hi Gang! (film),0,0.0,75,1,pageviews_http_403
HiM (American band),0,0.0,49,4,pageviews_http_403
Hibbard,0,0.0,5,0,pageviews_http_403
Hide and Q,0,0.0,153,3,pageviews_http_403
High Fidelity (film),0,0.0,322,2,pageviews_http_403
High Hopes (Panic! at the Disco song),0,0.0,311,1,pageviews_http_403
High Plains Drifter,0,0.0,256,0,pageviews_http_403
High School (song),0,0.0,428,1,pageviews_http_403
High Street,0,0.0,745,12,pageviews_http_403
Higher Education (novel),0,0.0,34,0,pageviews_http_403
Higher and Higher,0,0.0,10,6,pageviews_http_403
Higher and Higher (film),0,0.0,102,1,pageviews_http_403
Higher and Higher (musical),0,0.0,105,0,pageviews_http_403
"Higher, Higher",0,0.0,1,3,pageviews_http_403
"Highlands Inn, Carmel Highlands",0,0.0,11,1,pageviews_http_403
Highway (1995 film),0,0.0,58,1,pageviews_http_403
Highway (2014 Bengali film),0,0.0,21,0,pageviews_http_403
Highway (2014 Hindi film),0,0.0,160,0,pageviews_http_403
Higuchi,0,0.0,7,0,pageviews_http_403
Hilde Warren und der Tod,0,0.0,59,0,pageviews_http_403
Hildegarde,0,0.0,90,4,pageviews_http_403
Hildegarde Naughton,0,0.0,459,0,pageviews_http_403
Hildegarde Neil,0,0.0,52,1,pageviews_http_403
Hildesheim Cathedral,0,0.0,256,5,pageviews_http_403
Hill Valley (Back to the Future),0,0.0,120,7,pageviews_http_403
Hillsdale College,0,0.0,1355,4,pageviews_http_403
Hilton College of Hotel and Restaurant Management,0,0.0,84,2,pageviews_http_403
Hilton London Hyde Park,0,0.0,110,1,pageviews_http_403
Hilton Park,0,0.0,5,1,pageviews_http_403
Hilton Park (stadium),0,0.0,248,2,pageviews_http_403
Hilton Park services,0,0.0,116,0,pageviews_http_403
Himan and Heeb,0,0.0,62,3,pageviews_http_403
Himesh Ke Dil Se,0,0.0,41,0,pageviews_http_403
Hinde,0,0.0,6,2,pageviews_http_403
Hindi,0,0.0,39873,36,pageviews_http_403
Hindu mythological wars,0,0.0,219,13,pageviews_http_403
Hinge,0,0.0,547,24,pageviews_http_403
Hinge joint,0,0.0,107,7,pageviews_http_403
Hino da Independência,0,0.0,60,2,pageviews_http_403
Hino da Póvoa,0,0.0,100,1,pageviews_http_403
Hippolyte Fizeau,0,0.0,320,8,pageviews_http_403
Hiroyuki,0,0.0,17,0,pageviews_http_403
Hiroyuki Arai,0,0.0,25,0,pageviews_http_403
His Family,0,0.0,223,0,pageviews_http_403
Histamine H1 receptor,0,0.0,1301,7,pageviews_http_403
Histamine H3 receptor,0,0.0,872,5,pageviews_http_403
Histamine receptor,0,0.0,889,3,pageviews_http_403
Historie,0,0.0,364,0,pageviews_http_403
History (novel),0,0.0,29,3,pageviews_http_403
History Upside Down,0,0.0,26,1,pageviews_http_403
History of Barbados,0,0.0,876,5,pageviews_http_403
History of Bordeaux wine,0,0.0,675,1,pageviews_http_403
History of Cadbury,0,0.0,17,0,pageviews_http_403
History of Cajun music,0,0.0,62,2,pageviews_http_403
History of Chinese Buddhism,0,0.0,117,0,pageviews_http_403
History of Christianity in Britain,0,0.0,392,7,pageviews_http_403
History of Costa Rica,0,0.0,534,6,pageviews_http_403
History of Everton F.C.,0,0.0,236,5,pageviews_http_403
History of Mexico City,0,0.0,241,1,pageviews_http_403
History of Michigan,0,0.0,794,1,pageviews_http_403
History of Microsoft Word,0,0.0,46,1,pageviews_http_403
History of Monday Night Football,0,0.0,297,1,pageviews_http_403
History of New York City (1665–1783),0,0.0,191,1,pageviews_http_403
History of Salt Lake City,0,0.0,279,2,pageviews_http_403
History of San Antonio,0,0.0,223,0,pageviews_http_403
History of San Francisco,0,0.0,944,4,pageviews_http_403
History of South Australia,0,0.0,392,2,pageviews_http_403
History of South Tyrol,0,0.0,167,10,pageviews_http_403
History of a Time to Come,0,0.0,20,1,pageviews_http_403
History of banking in China,0,0.0,315,1,pageviews_http_403
History of broadcasting in Canada,0,0.0,45,4,pageviews_http_403
History of communism,0,0.0,890,9,pageviews_http_403
History of contract bridge,0,0.0,537,1,pageviews_http_403
History of evolutionary thought,0,0.0,1350,17,pageviews_http_403
History of human rights,0,0.0,247,1,pageviews_http_403
History of neuroscience,0,0.0,435,2,pageviews_http_403
History of roller derby,0,0.0,42,1,pageviews_http_403
History of schizophrenia,0,0.0,67,0,pageviews_http_403
History of slavery in Florida,0,0.0,604,1,pageviews_http_403
History of tablet computers,0,0.0,81,6,pageviews_http_403
History of the Brooklyn Nets,0,0.0,453,6,pageviews_http_403
History of the Eagles – Live in Concert,0,0.0,105,2,pageviews_http_403
History of the London Underground,0,0.0,201,6,pageviews_http_403
History of the New York Giants,0,0.0,369,3,pageviews_http_403
History of the Rosary,0,0.0,50,1,pageviews_http_403
History of the Rugby World Cup,0,0.0,131,1,pageviews_http_403
History of the San Diego Padres,0,0.0,216,0,pageviews_http_403
History of the United States House of Representatives,0,0.0,389,2,pageviews_http_403
History of the University of South Carolina,0,0.0,60,1,pageviews_http_403
Hit and Run (novel),0,0.0,12,1,pageviews_http_403
Hit by pitch,0,0.0,1174,13,pageviews_http_403
Hit! Hit! Hit!,0,0.0,64,1,pageviews_http_403
"Hita, Ōita",0,0.0,199,5,pageviews_http_403
Hitlerjunge Quex (film),0,0.0,89,3,pageviews_http_403
Hits,0,0.0,65,6,pageviews_http_403
Hits (film),0,0.0,44,0,pageviews_http_403
Hits +,0,0.0,120,2,pageviews_http_403
Hittman,0,0.0,22,1,pageviews_http_403
Ho Chung Chung,0,0.0,9,1,pageviews_http_403
Hoba Hoba Spirit,0,0.0,21,0,pageviews_http_403
Hoba meteorite,0,0.0,264,5,pageviews_http_403
Hoboken Terminal,0,0.0,1144,18,pageviews_http_403
Hoboken catalogue,0,0.0,191,6,pageviews_http_403
Hoffman,0,0.0,83,1,pageviews_http_403
Hoffmeyer's Legacy,0,0.0,55,0,pageviews_http_403
Hold What You've Got,0,0.0,23,0,pageviews_http_403
Holden Commodore (VE),0,0.0,735,26,pageviews_http_403
Holding the Fort,0,0.0,32,1,pageviews_http_403
Hole (film),0,0.0,136,0,pageviews_http_403
Holi,0,0.0,4433,30,pageviews_http_403
Holi (1984 film),0,0.0,36,0,pageviews_http_403
Holiday (2006 film),0,0.0,27,1,pageviews_http_403
Holly,0,0.0,1617,6,pageviews_http_403
Holly Flax,0,0.0,84,1,pageviews_http_403
Holly Matthews,0,0.0,30,4,pageviews_http_403
Hollywood (1923 film),0,0.0,153,0,pageviews_http_403
Hollywood Be Thy Name,0,0.0,46,0,pageviews_http_403
Hollywood Casino,0,0.0,3,1,pageviews_http_403
Hollywood Casino Columbus,0,0.0,213,0,pageviews_http_403
Hollywood Casino Perryville,0,0.0,47,0,pageviews_http_403
Hollywood Casino Toledo,0,0.0,218,0,pageviews_http_403
Hollywood Ending,0,0.0,221,0,pageviews_http_403
Hollywood Hills,0,0.0,1348,6,pageviews_http_403
"Holy Cross Church, Frankfurt-Bornheim",0,0.0,21,2,pageviews_http_403
Holy Holy,0,0.0,20,2,pageviews_http_403
Home (1915 film),0,0.0,162,0,pageviews_http_403
Home (2008 American film),0,0.0,6,0,pageviews_http_403
Home (2008 Swiss film),0,0.0,89,0,pageviews_http_403
Home (Boardwalk Empire),0,0.0,93,0,pageviews_http_403
Home (Glee),0,0.0,177,1,pageviews_http_403
Home Country (book),0,0.0,7,2,pageviews_http_403
Home Free,0,0.0,23,9,pageviews_http_403
Home Free!,0,0.0,26,1,pageviews_http_403
Home Improvement (TV series),0,0.0,1251,24,pageviews_http_403
Home Movie (2008 film),0,0.0,30,1,pageviews_http_403
Home Movies (film),0,0.0,62,0,pageviews_http_403
Home and Away,0,0.0,2556,14,pageviews_http_403
Homecoming (1928 film),0,0.0,69,0,pageviews_http_403
Homecoming (1948 film),0,0.0,135,0,pageviews_http_403
Homecoming (1984 film),0,0.0,109,0,pageviews_http_403
Homeland (Laurie Anderson album),0,0.0,39,0,pageviews_http_403
Homer Alone,0,0.0,111,2,pageviews_http_403
Homeschooling in the United States,0,0.0,160,24,pageviews_http_403
Homework,0,0.0,530,15,pageviews_http_403
Homework (1991 film),0,0.0,84,2,pageviews_http_403
Homosassa (moth),0,0.0,10,0,pageviews_http_403
Homosassa River,0,0.0,162,0,pageviews_http_403
Homosassa Springs,0,0.0,2,1,pageviews_http_403
Homosassa ella,0,0.0,4,1,pageviews_http_403
Honda Accord (North America seventh generation),0,0.0,138,0,pageviews_http_403
Honda N360,0,0.0,430,10,pageviews_http_403
Hondo (film),0,0.0,205,1,pageviews_http_403
Honest,0,0.0,39,0,pageviews_http_403
Honest (film),0,0.0,79,1,pageviews_http_403
Honest Ed's,0,0.0,57,2,pageviews_http_403
Honey (Open That Door),0,0.0,77,0,pageviews_http_403
Honey bee,0,0.0,2191,17,pageviews_http_403
Honing,0,0.0,10,1,pageviews_http_403
Honing oil,0,0.0,4,0,pageviews_http_403
Honor Harger,0,0.0,15,0,pageviews_http_403
Honorary citizenship,0,0.0,758,4,pageviews_http_403
Honorary citizenship of the United States,0,0.0,161,0,pageviews_http_403
Honour (Murray-Smith play),0,0.0,31,0,pageviews_http_403
Honour (Sudermann play),0,0.0,22,2,pageviews_http_403
Honour Roll Clasp,0,0.0,105,5,pageviews_http_403
Hoogland,0,0.0,45,1,pageviews_http_403
Hooked on a Feeling,0,0.0,42,4,pageviews_http_403
Hooked on a Feeling (Blue Swede album),0,0.0,10,1,pageviews_http_403
Hooked on a Feeling (David Hasselhoff album),0,0.0,31,0,pageviews_http_403
Hop,0,0.0,67,3,pageviews_http_403
Hop!,0,0.0,25,0,pageviews_http_403
Hope Against Hope,0,0.0,0,1,pageviews_http_403
Hope Hope-Clarke,0,0.0,4,0,pageviews_http_403
Hope That We Can Be Together Soon,0,0.0,29,2,pageviews_http_403
Hope UK,0,0.0,107,4,pageviews_http_403
Hoppa,0,0.0,0,1,pageviews_http_403
Hoppa högst,0,0.0,63,1,pageviews_http_403
Hopper,0,0.0,48,2,pageviews_http_403
Hoppings Stakes,0,0.0,18,0,pageviews_http_403
Hormizd II,0,0.0,156,4,pageviews_http_403
Hormone receptor,0,0.0,311,3,pageviews_http_403
Horns (film),0,0.0,96,2,pageviews_http_403
Hornwort,0,0.0,759,11,pageviews_http_403
Horní Bříza,0,0.0,113,1,pageviews_http_403
Horrible Histories (book series),0,0.0,106,10,pageviews_http_403
Horse racing in Great Britain,0,0.0,791,8,pageviews_http_403
Horseshoe arch,0,0.0,440,3,pageviews_http_403
Horton,0,0.0,64,3,pageviews_http_403
Horvitz,0,0.0,12,0,pageviews_http_403
Hostage,0,0.0,2235,13,pageviews_http_403
Hostage (novel),0,0.0,28,1,pageviews_http_403
Hot Action Cop,0,0.0,45,5,pageviews_http_403
Hot Cop,0,0.0,41,0,pageviews_http_403
Hot Shot (TV series),0,0.0,40,3,pageviews_http_403
Hot Snow (film),0,0.0,18,0,pageviews_http_403
Hot in Cleveland,0,0.0,575,6,pageviews_http_403
Hotel (2004 film),0,0.0,27,0,pageviews_http_403
"Hotel Berlin, Berlin",0,0.0,4,1,pageviews_http_403
Hotel Hoppa,0,0.0,92,4,pageviews_http_403
Hotel Noir,0,0.0,27,0,pageviews_http_403
Hotel Paradiso (film),0,0.0,178,1,pageviews_http_403
Hotel Transylvania (film),0,0.0,867,4,pageviews_http_403
Hou,0,0.0,19,3,pageviews_http_403
Hou Ji,0,0.0,70,6,pageviews_http_403
Hours After,0,0.0,90,0,pageviews_http_403
Housain Al-Mogahwi,0,0.0,102,0,pageviews_http_403
House Party (1996),0,0.0,27,2,pageviews_http_403
House Slaves,0,0.0,0,0,pageviews_http_403
House finch,0,0.0,280,5,pageviews_http_403
House of Slaves,0,0.0,72,7,pageviews_http_403
House of the Faun,0,0.0,135,1,pageviews_http_403
Houseguest,0,0.0,74,0,pageviews_http_403
Houston,0,0.0,37186,49,pageviews_http_403
"Houston Gardens, Houston",0,0.0,300,2,pageviews_http_403
How Data Happened,0,0.0,3,2,pageviews_http_403
How Do,0,0.0,27,1,pageviews_http_403
How Do They Do It?,0,0.0,49,7,pageviews_http_403
How Do They Do That?,0,0.0,12,2,pageviews_http_403
How Do You Do,0,0.0,16,5,pageviews_http_403
How Do You Do!,0,0.0,136,1,pageviews_http_403
How Do You Talk to Boys,0,0.0,34,0,pageviews_http_403
How Do You Talk to an Angel,0,0.0,45,2,pageviews_http_403
How Far I'll Go,0,0.0,290,4,pageviews_http_403
How High,0,0.0,144,2,pageviews_http_403
How I Spent My Summer Vacation,0,0.0,6,2,pageviews_http_403
How I Spent My Summer Vacation (1967 film),0,0.0,12,0,pageviews_http_403
How I Spent My Summer Vacation (1997 film),0,0.0,6,0,pageviews_http_403
How I Spent My Summer Vacation (album),0,0.0,31,0,pageviews_http_403
How It Happened,0,0.0,70,1,pageviews_http_403
How Will I Know,0,0.0,656,2,pageviews_http_403
How to Deal,0,0.0,70,1,pageviews_http_403
How to Deal With a Heartbreak,0,0.0,21,1,pageviews_http_403
Howard Fowles,0,0.0,44,0,pageviews_http_403
Huber,0,0.0,75,0,pageviews_http_403
Hubert Green,0,0.0,397,1,pageviews_http_403
Huckle,0,0.0,3,2,pageviews_http_403
Hudson Bay,0,0.0,2473,8,pageviews_http_403
Hudson Soft,0,0.0,1091,7,pageviews_http_403
Huella,0,0.0,30,0,pageviews_http_403
Huella campesina,0,0.0,12,0,pageviews_http_403
Huertas,0,0.0,12,1,pageviews_http_403
Huey Long,0,0.0,1262,20,pageviews_http_403
Huey Long (singer),0,0.0,53,0,pageviews_http_403
Hugh Bancroft,0,0.0,1,0,pageviews_http_403
Hugh Bancroft (attorney),0,0.0,16,0,pageviews_http_403
Hugh Brannum,0,0.0,39,6,pageviews_http_403
Hugh Stiff,0,0.0,24,1,pageviews_http_403
Hugo Becker,0,0.0,68,1,pageviews_http_403
Hugo Becker (actor),0,0.0,54,0,pageviews_http_403
Hugo Rubio,0,0.0,80,1,pageviews_http_403
Huilgol Narayana Rao,0,0.0,12,0,pageviews_http_403
Hull,0,0.0,361,5,pageviews_http_403
Hull (watercraft),0,0.0,3604,19,pageviews_http_403
Hum,0,0.0,63,6,pageviews_http_403
Hum Hum,0,0.0,93,0,pageviews_http_403
Human rights commission,0,0.0,415,5,pageviews_http_403
Human services,0,0.0,170,2,pageviews_http_403
Humboldt Broncos,0,0.0,273,1,pageviews_http_403
Humphrey B. Bear,0,0.0,42,2,pageviews_http_403
Humphries,0,0.0,14,0,pageviews_http_403
Hundreds &amp; Thousands,0,0.0,0,0,pageviews_http_403
Hundreds and thousands,0,0.0,12,7,pageviews_http_403
Hungarian alphabet,0,0.0,417,2,pageviews_http_403
Hunger (1966 film),0,0.0,175,1,pageviews_http_403
Hunger (1973 film),0,0.0,18,0,pageviews_http_403
Hunger (2001 film),0,0.0,15,0,pageviews_http_403
Hungry (The X-Files),0,0.0,68,1,pageviews_http_403
Hungry Hungry Hippos,0,0.0,339,5,pageviews_http_403
Hungry Like the Wolf,0,0.0,389,2,pageviews_http_403
Hungry as the Sea,0,0.0,51,0,pageviews_http_403
Hunt for the Wilderpeople,0,0.0,160,4,pageviews_http_403
Hunter (video game),0,0.0,17,2,pageviews_http_403
Hunter Zolomon,0,0.0,268,3,pageviews_http_403
Huntington,0,0.0,65,4,pageviews_http_403
"Huntington Harbour, Huntington Beach, California",0,0.0,39,0,pageviews_http_403
Huntington Wilson,0,0.0,50,3,pageviews_http_403
Hurricane Agnes,0,0.0,613,2,pageviews_http_403
Hurricane Edith (1971),0,0.0,279,1,pageviews_http_403
Hurry Sundown (film),0,0.0,102,0,pageviews_http_403
Hurst,0,0.0,27,7,pageviews_http_403
Hurt (Christina Aguilera song),0,0.0,368,0,pageviews_http_403
Hussain Sagar,0,0.0,335,4,pageviews_http_403
Hustle (1975 film),0,0.0,91,0,pageviews_http_403
Hustle (2004 film),0,0.0,292,0,pageviews_http_403
Hustlers Convention,0,0.0,12,1,pageviews_http_403
Hut,0,0.0,1079,6,pageviews_http_403
Hutchings,0,0.0,10,1,pageviews_http_403
Huw Edwards,0,0.0,346,6,pageviews_http_403
Huxtable,0,0.0,1,3,pageviews_http_403
Hwy 55 Burgers Shakes &amp; Fries,0,0.0,0,0,pageviews_http_403
Hydraulic tappet,0,0.0,137,4,pageviews_http_403
Hydrogen atom,0,0.0,581,8,pageviews_http_403
Hydronics,0,0.0,430,8,pageviews_http_403
Hysterical,0,0.0,21,4,pageviews_http_403
Hysterical History,0,0.0,5,0,pageviews_http_403
Hysterical strength,0,0.0,229,1,pageviews_http_403
Héctor Landázuri,0,0.0,9,2,pageviews_http_403
Hélder Sousa,0,0.0,20,2,pageviews_http_403
Hüseyin Gelis,0,0.0,8,2,pageviews_http_403
Hüseyin Çakıroğlu,0,0.0,11,1,pageviews_http_403
I Ain't Got Nobody,0,0.0,131,2,pageviews_http_403
I Always Get Lucky with You,0,0.0,111,0,pageviews_http_403
I Am (2010 American documentary film),0,0.0,37,1,pageviews_http_403
I Am (2010 American drama film),0,0.0,68,2,pageviews_http_403
I Am Here,0,0.0,3,4,pageviews_http_403
I Am I,0,0.0,74,1,pageviews_http_403
I Am Losing Weight,0,0.0,14,1,pageviews_http_403
I Am Princess X,0,0.0,7,0,pageviews_http_403
I Belong to You,0,0.0,6,3,pageviews_http_403
I Belong to You (Love Unlimited song),0,0.0,13,1,pageviews_http_403
I Belong to You (album),0,0.0,19,0,pageviews_http_403
I Can Dream About You,0,0.0,132,1,pageviews_http_403
I Can Feel You,0,0.0,59,0,pageviews_http_403
I Can Hear the Bells,0,0.0,27,0,pageviews_http_403
I Can Hear the Grass Grow,0,0.0,61,1,pageviews_http_403
I Can Love You,0,0.0,167,0,pageviews_http_403
I Can Love You Like That,0,0.0,84,0,pageviews_http_403
I Can Make You Feel Good,0,0.0,49,0,pageviews_http_403
I Can Make You Feel Like,0,0.0,10,0,pageviews_http_403
I Can Make You Love Me,0,0.0,17,0,pageviews_http_403
I Can't Drive 55,0,0.0,91,2,pageviews_http_403
I Can't Sleep at Night,0,0.0,60,0,pageviews_http_403
I Can't... I Can't,0,0.0,22,1,pageviews_http_403
I Cross My Heart,0,0.0,130,0,pageviews_http_403
I Did It My Way,0,0.0,6,3,pageviews_http_403
I Did What I Did for Maria,0,0.0,27,1,pageviews_http_403
I Didn't Do It,0,0.0,9,3,pageviews_http_403
I Didn't Do It (TV series),0,0.0,360,3,pageviews_http_403
I Didn't Do It (film),0,0.0,62,0,pageviews_http_403
I Didn't Mean To,0,0.0,10,0,pageviews_http_403
I Do (Glee),0,0.0,148,0,pageviews_http_403
I Do (Lost),0,0.0,184,1,pageviews_http_403
I Do Love You (Billy Stewart song),0,0.0,21,0,pageviews_http_403
"I Do, I Do, I Do, I Do, I Do",0,0.0,161,1,pageviews_http_403
I Don't Get Tired,0,0.0,43,0,pageviews_http_403
I Don't Like It,0,0.0,30,1,pageviews_http_403
I Don't Luv U,0,0.0,20,0,pageviews_http_403
I Don't Wanna,0,0.0,2,2,pageviews_http_403
I Don't Wanna Know,0,0.0,209,6,pageviews_http_403
I Don't Wanna Play House,0,0.0,219,1,pageviews_http_403
I Don't Want This Night to End,0,0.0,96,0,pageviews_http_403
I Don't Want To,0,0.0,72,0,pageviews_http_403
I Don't Want to Cry,0,0.0,7,5,pageviews_http_403
I Don't Want to Cry!,0,0.0,14,0,pageviews_http_403
I Done It My Way,0,0.0,2,0,pageviews_http_403
I Drove All Night,0,0.0,387,4,pageviews_http_403
I Fall to Pieces,0,0.0,240,2,pageviews_http_403
I Go to Pieces,0,0.0,69,0,pageviews_http_403
I Go to Rio,0,0.0,92,1,pageviews_http_403
I Got My Mind Made Up (You Can Get It Girl),0,0.0,15,1,pageviews_http_403
I Gotta Be Me,0,0.0,8,0,pageviews_http_403
I Hate U,0,0.0,12,3,pageviews_http_403
"I Hate U, I Love U",0,0.0,58,5,pageviews_http_403
I Have My Life,0,0.0,6,0,pageviews_http_403
I Have a Dream,0,0.0,1581,21,pageviews_http_403
I Have a Special Plan for This World,0,0.0,51,4,pageviews_http_403
I Just Didn't Do It,0,0.0,271,2,pageviews_http_403
I Just Don't Understand,0,0.0,23,1,pageviews_http_403
I Just Want You to Know,0,0.0,0,2,pageviews_http_403
I Just Wanted You to Know,0,0.0,57,0,pageviews_http_403
I Know (You Don't Love Me No More),0,0.0,181,2,pageviews_http_403
I Know How,0,0.0,79,0,pageviews_http_403
I Know You Don't Love Me,0,0.0,100,1,pageviews_http_403
I Know You Know I Know,0,0.0,3,0,pageviews_http_403
I Left Something Turned On at Home,0,0.0,57,1,pageviews_http_403
I Let Her Lie,0,0.0,21,0,pageviews_http_403
I Like It Like That,0,0.0,24,4,pageviews_http_403
I Like It Like That (Pete Rodriguez song),0,0.0,76,3,pageviews_http_403
I Love Me,0,0.0,12,1,pageviews_http_403
I Love Me (film),0,0.0,37,0,pageviews_http_403
I Love You (1938 film),0,0.0,40,1,pageviews_http_403
I Love You (1981 film),0,0.0,26,1,pageviews_http_403
I Love You (2002 film),0,0.0,34,1,pageviews_http_403
I Love You (Miss Robot),0,0.0,42,1,pageviews_http_403
I Love You (What Can I Say),0,0.0,27,0,pageviews_http_403
I Love You Truly,0,0.0,64,0,pageviews_http_403
I Love You Yes I Do,0,0.0,21,1,pageviews_http_403
"I Love You, I Love You Not",0,0.0,26,0,pageviews_http_403
I Love to Laugh,0,0.0,47,1,pageviews_http_403
I Love to Love,0,0.0,28,0,pageviews_http_403
"I Love, You Love",0,0.0,4,1,pageviews_http_403
"I Love, You Love (1961 film)",0,0.0,33,0,pageviews_http_403
"I Love, You Love (1989 film)",0,0.0,10,2,pageviews_http_403
I Luv U Baby,0,0.0,13,1,pageviews_http_403
I Might Have Been Queen,0,0.0,14,1,pageviews_http_403
I Miss You (Clean Bandit song),0,0.0,102,1,pageviews_http_403
"I Miss You, I Miss You!",0,0.0,33,1,pageviews_http_403
I Only See the Moon,0,0.0,3,0,pageviews_http_403
I Overlooked an Orchid,0,0.0,58,0,pageviews_http_403
I Saw It,0,0.0,53,3,pageviews_http_403
I Saw What I Saw,0,0.0,96,2,pageviews_http_403
I See the Light,0,0.0,280,3,pageviews_http_403
I See the Moon,0,0.0,34,1,pageviews_http_403
I Swear,0,0.0,66,2,pageviews_http_403
I Tell It Like It Used to Be,0,0.0,26,0,pageviews_http_403
I Thank God,0,0.0,54,0,pageviews_http_403
I Think,0,0.0,98,2,pageviews_http_403
I Think I'll Just Stay Here and Drink,0,0.0,226,1,pageviews_http_403
I Think of You,0,0.0,6,4,pageviews_http_403
I Told Them All About You,0,0.0,4,0,pageviews_http_403
I Turned You On,0,0.0,90,0,pageviews_http_403
I Wanna Be,0,0.0,0,1,pageviews_http_403
I Wanna Be Around,0,0.0,92,0,pageviews_http_403
I Wanna Be Free,0,0.0,3,2,pageviews_http_403
I Wanna Be Rich,0,0.0,21,0,pageviews_http_403
I Wanna Be with You,0,0.0,12,6,pageviews_http_403
I Wanna Be with You (Mandy Moore song),0,0.0,64,0,pageviews_http_403
I Wanna Be with You (Raspberries song),0,0.0,52,1,pageviews_http_403
I Wanna Fall in Love,0,0.0,19,0,pageviews_http_403
I Wanna Love Somebody,0,0.0,19,0,pageviews_http_403
I Wanna Love You,0,0.0,22,2,pageviews_http_403
I Wanna Make You Feel Good,0,0.0,19,0,pageviews_http_403
I Wanna Pick You Up,0,0.0,20,0,pageviews_http_403
I Wanna Play House,0,0.0,239,0,pageviews_http_403
I Wanna Sex You Up,0,0.0,160,2,pageviews_http_403
I Wanna Wake Up with You,0,0.0,74,2,pageviews_http_403
I Want Everyone to Cry,0,0.0,44,0,pageviews_http_403
I Want You to Stay,0,0.0,34,1,pageviews_http_403
I Want You to Want Me,0,0.0,327,4,pageviews_http_403
I Warned You!,0,0.0,7,0,pageviews_http_403
I Was Kaiser Bill's Batman,0,0.0,31,1,pageviews_http_403
I Was Kaiser Bill's Batman (album),0,0.0,99,1,pageviews_http_403
I Was Monty's Double (film),0,0.0,123,2,pageviews_http_403
I Whistle a Happy Tune,0,0.0,108,1,pageviews_http_403
I Will Always Love You,0,0.0,1444,2,pageviews_http_403
I Will Be There,0,0.0,11,2,pageviews_http_403
I Will Be There (Van Morrison song),0,0.0,17,0,pageviews_http_403
I Will Be There (album),0,0.0,28,1,pageviews_http_403
I Will Never Be The Same,0,0.0,6,0,pageviews_http_403
I Wish I Was Still in Your Dreams,0,0.0,108,0,pageviews_http_403
I Won't Come Back,0,0.0,10,2,pageviews_http_403
I Won't Give Up,0,0.0,185,3,pageviews_http_403
I Won't Give Up on You,0,0.0,10,0,pageviews_http_403
I Won't Take Less Than Your Love,0,0.0,109,0,pageviews_http_403
I Wouldn't Have It Any Other Way,0,0.0,33,1,pageviews_http_403
I Wouldn't Have Missed It for the World,0,0.0,91,1,pageviews_http_403
I Wouldn't Trade You for the World,0,0.0,22,0,pageviews_http_403
I Write Like,0,0.0,10,1,pageviews_http_403
I Write Sins Not Tragedies,0,0.0,274,5,pageviews_http_403
I believe that we will win!,0,0.0,240,4,pageviews_http_403
I'd Never Find Another You,0,0.0,36,0,pageviews_http_403
I'd Rather Be Rich,0,0.0,176,0,pageviews_http_403
I'd Rather Be Right,0,0.0,363,0,pageviews_http_403
I'll,0,0.0,16,2,pageviews_http_403
I'll Always Call Your Name,0,0.0,77,0,pageviews_http_403
I'll Be Around,0,0.0,5,5,pageviews_http_403
I'll Be Around (1942 song),0,0.0,79,0,pageviews_http_403
I'll Be Around (The Spinners song),0,0.0,203,2,pageviews_http_403
I'll Be Loving You,0,0.0,1,4,pageviews_http_403
I'll Be Loving You (Forever),0,0.0,100,0,pageviews_http_403
I'll Be Over You,0,0.0,97,2,pageviews_http_403
I'll Be There,0,0.0,81,7,pageviews_http_403
I'll Be There (Jess Glynne song),0,0.0,67,0,pageviews_http_403
I'll Be You,0,0.0,50,0,pageviews_http_403
I'll Cry If I Want To,0,0.0,38,1,pageviews_http_403
I'll Find You,0,0.0,87,0,pageviews_http_403
I'll Fly Away,0,0.0,451,4,pageviews_http_403
I'll Get This,0,0.0,15,1,pageviews_http_403
I'll Keep Holding On,0,0.0,39,0,pageviews_http_403
I'll Keep Holding On (disambiguation),0,0.0,1,2,pageviews_http_403
I'll Name the Dogs,0,0.0,102,0,pageviews_http_403
I'll Name the Murderer,0,0.0,39,0,pageviews_http_403
I'll Never Fall in Love Again,0,0.0,288,4,pageviews_http_403
I'll Never Find Another You,0,0.0,142,1,pageviews_http_403
I'll Sail My Ship Alone,0,0.0,23,0,pageviews_http_403
I'll Sail This Ship Alone,0,0.0,1,0,pageviews_http_403
I'll See You Again,0,0.0,39,0,pageviews_http_403
I'll Still Be Loving You,0,0.0,58,2,pageviews_http_403
I'll Take Care of You,0,0.0,9,3,pageviews_http_403
I'll Take Care of You (song),0,0.0,75,0,pageviews_http_403
I'll Take Good Care of You,0,0.0,8,1,pageviews_http_403
I'll Take You There,0,0.0,152,4,pageviews_http_403
I'll Take You There (novel),0,0.0,143,0,pageviews_http_403
I'll Walk Alone,0,0.0,127,0,pageviews_http_403
I'm Comin' Home,0,0.0,38,0,pageviews_http_403
I'm Comin' Over,0,0.0,49,0,pageviews_http_403
I'm Comin' Over (song),0,0.0,53,0,pageviews_http_403
I'm Falling,0,0.0,6,0,pageviews_http_403
I'm Glad,0,0.0,153,1,pageviews_http_403
I'm Going Away,0,0.0,31,0,pageviews_http_403
I'm Going Down,0,0.0,5,2,pageviews_http_403
I'm Going Down (Rose Royce song),0,0.0,198,3,pageviews_http_403
I'm Gonna Hire a Wino to Decorate Our Home,0,0.0,25,2,pageviews_http_403
I'm Gonna Run to You,0,0.0,34,0,pageviews_http_403
I'm Here (film),0,0.0,38,1,pageviews_http_403
I'm One of You,0,0.0,110,0,pageviews_http_403
I'm Only a Woman,0,0.0,1,0,pageviews_http_403
I'm Ready,0,0.0,10,6,pageviews_http_403
I'm Single,0,0.0,229,2,pageviews_http_403
I'm So Glad,0,0.0,162,1,pageviews_http_403
I'm for Love,0,0.0,110,1,pageviews_http_403
I'm on My Way,0,0.0,9,4,pageviews_http_403
I'm on My Way (Dean Parrish song),0,0.0,8,0,pageviews_http_403
I'm on My Way (film),0,0.0,15,0,pageviews_http_403
I'm on My Way (traditional song),0,0.0,13,0,pageviews_http_403
I'm the One Mama Warned You About,0,0.0,52,0,pageviews_http_403
I'm the One Who Really Loves You,0,0.0,19,1,pageviews_http_403
I'm the One You Need,0,0.0,37,1,pageviews_http_403
I'm with You,0,0.0,69,6,pageviews_http_403
I'm with You Always,0,0.0,10,1,pageviews_http_403
I've Done Everything for You,0,0.0,114,0,pageviews_http_403
I've Got Money,0,0.0,144,0,pageviews_http_403
I've Got You Under My Skin,0,0.0,649,5,pageviews_http_403
I've Got You Under My Skin (disambiguation),0,0.0,4,0,pageviews_http_403
I've Gotta Be Me,0,0.0,165,1,pageviews_http_403
I've Gotta Be Me (Tony Bennett album),0,0.0,103,0,pageviews_http_403
"I, Mudd",0,0.0,86,3,pageviews_http_403
I.G.Y. (What a Beautiful World),0,0.0,44,2,pageviews_http_403
ICICI Bank,0,0.0,1248,13,pageviews_http_403
ID,0,0.0,187,14,pageviews_http_403
ID A,0,0.0,18,3,pageviews_http_403
IL,0,0.0,58,8,pageviews_http_403
IRWIN,0,0.0,44,1,pageviews_http_403
Ian,0,0.0,224,4,pageviews_http_403
Ian Fowles,0,0.0,91,2,pageviews_http_403
Ian Gallagher,0,0.0,198,3,pageviews_http_403
Ian Goldberg,0,0.0,84,3,pageviews_http_403
Ian Hanmore,0,0.0,28,0,pageviews_http_403
Ian Kiernan,0,0.0,146,3,pageviews_http_403
Ian McCaskill,0,0.0,45,0,pageviews_http_403
Ian Mercer,0,0.0,60,0,pageviews_http_403
Ian Mercer (cricketer),0,0.0,9,0,pageviews_http_403
Ice (2003 film),0,0.0,33,0,pageviews_http_403
Ice Cream (2014 film),0,0.0,121,2,pageviews_http_403
Ice Planet (film),0,0.0,20,0,pageviews_http_403
Ice cream,0,0.0,3238,19,pageviews_http_403
Icebreaker (non-fiction book),0,0.0,54,3,pageviews_http_403
Iced coffee,0,0.0,476,15,pageviews_http_403
Idaho (1943 film),0,0.0,31,0,pageviews_http_403
Idaho State Capitol,0,0.0,173,2,pageviews_http_403
Idaho–Idaho State football rivalry,0,0.0,288,2,pageviews_http_403
Identity (novel),0,0.0,39,3,pageviews_http_403
If (Mindless Self Indulgence album),0,0.0,61,5,pageviews_http_403
If Drinkin' Don't Kill Me (Her Memory Will),0,0.0,94,0,pageviews_http_403
If Her Lovin' Don't Kill Me,0,0.0,89,0,pageviews_http_403
If I Can Dream,0,0.0,419,0,pageviews_http_403
If I Can Dream (album),0,0.0,424,1,pageviews_http_403
If I Ran the Circus,0,0.0,143,1,pageviews_http_403
If I Ran the Zoo,0,0.0,164,1,pageviews_http_403
If I Ruled the World,0,0.0,134,1,pageviews_http_403
If I Ruled the World (Imagine That),0,0.0,141,2,pageviews_http_403
If I Ruled the World (album),0,0.0,67,0,pageviews_http_403
If I Want To,0,0.0,13,0,pageviews_http_403
"If I Want to Whistle, I Whistle",0,0.0,147,3,pageviews_http_403
If I Was,0,0.0,39,0,pageviews_http_403
If It Isn't Love,0,0.0,78,0,pageviews_http_403
If It Wasn't for Her I Wouldn't Have You,0,0.0,11,1,pageviews_http_403
If There's Any Justice,0,0.0,53,0,pageviews_http_403
If There's Any Justice (Lee Greenwood song),0,0.0,48,0,pageviews_http_403
If There's Any Justice (album),0,0.0,47,0,pageviews_http_403
If This Isn't Love,0,0.0,23,0,pageviews_http_403
If This Isn't Love (Jennifer Hudson song),0,0.0,49,1,pageviews_http_403
If You,0,0.0,6,1,pageviews_http_403
If You Asked Me To,0,0.0,337,7,pageviews_http_403
If You Really Want To,0,0.0,76,0,pageviews_http_403
If You Wait,0,0.0,49,1,pageviews_http_403
If You're Lookin' for a Way Out,0,0.0,12,1,pageviews_http_403
If You're Out There,0,0.0,77,0,pageviews_http_403
If You've Got the Money I've Got the Time,0,0.0,144,3,pageviews_http_403
If You...,0,0.0,4,2,pageviews_http_403
If the Devil Danced (In Empty Pockets),0,0.0,40,0,pageviews_http_403
Ignition interlock device,0,0.0,310,8,pageviews_http_403
Igor Ansoff,0,0.0,40,3,pageviews_http_403
Igor Grigoriev,0,0.0,12,0,pageviews_http_403
Il Boss,0,0.0,46,3,pageviews_http_403
Il segreto del castello di Monroe,0,0.0,4,0,pageviews_http_403
Ileen Getz,0,0.0,30,0,pageviews_http_403
Ileen Maisel,0,0.0,22,1,pageviews_http_403
Ileen Pegi,0,0.0,27,0,pageviews_http_403
Iliac crest,0,0.0,212,7,pageviews_http_403
Ilja,0,0.0,15,0,pageviews_http_403
Ilja Reijngoud,0,0.0,7,0,pageviews_http_403
Ilja Richter,0,0.0,35,0,pageviews_http_403
Ilja Rosendahl,0,0.0,22,1,pageviews_http_403
Illuminations (poetry collection),0,0.0,91,2,pageviews_http_403
Image segmentation,0,0.0,343,23,pageviews_http_403
Images (Skempton),0,0.0,6,0,pageviews_http_403
Images (ballet),0,0.0,8,0,pageviews_http_403
Images (book),0,0.0,82,0,pageviews_http_403
Imagination (1940 song),0,0.0,330,1,pageviews_http_403
Imagination (Tamia song),0,0.0,74,1,pageviews_http_403
Imagine This,0,0.0,35,0,pageviews_http_403
Imagine This! TV,0,0.0,5,0,pageviews_http_403
Imaste dio,0,0.0,6,3,pageviews_http_403
Immonen,0,0.0,1,0,pageviews_http_403
Import,0,0.0,1304,7,pageviews_http_403
Import quota,0,0.0,299,5,pageviews_http_403
Impossibility,0,0.0,41,2,pageviews_http_403
Impractical Jokers,0,0.0,516,12,pageviews_http_403
Impulse (1954 film),0,0.0,49,1,pageviews_http_403
Impulse (1984 film),0,0.0,34,0,pageviews_http_403
Impulse (2010 film),0,0.0,19,0,pageviews_http_403
In Christ Alone,0,0.0,14,0,pageviews_http_403
In Christ Alone (disambiguation),0,0.0,2,0,pageviews_http_403
In G Major,0,0.0,73,1,pageviews_http_403
In Ghost House Inn,0,0.0,70,6,pageviews_http_403
In Mexico,0,0.0,17,1,pageviews_http_403
In Mourning,0,0.0,4,1,pageviews_http_403
In My Car,0,0.0,2,1,pageviews_http_403
In My Feelings,0,0.0,518,5,pageviews_http_403
In My Heart (Moby song),0,0.0,94,0,pageviews_http_403
In My Life (1978 film),0,0.0,112,3,pageviews_http_403
In My Life (Cilla Black album),0,0.0,47,0,pageviews_http_403
In Pieces,0,0.0,13,1,pageviews_http_403
In Real Life (band),0,0.0,86,16,pageviews_http_403
In Seven Days,0,0.0,22,0,pageviews_http_403
In Transit (film),0,0.0,6,0,pageviews_http_403
In Wonderland,0,0.0,34,0,pageviews_http_403
In a Land of Plenty,0,0.0,40,1,pageviews_http_403
In a Quiet Room,0,0.0,41,0,pageviews_http_403
In a Word,0,0.0,176,6,pageviews_http_403
In situ,0,0.0,1746,5,pageviews_http_403
In the Army Now (song),0,0.0,168,2,pageviews_http_403
In the City,0,0.0,16,6,pageviews_http_403
In the City (film),0,0.0,29,1,pageviews_http_403
In the Closet,0,0.0,257,2,pageviews_http_403
In the Evening,0,0.0,107,1,pageviews_http_403
In the Money,0,0.0,230,0,pageviews_http_403
In the Morning,0,0.0,5,4,pageviews_http_403
In the Mourning,0,0.0,63,0,pageviews_http_403
In the Name of the King,0,0.0,140,12,pageviews_http_403
In the Red (novel),0,0.0,22,0,pageviews_http_403
In the Room (film),0,0.0,18,0,pageviews_http_403
In the closet,0,0.0,26,2,pageviews_http_403
In-flight entertainment,0,0.0,637,19,pageviews_http_403
Incorporated (Grip Inc. album),0,0.0,14,0,pageviews_http_403
Incudomalleolar joint,0,0.0,11,4,pageviews_http_403
Independence Day (Israel),0,0.0,843,21,pageviews_http_403
Independence Day (disambiguation),0,0.0,238,12,pageviews_http_403
Independence Day UK,0,0.0,63,1,pageviews_http_403
Indestructible (Disturbed album),0,0.0,183,3,pageviews_http_403
India House,0,0.0,583,0,pageviews_http_403
India at the 1994 Commonwealth Games,0,0.0,39,0,pageviews_http_403
India at the 1998 Asian Games,0,0.0,217,0,pageviews_http_403
India at the 1998 Commonwealth Games,0,0.0,44,0,pageviews_http_403
India at the 2002 Asian Games,0,0.0,389,0,pageviews_http_403
India at the Asian Games,0,0.0,345,0,pageviews_http_403
India at the Commonwealth Games,0,0.0,373,2,pageviews_http_403
India's Magic Star,0,0.0,43,1,pageviews_http_403
India's Raw Star,0,0.0,85,3,pageviews_http_403
Indian 10-rupee coin,0,0.0,57,2,pageviews_http_403
Indian 1000-rupee note,0,0.0,71,1,pageviews_http_403
Indian 20-rupee coin,0,0.0,54,2,pageviews_http_403
Indian 200-rupee note,0,0.0,57,2,pageviews_http_403
Indian Accounting Standards,0,0.0,48,2,pageviews_http_403
Indian Army United Nations peacekeeping missions,0,0.0,24,1,pageviews_http_403
Indian Home Rule Society,0,0.0,39,1,pageviews_http_403
Indian Home Rule movement,0,0.0,390,7,pageviews_http_403
Indian Independence League,0,0.0,452,2,pageviews_http_403
Indian Love Call,0,0.0,235,1,pageviews_http_403
Indian Reservation (The Lament of the Cherokee Reservation Indian),0,0.0,106,4,pageviews_http_403
Indian cricket team in Sri Lanka in 1997,0,0.0,241,1,pageviews_http_403
Indian rupee sign,0,0.0,1142,10,pageviews_http_403
Indiana Jones Adventure,0,0.0,427,9,pageviews_http_403
Indianapolis 500,0,0.0,3403,23,pageviews_http_403
Indonesia Education League,0,0.0,351,0,pageviews_http_403
Indonesia–Malaysia relations,0,0.0,287,6,pageviews_http_403
Indrek,0,0.0,6,0,pageviews_http_403
Indrek Kaseorg,0,0.0,44,0,pageviews_http_403
Indrek Pertelson,0,0.0,94,0,pageviews_http_403
Indrek Sammul,0,0.0,21,0,pageviews_http_403
Indrek Tobreluts,0,0.0,77,0,pageviews_http_403
Industrial agitator,0,0.0,11,1,pageviews_http_403
Infant baptism,0,0.0,906,19,pageviews_http_403
Infected (The Walking Dead),0,0.0,211,0,pageviews_http_403
Inferior mesenteric,0,0.0,0,1,pageviews_http_403
Inferior tibiofibular joint,0,0.0,115,3,pageviews_http_403
Inferior vena cava,0,0.0,396,8,pageviews_http_403
Inferior vena cava filter,0,0.0,66,9,pageviews_http_403
Infinity (Guru Josh album),0,0.0,8,0,pageviews_http_403
Infinity (Guru Josh song),0,0.0,68,2,pageviews_http_403
Infinity Bridge,0,0.0,135,0,pageviews_http_403
Info,0,0.0,42,1,pageviews_http_403
Info (band),0,0.0,18,0,pageviews_http_403
Information Received (novel),0,0.0,4,0,pageviews_http_403
Information loss,0,0.0,4,1,pageviews_http_403
Ingels,0,0.0,2,0,pageviews_http_403
Ingleby,0,0.0,8,2,pageviews_http_403
Inglis,0,0.0,17,3,pageviews_http_403
Ingolf Wunder,0,0.0,31,1,pageviews_http_403
"Ingress into India Ordinance, 1914",0,0.0,101,1,pageviews_http_403
Ingrid Bergman,0,0.0,1982,4,pageviews_http_403
Inguinal hernia surgery,0,0.0,210,4,pageviews_http_403
Inigo,0,0.0,22,3,pageviews_http_403
Inigo Montoya,0,0.0,125,6,pageviews_http_403
Initial D (film),0,0.0,152,4,pageviews_http_403
Initial public offering of Facebook,0,0.0,265,2,pageviews_http_403
Ink,0,0.0,1179,7,pageviews_http_403
Ink (novel),0,0.0,25,0,pageviews_http_403
Inn,0,0.0,1877,8,pageviews_http_403
Inn at Lincoln Park,0,0.0,0,2,pageviews_http_403
Innalenkil Nale,0,0.0,142,2,pageviews_http_403
Innocent (1921 film),0,0.0,165,0,pageviews_http_403
Innocent (2009 film),0,0.0,14,1,pageviews_http_403
Innocent (2011 film),0,0.0,34,4,pageviews_http_403
Innocent Bystanders (film),0,0.0,50,0,pageviews_http_403
Inside That I Cried,0,0.0,73,4,pageviews_http_403
Inspector,0,0.0,2218,19,pageviews_http_403
Inspector Lewis,0,0.0,61,4,pageviews_http_403
Inspector Morse (TV series),0,0.0,687,0,pageviews_http_403
Inspector Pink Dragon,0,0.0,59,0,pageviews_http_403
Installation art,0,0.0,4103,10,pageviews_http_403
Instant Schlager,0,0.0,8,1,pageviews_http_403
Instinctive drift,0,0.0,11,1,pageviews_http_403
Instruction,0,0.0,89,5,pageviews_http_403
Instruction of Ankhsheshonq,0,0.0,10,2,pageviews_http_403
Instruction of Hardjedef,0,0.0,15,2,pageviews_http_403
Instructions Not Included,0,0.0,63,2,pageviews_http_403
Intake,0,0.0,189,5,pageviews_http_403
Intel P45,0,0.0,11,1,pageviews_http_403
Intelligence cycle,0,0.0,124,1,pageviews_http_403
Intelligence cycle management,0,0.0,426,1,pageviews_http_403
Intense,0,0.0,120,0,pageviews_http_403
Intense Bowl,0,0.0,110,0,pageviews_http_403
Intense Records,0,0.0,64,0,pageviews_http_403
Intensive animal farming,0,0.0,2068,29,pageviews_http_403
Interatrial septum,0,0.0,124,3,pageviews_http_403
Interface,0,0.0,151,6,pageviews_http_403
Interference (film),0,0.0,63,0,pageviews_http_403
Intergalactic Touring Band,0,0.0,15,2,pageviews_http_403
Interior,0,0.0,91,2,pageviews_http_403
Interleukin 8,0,0.0,505,6,pageviews_http_403
Intermaxillary segment,0,0.0,32,2,pageviews_http_403
International Bank for Reconstruction and Development,0,0.0,1467,6,pageviews_http_403
International Civil Service Commission,0,0.0,32,0,pageviews_http_403
International House of Prayer,0,0.0,105,7,pageviews_http_403
International Securities Identification Number,0,0.0,2825,4,pageviews_http_403
International Velvet,0,0.0,4,1,pageviews_http_403
International Velvet (film),0,0.0,81,0,pageviews_http_403
Internet,0,0.0,28562,47,pageviews_http_403
Internet in the Philippines,0,0.0,299,2,pageviews_http_403
Internet studies,0,0.0,92,1,pageviews_http_403
Interpol,0,0.0,4049,23,pageviews_http_403
Interpol Investigates,0,0.0,118,0,pageviews_http_403
Interruption,0,0.0,11,1,pageviews_http_403
Intersect (Canneto),0,0.0,70,0,pageviews_http_403
Intersect (video game),0,0.0,15,0,pageviews_http_403
Intersect ENT,0,0.0,3,1,pageviews_http_403
Interstate 495 (New York),0,0.0,538,45,pageviews_http_403
Interstate 65 in Kentucky,0,0.0,244,6,pageviews_http_403
Interview (1973 film),0,0.0,18,0,pageviews_http_403
Interview (2003 film),0,0.0,34,0,pageviews_http_403
Interview (2007 film),0,0.0,48,0,pageviews_http_403
Intestinal villus,0,0.0,196,5,pageviews_http_403
Into My World,0,0.0,0,1,pageviews_http_403
Into the Storm (2009 film),0,0.0,229,1,pageviews_http_403
Into the Wild (novel),0,0.0,169,1,pageviews_http_403
Into the Woods,0,0.0,1590,9,pageviews_http_403
Into the Woods (novel),0,0.0,10,2,pageviews_http_403
Intracardiac injection,0,0.0,152,2,pageviews_http_403
Intruder (1993 film),0,0.0,50,1,pageviews_http_403
Inva,0,0.0,13,1,pageviews_http_403
Inva Mula,0,0.0,511,3,pageviews_http_403
Invasion (Grey's Anatomy),0,0.0,125,0,pageviews_http_403
Io (mythology),0,0.0,885,6,pageviews_http_403
Ioba (cicada),0,0.0,6,2,pageviews_http_403
Ioba Province,0,0.0,80,3,pageviews_http_403
Ioba leopardina,0,0.0,2,0,pageviews_http_403
Iorwerth,0,0.0,9,1,pageviews_http_403
Iorwerth Drwyndwn,0,0.0,64,0,pageviews_http_403
Iorwerth Evans,0,0.0,12,0,pageviews_http_403
Iowa Assessments,0,0.0,99,8,pageviews_http_403
Iowa School for the Deaf,0,0.0,217,2,pageviews_http_403
Iowa State University,0,0.0,4904,36,pageviews_http_403
Iowa people,0,0.0,530,11,pageviews_http_403
Iran crisis of 1946,0,0.0,1501,4,pageviews_http_403
Ireland Act 1949,0,0.0,251,6,pageviews_http_403
Ireland Wolves cricket team in Sri Lanka in 2018–19,0,0.0,2,3,pageviews_http_403
Irene (musical),0,0.0,144,0,pageviews_http_403
Irina,0,0.0,48,1,pageviews_http_403
Irina Crasnoscioc,0,0.0,2,1,pageviews_http_403
Irina Khakamada,0,0.0,177,3,pageviews_http_403
Irineo Mendoza Mendoza,0,0.0,2,0,pageviews_http_403
Iris and the Lieutenant,0,0.0,58,3,pageviews_http_403
Iris dilator muscle,0,0.0,162,16,pageviews_http_403
Iris muscle,0,0.0,4,2,pageviews_http_403
Iris sphincter muscle,0,0.0,158,13,pageviews_http_403
Irk Bitig,0,0.0,156,6,pageviews_http_403
Irn-Bru,0,0.0,503,13,pageviews_http_403
Irom Chanu Sharmila,0,0.0,79,0,pageviews_http_403
Iron Maiden,0,0.0,4509,19,pageviews_http_403
Iron Maiden (album),0,0.0,314,12,pageviews_http_403
Iron Man,0,0.0,3822,27,pageviews_http_403
Iron Woman,0,0.0,9,2,pageviews_http_403
Iron people,0,0.0,281,3,pageviews_http_403
Irresistible (The X-Files),0,0.0,92,1,pageviews_http_403
Irving Amen,0,0.0,15,1,pageviews_http_403
Irwin,0,0.0,33,2,pageviews_http_403
Irwin Goodman,0,0.0,61,6,pageviews_http_403
Isaac B. Desha,0,0.0,40,3,pageviews_http_403
Isaac Bowman,0,0.0,48,1,pageviews_http_403
Isaac Erb Bowman,0,0.0,23,0,pageviews_http_403
Isaac II Angelos,0,0.0,665,11,pageviews_http_403
Isabel's Choice,0,0.0,9,0,pageviews_http_403
Isabel's a Jezebel,0,0.0,15,0,pageviews_http_403
Isabel's saki,0,0.0,72,1,pageviews_http_403
Isabella Macdonald Macdonald,0,0.0,12,0,pageviews_http_403
Ishizaki,0,0.0,3,1,pageviews_http_403
Ishmael,0,0.0,1115,23,pageviews_http_403
Isla de la Juventud,0,0.0,697,12,pageviews_http_403
Islamic economics in Pakistan,0,0.0,177,3,pageviews_http_403
Island (short story collection),0,0.0,8,0,pageviews_http_403
Islands of Refreshment,0,0.0,369,2,pageviews_http_403
Isobel Pravda,0,0.0,6,2,pageviews_http_403
Isolation,0,0.0,116,11,pageviews_http_403
Isolation (2005 film),0,0.0,33,0,pageviews_http_403
Isolation (2009 film),0,0.0,7,1,pageviews_http_403
Isolation (The Walking Dead),0,0.0,210,0,pageviews_http_403
Isolation transformer,0,0.0,122,2,pageviews_http_403
Israel Andrade,0,0.0,45,3,pageviews_http_403
Israel in the Eurovision Song Contest,0,0.0,698,16,pageviews_http_403
Israeli system of government,0,0.0,503,4,pageviews_http_403
It (poetry collection),0,0.0,9,3,pageviews_http_403
It Ain't the Whiskey,0,0.0,42,0,pageviews_http_403
It Came from Outer Space,0,0.0,292,1,pageviews_http_403
It Don't Hurt Like It Used To,0,0.0,37,0,pageviews_http_403
It Don't Matter,0,0.0,87,4,pageviews_http_403
It Don't Matter to Me,0,0.0,41,2,pageviews_http_403
It Happened Here,0,0.0,60,0,pageviews_http_403
It Remains to Be Seen,0,0.0,20,0,pageviews_http_403
It Takes Two (Marvin Gaye and Kim Weston song),0,0.0,332,0,pageviews_http_403
It Was Almost Like a Song,0,0.0,99,0,pageviews_http_403
It Was Almost Like a Song (album),0,0.0,187,0,pageviews_http_403
It Wouldn't Hurt to Have Wings,0,0.0,55,0,pageviews_http_403
It! (short story),0,0.0,40,1,pageviews_http_403
It's After the End of the World,0,0.0,83,0,pageviews_http_403
It's Easy to Remember (And So Hard to Forget),0,0.0,140,3,pageviews_http_403
It's Just a Matter of Time,0,0.0,6,3,pageviews_http_403
"It's Like, You Know...",0,0.0,97,3,pageviews_http_403
It's My Life (Bon Jovi song),0,0.0,576,3,pageviews_http_403
It's Not Easy,0,0.0,22,0,pageviews_http_403
It's Not Fair,0,0.0,21,1,pageviews_http_403
It's Not What You Know,0,0.0,22,2,pageviews_http_403
It's Not an All Night Fair,0,0.0,2,0,pageviews_http_403
It's So Hard to Say Goodbye to Yesterday,0,0.0,132,2,pageviews_http_403
It's Such a Pretty World Today,0,0.0,55,0,pageviews_http_403
It's Such a Pretty World Today (album),0,0.0,30,0,pageviews_http_403
It's a Beautiful Day,0,0.0,155,6,pageviews_http_403
It's a Beautiful Day (Michael Bublé song),0,0.0,102,2,pageviews_http_403
It's a Boy Girl Thing,0,0.0,71,6,pageviews_http_403
It's a Crime,0,0.0,0,1,pageviews_http_403
"It's a Lovely, Lovely World",0,0.0,43,0,pageviews_http_403
It's a Man's Man's Man's World,0,0.0,755,8,pageviews_http_403
Italian Somaliland,0,0.0,939,5,pageviews_http_403
Italy (Everybody Loves Raymond),0,0.0,147,1,pageviews_http_403
Italy–Switzerland border,0,0.0,91,3,pageviews_http_403
Itchycoo Park,0,0.0,191,2,pageviews_http_403
"Ito (footballer, born 1975)",0,0.0,22,2,pageviews_http_403
"Ito (footballer, born 1992)",0,0.0,6,1,pageviews_http_403
"Ito (footballer, born 1994)",0,0.0,42,2,pageviews_http_403
Ivan (gorilla),0,0.0,163,2,pageviews_http_403
Ivan Lessa,0,0.0,20,0,pageviews_http_403
Ivan Stambolić,0,0.0,431,2,pageviews_http_403
Ivar Enger,0,0.0,34,1,pageviews_http_403
Ivo Perilli,0,0.0,63,0,pageviews_http_403
Izzuddin Balban,0,0.0,6,1,pageviews_http_403
J. B. Kripalani,0,0.0,795,11,pageviews_http_403
J. Christopher Stevens,0,0.0,322,4,pageviews_http_403
J. Da Silva,0,0.0,8,1,pageviews_http_403
J. Evan Bonifant,0,0.0,34,1,pageviews_http_403
J. Evan Sadler,0,0.0,17,0,pageviews_http_403
J. J. P. Corrigan,0,0.0,9,0,pageviews_http_403
J. J. P. Oud,0,0.0,86,5,pageviews_http_403
J. Lewis,0,0.0,244,0,pageviews_http_403
J. Lyons and Co.,0,0.0,242,16,pageviews_http_403
J. R. D. Tata,0,0.0,654,0,pageviews_http_403
J. T. Barrett,0,0.0,418,10,pageviews_http_403
J. William Fulbright,0,0.0,627,9,pageviews_http_403
Jaakko,0,0.0,11,0,pageviews_http_403
Jaakko Laakso,0,0.0,13,0,pageviews_http_403
Jaani,0,0.0,22,1,pageviews_http_403
Jaani Dost,0,0.0,123,0,pageviews_http_403
Jaap Stam,0,0.0,634,4,pageviews_http_403
Jab We Met,0,0.0,253,12,pageviews_http_403
Jack &amp; Jack,0,0.0,0,0,pageviews_http_403
Jack (1996 film),0,0.0,169,0,pageviews_http_403
Jack (2013 film),0,0.0,41,1,pageviews_http_403
Jack (album),0,0.0,89,1,pageviews_http_403
Jack (playing card),0,0.0,371,22,pageviews_http_403
Jack Johnson (album),0,0.0,481,4,pageviews_http_403
Jack Kachkar,0,0.0,10,0,pageviews_http_403
Jack Larson,0,0.0,300,0,pageviews_http_403
Jack MacKenzie (cinematographer),0,0.0,134,0,pageviews_http_403
"Jack MacKenzie (footballer, born 2000)",0,0.0,61,1,pageviews_http_403
Jack Mackenzie,0,0.0,40,1,pageviews_http_403
Jack May,0,0.0,129,0,pageviews_http_403
Jack May (tennis),0,0.0,9,1,pageviews_http_403
Jack P. Shepherd,0,0.0,337,3,pageviews_http_403
Jack Point,0,0.0,64,2,pageviews_http_403
Jack Shepherd,0,0.0,28,3,pageviews_http_403
Jack Shepherd (actor),0,0.0,229,0,pageviews_http_403
Jack Webb,0,0.0,453,2,pageviews_http_403
Jack of the Red Hearts,0,0.0,21,1,pageviews_http_403
Jack the Giant Killer (2013 film),0,0.0,63,3,pageviews_http_403
Jackie Biskupski,0,0.0,97,0,pageviews_http_403
Jackie Bradley Jr.,0,0.0,464,4,pageviews_http_403
Jackie Jokers,0,0.0,11,0,pageviews_http_403
Jacks,0,0.0,31,1,pageviews_http_403
Jacks (band),0,0.0,15,2,pageviews_http_403
Jackson Automobile Company,0,0.0,53,2,pageviews_http_403
"Jackson Heights, Queens",0,0.0,513,0,pageviews_http_403
Jackson Jackson,0,0.0,68,6,pageviews_http_403
Jacksonville Barracudas,0,0.0,42,0,pageviews_http_403
Jacob Duck,0,0.0,57,1,pageviews_http_403
Jacob Kraemer,0,0.0,28,0,pageviews_http_403
Jacob Köbel,0,0.0,11,2,pageviews_http_403
Jacob Mendes Da Costa,0,0.0,26,9,pageviews_http_403
Jacobs School of Music,0,0.0,563,8,pageviews_http_403
Jacopo Melani,0,0.0,31,0,pageviews_http_403
Jacques,0,0.0,73,2,pageviews_http_403
Jacques Monasch,0,0.0,276,1,pageviews_http_403
Jagan,0,0.0,22,2,pageviews_http_403
Jaguar E-Pace,0,0.0,96,1,pageviews_http_403
Jaguar F-Pace,0,0.0,115,5,pageviews_http_403
Jaguar I-Pace,0,0.0,140,3,pageviews_http_403
Jai Hind,0,0.0,142,3,pageviews_http_403
Jai Hind College,0,0.0,99,0,pageviews_http_403
Jaime,0,0.0,62,0,pageviews_http_403
Jaime Grondona,0,0.0,17,0,pageviews_http_403
Jaime Murray,0,0.0,151,0,pageviews_http_403
Jake Johnson,0,0.0,275,2,pageviews_http_403
Jake Johnson (motorcyclist),0,0.0,8,1,pageviews_http_403
Jake Wade,0,0.0,3,2,pageviews_http_403
Jake Wade (baseball),0,0.0,44,0,pageviews_http_403
Jakob Kaiser,0,0.0,543,0,pageviews_http_403
Jakob-Kaiser-Platz (Berlin U-Bahn),0,0.0,192,1,pageviews_http_403
"Jama Masjid, Delhi",0,0.0,755,9,pageviews_http_403
James Alton James,0,0.0,11,0,pageviews_http_403
James Bingham,0,0.0,9,1,pageviews_http_403
James Blades,0,0.0,79,2,pageviews_http_403
James Dunlop of Dunlop,0,0.0,21,0,pageviews_http_403
James F. Phillips,0,0.0,22,1,pageviews_http_403
James Forrestal,0,0.0,743,6,pageviews_http_403
James Gurney,0,0.0,143,2,pageviews_http_403
James Hardiman,0,0.0,213,1,pageviews_http_403
James Hewitt,0,0.0,131,4,pageviews_http_403
James James,0,0.0,62,3,pageviews_http_403
James Kirkup,0,0.0,164,10,pageviews_http_403
James M. Bingham,0,0.0,114,0,pageviews_http_403
James Meredith,0,0.0,795,4,pageviews_http_403
James Msekela,0,0.0,13,3,pageviews_http_403
James Read,0,0.0,119,4,pageviews_http_403
James Read Chadwick,0,0.0,29,0,pageviews_http_403
James Roosevelt Roosevelt,0,0.0,235,8,pageviews_http_403
"James Stevenson, 1st Baron Stevenson",0,0.0,21,0,pageviews_http_403
James Uno,0,0.0,7,4,pageviews_http_403
James Williamson (film pioneer),0,0.0,59,1,pageviews_http_403
James Wilson (House),0,0.0,211,15,pageviews_http_403
Jamie Moralee,0,0.0,31,2,pageviews_http_403
Jamie Theakston,0,0.0,171,0,pageviews_http_403
Jamie White,0,0.0,13,0,pageviews_http_403
Jamie White (footballer),0,0.0,22,0,pageviews_http_403
Jamie's Elsewhere,0,0.0,58,13,pageviews_http_403
Jan Kaplický,0,0.0,84,2,pageviews_http_403
Jane (1915 film),0,0.0,104,1,pageviews_http_403
Jane Cain,0,0.0,15,0,pageviews_http_403
"Jane Fellowes, Baroness Fellowes",0,0.0,40,0,pageviews_http_403
"Jane Lumley, Baroness Lumley",0,0.0,49,9,pageviews_http_403
Jane Russell,0,0.0,493,2,pageviews_http_403
Jane Shore (1915 film),0,0.0,71,1,pageviews_http_403
Janelle Monáe,0,0.0,1534,8,pageviews_http_403
Janet C. Howard,0,0.0,23,1,pageviews_http_403
Janet C. Long,0,0.0,38,1,pageviews_http_403
Janet C. Wolfenbarger,0,0.0,26,1,pageviews_http_403
Janet Jagan,0,0.0,169,4,pageviews_http_403
Janet and John,0,0.0,44,2,pageviews_http_403
Janet and Mark,0,0.0,1,0,pageviews_http_403
Janette,0,0.0,4,1,pageviews_http_403
Janette Howard,0,0.0,36,1,pageviews_http_403
Janette Scott,0,0.0,99,1,pageviews_http_403
Janice Long,0,0.0,285,0,pageviews_http_403
Janić,0,0.0,7,1,pageviews_http_403
January 1,0,0.0,3857,18,pageviews_http_403
January 1 (disambiguation),0,0.0,7,0,pageviews_http_403
January 1 (film),0,0.0,55,1,pageviews_http_403
Japan (1992 manga),0,0.0,77,1,pageviews_http_403
Japan (1994 manga),0,0.0,14,3,pageviews_http_403
Jara,0,0.0,14,2,pageviews_http_403
Jara (Asunción),0,0.0,110,1,pageviews_http_403
Jara (surname),0,0.0,7,0,pageviews_http_403
Jara Saguier,0,0.0,8,1,pageviews_http_403
Jaren Jackson,0,0.0,103,2,pageviews_http_403
Jaren Jackson Jr.,0,0.0,290,5,pageviews_http_403
Jarvis Redwine,0,0.0,72,0,pageviews_http_403
Jason Bourque,0,0.0,50,1,pageviews_http_403
Jason Brooks,0,0.0,10,3,pageviews_http_403
Jason Brooks (actor),0,0.0,50,0,pageviews_http_403
Jason Brooks (illustrator),0,0.0,13,0,pageviews_http_403
Jason Brooks (painter),0,0.0,6,1,pageviews_http_403
Jason Miller (communications strategist),0,0.0,77,1,pageviews_http_403
Jason Voorhees,0,0.0,1234,10,pageviews_http_403
Javi,0,0.0,2,1,pageviews_http_403
Javi Salero,0,0.0,3,2,pageviews_http_403
Javier Colon,0,0.0,349,7,pageviews_http_403
Jawani Diwani,0,0.0,52,7,pageviews_http_403
Jay (album),0,0.0,99,21,pageviews_http_403
Jay Bilas,0,0.0,244,1,pageviews_http_403
Jay Kleven,0,0.0,17,0,pageviews_http_403
Jazz,0,0.0,84271,10,pageviews_http_403
Jazz (Transformers),0,0.0,230,3,pageviews_http_403
Jazz (novel),0,0.0,51,0,pageviews_http_403
Jean (song),0,0.0,222,0,pageviews_http_403
Jean Gabriel Marie (1907–1970),0,0.0,4,1,pageviews_http_403
Jean Gabriel-Marie,0,0.0,29,8,pageviews_http_403
Jean Marie,0,0.0,5,1,pageviews_http_403
Jean Muir,0,0.0,99,7,pageviews_http_403
Jean Victor Marie Moreau,0,0.0,701,5,pageviews_http_403
Jean's Plan,0,0.0,8,0,pageviews_http_403
Jean-Baptiste,0,0.0,32,1,pageviews_http_403
Jean-Marie,0,0.0,11,0,pageviews_http_403
Jean-Marie-Victor Viel,0,0.0,4,0,pageviews_http_403
Jeanne de Valois-Saint-Rémy,0,0.0,60,19,pageviews_http_403
Jeannot,0,0.0,52,0,pageviews_http_403
Jeannot Gilbert,0,0.0,28,0,pageviews_http_403
Jeans (film),0,0.0,287,5,pageviews_http_403
Jedediah Smith,0,0.0,611,4,pageviews_http_403
Jeena Isi Ka Naam Hai,0,0.0,33,0,pageviews_http_403
Jeena Isi Ka Naam Hai (film),0,0.0,20,2,pageviews_http_403
Jeet,0,0.0,34,2,pageviews_http_403
Jeet Gannguli,0,0.0,395,3,pageviews_http_403
Jeet Gannguli discography,0,0.0,6,0,pageviews_http_403
Jeet Thayil,0,0.0,161,0,pageviews_http_403
Jeff Banks,0,0.0,50,0,pageviews_http_403
Jeff Banks (musician),0,0.0,5,0,pageviews_http_403
Jeff Jimerson,0,0.0,130,0,pageviews_http_403
Jefferis,0,0.0,1,0,pageviews_http_403
Jefferson Riverport International,0,0.0,15,0,pageviews_http_403
Jefferson Starship,0,0.0,631,8,pageviews_http_403
Jeffrey (1995 film),0,0.0,65,0,pageviews_http_403
Jeffrey (2016 film),0,0.0,6,0,pageviews_http_403
Jelena Ivezić,0,0.0,60,1,pageviews_http_403
Jenifer Ringer,0,0.0,45,2,pageviews_http_403
Jenks' Day Off,0,0.0,19,1,pageviews_http_403
Jennifer (album),0,0.0,29,0,pageviews_http_403
Jennifer Hudson (album),0,0.0,213,3,pageviews_http_403
Jennifer Landon,0,0.0,96,1,pageviews_http_403
Jennifer Lawrence,0,0.0,2127,12,pageviews_http_403
Jennifer Paige (album),0,0.0,27,1,pageviews_http_403
Jenny Wolek,0,0.0,122,6,pageviews_http_403
Jenny from the Block,0,0.0,385,4,pageviews_http_403
Jensen,0,0.0,31,1,pageviews_http_403
Jeopardy!,0,0.0,2929,55,pageviews_http_403
Jeremy Foley,0,0.0,6,1,pageviews_http_403
Jeremy Foley (actor),0,0.0,28,0,pageviews_http_403
Jeremy Howard,0,0.0,10,2,pageviews_http_403
Jeremy Howard (actor),0,0.0,46,0,pageviews_http_403
Jeremy Howard (entrepreneur),0,0.0,20,1,pageviews_http_403
Jeremy Spenser,0,0.0,40,0,pageviews_http_403
Jeremy Suarez,0,0.0,67,1,pageviews_http_403
Jermaine O'Neal,0,0.0,378,3,pageviews_http_403
Jerry Gergich,0,0.0,126,6,pageviews_http_403
Jerry Rawlings,0,0.0,1025,10,pageviews_http_403
Jerry's Painting,0,0.0,132,0,pageviews_http_403
Jess Glynne,0,0.0,785,6,pageviews_http_403
Jesse L. Martin,0,0.0,247,4,pageviews_http_403
Jesse Palmer,0,0.0,701,1,pageviews_http_403
Jesus (1979 film),0,0.0,199,5,pageviews_http_403
Jesus Freak (song),0,0.0,131,1,pageviews_http_403
Jesus and Mama,0,0.0,27,0,pageviews_http_403
Jet Set (game show),0,0.0,17,2,pageviews_http_403
Jet set,0,0.0,219,5,pageviews_http_403
Jetze Doorman,0,0.0,39,0,pageviews_http_403
Jewish holidays,0,0.0,1986,40,pageviews_http_403
Jezebel,0,0.0,541,7,pageviews_http_403
Jhalak Dikhhla Jaa,0,0.0,410,6,pageviews_http_403
Jhalak Dikhhla Jaa season 5,0,0.0,111,3,pageviews_http_403
Ji (film),0,0.0,98,1,pageviews_http_403
Ji Min-ji,0,0.0,20,0,pageviews_http_403
Jiaxin Cheng,0,0.0,97,6,pageviews_http_403
Jigsaw (1962 film),0,0.0,89,0,pageviews_http_403
Jigsaw (1968 film),0,0.0,48,0,pageviews_http_403
Jiji Maa,0,0.0,36,1,pageviews_http_403
Jim Baker (bowls),0,0.0,37,0,pageviews_http_403
Jim Baker (footballer),0,0.0,20,0,pageviews_http_403
Jim Baker (frontiersman),0,0.0,23,1,pageviews_http_403
Jim Boyd (actor),0,0.0,20,0,pageviews_http_403
Jim Boyd (newscaster),0,0.0,6,4,pageviews_http_403
Jim Jefferies,0,0.0,215,5,pageviews_http_403
Jim Shelley (TV critic),0,0.0,95,0,pageviews_http_403
Jim Tavaré,0,0.0,59,2,pageviews_http_403
Jim Thome,0,0.0,1777,5,pageviews_http_403
Jimerson,0,0.0,2,0,pageviews_http_403
Jimi Jamison,0,0.0,171,2,pageviews_http_403
Jimmie,0,0.0,9,0,pageviews_http_403
Jimmie Gordon,0,0.0,14,0,pageviews_http_403
Jimmie Hall,0,0.0,66,0,pageviews_http_403
Jimmy Bryant,0,0.0,73,0,pageviews_http_403
Jimmy Bryant (singer),0,0.0,28,1,pageviews_http_403
Jimmy Carter,0,0.0,11798,62,pageviews_http_403
Jimmy James (singer),0,0.0,73,4,pageviews_http_403
Jimmy Singer,0,0.0,19,0,pageviews_http_403
Jin Jin,0,0.0,2,1,pageviews_http_403
Jin Zhiyang,0,0.0,89,0,pageviews_http_403
Jingle All the Way,0,0.0,341,6,pageviews_http_403
Jitendra,0,0.0,20,4,pageviews_http_403
Jitendra Narayan,0,0.0,29,0,pageviews_http_403
Jitendra Narayan Dev,0,0.0,10,1,pageviews_http_403
Jiyo To Aise Jiyo,0,0.0,16,0,pageviews_http_403
Jo Goodhew,0,0.0,103,0,pageviews_http_403
Jo Jo Gunne,0,0.0,55,1,pageviews_http_403
Joachim B. Olsen,0,0.0,363,1,pageviews_http_403
Joachim Löw,0,0.0,1497,5,pageviews_http_403
Joan Baez,0,0.0,2715,6,pageviews_http_403
Joan of Arc,0,0.0,4959,61,pageviews_http_403
Joan of arc,0,0.0,6,0,pageviews_http_403
"Joanna Shields, Baroness Shields",0,0.0,60,2,pageviews_http_403
Joanne Froggatt,0,0.0,254,0,pageviews_http_403
Job (novel),0,0.0,110,2,pageviews_http_403
Job Fair (The Office),0,0.0,269,1,pageviews_http_403
Job fair,0,0.0,407,8,pageviews_http_403
Job or No Job,0,0.0,139,6,pageviews_http_403
Joe Bretto,0,0.0,13,1,pageviews_http_403
Joe Cottrill,0,0.0,22,1,pageviews_http_403
Joe Crowley,0,0.0,403,2,pageviews_http_403
Joe English (loyalist),0,0.0,124,0,pageviews_http_403
Joe Gladwin,0,0.0,73,1,pageviews_http_403
Joe Loss,0,0.0,158,7,pageviews_http_403
Joe Louis Arena,0,0.0,1362,1,pageviews_http_403
Joe Mangel,0,0.0,302,0,pageviews_http_403
Joe Mooney,0,0.0,9,3,pageviews_http_403
Joe Mooney (musician),0,0.0,31,0,pageviews_http_403
Joe vs. Joe,0,0.0,23,2,pageviews_http_403
Joel Johnson (communications strategist),0,0.0,13,0,pageviews_http_403
Joel McCrea,0,0.0,480,3,pageviews_http_403
Joey,0,0.0,109,3,pageviews_http_403
Joey (Concrete Blonde song),0,0.0,71,0,pageviews_http_403
Joey Bishop,0,0.0,259,2,pageviews_http_403
Johan Gadolin,0,0.0,98,2,pageviews_http_403
Johann Heinrich Abicht,0,0.0,17,1,pageviews_http_403
Johann Heinrich Acker,0,0.0,24,1,pageviews_http_403
Johann Heinrich Roos,0,0.0,62,1,pageviews_http_403
Johann Melchior Roos,0,0.0,21,0,pageviews_http_403
Johanna Grund,0,0.0,49,1,pageviews_http_403
John A. Shaud,0,0.0,9,3,pageviews_http_403
John Addison,0,0.0,477,2,pageviews_http_403
John Addison (divine),0,0.0,9,0,pageviews_http_403
John Addison Porter,0,0.0,38,0,pageviews_http_403
John Anderson (racing driver),0,0.0,96,2,pageviews_http_403
John Andrew,0,0.0,22,7,pageviews_http_403
John Andrew Martin,0,0.0,120,1,pageviews_http_403
"John Atkinson, Baron Atkinson",0,0.0,177,2,pageviews_http_403
John B. Watson,0,0.0,896,4,pageviews_http_403
John Balcerzak,0,0.0,47,1,pageviews_http_403
John Barleycorn,0,0.0,256,2,pageviews_http_403
John Barleycorn (novel),0,0.0,75,0,pageviews_http_403
John Boyd (diplomat),0,0.0,27,1,pageviews_http_403
"John Brightman, Baron Brightman",0,0.0,47,6,pageviews_http_403
John Brown's raid on Harpers Ferry,0,0.0,1781,10,pageviews_http_403
John Campbell,0,0.0,132,21,pageviews_http_403
John Carter (ER),0,0.0,93,3,pageviews_http_403
John Chilton,0,0.0,146,2,pageviews_http_403
John Chilton Burch,0,0.0,28,0,pageviews_http_403
John Chilton Lambton Carter,0,0.0,14,0,pageviews_http_403
"John Christian, Count Palatine of Sulzbach",0,0.0,28,3,pageviews_http_403
John Cosnett,0,0.0,23,1,pageviews_http_403
John D. Maurice,0,0.0,9,1,pageviews_http_403
John Dawson Mayne,0,0.0,25,1,pageviews_http_403
John Deere,0,0.0,2070,16,pageviews_http_403
John Deere 9630,0,0.0,55,2,pageviews_http_403
John Dilson,0,0.0,69,1,pageviews_http_403
John Donkin,0,0.0,5,1,pageviews_http_403
John E. Redwine,0,0.0,3,2,pageviews_http_403
John Edgerton,0,0.0,29,2,pageviews_http_403
John Edward Campbell,0,0.0,44,0,pageviews_http_403
John Esslemont,0,0.0,76,5,pageviews_http_403
John Fastolf,0,0.0,151,3,pageviews_http_403
John Floyd (Georgia politician),0,0.0,59,0,pageviews_http_403
John Gurdon,0,0.0,527,5,pageviews_http_403
John Hewer,0,0.0,35,1,pageviews_http_403
John Hinge,0,0.0,51,1,pageviews_http_403
John Keating,0,0.0,9,2,pageviews_http_403
John Keating (Australian politician),0,0.0,64,1,pageviews_http_403
John Keating (Irish politician),0,0.0,51,0,pageviews_http_403
"John Leonard, Baron Leonard",0,0.0,14,1,pageviews_http_403
John Lydon,0,0.0,884,9,pageviews_http_403
John Mant,0,0.0,10,2,pageviews_http_403
John Maurice,0,0.0,0,0,pageviews_http_403
John Mayne,0,0.0,24,1,pageviews_http_403
John McKay (politician),0,0.0,22,0,pageviews_http_403
John Mooney (musician),0,0.0,30,0,pageviews_http_403
John Mulvany,0,0.0,11,3,pageviews_http_403
John Muse,0,0.0,46,1,pageviews_http_403
John Muse (businessman),0,0.0,11,0,pageviews_http_403
John Myers Myers,0,0.0,60,0,pageviews_http_403
John Nettles,0,0.0,142,2,pageviews_http_403
John O'Brien (hurler),0,0.0,124,0,pageviews_http_403
John Okul,0,0.0,33,1,pageviews_http_403
John Rennie the Elder,0,0.0,448,4,pageviews_http_403
John Robinson (judge),0,0.0,12,0,pageviews_http_403
"John Roper, Baron Roper",0,0.0,51,6,pageviews_http_403
John Ross Ewing III,0,0.0,94,1,pageviews_http_403
John Rowland (Desperate Housewives),0,0.0,76,0,pageviews_http_403
John Shaw Lefevre,0,0.0,63,4,pageviews_http_403
John Simpson (soldier),0,0.0,11,2,pageviews_http_403
John Stape,0,0.0,286,3,pageviews_http_403
John Strange,0,0.0,9,3,pageviews_http_403
John Strange (diplomat),0,0.0,18,0,pageviews_http_403
John Suckling (poet),0,0.0,145,2,pageviews_http_403
John Terry,0,0.0,1188,11,pageviews_http_403
John Terry (film financier),0,0.0,13,0,pageviews_http_403
John Usher,0,0.0,2,2,pageviews_http_403
"John VII, Duke of Mecklenburg-Schwerin",0,0.0,48,6,pageviews_http_403
John Willard (U.S. Marshal),0,0.0,13,0,pageviews_http_403
John William Finn,0,0.0,73,3,pageviews_http_403
"John Young (cricketer, born 1884)",0,0.0,11,0,pageviews_http_403
John van Lottum,0,0.0,203,1,pageviews_http_403
"John, Count Palatine of Neumarkt",0,0.0,38,1,pageviews_http_403
Johnny (1980 film),0,0.0,83,1,pageviews_http_403
Johnny Brennan,0,0.0,102,2,pageviews_http_403
Johnny Galecki,0,0.0,347,2,pageviews_http_403
Johnny Hardwick,0,0.0,79,2,pageviews_http_403
Johnny Micheal Spann,0,0.0,63,8,pageviews_http_403
Johnny Ruffo,0,0.0,166,5,pageviews_http_403
Johnny Tsunami,0,0.0,246,0,pageviews_http_403
"Johnny, Johnny",0,0.0,24,0,pageviews_http_403
"Johnny, My Friend",0,0.0,11,1,pageviews_http_403
Johnson (composer),0,0.0,420,1,pageviews_http_403
Joie de vivre,0,0.0,447,4,pageviews_http_403
Join the Club,0,0.0,151,3,pageviews_http_403
Join the Club (album),0,0.0,18,0,pageviews_http_403
Joint,0,0.0,1699,24,pageviews_http_403
Jokela,0,0.0,36,0,pageviews_http_403
Joker,0,0.0,270,17,pageviews_http_403
Joker Marchant Stadium,0,0.0,324,2,pageviews_http_403
Jon Huertas,0,0.0,113,0,pageviews_http_403
Jon Krakauer,0,0.0,322,4,pageviews_http_403
Jon Ryan,0,0.0,219,2,pageviews_http_403
Jonas,0,0.0,67,2,pageviews_http_403
Jonas Jonas,0,0.0,66,4,pageviews_http_403
Jonas Villanueva,0,0.0,183,0,pageviews_http_403
Jonathan Aitken,0,0.0,343,3,pageviews_http_403
Jonathan Banks,0,0.0,464,5,pageviews_http_403
Jonathan Le Billon,0,0.0,23,1,pageviews_http_403
Jonathan Ross,0,0.0,968,20,pageviews_http_403
Jonathan Routh,0,0.0,43,1,pageviews_http_403
Jonathan Stranks,0,0.0,14,1,pageviews_http_403
Jonathan and Charlotte,0,0.0,167,3,pageviews_http_403
Joni Ruuskanen,0,0.0,4,0,pageviews_http_403
Jonny Hurst,0,0.0,12,0,pageviews_http_403
Jordan Anderson (racing driver),0,0.0,641,2,pageviews_http_403
Jordan of Saxony,0,0.0,220,2,pageviews_http_403
Jordi,0,0.0,28,1,pageviews_http_403
Jordi Vilasuso,0,0.0,82,1,pageviews_http_403
Jorge Betancourt,0,0.0,28,0,pageviews_http_403
Jorge Enríquez,0,0.0,128,1,pageviews_http_403
Jorge Mario Lescieur Talavera,0,0.0,2,0,pageviews_http_403
Jorge Speranza,0,0.0,6,0,pageviews_http_403
Joris,0,0.0,10,0,pageviews_http_403
Joris Delle,0,0.0,35,0,pageviews_http_403
Joris Ponse,0,0.0,7,0,pageviews_http_403
Joris Van Severen,0,0.0,632,1,pageviews_http_403
Josefa Roybal,0,0.0,43,1,pageviews_http_403
Joseph Baptista,0,0.0,48,4,pageviews_http_403
Joseph Baptista Gardens,0,0.0,7,6,pageviews_http_403
Joseph Bonaparte,0,0.0,1912,17,pageviews_http_403
Joseph Henry,0,0.0,928,2,pageviews_http_403
Joseph Kerwin,0,0.0,8,1,pageviews_http_403
Joseph Moncure March,0,0.0,53,1,pageviews_http_403
Joseph N. Welch,0,0.0,118,3,pageviews_http_403
Joseph Weydemeyer,0,0.0,35,3,pageviews_http_403
Josh,0,0.0,182,3,pageviews_http_403
Josh (2000 film),0,0.0,117,0,pageviews_http_403
Josh (2010 film),0,0.0,201,1,pageviews_http_403
Josh (novel),0,0.0,22,0,pageviews_http_403
Josh Gracin,0,0.0,443,2,pageviews_http_403
Josh Klinghoffer,0,0.0,593,3,pageviews_http_403
Josh Turner,0,0.0,651,3,pageviews_http_403
Josh Weinstein,0,0.0,265,0,pageviews_http_403
Joshua,0,0.0,1735,54,pageviews_http_403
Joshua Morrow,0,0.0,99,1,pageviews_http_403
Joshua Rush,0,0.0,133,5,pageviews_http_403
Joshua Tree (1993 film),0,0.0,66,0,pageviews_http_403
José María Bonilla,0,0.0,10,2,pageviews_http_403
José Palmeira Lessa,0,0.0,16,1,pageviews_http_403
Joule heating,0,0.0,535,16,pageviews_http_403
Journal of the Entomological Research Society,0,0.0,13,4,pageviews_http_403
Journal of the Kansas Entomological Society,0,0.0,84,5,pageviews_http_403
Journey,0,0.0,163,13,pageviews_http_403
Journey (1995 film),0,0.0,15,1,pageviews_http_403
Journey (Journey album),0,0.0,106,0,pageviews_http_403
Journey to Journey,0,0.0,10,2,pageviews_http_403
Journey to the Center of the Earth (1959 film),0,0.0,215,1,pageviews_http_403
Joxe,0,0.0,0,0,pageviews_http_403
Joxe Azurmendi,0,0.0,384,2,pageviews_http_403
Joy Division,0,0.0,2097,6,pageviews_http_403
Joy Simonson,0,0.0,14,1,pageviews_http_403
Joyce Summers,0,0.0,234,1,pageviews_http_403
João,0,0.0,37,1,pageviews_http_403
João Gilberto,0,0.0,1048,6,pageviews_http_403
João Saldanha,0,0.0,190,1,pageviews_http_403
João Schlittler,0,0.0,23,3,pageviews_http_403
Joël Jeannot,0,0.0,153,1,pageviews_http_403
Juan Galindo,0,0.0,36,1,pageviews_http_403
Juan Hita,0,0.0,8,3,pageviews_http_403
Juan Landázuri Ricketts,0,0.0,97,8,pageviews_http_403
Juan Manuel Montero Vázquez,0,0.0,8,2,pageviews_http_403
Juan Manuel Vázquez,0,0.0,2,2,pageviews_http_403
Juan Manuel Vázquez (footballer),0,0.0,6,0,pageviews_http_403
Juan Manuel Vázquez (handballer),0,0.0,26,0,pageviews_http_403
Jubilee River,0,0.0,161,2,pageviews_http_403
Jubilee line,0,0.0,1628,13,pageviews_http_403
Judge Robinson,0,0.0,2,1,pageviews_http_403
Judi,0,0.0,12,0,pageviews_http_403
Judi Evans,0,0.0,114,1,pageviews_http_403
Judi Patton,0,0.0,73,0,pageviews_http_403
Judicial independence in Singapore,0,0.0,145,0,pageviews_http_403
Judy Hensler,0,0.0,39,1,pageviews_http_403
Judy Landers,0,0.0,64,0,pageviews_http_403
Juha,0,0.0,17,0,pageviews_http_403
Juha Jokela,0,0.0,19,1,pageviews_http_403
Juju on That Beat (TZ Anthem),0,0.0,55,5,pageviews_http_403
Julee Cruise,0,0.0,198,4,pageviews_http_403
Jules C. Webber,0,0.0,3,1,pageviews_http_403
Julia Jones,0,0.0,121,1,pageviews_http_403
Julia Jones (conductor),0,0.0,26,0,pageviews_http_403
Julia Julia,0,0.0,61,0,pageviews_http_403
Julia Snyder,0,0.0,6,0,pageviews_http_403
Julia and Julia,0,0.0,35,1,pageviews_http_403
Julie (1956 film),0,0.0,88,1,pageviews_http_403
Julie (1975 film),0,0.0,105,0,pageviews_http_403
"Julie, Do Ya Love Me",0,0.0,20,3,pageviews_http_403
Juliet,0,0.0,718,9,pageviews_http_403
Julián Lalinde,0,0.0,15,1,pageviews_http_403
Jump (1999 film),0,0.0,12,0,pageviews_http_403
Jump (2009 film),0,0.0,38,0,pageviews_http_403
Jump (2012 film),0,0.0,22,0,pageviews_http_403
Jump! (2007 film),0,0.0,19,0,pageviews_http_403
Jumpsuit (song),0,0.0,94,1,pageviews_http_403
Junction (video game),0,0.0,13,0,pageviews_http_403
June,0,0.0,1889,8,pageviews_http_403
June Days uprising,0,0.0,121,4,pageviews_http_403
June Middleton,0,0.0,12,0,pageviews_http_403
June Uprising in Lithuania,0,0.0,1317,7,pageviews_http_403
June uprising,0,0.0,5,3,pageviews_http_403
Jungle (2000 film),0,0.0,148,0,pageviews_http_403
Jungle Queen (2000 film),0,0.0,37,1,pageviews_http_403
Junior (1994 film),0,0.0,160,1,pageviews_http_403
Jupiter,0,0.0,6396,29,pageviews_http_403
Just Another Illusion,0,0.0,19,2,pageviews_http_403
Just Before the Rain,0,0.0,2,0,pageviews_http_403
Just Fishin',0,0.0,66,0,pageviews_http_403
Just Like the Pilgrims Intended,0,0.0,160,0,pageviews_http_403
Just One Night (film),0,0.0,20,0,pageviews_http_403
Just Us (duo),0,0.0,16,1,pageviews_http_403
Just Us (film),0,0.0,19,1,pageviews_http_403
Just Want You to Know,0,0.0,65,1,pageviews_http_403
Just You 'n' Me,0,0.0,147,3,pageviews_http_403
"Just You, Just Me",0,0.0,126,1,pageviews_http_403
"Just You, Just Me (album)",0,0.0,78,0,pageviews_http_403
Just a Breath Away,0,0.0,36,1,pageviews_http_403
Just a Little More Love (song),0,0.0,135,0,pageviews_http_403
Just a Matter of Time,0,0.0,6,5,pageviews_http_403
Just a Matter of Time (novel),0,0.0,32,1,pageviews_http_403
Just a Moment,0,0.0,6,4,pageviews_http_403
Just an Illusion,0,0.0,50,0,pageviews_http_403
Just to Be Close to You,0,0.0,70,0,pageviews_http_403
Just to Be Sure,0,0.0,16,4,pageviews_http_403
Just to Let You Know...,0,0.0,7,1,pageviews_http_403
Justice (DC Comics),0,0.0,163,1,pageviews_http_403
Justice (play),0,0.0,45,0,pageviews_http_403
Justice by Any Means,0,0.0,7,1,pageviews_http_403
Justin Lee Collins,0,0.0,232,7,pageviews_http_403
Juxtaglomerular apparatus,0,0.0,120,1,pageviews_http_403
Juxtaglomerular cell,0,0.0,119,5,pageviews_http_403
Juxtaglomerular cell tumor,0,0.0,57,3,pageviews_http_403
János Farkas,0,0.0,243,1,pageviews_http_403
János Farkas de Boldogfa,0,0.0,9,0,pageviews_http_403
János Nepomuk Farkas,0,0.0,8,0,pageviews_http_403
Jérôme Napoléon Bonaparte,0,0.0,100,8,pageviews_http_403
Jörg,0,0.0,13,1,pageviews_http_403
Jörg A. Eggers,0,0.0,9,2,pageviews_http_403
Jörg Bergmeister,0,0.0,613,2,pageviews_http_403
Jörg Fauser,0,0.0,20,2,pageviews_http_403
Jørgen Thorup,0,0.0,21,1,pageviews_http_403
Jürgen W. Falter,0,0.0,22,2,pageviews_http_403
Jürgen W. Heike,0,0.0,2,0,pageviews_http_403
K's Choice,0,0.0,133,4,pageviews_http_403
K-9000,0,0.0,17,0,pageviews_http_403
K-K-K-Katy,0,0.0,116,5,pageviews_http_403
K. (novel),0,0.0,21,1,pageviews_http_403
K. Nalla Thambi,0,0.0,118,0,pageviews_http_403
K3 en het ijsprinsesje,0,0.0,58,0,pageviews_http_403
KCR CRO,0,0.0,29,0,pageviews_http_403
KERI,0,0.0,62,2,pageviews_http_403
KFC,0,0.0,4104,48,pageviews_http_403
KFC in South Africa,0,0.0,41,2,pageviews_http_403
KGMB,0,0.0,477,10,pageviews_http_403
KI,0,0.0,81,8,pageviews_http_403
KIAH,0,0.0,680,6,pageviews_http_403
KJTL,0,0.0,538,5,pageviews_http_403
KKTV,0,0.0,452,14,pageviews_http_403
KNOX,0,0.0,9,2,pageviews_http_403
KOFI,0,0.0,36,1,pageviews_http_403
KTVX,0,0.0,843,276,pageviews_http_403
Kaaka Muttai,0,0.0,229,1,pageviews_http_403
Kaathirunna Divasam,0,0.0,12,2,pageviews_http_403
Kaberamaido,0,0.0,23,0,pageviews_http_403
Kaberamaido District,0,0.0,195,0,pageviews_http_403
Kabir Stori,0,0.0,121,1,pageviews_http_403
Kabli,0,0.0,45,0,pageviews_http_403
Kaboom (Parks and Recreation),0,0.0,147,0,pageviews_http_403
Kadal,0,0.0,20,2,pageviews_http_403
Kadal Kadannu Oru Maathukutty,0,0.0,125,2,pageviews_http_403
Kadal Pura,0,0.0,12,0,pageviews_http_403
Kai En Tai,0,0.0,476,2,pageviews_http_403
Kaitlin Vilasuso,0,0.0,13,2,pageviews_http_403
Kakeru,0,0.0,12,0,pageviews_http_403
Kalyanavarman (Varman dynasty),0,0.0,72,1,pageviews_http_403
Kamahl Santamaria,0,0.0,83,0,pageviews_http_403
Kampuchea Revolutionary Army,0,0.0,98,7,pageviews_http_403
Kamya Panjabi,0,0.0,138,1,pageviews_http_403
Kaneko,0,0.0,92,6,pageviews_http_403
Kaneshiro,0,0.0,7,1,pageviews_http_403
Kannada,0,0.0,14813,25,pageviews_http_403
Kanon Wakeshima,0,0.0,92,8,pageviews_http_403
Kansas City Chiefs,0,0.0,8557,21,pageviews_http_403
Kansas Supreme Court,0,0.0,599,1,pageviews_http_403
Kantarō Suzuki,0,0.0,346,7,pageviews_http_403
Kantarō Suzuki Cabinet,0,0.0,132,0,pageviews_http_403
Kaori Kusuda,0,0.0,17,0,pageviews_http_403
Karayilekku Oru Kadal Dooram,0,0.0,46,1,pageviews_http_403
Karel Doorman,0,0.0,88,4,pageviews_http_403
Karen David,0,0.0,104,1,pageviews_http_403
Karen Redman,0,0.0,59,0,pageviews_http_403
Kari Risvik,0,0.0,14,0,pageviews_http_403
Karim Ojjeh,0,0.0,126,0,pageviews_http_403
Karimnagar district,0,0.0,562,5,pageviews_http_403
Karl Bartholomaeus Heller,0,0.0,5,2,pageviews_http_403
Karl Shapiro,0,0.0,270,2,pageviews_http_403
Karnak,0,0.0,879,10,pageviews_http_403
Karnataka State Human Rights Commission,0,0.0,4,0,pageviews_http_403
Karndean Designflooring Mares' Open National Hunt Flat Race,0,0.0,1,0,pageviews_http_403
Karolyi Ranch,0,0.0,83,1,pageviews_http_403
Karyn Kupcinet,0,0.0,85,1,pageviews_http_403
Kate Plus Ten (novel),0,0.0,226,0,pageviews_http_403
Kateřina Dudková,0,0.0,8,2,pageviews_http_403
Kateřina Nash,0,0.0,94,5,pageviews_http_403
Katha,0,0.0,39,3,pageviews_http_403
Katha Parayumpol,0,0.0,125,5,pageviews_http_403
Katha Venuka Katha,0,0.0,14,0,pageviews_http_403
Katherine,0,0.0,286,14,pageviews_http_403
Katherine (film),0,0.0,111,3,pageviews_http_403
Katherine Moennig,0,0.0,114,4,pageviews_http_403
Kathryn Bigelow,0,0.0,1055,3,pageviews_http_403
Kathy Saltzman,0,0.0,15,0,pageviews_http_403
Katie,0,0.0,132,2,pageviews_http_403
Katie Findlay,0,0.0,76,1,pageviews_http_403
Katie Walder,0,0.0,27,0,pageviews_http_403
Katie and Emily,0,0.0,79,2,pageviews_http_403
Katten,0,0.0,0,0,pageviews_http_403
Katten (beach),0,0.0,2,1,pageviews_http_403
Kaunas Sports Hall,0,0.0,78,0,pageviews_http_403
Kawahigashi Station,0,0.0,3,1,pageviews_http_403
Kawahigashi Station (Fukushima),0,0.0,56,0,pageviews_http_403
Kawahigashi Station (Saga),0,0.0,68,0,pageviews_http_403
"Kawahigashi, Fukushima",0,0.0,2,0,pageviews_http_403
Kawasaki KX450F,0,0.0,77,6,pageviews_http_403
"Kawasaki-ku, Kawasaki",0,0.0,131,2,pageviews_http_403
"Kay Andrews, Baroness Andrews",0,0.0,46,4,pageviews_http_403
Kaycee,0,0.0,6,1,pageviews_http_403
Kaycee Stroh,0,0.0,57,1,pageviews_http_403
Kazuhiro,0,0.0,9,0,pageviews_http_403
Kazuhiro Sasaki,0,0.0,612,3,pageviews_http_403
Kazuhiro Suzuki,0,0.0,27,0,pageviews_http_403
Kebek,0,0.0,207,0,pageviews_http_403
Kebek (Golden Horde),0,0.0,10,0,pageviews_http_403
Kebek Sultan,0,0.0,17,0,pageviews_http_403
Keegan,0,0.0,11,1,pageviews_http_403
Keegan Connor Tracy,0,0.0,148,1,pageviews_http_403
Keep Fishin',0,0.0,310,1,pageviews_http_403
Keep Holding On,0,0.0,172,2,pageviews_http_403
Keep Talking and Nobody Explodes,0,0.0,41,2,pageviews_http_403
Keep Your Cool,0,0.0,22,0,pageviews_http_403
Keep Your Distance,0,0.0,24,0,pageviews_http_403
Keep Your Head Down (song),0,0.0,105,1,pageviews_http_403
Keep Your Head Up,0,0.0,5,2,pageviews_http_403
Keep Your Head Up (Andy Grammer song),0,0.0,43,0,pageviews_http_403
Keep Your Head Up (Ben Howard song),0,0.0,36,0,pageviews_http_403
Keep Your Heart,0,0.0,27,0,pageviews_http_403
Keep Your Lamp Trimmed and Burning,0,0.0,54,0,pageviews_http_403
Keeper,0,0.0,26,5,pageviews_http_403
Keeper of Darkness,0,0.0,23,1,pageviews_http_403
Keeper of Dreams,0,0.0,106,2,pageviews_http_403
Keeping,0,0.0,14,0,pageviews_http_403
Keeping Up Appearances,0,0.0,487,26,pageviews_http_403
Keeping the Moon,0,0.0,24,0,pageviews_http_403
Keeping the Promise,0,0.0,24,1,pageviews_http_403
Kegworth air disaster,0,0.0,258,32,pageviews_http_403
Keiko,0,0.0,21,2,pageviews_http_403
Keiko Aizawa,0,0.0,19,1,pageviews_http_403
Keith (film),0,0.0,35,2,pageviews_http_403
Keith Alan Morris,0,0.0,13,1,pageviews_http_403
Kekko Fornarelli,0,0.0,12,1,pageviews_http_403
Kekko Kamen,0,0.0,80,4,pageviews_http_403
Kelly Kruger,0,0.0,31,1,pageviews_http_403
Ken Dodd,0,0.0,600,8,pageviews_http_403
Kendall Band,0,0.0,33,3,pageviews_http_403
Kennedy and Heidi,0,0.0,150,0,pageviews_http_403
Kenneth Berrill,0,0.0,19,1,pageviews_http_403
Kenney,0,0.0,10,1,pageviews_http_403
Kenny Chesney,0,0.0,1996,6,pageviews_http_403
Kenny Marchant,0,0.0,223,4,pageviews_http_403
Kenny Smith,0,0.0,502,5,pageviews_http_403
Kent,0,0.0,23560,17,pageviews_http_403
Kent Hrbek,0,0.0,278,1,pageviews_http_403
Kent Walton,0,0.0,39,1,pageviews_http_403
Kentucky Commissioner of Agriculture,0,0.0,402,2,pageviews_http_403
Kentucky Derby Trophy,0,0.0,201,0,pageviews_http_403
Kepler-7b,0,0.0,321,2,pageviews_http_403
Kerala State Film Award for Best Actor,0,0.0,229,1,pageviews_http_403
Kerala State Film Award for Best Character Actor,0,0.0,76,0,pageviews_http_403
Kerala State Film Award for Second Best Actor,0,0.0,116,0,pageviews_http_403
Kerala State Human Rights Commission,0,0.0,14,0,pageviews_http_403
Kerala State Television Award for Best Actor,0,0.0,20,0,pageviews_http_403
Keri,0,0.0,50,0,pageviews_http_403
Keri Lees,0,0.0,47,1,pageviews_http_403
Kerman,0,0.0,1981,6,pageviews_http_403
Kernick,0,0.0,9,0,pageviews_http_403
Kerry Condon,0,0.0,444,1,pageviews_http_403
Kerry King,0,0.0,433,2,pageviews_http_403
Kerwin,0,0.0,10,0,pageviews_http_403
Kerwin Moore,0,0.0,18,0,pageviews_http_403
Kesari,0,0.0,67,3,pageviews_http_403
Kesari (Ramayana),0,0.0,201,0,pageviews_http_403
Kettle River (St. Croix River tributary),0,0.0,93,2,pageviews_http_403
Kevin (Probably) Saves the World,0,0.0,78,3,pageviews_http_403
Kevin Colley,0,0.0,28,0,pageviews_http_403
Kevin Grund,0,0.0,12,0,pageviews_http_403
Kevin Hagen,0,0.0,113,0,pageviews_http_403
Kevin Hagen (baseball),0,0.0,19,0,pageviews_http_403
Kevin Haugh,0,0.0,40,0,pageviews_http_403
Kevin Lloyd,0,0.0,63,0,pageviews_http_403
Kevin Lloyd (disambiguation),0,0.0,7,1,pageviews_http_403
Key (film),0,0.0,15,1,pageviews_http_403
Keyhole Castle,0,0.0,111,0,pageviews_http_403
Keyhole Kate,0,0.0,206,0,pageviews_http_403
Khalifa bin Zayed Al Nahyan,0,0.0,592,19,pageviews_http_403
Khamis Humoud,0,0.0,4,0,pageviews_http_403
Khan Academy,0,0.0,783,11,pageviews_http_403
Khris Davis,0,0.0,191,2,pageviews_http_403
Khumbu,0,0.0,175,1,pageviews_http_403
Khumbu Glacier,0,0.0,193,0,pageviews_http_403
Khumbu Icefall,0,0.0,217,1,pageviews_http_403
"Ki Ki, Iran",0,0.0,167,1,pageviews_http_403
Kia Sportage,0,0.0,240,5,pageviews_http_403
Kicker,0,0.0,59,5,pageviews_http_403
Kid Ink,0,0.0,580,1,pageviews_http_403
Kids Return,0,0.0,194,3,pageviews_http_403
Kids Return (band),0,0.0,4,0,pageviews_http_403
Kids for Kids,0,0.0,17,0,pageviews_http_403
Kieffer,0,0.0,64,0,pageviews_http_403
Kiernan,0,0.0,10,0,pageviews_http_403
Kiernan Shipka,0,0.0,293,2,pageviews_http_403
Kill List,0,0.0,104,1,pageviews_http_403
Kill a Word,0,0.0,61,0,pageviews_http_403
Kill the Director,0,0.0,44,2,pageviews_http_403
Kill! Kill! Kill! Kill!,0,0.0,41,0,pageviews_http_403
Killa (Cherish song),0,0.0,39,0,pageviews_http_403
Killer Within,0,0.0,219,1,pageviews_http_403
Killing Time (2007 film),0,0.0,5,1,pageviews_http_403
Kilobyte,0,0.0,1552,15,pageviews_http_403
Kilobyte (disambiguation),0,0.0,5,1,pageviews_http_403
Kim Sung-gan,0,0.0,86,1,pageviews_http_403
Kimberley Alpine Resort,0,0.0,50,0,pageviews_http_403
Kimono My House,0,0.0,104,2,pageviews_http_403
Kin (short story),0,0.0,7,0,pageviews_http_403
Kind of a Drag,0,0.0,35,1,pageviews_http_403
Kindred (TV series),0,0.0,275,1,pageviews_http_403
Kindred Spirits,0,0.0,29,6,pageviews_http_403
Kindred Spirits (TV series),0,0.0,43,2,pageviews_http_403
Kinematic coupling,0,0.0,28,1,pageviews_http_403
Kinematic pair,0,0.0,86,4,pageviews_http_403
King (2008 film),0,0.0,114,1,pageviews_http_403
King David (musical),0,0.0,163,0,pageviews_http_403
King Kong,0,0.0,1338,17,pageviews_http_403
King Kong Encounter,0,0.0,118,1,pageviews_http_403
King Leir,0,0.0,83,1,pageviews_http_403
"King of Prussia, Pennsylvania",0,0.0,628,9,pageviews_http_403
King of the Jungle (2000 film),0,0.0,26,0,pageviews_http_403
Kingisepp,0,0.0,326,5,pageviews_http_403
"Kings Cross railway station, Sydney",0,0.0,101,2,pageviews_http_403
Kings of Leon,0,0.0,2020,11,pageviews_http_403
Kinked demand,0,0.0,25,3,pageviews_http_403
Kipper,0,0.0,858,13,pageviews_http_403
Kipper tie,0,0.0,523,2,pageviews_http_403
Kipps (1921 film),0,0.0,50,0,pageviews_http_403
Kira (given name),0,0.0,40,0,pageviews_http_403
Kira kira name,0,0.0,9,2,pageviews_http_403
Kirby,0,0.0,185,2,pageviews_http_403
Kiribati,0,0.0,6053,43,pageviews_http_403
Kirk,0,0.0,92,3,pageviews_http_403
Kirk Carlsen,0,0.0,14,0,pageviews_http_403
Kirk O'Bee,0,0.0,27,0,pageviews_http_403
Kirkup,0,0.0,4,0,pageviews_http_403
Kiss Kiss,0,0.0,22,3,pageviews_http_403
Kiss Kiss Kiss,0,0.0,13,3,pageviews_http_403
Kiss Me First,0,0.0,14,1,pageviews_http_403
Kiss Me First (TV series),0,0.0,333,0,pageviews_http_403
Kiss Me Kate (TV series),0,0.0,54,0,pageviews_http_403
Kiss You,0,0.0,9,3,pageviews_http_403
Kiss You Tonight,0,0.0,41,0,pageviews_http_403
Kiss You in the Morning,0,0.0,20,0,pageviews_http_403
Kiss of Death (1916 film),0,0.0,60,2,pageviews_http_403
Kiss of a Butterfly,0,0.0,10,2,pageviews_http_403
Kiss the Sky (film),0,0.0,45,0,pageviews_http_403
Kitchen,0,0.0,1213,19,pageviews_http_403
Kitchen (1997 film),0,0.0,43,1,pageviews_http_403
Kitchen Party (film),0,0.0,27,0,pageviews_http_403
KitchenAid,0,0.0,214,2,pageviews_http_403
Kitchener Rangers,0,0.0,1062,2,pageviews_http_403
Kite,0,0.0,954,17,pageviews_http_403
Kite (novel),0,0.0,5,1,pageviews_http_403
Kitty Fisher,0,0.0,46,1,pageviews_http_403
Kitty Wilde,0,0.0,146,1,pageviews_http_403
Kiyoteru Higuchi,0,0.0,14,0,pageviews_http_403
Kjell Risvik,0,0.0,18,0,pageviews_http_403
Klaus Wunder,0,0.0,73,0,pageviews_http_403
Kleven,0,0.0,2,1,pageviews_http_403
Kliff Kingsbury,0,0.0,544,2,pageviews_http_403
Knapp's rule,0,0.0,12,2,pageviews_http_403
Knights for a Day,0,0.0,57,1,pageviews_http_403
Knitting,0,0.0,1956,15,pageviews_http_403
Knock (short story),0,0.0,48,1,pageviews_http_403
Knoop hardness test,0,0.0,39,5,pageviews_http_403
Know-It-All,0,0.0,82,7,pageviews_http_403
Knox,0,0.0,44,3,pageviews_http_403
Koch's postulates,0,0.0,175,8,pageviews_http_403
Kocher,0,0.0,158,6,pageviews_http_403
Kofi,0,0.0,21,0,pageviews_http_403
Kofi Siriboe,0,0.0,59,1,pageviews_http_403
Kofoed,0,0.0,3,2,pageviews_http_403
Kokubu Morishige,0,0.0,11,0,pageviews_http_403
Kokubu Station,0,0.0,3,1,pageviews_http_403
"Kokubu, Kagoshima",0,0.0,26,1,pageviews_http_403
Kola Peninsula,0,0.0,873,8,pageviews_http_403
Kolhapur,0,0.0,1193,16,pageviews_http_403
Kolhapur State,0,0.0,384,10,pageviews_http_403
Kom el-Hisn,0,0.0,26,3,pageviews_http_403
Kong Meng San Phor Kark See Monastery,0,0.0,86,6,pageviews_http_403
Konstanty,0,0.0,6,1,pageviews_http_403
Konstanty Władysław Sobieski,0,0.0,25,1,pageviews_http_403
Korean reunification,0,0.0,1546,36,pageviews_http_403
Kosaku Masuda,0,0.0,26,0,pageviews_http_403
Kosaku Shima,0,0.0,173,12,pageviews_http_403
Kosaku Shimada,0,0.0,49,0,pageviews_http_403
Kosmos 931,0,0.0,143,0,pageviews_http_403
Kotomi Ishizaki,0,0.0,93,0,pageviews_http_403
Kovács,0,0.0,162,13,pageviews_http_403
"Kozan, Adana",0,0.0,268,2,pageviews_http_403
Kraemer,0,0.0,3,1,pageviews_http_403
Krasen,0,0.0,6,1,pageviews_http_403
Krasen (fortress),0,0.0,54,0,pageviews_http_403
Krasen Kralev,0,0.0,46,0,pageviews_http_403
Krasen Trifonov,0,0.0,19,0,pageviews_http_403
Krasnoyarsk Krai,0,0.0,2073,22,pageviews_http_403
Krillin,0,0.0,302,4,pageviews_http_403
Krispy Kreme,0,0.0,1309,13,pageviews_http_403
Krispy Kreme UK,0,0.0,144,0,pageviews_http_403
Kruger,0,0.0,68,3,pageviews_http_403
Kryten,0,0.0,140,5,pageviews_http_403
Ksenia Doronina,0,0.0,41,2,pageviews_http_403
Kudinov,0,0.0,2,1,pageviews_http_403
Kullanari Koottam,0,0.0,30,0,pageviews_http_403
Kuroko's Basketball,0,0.0,471,16,pageviews_http_403
Kurt Baschwitz,0,0.0,14,3,pageviews_http_403
Kurt Carlsen,0,0.0,14,1,pageviews_http_403
Kurt Pätzold,0,0.0,8,0,pageviews_http_403
Kurt Seyit ve Şura,0,0.0,31,2,pageviews_http_403
Kusha,0,0.0,27,2,pageviews_http_403
Kusha (Ramayana),0,0.0,314,2,pageviews_http_403
Kushal Konwar,0,0.0,205,0,pageviews_http_403
Kustaa Ruuskanen,0,0.0,4,0,pageviews_http_403
Kusuda,0,0.0,1,0,pageviews_http_403
Kwame Watson-Siriboe,0,0.0,57,0,pageviews_http_403
Kyaa Kool Hain Hum 3,0,0.0,242,3,pageviews_http_403
Kyaw Swe,0,0.0,12,1,pageviews_http_403
Kyaw Swe (actor),0,0.0,6,0,pageviews_http_403
Kyaw Swe (minister),0,0.0,15,0,pageviews_http_403
Kyaw Tint Swe,0,0.0,18,1,pageviews_http_403
Kyle Lowry,0,0.0,436,3,pageviews_http_403
Kyle Richards,0,0.0,252,0,pageviews_http_403
Kyle XY,0,0.0,477,19,pageviews_http_403
Kyler,0,0.0,17,0,pageviews_http_403
Kyler Jukes,0,0.0,49,0,pageviews_http_403
Kyler Pettis,0,0.0,54,2,pageviews_http_403
Kyong,0,0.0,78,1,pageviews_http_403
Kyoto Protocol (band),0,0.0,9,0,pageviews_http_403
Kärleken är,0,0.0,259,1,pageviews_http_403
Kärleken är evig,0,0.0,40,2,pageviews_http_403
Kärleken är evig (song),0,0.0,35,2,pageviews_http_403
Kīlauea,0,0.0,812,14,pageviews_http_403
L (Steve Hillage album),0,0.0,100,0,pageviews_http_403
L'elisir d'amore,0,0.0,840,16,pageviews_http_403
L. C. Schnürlein,0,0.0,4,5,pageviews_http_403
LETTERS,0,0.0,33,2,pageviews_http_403
LGM-30 Minuteman,0,0.0,1720,31,pageviews_http_403
LIA,0,0.0,15,2,pageviews_http_403
LOL (2006 film),0,0.0,42,0,pageviews_http_403
LOL (2012 film),0,0.0,100,2,pageviews_http_403
LYN,0,0.0,164,4,pageviews_http_403
La Bamba (song),0,0.0,822,3,pageviews_http_403
La Cruz Hill,0,0.0,3,0,pageviews_http_403
"La Cruz, Chile",0,0.0,76,0,pageviews_http_403
La Crème de la crème,0,0.0,22,2,pageviews_http_403
La La La,0,0.0,62,17,pageviews_http_403
La Tour d'Auvergne,0,0.0,57,0,pageviews_http_403
La cruz (film),0,0.0,19,1,pageviews_http_403
La fidanzata di papà,0,0.0,27,0,pageviews_http_403
La gorilla,0,0.0,9,0,pageviews_http_403
La huella del crimen,0,0.0,196,0,pageviews_http_403
La joie de vivre,0,0.0,77,2,pageviews_http_403
La liceale,0,0.0,32,5,pageviews_http_403
La liceale al mare con l'amica di papà,0,0.0,15,2,pageviews_http_403
La nonne sanglante,0,0.0,59,1,pageviews_http_403
La nudité toute nue,0,0.0,8,1,pageviews_http_403
La permission de dix heures,0,0.0,76,0,pageviews_http_403
La renzoni,0,0.0,12,1,pageviews_http_403
La vampire nue,0,0.0,31,0,pageviews_http_403
LaMB,0,0.0,76,0,pageviews_http_403
LaVar Ball,0,0.0,183,5,pageviews_http_403
LaVoy Finicum,0,0.0,201,7,pageviews_http_403
Laaj,0,0.0,11,1,pageviews_http_403
Laaj (film),0,0.0,19,1,pageviews_http_403
Laakso,0,0.0,275,1,pageviews_http_403
Lab,0,0.0,39,5,pageviews_http_403
Lab notebook,0,0.0,74,5,pageviews_http_403
Labanotation,0,0.0,79,2,pageviews_http_403
Labor Code of Ukraine,0,0.0,7,0,pageviews_http_403
Labor Code of the Philippines,0,0.0,37,3,pageviews_http_403
Labyorteaux,0,0.0,0,1,pageviews_http_403
Labyrinth,0,0.0,1308,14,pageviews_http_403
Labyrinth (Labyrinth album),0,0.0,19,0,pageviews_http_403
Lac la Nonne,0,0.0,14,2,pageviews_http_403
Lacoste,0,0.0,821,8,pageviews_http_403
Lacrimal gland,0,0.0,252,7,pageviews_http_403
Lacryma Christi,0,0.0,29,4,pageviews_http_403
Ladislav Hudec (footballer),0,0.0,52,1,pageviews_http_403
Ladislav Žák,0,0.0,16,1,pageviews_http_403
Ladislav Žák (footballer),0,0.0,5,0,pageviews_http_403
Lady Bird Lake,0,0.0,553,10,pageviews_http_403
Lady Bouvier's Lover,0,0.0,129,0,pageviews_http_403
Lady Jane,0,0.0,30,4,pageviews_http_403
Lady Jane (song),0,0.0,216,1,pageviews_http_403
Lady of the Lake (Once Upon a Time),0,0.0,188,0,pageviews_http_403
Lady of the Night (1925 film),0,0.0,48,0,pageviews_http_403
Lagoon (video game),0,0.0,21,0,pageviews_http_403
Lagos Colony,0,0.0,758,4,pageviews_http_403
Lagos State House of Assembly,0,0.0,197,0,pageviews_http_403
Lagotto Romagnolo,0,0.0,166,1,pageviews_http_403
Laguna del Carbón,0,0.0,32,1,pageviews_http_403
Lahaul and Spiti district,0,0.0,423,11,pageviews_http_403
Laing,0,0.0,15,1,pageviews_http_403
Lake Anna,0,0.0,36,3,pageviews_http_403
Lake Czorsztyn,0,0.0,12,1,pageviews_http_403
Lake Las Vegas,0,0.0,283,3,pageviews_http_403
Lake Victoria (Victoria),0,0.0,105,1,pageviews_http_403
Lake trout,0,0.0,772,14,pageviews_http_403
Lakeman,0,0.0,2,0,pageviews_http_403
Lakshmana Rekha (film),0,0.0,116,1,pageviews_http_403
Lakshmana rekha,0,0.0,189,5,pageviews_http_403
Lalinde,0,0.0,535,0,pageviews_http_403
Lalinde (disambiguation),0,0.0,1,0,pageviews_http_403
Lalinde station,0,0.0,9,1,pageviews_http_403
Lalit Kala Akademi,0,0.0,277,1,pageviews_http_403
Lamb,0,0.0,263,11,pageviews_http_403
Lambertz Open by STAWAG,0,0.0,68,0,pageviews_http_403
Lambie,0,0.0,3,0,pageviews_http_403
Lamborghini,0,0.0,2751,30,pageviews_http_403
Lamborghini Estoque,0,0.0,92,1,pageviews_http_403
Lamp under a bushel,0,0.0,117,5,pageviews_http_403
Lan (film),0,0.0,19,0,pageviews_http_403
Lan Lan,0,0.0,69,0,pageviews_http_403
Lan Yu (film),0,0.0,87,1,pageviews_http_403
Lancaster High School (South Carolina),0,0.0,32,1,pageviews_http_403
Lance Todd,0,0.0,128,1,pageviews_http_403
Lance Todd Trophy,0,0.0,304,1,pageviews_http_403
Land Ordinance,0,0.0,3,1,pageviews_http_403
Land Rover engines,0,0.0,53,3,pageviews_http_403
Land contract,0,0.0,34,4,pageviews_http_403
Land of Plenty,0,0.0,87,6,pageviews_http_403
Land tenure,0,0.0,1919,33,pageviews_http_403
Landers,0,0.0,11,1,pageviews_http_403
Landon,0,0.0,50,1,pageviews_http_403
Landon Liboiron,0,0.0,77,3,pageviews_http_403
Landon Promontory,0,0.0,7,0,pageviews_http_403
Landry,0,0.0,15,1,pageviews_http_403
Landscape,0,0.0,0,0,pageviews_http_403
Landscape (Landscape album),0,0.0,14,0,pageviews_http_403
Landscape (play),0,0.0,84,0,pageviews_http_403
Landscape with the Fall of Icarus,0,0.0,116,4,pageviews_http_403
Landscape with the Fall of Icarus (poem),0,0.0,8,0,pageviews_http_403
Landázuri,0,0.0,94,1,pageviews_http_403
Langley Air Force Base,0,0.0,1563,11,pageviews_http_403
Language game,0,0.0,349,10,pageviews_http_403
Langum Prizes,0,0.0,18,10,pageviews_http_403
Lanier,0,0.0,10,1,pageviews_http_403
Lanka (2006 film),0,0.0,19,0,pageviews_http_403
Lanka (2011 film),0,0.0,68,0,pageviews_http_403
Lansdowne,0,0.0,36,4,pageviews_http_403
Lansdowne Cup,0,0.0,331,0,pageviews_http_403
Lansdowne Park,0,0.0,314,1,pageviews_http_403
Laptop,0,0.0,4396,36,pageviews_http_403
Laptop (2008 film),0,0.0,27,1,pageviews_http_403
Laptop (2012 film),0,0.0,51,2,pageviews_http_403
Larry Adler,0,0.0,189,4,pageviews_http_403
Larry McCaffery,0,0.0,62,1,pageviews_http_403
Larry Mondello,0,0.0,39,1,pageviews_http_403
Lars and the Real Girl,0,0.0,145,2,pageviews_http_403
Larson,0,0.0,21,1,pageviews_http_403
Las Meninas,0,0.0,773,9,pageviews_http_403
Las Meninas (film),0,0.0,24,0,pageviews_http_403
Las Vegas (Modern Family),0,0.0,141,0,pageviews_http_403
Last Action Hero,0,0.0,637,11,pageviews_http_403
Last Chance,0,0.0,16,5,pageviews_http_403
Last Comic Standing,0,0.0,400,9,pageviews_http_403
Last Days (Evenson novel),0,0.0,6,0,pageviews_http_403
Last Days (Nevill novel),0,0.0,12,0,pageviews_http_403
Last Holiday (2006 film),0,0.0,115,0,pageviews_http_403
Last Kiss,0,0.0,265,2,pageviews_http_403
Last Night a D.J. Saved My Life,0,0.0,152,6,pageviews_http_403
Last Night a DJ Saved My Life,0,0.0,9,2,pageviews_http_403
Last Night a DJ Saved My Life (book),0,0.0,28,1,pageviews_http_403
Last Resort,0,0.0,41,10,pageviews_http_403
Last Resort (song),0,0.0,186,2,pageviews_http_403
Last Ride (2009 film),0,0.0,25,0,pageviews_http_403
Last Survivors,0,0.0,6,1,pageviews_http_403
Late Last Night,0,0.0,71,0,pageviews_http_403
Late Last Night (film),0,0.0,38,0,pageviews_http_403
Late Night (film),0,0.0,88,1,pageviews_http_403
Late in the Evening,0,0.0,71,1,pageviews_http_403
Later Roman Empire,0,0.0,1111,3,pageviews_http_403
Latest Night News,0,0.0,6,1,pageviews_http_403
Latte,0,0.0,793,16,pageviews_http_403
Laugh track,0,0.0,519,18,pageviews_http_403
Laugh! Laugh! Laugh!,0,0.0,23,1,pageviews_http_403
"Laugh, Laugh",0,0.0,96,1,pageviews_http_403
Laughter,0,0.0,957,34,pageviews_http_403
Launceston Steam Railway,0,0.0,264,0,pageviews_http_403
Laura,0,0.0,139,7,pageviews_http_403
Laura E. Gómez,0,0.0,19,1,pageviews_http_403
Laura Gómez,0,0.0,5,2,pageviews_http_403
Laura Gómez (actress),0,0.0,35,1,pageviews_http_403
Laura Hope,0,0.0,0,0,pageviews_http_403
Laura Hope Crews,0,0.0,101,1,pageviews_http_403
Laura Lee Hope,0,0.0,24,1,pageviews_http_403
Laura Main,0,0.0,31,0,pageviews_http_403
Lauren,0,0.0,149,4,pageviews_http_403
Lauren Graham,0,0.0,416,2,pageviews_http_403
Lauren Stamile,0,0.0,55,0,pageviews_http_403
Laurence,0,0.0,51,4,pageviews_http_403
Laurence Fox,0,0.0,352,3,pageviews_http_403
Laurence Payne,0,0.0,88,0,pageviews_http_403
Laurie Anderson,0,0.0,1497,7,pageviews_http_403
Laurier Avenue,0,0.0,110,1,pageviews_http_403
Laurier Liberals,0,0.0,573,3,pageviews_http_403
Lava Kusha (2007 film),0,0.0,64,0,pageviews_http_403
Laver Cup,0,0.0,261,2,pageviews_http_403
Law of holes,0,0.0,524,14,pageviews_http_403
Lawgiver,0,0.0,15,1,pageviews_http_403
Lawrence Carra,0,0.0,16,1,pageviews_http_403
Lawrence Parsons (British Army officer),0,0.0,14,0,pageviews_http_403
Lawson,0,0.0,60,2,pageviews_http_403
Lay Down Your Arms,0,0.0,12,2,pageviews_http_403
Lay It All on Me,0,0.0,4,2,pageviews_http_403
Lay It All on Me (song),0,0.0,169,0,pageviews_http_403
Lay It on Me,0,0.0,0,0,pageviews_http_403
Lay It on Me (Vance Joy song),0,0.0,49,1,pageviews_http_403
Layla,0,0.0,687,2,pageviews_http_403
Layla Young,0,0.0,10,0,pageviews_http_403
Lazaros Efthymiou,0,0.0,11,0,pageviews_http_403
Le Cousin Pons,0,0.0,107,1,pageviews_http_403
Le Guérisseur,0,0.0,21,2,pageviews_http_403
Le Halua Le,0,0.0,198,2,pageviews_http_403
Le Le Hlaing,0,0.0,21,0,pageviews_http_403
Le Le Le,0,0.0,1,0,pageviews_http_403
Le Relais des Mousquetaires,0,0.0,43,0,pageviews_http_403
Le Ton beau de Marot,0,0.0,69,3,pageviews_http_403
Le cousin,0,0.0,35,1,pageviews_http_403
Le'Veon Bell,0,0.0,371,13,pageviews_http_403
Leaching,0,0.0,64,3,pageviews_http_403
Leaching (pedology),0,0.0,72,0,pageviews_http_403
Leader (1964 film),0,0.0,39,0,pageviews_http_403
Leader of the Pack,0,0.0,235,2,pageviews_http_403
Leaper,0,0.0,6,1,pageviews_http_403
Leave (U.S. military),0,0.0,43,3,pageviews_http_403
Leave (military),0,0.0,181,2,pageviews_http_403
Leave Your Hands on My Hips,0,0.0,26,1,pageviews_http_403
Leave a Light On,0,0.0,12,3,pageviews_http_403
Leave a Light On (Belinda Carlisle song),0,0.0,72,0,pageviews_http_403
Leave a Light On (Tom Walker song),0,0.0,87,0,pageviews_http_403
Leaving,0,0.0,28,6,pageviews_http_403
Leaving (EP),0,0.0,68,4,pageviews_http_403
Leaving (play),0,0.0,16,2,pageviews_http_403
Leaving Home,0,0.0,6,2,pageviews_http_403
Leaving Home (play),0,0.0,23,0,pageviews_http_403
Leaving Home EP,0,0.0,7,1,pageviews_http_403
Leaving Rouge,0,0.0,7,0,pageviews_http_403
Lee Baxter,0,0.0,14,1,pageviews_http_403
Lee Baxter (singer),0,0.0,22,0,pageviews_http_403
Lee Chapman,0,0.0,277,0,pageviews_http_403
Lee Hazlewood,0,0.0,519,2,pageviews_http_403
Lee Ingleby,0,0.0,139,1,pageviews_http_403
Leena,0,0.0,26,0,pageviews_http_403
Leena Alam,0,0.0,24,2,pageviews_http_403
Leena Peisa,0,0.0,59,5,pageviews_http_403
Left Neglected,0,0.0,10,1,pageviews_http_403
Leg Over Leg,0,0.0,10,0,pageviews_http_403
Leg shaving,0,0.0,221,2,pageviews_http_403
Legacy,0,0.0,169,13,pageviews_http_403
Legacy! Legacy!,0,0.0,14,1,pageviews_http_403
Legacy+,0,0.0,19,3,pageviews_http_403
Legend of the Lost,0,0.0,158,0,pageviews_http_403
Legend of the Lost Tomb,0,0.0,26,1,pageviews_http_403
Legendaddy,0,0.0,8,1,pageviews_http_403
Legendaddy (album),0,0.0,204,13,pageviews_http_403
Legion (1998 film),0,0.0,14,0,pageviews_http_403
Legion (2010 film),0,0.0,103,2,pageviews_http_403
Legion (Red Dwarf),0,0.0,104,1,pageviews_http_403
Legion Condor (film),0,0.0,50,0,pageviews_http_403
Legnica,0,0.0,1069,11,pageviews_http_403
Legs (film),0,0.0,25,0,pageviews_http_403
Legs (novel),0,0.0,24,1,pageviews_http_403
Legs (song),0,0.0,167,1,pageviews_http_403
Leila,0,0.0,32,4,pageviews_http_403
Leila Arcieri,0,0.0,40,0,pageviews_http_403
Leila Williams,0,0.0,27,0,pageviews_http_403
Leila Williams (disambiguation),0,0.0,1,0,pageviews_http_403
Leir of Britain,0,0.0,348,1,pageviews_http_403
Leitch,0,0.0,10,0,pageviews_http_403
Lela Rochon,0,0.0,95,0,pageviews_http_403
Lemon,0,0.0,2648,35,pageviews_http_403
Len,0,0.0,34,2,pageviews_http_403
Len Beadell,0,0.0,66,1,pageviews_http_403
Len Martin,0,0.0,12,0,pageviews_http_403
Len Martin (footballer),0,0.0,8,0,pageviews_http_403
Lena Katina,0,0.0,137,6,pageviews_http_403
Leningradskaya (rural locality),0,0.0,10,1,pageviews_http_403
Lennon–McCartney,0,0.0,2212,21,pageviews_http_403
Lent,0,0.0,3059,13,pageviews_http_403
"Lent, Ain",0,0.0,403,0,pageviews_http_403
Lento (Skempton),0,0.0,7,0,pageviews_http_403
Leonard,0,0.0,77,4,pageviews_http_403
Leonard (song),0,0.0,180,0,pageviews_http_403
Leonard Covington,0,0.0,46,4,pageviews_http_403
Leonard Kornoš,0,0.0,56,4,pageviews_http_403
Leonardo Torres,0,0.0,9,0,pageviews_http_403
Leonardo Torres Quevedo,0,0.0,144,2,pageviews_http_403
Leopold Trebitsch Memorial Tournament,0,0.0,114,1,pageviews_http_403
Les,0,0.0,32,4,pageviews_http_403
Les Corvées-les-Yys,0,0.0,372,1,pageviews_http_403
Les Gammas! Les Gammas!,0,0.0,2,0,pageviews_http_403
Les Girls,0,0.0,330,2,pageviews_http_403
"Les Maris, les Femmes, les Amants",0,0.0,17,0,pageviews_http_403
Les Palmes,0,0.0,4,1,pageviews_http_403
Les Palmes de M. Schutz,0,0.0,59,3,pageviews_http_403
Les Retrouvailles,0,0.0,27,0,pageviews_http_403
Lesley Garrett,0,0.0,211,3,pageviews_http_403
Leslie,0,0.0,35,1,pageviews_http_403
Leslie Douglas Jackson,0,0.0,57,1,pageviews_http_403
"Leslie Hale, Baron Hale",0,0.0,45,3,pageviews_http_403
Leslie Hendrix,0,0.0,90,0,pageviews_http_403
Leslie Winston,0,0.0,8,0,pageviews_http_403
Less Love,0,0.0,1,0,pageviews_http_403
Less Than Jake,0,0.0,596,32,pageviews_http_403
Less Than the Dust,0,0.0,30,0,pageviews_http_403
Lessa,0,0.0,6,1,pageviews_http_403
Lest We Forget,0,0.0,13,3,pageviews_http_403
Lest We Forget Project,0,0.0,6,0,pageviews_http_403
Lest We Remember,0,0.0,11,1,pageviews_http_403
Lest we forget,0,0.0,34,2,pageviews_http_403
Lester Piggott,0,0.0,662,4,pageviews_http_403
Let America Laugh,0,0.0,40,1,pageviews_http_403
Let Her Dance,0,0.0,18,0,pageviews_http_403
Let Her In,0,0.0,14,0,pageviews_http_403
Let It Go,0,0.0,1246,26,pageviews_http_403
Let It Go (Fe song),0,0.0,5,0,pageviews_http_403
Let It Go!,0,0.0,49,1,pageviews_http_403
Let It Rock,0,0.0,11,4,pageviews_http_403
Let It Rock!,0,0.0,3,1,pageviews_http_403
Let It Roll,0,0.0,9,3,pageviews_http_403
Let It Roll (Let It Rock),0,0.0,21,0,pageviews_http_403
Let Me,0,0.0,6,2,pageviews_http_403
Let Me Be,0,0.0,35,0,pageviews_http_403
Let Me Be Clear,0,0.0,26,0,pageviews_http_403
Let Me Be There,0,0.0,167,0,pageviews_http_403
Let Me Be There (album),0,0.0,129,1,pageviews_http_403
Let Me Clear My Throat,0,0.0,49,1,pageviews_http_403
Let Me Clear My Throat (album),0,0.0,10,1,pageviews_http_403
Let Me Love You,0,0.0,27,3,pageviews_http_403
Let Me Love You Tonight,0,0.0,26,0,pageviews_http_403
Let Me Love You for Tonight,0,0.0,18,1,pageviews_http_403
Let Oceans Lie,0,0.0,4,0,pageviews_http_403
Let Them Talk,0,0.0,8,4,pageviews_http_403
Let Them Talk (Hugh Laurie album),0,0.0,28,0,pageviews_http_403
Let Them Talk (film),0,0.0,41,1,pageviews_http_403
Let Them Talk (talk show),0,0.0,42,4,pageviews_http_403
Let You Love Me,0,0.0,102,2,pageviews_http_403
Let the Good Times Roll,0,0.0,19,5,pageviews_http_403
Let the Good Times Roll (Louis Jordan song),0,0.0,294,0,pageviews_http_403
Let the Good Times Roll (film),0,0.0,35,1,pageviews_http_403
Let the Sunshine,0,0.0,95,1,pageviews_http_403
Let's Fall to Pieces Together,0,0.0,118,0,pageviews_http_403
Let's Get Away,0,0.0,110,0,pageviews_http_403
Let's Get Away from It All,0,0.0,224,1,pageviews_http_403
Let's Get It,0,0.0,8,2,pageviews_http_403
Let's Groove,0,0.0,348,2,pageviews_http_403
Let's Just Stay Here,0,0.0,13,0,pageviews_http_403
Let's Not,0,0.0,26,0,pageviews_http_403
Let's Not (song),0,0.0,29,4,pageviews_http_403
Let's Not Be Alone Tonight,0,0.0,32,0,pageviews_http_403
Let's Not Play the Game,0,0.0,30,1,pageviews_http_403
Let's Play Post Office,0,0.0,10,0,pageviews_http_403
Let's Take the Long Way Around the World,0,0.0,88,0,pageviews_http_403
Let's Take the Long Way Home,0,0.0,9,0,pageviews_http_403
Levan Gruzinsky,0,0.0,4,0,pageviews_http_403
Level Five (film),0,0.0,29,0,pageviews_http_403
Levoberezhny (rural locality),0,0.0,2,0,pageviews_http_403
Lewis Ashenheim,0,0.0,5,1,pageviews_http_403
Lewis J. Rachmil,0,0.0,52,1,pageviews_http_403
Lexie Carver,0,0.0,180,5,pageviews_http_403
Leyden cheese,0,0.0,35,4,pageviews_http_403
"Leyden, Colorado",0,0.0,50,1,pageviews_http_403
Li Jiaxin,0,0.0,0,1,pageviews_http_403
Lia Williams,0,0.0,163,0,pageviews_http_403
Liam,0,0.0,253,1,pageviews_http_403
Liam (2000 film),0,0.0,96,0,pageviews_http_403
Liam (2018 film),0,0.0,5,0,pageviews_http_403
Liam Brady,0,0.0,584,0,pageviews_http_403
Liam Carroll,0,0.0,5,2,pageviews_http_403
Liam Carroll (hurler),0,0.0,27,0,pageviews_http_403
Liam McCarthy (hurler),0,0.0,73,0,pageviews_http_403
Liam O'Brien (hurler),0,0.0,255,1,pageviews_http_403
Liam Watson (hurler),0,0.0,51,0,pageviews_http_403
Liaquat Ali Khan,0,0.0,813,19,pageviews_http_403
Liberal Party of Canada,0,0.0,14925,24,pageviews_http_403
Lie (film),0,0.0,49,4,pageviews_http_403
Lie Lie Lie,0,0.0,14,2,pageviews_http_403
Lie Lover Lie,0,0.0,4,0,pageviews_http_403
Lieber,0,0.0,4,0,pageviews_http_403
Lieber Code,0,0.0,171,6,pageviews_http_403
Life After Hate,0,0.0,29,0,pageviews_http_403
Life Insurance Corporation,0,0.0,811,5,pageviews_http_403
Life Story,0,0.0,10,1,pageviews_http_403
Life Story (album),0,0.0,39,0,pageviews_http_403
Life Story (film),0,0.0,55,7,pageviews_http_403
Life imprisonment in England and Wales,0,0.0,556,20,pageviews_http_403
Life in Pieces,0,0.0,230,3,pageviews_http_403
Life in a Year,0,0.0,26,1,pageviews_http_403
Life insurance,0,0.0,2268,16,pageviews_http_403
Life of da Party,0,0.0,233,0,pageviews_http_403
Life of the Party (2018 film),0,0.0,69,0,pageviews_http_403
Life of the Party (Shawn Mendes song),0,0.0,76,0,pageviews_http_403
Life on a Stick,0,0.0,54,7,pageviews_http_403
Life's What You Make It,0,0.0,4,2,pageviews_http_403
Lifetime Supply,0,0.0,44,1,pageviews_http_403
Lifetime Supply of Guilt,0,0.0,7,0,pageviews_http_403
Lift (force),0,0.0,883,16,pageviews_http_403
Lifted,0,0.0,21,5,pageviews_http_403
Lifted (2010 film),0,0.0,31,2,pageviews_http_403
Light Years (band),0,0.0,19,3,pageviews_http_403
Light brown apple moth,0,0.0,58,20,pageviews_http_403
Light from Above,0,0.0,32,5,pageviews_http_403
Lighthouse (novel),0,0.0,9,1,pageviews_http_403
Lighthouse Point Lighthouse,0,0.0,4,0,pageviews_http_403
"Lighthouse Point, Florida",0,0.0,313,4,pageviews_http_403
Like Father,0,0.0,31,0,pageviews_http_403
"Like Father, Like Clown",0,0.0,153,3,pageviews_http_403
Like It Is (song),0,0.0,206,2,pageviews_http_403
Like It Like It,0,0.0,18,2,pageviews_http_403
Like It Like That,0,0.0,8,7,pageviews_http_403
Like There's No Tomorrow,0,0.0,8,1,pageviews_http_403
Like You Know It All,0,0.0,63,1,pageviews_http_403
Like You Mean It,0,0.0,1,1,pageviews_http_403
Lil Wayne albums discography,0,0.0,87,5,pageviews_http_403
Lil Wayne singles discography,0,0.0,312,10,pageviews_http_403
Lilar,0,0.0,2,0,pageviews_http_403
Liliana Mumy,0,0.0,108,1,pageviews_http_403
Lilies of the Field (1963 film),0,0.0,239,0,pageviews_http_403
Lillian,0,0.0,24,2,pageviews_http_403
Lillian Heath,0,0.0,31,2,pageviews_http_403
Lillian Lawrence,0,0.0,42,0,pageviews_http_403
Lily Morris,0,0.0,30,0,pageviews_http_403
Lily of the valley,0,0.0,446,15,pageviews_http_403
Lily the Pink (song),0,0.0,94,4,pageviews_http_403
Limbo,0,0.0,742,18,pageviews_http_403
Limitations (novel),0,0.0,25,1,pageviews_http_403
Limited government,0,0.0,1385,2,pageviews_http_403
Limousine,0,0.0,1562,10,pageviews_http_403
Lincoln Highway,0,0.0,1171,23,pageviews_http_403
Lincoln Lewis,0,0.0,106,1,pageviews_http_403
Lincoln Memorial Reflecting Pool,0,0.0,466,2,pageviews_http_403
Linda Evans,0,0.0,302,2,pageviews_http_403
Linda Green,0,0.0,77,0,pageviews_http_403
Linda Linda Linda,0,0.0,61,3,pageviews_http_403
Linda V. Green,0,0.0,4,1,pageviews_http_403
Lindholm,0,0.0,10,1,pageviews_http_403
Lindholm Høje,0,0.0,152,1,pageviews_http_403
Lindisfarne Gospels,0,0.0,330,5,pageviews_http_403
Line (play),0,0.0,21,0,pageviews_http_403
Line isolation transformer,0,0.0,9,3,pageviews_http_403
Linebacker,0,0.0,15519,34,pageviews_http_403
Link (film),0,0.0,68,3,pageviews_http_403
Liomesus ovum,0,0.0,7,0,pageviews_http_403
Lion of Judah,0,0.0,302,2,pageviews_http_403
Lionel Bart,0,0.0,584,2,pageviews_http_403
Lips of an Angel,0,0.0,150,1,pageviews_http_403
Lisa Duffy,0,0.0,9,1,pageviews_http_403
Lisa Duffy (Home and Away),0,0.0,4,0,pageviews_http_403
Lisa Gerritsen,0,0.0,37,0,pageviews_http_403
Lisdexamfetamine,0,0.0,1849,25,pageviews_http_403
Lise Deharme,0,0.0,26,0,pageviews_http_403
List of 1924 Summer Olympics medal winners,0,0.0,112,0,pageviews_http_403
List of 1924 Winter Olympics medal winners,0,0.0,125,1,pageviews_http_403
List of 1960 Summer Olympics medal winners,0,0.0,108,0,pageviews_http_403
List of 1960 Winter Olympics medal winners,0,0.0,112,1,pageviews_http_403
List of 1964 Winter Olympics medal winners,0,0.0,116,1,pageviews_http_403
List of Angolans,0,0.0,105,3,pageviews_http_403
List of Animaniacs home video releases,0,0.0,2,0,pageviews_http_403
List of Archdeacons of Merioneth,0,0.0,84,10,pageviews_http_403
List of Arizona Diamondbacks seasons,0,0.0,157,2,pageviews_http_403
List of Baltimore Orioles no-hitters,0,0.0,260,1,pageviews_http_403
List of Best in Show winners of Crufts,0,0.0,128,2,pageviews_http_403
List of Bizaardvark episodes,0,0.0,45,0,pageviews_http_403
List of Black Clover chapters,0,0.0,26,0,pageviews_http_403
List of Black Clover episodes,0,0.0,43,0,pageviews_http_403
List of Boston Red Sox team records,0,0.0,341,4,pageviews_http_403
List of Bravest Warriors episodes,0,0.0,52,0,pageviews_http_403
List of British monarchy records,0,0.0,29,2,pageviews_http_403
List of Chuvashes,0,0.0,10,1,pageviews_http_403
List of Counting Cars episodes,0,0.0,26,2,pageviews_http_403
List of Courage the Cowardly Dog characters,0,0.0,137,50,pageviews_http_403
List of Dawson's Creek home video releases,0,0.0,15,1,pageviews_http_403
List of Dragon Award nominees,0,0.0,35,4,pageviews_http_403
List of DuckTales characters,0,0.0,257,43,pageviews_http_403
List of English words containing Q not followed by U,0,0.0,204,7,pageviews_http_403
List of Episodes episodes,0,0.0,20,3,pageviews_http_403
List of Friday the 13th characters,0,0.0,127,23,pageviews_http_403
List of Garfield home video releases,0,0.0,73,8,pageviews_http_403
List of Gold Glove Award winners at catcher,0,0.0,142,6,pageviews_http_403
List of Gold Glove Award winners at shortstop,0,0.0,148,6,pageviews_http_403
List of Goosebumps books,0,0.0,155,46,pageviews_http_403
List of Gossip Girl characters,0,0.0,175,23,pageviews_http_403
List of Haryana cricketers,0,0.0,86,3,pageviews_http_403
List of Homestuck characters,0,0.0,123,67,pageviews_http_403
List of Indianapolis 500 winners,0,0.0,450,7,pageviews_http_403
List of James Bond novels and short stories,0,0.0,353,9,pageviews_http_403
List of Jeopardy! contestants,0,0.0,293,41,pageviews_http_403
List of Jewish Nobel laureates,0,0.0,566,4,pageviews_http_403
List of Kyle XY characters,0,0.0,35,8,pageviews_http_403
List of Kyle XY episodes,0,0.0,48,27,pageviews_http_403
List of London Underground stations,0,0.0,552,11,pageviews_http_403
List of Major League Baseball career hit batsmen leaders,0,0.0,261,7,pageviews_http_403
List of Major League Baseball career hit by pitch leaders,0,0.0,173,3,pageviews_http_403
List of Major League Baseball retired numbers,0,0.0,837,5,pageviews_http_403
List of Motorcycle Hall of Fame inductees,0,0.0,18,0,pageviews_http_403
List of Mr. Robot episodes,0,0.0,181,15,pageviews_http_403
List of NCAA Division I men's basketball career assists leaders,0,0.0,68,0,pageviews_http_403
List of NCAA Division I men's basketball players with 12 or more 3-point field goals in a game,0,0.0,45,0,pageviews_http_403
List of NCAA Division I men's basketball players with 30 or more rebounds in a game,0,0.0,75,0,pageviews_http_403
List of NCAA Division I men's soccer career assists leaders,0,0.0,8,0,pageviews_http_403
List of NCAA Division I women's basketball career assists leaders,0,0.0,27,5,pageviews_http_403
List of NCAA major college football yearly passing leaders,0,0.0,190,4,pageviews_http_403
List of NCAA major college football yearly rushing leaders,0,0.0,132,2,pageviews_http_403
List of NCAA major college football yearly scoring leaders,0,0.0,126,0,pageviews_http_403
List of NCIS home video releases,0,0.0,176,1,pageviews_http_403
"List of NHL players with 1,000 points",0,0.0,244,4,pageviews_http_403
List of National Inventors Hall of Fame inductees,0,0.0,46,0,pageviews_http_403
List of New Jersey hurricanes,0,0.0,267,11,pageviews_http_403
List of New Mexico hurricanes,0,0.0,101,3,pageviews_http_403
List of New York hurricanes,0,0.0,212,5,pageviews_http_403
List of Nobel laureates,0,0.0,3506,28,pageviews_http_403
List of Nobel laureates in Chemistry,0,0.0,582,9,pageviews_http_403
List of OTO Award winners and nominees,0,0.0,42,2,pageviews_http_403
List of Olympic medal leaders in women's gymnastics,0,0.0,53,1,pageviews_http_403
List of Olympic venues in gymnastics,0,0.0,257,0,pageviews_http_403
List of One Day International cricket hat-tricks,0,0.0,218,8,pageviews_http_403
List of Power Rangers Jungle Fury characters,0,0.0,76,7,pageviews_http_403
List of Premier League hat-tricks,0,0.0,323,1,pageviews_http_403
List of Psych characters,0,0.0,96,22,pageviews_http_403
List of Rectify episodes,0,0.0,9,1,pageviews_http_403
List of San Antonio Spurs seasons,0,0.0,153,3,pageviews_http_403
List of Sanjay and Craig episodes,0,0.0,19,7,pageviews_http_403
List of Sea Patrol episodes,0,0.0,23,1,pageviews_http_403
List of Silver Slugger Award winners at second base,0,0.0,134,5,pageviews_http_403
List of Silver Slugger Award winners at third base,0,0.0,128,5,pageviews_http_403
List of Sonny with a Chance characters,0,0.0,43,21,pageviews_http_403
List of Soul Eater chapters,0,0.0,131,0,pageviews_http_403
List of Soviet aircraft losses during the Soviet–Afghan War,0,0.0,175,4,pageviews_http_403
List of Spring Baking Championship episodes,0,0.0,18,3,pageviews_http_403
List of St. Louis Cardinals no-hitters,0,0.0,322,1,pageviews_http_403
List of Sunderland A.F.C. seasons,0,0.0,332,1,pageviews_http_403
List of Swedish counties by life expectancy,0,0.0,311,0,pageviews_http_403
List of The Amazing World of Gumball characters,0,0.0,191,32,pageviews_http_403
List of The Queen's Nose episodes,0,0.0,3,1,pageviews_http_403
List of The Thundermans characters,0,0.0,62,2,pageviews_http_403
List of The Thundermans episodes,0,0.0,100,8,pageviews_http_403
List of The Waltons episodes,0,0.0,194,15,pageviews_http_403
List of U.S. cities with significant Chinese-American populations,0,0.0,153,6,pageviews_http_403
List of U.S. cities with significant Korean American populations,0,0.0,38,3,pageviews_http_403
List of U.S. counties with longest life expectancy,0,0.0,221,2,pageviews_http_403
List of U.S. counties with shortest life expectancy,0,0.0,214,1,pageviews_http_403
List of United States Army campaigns during World War II,0,0.0,93,2,pageviews_http_403
List of United States divisions during World War II,0,0.0,16,2,pageviews_http_403
List of VeggieTales characters,0,0.0,242,28,pageviews_http_403
List of West Bromwich Albion F.C. seasons,0,0.0,311,8,pageviews_http_403
List of Wow! Wow! Wubbzy! episodes,0,0.0,105,9,pageviews_http_403
List of Young Dracula episodes,0,0.0,261,1,pageviews_http_403
List of assigned /8 IPv4 address blocks,0,0.0,37,3,pageviews_http_403
List of awards and nominations received by Kelly Rowland,0,0.0,63,1,pageviews_http_403
List of awards and nominations received by Priyanka Chopra,0,0.0,117,8,pageviews_http_403
List of awards and nominations received by R. Kelly,0,0.0,166,1,pageviews_http_403
List of ballparks in New York City,0,0.0,1,0,pageviews_http_403
List of bats,0,0.0,15,0,pageviews_http_403
List of bats of Australia,0,0.0,17,1,pageviews_http_403
List of bowlers who have taken 300 or more wickets in One Day International cricket,0,0.0,137,2,pageviews_http_403
List of bowlers who have taken 300 or more wickets in Test cricket,0,0.0,220,1,pageviews_http_403
List of busiest London Underground stations,0,0.0,41,1,pageviews_http_403
List of busiest London Underground stations (2019),0,0.0,7,0,pageviews_http_403
List of busiest London Underground stations (2020),0,0.0,6,0,pageviews_http_403
List of busiest London Underground stations (2021),0,0.0,4,0,pageviews_http_403
List of canonised popes,0,0.0,475,8,pageviews_http_403
List of colleges and universities in Maryland,0,0.0,176,3,pageviews_http_403
List of colleges and universities in Pennsylvania,0,0.0,121,6,pageviews_http_403
List of countries by bauxite production,0,0.0,61,0,pageviews_http_403
List of countries by steel production,0,0.0,326,3,pageviews_http_403
List of countries by wheat production,0,0.0,160,2,pageviews_http_403
List of current NCAA Division I FBS football coaches,0,0.0,36,7,pageviews_http_403
List of current NCAA Division I FCS football coaches,0,0.0,15,1,pageviews_http_403
List of current NCAA Division I baseball coaches,0,0.0,213,0,pageviews_http_403
List of demolished hotels in New York City,0,0.0,2,0,pageviews_http_403
List of diplomatic missions in Atlanta,0,0.0,5,1,pageviews_http_403
List of diplomatic missions in Australia,0,0.0,273,5,pageviews_http_403
List of diplomatic missions in Niue,0,0.0,33,0,pageviews_http_403
"List of diplomatic missions in Washington, D.C.",0,0.0,250,13,pageviews_http_403
List of districts of Haryana,0,0.0,431,2,pageviews_http_403
List of eating utensils,0,0.0,311,10,pageviews_http_403
List of extreme points of Russia,0,0.0,448,2,pageviews_http_403
List of extreme points of the Netherlands,0,0.0,191,3,pageviews_http_403
List of extreme points of the United States,0,0.0,634,25,pageviews_http_403
List of federal judges appointed by James Buchanan,0,0.0,141,1,pageviews_http_403
List of federal judges appointed by John Tyler,0,0.0,133,0,pageviews_http_403
List of federal judges appointed by Millard Fillmore,0,0.0,102,2,pageviews_http_403
List of federal judges appointed by Richard Nixon,0,0.0,663,2,pageviews_http_403
List of federal judges appointed by Zachary Taylor,0,0.0,95,1,pageviews_http_403
List of fictional bats,0,0.0,100,0,pageviews_http_403
List of footballers with 500 or more goals,0,0.0,343,12,pageviews_http_403
List of fruit bats,0,0.0,38,0,pageviews_http_403
List of giant sequoia groves,0,0.0,67,3,pageviews_http_403
List of golfers with most Challenge Tour wins,0,0.0,291,1,pageviews_http_403
List of golfers with most LPGA Tour wins,0,0.0,317,1,pageviews_http_403
List of golfers with most PGA Tour Champions wins,0,0.0,303,3,pageviews_http_403
List of golfers with most PGA Tour wins,0,0.0,386,3,pageviews_http_403
List of governors of Haryana,0,0.0,525,3,pageviews_http_403
List of hotels in New York City,0,0.0,103,5,pageviews_http_403
List of infantry weapons in the American Revolution,0,0.0,84,2,pageviews_http_403
List of international river borders,0,0.0,21,2,pageviews_http_403
List of island municipalities in Florida,0,0.0,6,1,pageviews_http_403
List of largest banks in Latin America,0,0.0,15,0,pageviews_http_403
List of largest banks in North America,0,0.0,7,0,pageviews_http_403
List of lighthouses in Rhode Island,0,0.0,75,2,pageviews_http_403
List of mailing list software,0,0.0,23,0,pageviews_http_403
List of men's footballers with 50 or more international goals,0,0.0,364,9,pageviews_http_403
List of monarchies,0,0.0,142,1,pageviews_http_403
List of multilingual presidents of the United States,0,0.0,232,11,pageviews_http_403
List of municipalities in Rhode Island,0,0.0,231,8,pageviews_http_403
List of mythological objects (Hindu mythology),0,0.0,57,1,pageviews_http_403
List of newspapers in Australia,0,0.0,587,6,pageviews_http_403
List of newspapers in Rhode Island,0,0.0,192,5,pageviews_http_403
List of players with eight or more points in an NHL game,0,0.0,109,1,pageviews_http_403
List of players with five or more goals in an NHL game,0,0.0,197,4,pageviews_http_403
List of popes,0,0.0,2332,25,pageviews_http_403
List of popes (graphical),0,0.0,393,1,pageviews_http_403
List of pre-fame band departures,0,0.0,6,15,pageviews_http_403
List of recurring characters in The Suite Life on Deck,0,0.0,91,15,pageviews_http_403
List of religions and spiritual traditions,0,0.0,14978,12,pageviews_http_403
List of river borders of U.S. states,0,0.0,22,4,pageviews_http_403
List of scientific publications by Albert Einstein,0,0.0,281,7,pageviews_http_403
List of scientific publications by Jacques Cauvin,0,0.0,4,0,pageviews_http_403
List of ships called HMS Hood,0,0.0,13,0,pageviews_http_403
List of shipwrecks in the Great Lakes,0,0.0,349,324,pageviews_http_403
List of shipwrecks of the 1913 Great Lakes storm,0,0.0,31,1,pageviews_http_403
List of songs recorded by Guns N' Roses,0,0.0,131,2,pageviews_http_403
List of tallest buildings,0,0.0,1366,31,pageviews_http_403
List of tallest buildings in Miami,0,0.0,493,12,pageviews_http_403
List of tallest buildings in Nigeria,0,0.0,391,1,pageviews_http_403
"List of tallest buildings in Norfolk, Virginia",0,0.0,18,0,pageviews_http_403
"List of tallest buildings in Richmond, Virginia",0,0.0,162,0,pageviews_http_403
List of tallest buildings in Virginia,0,0.0,196,1,pageviews_http_403
"List of tallest buildings in Virginia Beach, Virginia",0,0.0,4,0,pageviews_http_403
List of tallest dams,0,0.0,640,3,pageviews_http_403
List of tallest dams in China,0,0.0,75,0,pageviews_http_403
List of tallest dams in Switzerland,0,0.0,11,0,pageviews_http_403
List of tallest dams in the United States,0,0.0,127,6,pageviews_http_403
List of tallest structures in the United States,0,0.0,506,7,pageviews_http_403
List of tehsils of Haryana,0,0.0,7,1,pageviews_http_403
List of the 72 names on the Eiffel Tower,0,0.0,175,6,pageviews_http_403
List of tripoints of U.S. states,0,0.0,33,66,pageviews_http_403
List of troglobites,0,0.0,238,5,pageviews_http_403
List of universities and colleges in Beijing,0,0.0,205,3,pageviews_http_403
List of universities and colleges in Hungary,0,0.0,504,6,pageviews_http_403
List of universities in England,0,0.0,350,17,pageviews_http_403
List of universities in Pakistan,0,0.0,339,22,pageviews_http_403
List of universities in Venezuela,0,0.0,72,0,pageviews_http_403
List of women's Test cricketers who have taken five wickets on debut,0,0.0,212,1,pageviews_http_403
Listen (Beyoncé song),0,0.0,674,3,pageviews_http_403
Listening,0,0.0,140,2,pageviews_http_403
Listening (film),0,0.0,35,1,pageviews_http_403
Lists of Padma Shri award recipients,0,0.0,1,0,pageviews_http_403
Lists of countries by debt,0,0.0,12,2,pageviews_http_403
Lists of countries by mineral production,0,0.0,182,20,pageviews_http_403
Lithium sulfide,0,0.0,388,2,pageviews_http_403
Little 'Tinker,0,0.0,155,1,pageviews_http_403
Little Bear,0,0.0,19,1,pageviews_http_403
Little Bear (TV series),0,0.0,410,1,pageviews_http_403
Little Big Shots (Australian TV series),0,0.0,26,0,pageviews_http_403
Little Boxes (film),0,0.0,25,0,pageviews_http_403
Little Boy Blue,0,0.0,68,1,pageviews_http_403
Little Boy Blue (TV series),0,0.0,64,0,pageviews_http_403
Little Boy Blue (novel),0,0.0,13,0,pageviews_http_403
Little Cloud,0,0.0,51,0,pageviews_http_403
Little Giants,0,0.0,427,1,pageviews_http_403
Little League World Series,0,0.0,980,5,pageviews_http_403
Little Malcolm,0,0.0,59,1,pageviews_http_403
Little Man (2006 film),0,0.0,224,0,pageviews_http_403
"Little People, Big Dreams",0,0.0,6,0,pageviews_http_403
Little Poll Parrot,0,0.0,10,1,pageviews_http_403
Little Richard (film),0,0.0,94,1,pageviews_http_403
Little Saint Roch River,0,0.0,393,2,pageviews_http_403
Little Voices (film),0,0.0,6,0,pageviews_http_403
"Little, Big",0,0.0,165,3,pageviews_http_403
Littoral Region (Cameroon),0,0.0,245,4,pageviews_http_403
Liu Ruyi,0,0.0,30,0,pageviews_http_403
Live (2014 film),0,0.0,26,0,pageviews_http_403
Live 2014,0,0.0,0,0,pageviews_http_403
Live Animals (film),0,0.0,4,1,pageviews_http_403
Live Fast Die Young,0,0.0,6,3,pageviews_http_403
"Live Fast, Die Fast",0,0.0,30,0,pageviews_http_403
"Live Fast, Die Young (film)",0,0.0,44,0,pageviews_http_403
"Live Fast, Die Young (song)",0,0.0,401,0,pageviews_http_403
"Live Fast, Love Hard, Die Young",0,0.0,35,0,pageviews_http_403
Live Free or Die,0,0.0,93,7,pageviews_http_403
Live Rails,0,0.0,42,0,pageviews_http_403
Live Show,0,0.0,237,1,pageviews_http_403
Live Show (film),0,0.0,57,0,pageviews_http_403
Live and Learn (Falling Skies),0,0.0,51,0,pageviews_http_403
Live at Montreal International Jazz Festival,0,0.0,47,0,pageviews_http_403
Live from Daryl's House,0,0.0,136,6,pageviews_http_403
Live in Concert,0,0.0,16,4,pageviews_http_403
"Live, Laugh, Love",0,0.0,23,1,pageviews_http_403
Liverpool,0,0.0,23829,30,pageviews_http_403
Livia,0,0.0,652,6,pageviews_http_403
Livia Altmann,0,0.0,48,0,pageviews_http_403
Livin' Thing,0,0.0,220,1,pageviews_http_403
Liz Findlay,0,0.0,21,2,pageviews_http_403
Lizzie (2018 film),0,0.0,45,1,pageviews_http_403
Llanelli RFC,0,0.0,921,2,pageviews_http_403
Loan servicing,0,0.0,75,6,pageviews_http_403
Loanword,0,0.0,2661,17,pageviews_http_403
Local Ad,0,0.0,243,3,pageviews_http_403
Locarno,0,0.0,1127,6,pageviews_http_403
Loch Ness,0,0.0,722,6,pageviews_http_403
Loch Ryan,0,0.0,199,3,pageviews_http_403
"Lock, Stock and Two Smoking Barrels",0,0.0,475,12,pageviews_http_403
Locked In (album),0,0.0,46,0,pageviews_http_403
Locked in,0,0.0,25,8,pageviews_http_403
Locked-in syndrome,0,0.0,381,7,pageviews_http_403
Lockheed SR-71 Blackbird,0,0.0,1998,38,pageviews_http_403
Locks Heath,0,0.0,59,1,pageviews_http_403
Locks Heath F.C.,0,0.0,37,4,pageviews_http_403
Lodge Bay,0,0.0,240,1,pageviews_http_403
Lodovico Giustini,0,0.0,31,0,pageviews_http_403
Logic as a Positive Science,0,0.0,9,1,pageviews_http_403
Lois Long,0,0.0,22,2,pageviews_http_403
Lois Long (mycologist),0,0.0,6,1,pageviews_http_403
Lollipop (Lil Wayne song),0,0.0,633,1,pageviews_http_403
London (1926 film),0,0.0,138,0,pageviews_http_403
London (2005 Indian film),0,0.0,95,2,pageviews_http_403
London Docklands,0,0.0,540,7,pageviews_http_403
London School of Economics,0,0.0,8566,29,pageviews_http_403
London Stansted Airport,0,0.0,1910,19,pageviews_http_403
London Victoria station,0,0.0,2220,13,pageviews_http_403
London bid for the 2012 Summer Olympics,0,0.0,188,5,pageviews_http_403
Lone Star (1952 film),0,0.0,95,0,pageviews_http_403
Lonely,0,0.0,33,6,pageviews_http_403
Lonely Alone,0,0.0,32,1,pageviews_http_403
Lonely Blue Boy (song),0,0.0,125,1,pageviews_http_403
Lonely Boy,0,0.0,5,1,pageviews_http_403
Lonely Boy (Andrew Gold song),0,0.0,48,0,pageviews_http_403
Lonely China Day,0,0.0,13,0,pageviews_http_403
Lonely Day,0,0.0,83,3,pageviews_http_403
Lonely Lakes,0,0.0,7,0,pageviews_http_403
Lonely Wives,0,0.0,30,2,pageviews_http_403
Long Ago,0,0.0,2,1,pageviews_http_403
Long Legged Woman Dressed in Black,0,0.0,22,1,pageviews_http_403
Long Shot (TV series),0,0.0,8,0,pageviews_http_403
Long Valley Caldera,0,0.0,138,6,pageviews_http_403
Long bone,0,0.0,280,3,pageviews_http_403
Long line,0,0.0,24,6,pageviews_http_403
Long service leave,0,0.0,326,1,pageviews_http_403
Long weekend,0,0.0,98,9,pageviews_http_403
Long-distance calling,0,0.0,307,16,pageviews_http_403
Long-legged buzzard,0,0.0,402,3,pageviews_http_403
Longing,0,0.0,22,3,pageviews_http_403
Longing (song),0,0.0,153,5,pageviews_http_403
Longing For,0,0.0,21,3,pageviews_http_403
Look (2007 film),0,0.0,51,0,pageviews_http_403
Look Around You,0,0.0,138,20,pageviews_http_403
Look Back,0,0.0,10,2,pageviews_http_403
Lookin' Out,0,0.0,18,0,pageviews_http_403
Lookin' Through the Windows,0,0.0,117,0,pageviews_http_403
Lookin' Through the Windows (song),0,0.0,70,2,pageviews_http_403
Lookin' for Love,0,0.0,128,2,pageviews_http_403
Lookin' for a Love,0,0.0,94,4,pageviews_http_403
Loon,0,0.0,982,12,pageviews_http_403
Loon (rapper),0,0.0,215,10,pageviews_http_403
Loop (1997 film),0,0.0,8,0,pageviews_http_403
Loop (1999 film),0,0.0,45,0,pageviews_http_403
Loop (2020 film),0,0.0,246,2,pageviews_http_403
Lord Black,0,0.0,1,2,pageviews_http_403
Lord Have Mercy,0,0.0,6,3,pageviews_http_403
Lord Have Mercy on the Working Man,0,0.0,61,0,pageviews_http_403
Lord Have Mercy!,0,0.0,25,0,pageviews_http_403
Lord River,0,0.0,2,0,pageviews_http_403
Lord Theobald Butler,0,0.0,17,1,pageviews_http_403
Lord of the River,0,0.0,1,4,pageviews_http_403
"Lord, I Hope This Day Is Good",0,0.0,90,1,pageviews_http_403
Loreley (Verbandsgemeinde),0,0.0,38,3,pageviews_http_403
Loreley (opera),0,0.0,44,0,pageviews_http_403
Lorena,0,0.0,16,1,pageviews_http_403
Lorena Corona Valdés,0,0.0,3,1,pageviews_http_403
Lorena Herrera,0,0.0,79,2,pageviews_http_403
Lorenzo James,0,0.0,3,0,pageviews_http_403
Lorenzo James Henrie,0,0.0,59,2,pageviews_http_403
Lorenzo Perilli,0,0.0,9,0,pageviews_http_403
Lorenzo Ruiz,0,0.0,1698,10,pageviews_http_403
Lori,0,0.0,32,2,pageviews_http_403
Lori Petty,0,0.0,199,0,pageviews_http_403
Lori Shannon,0,0.0,17,0,pageviews_http_403
Los Alamitos,0,0.0,9,1,pageviews_http_403
Los Alamitos Circle,0,0.0,170,4,pageviews_http_403
Los Alamitos Derby,0,0.0,86,1,pageviews_http_403
Los Angeles Dodgers,0,0.0,9140,20,pageviews_http_403
Los Angeles River,0,0.0,1163,16,pageviews_http_403
Los Van Van,0,0.0,150,5,pageviews_http_403
Losing Ground (book),0,0.0,124,4,pageviews_http_403
Losing It,0,0.0,11,1,pageviews_http_403
Losing It (book),0,0.0,5,0,pageviews_http_403
Losing It (song),0,0.0,35,1,pageviews_http_403
Losing You,0,0.0,7,2,pageviews_http_403
Loss,0,0.0,85,5,pageviews_http_403
Lost (1983 film),0,0.0,31,0,pageviews_http_403
Lost film,0,0.0,5993,8,pageviews_http_403
Lost in France,0,0.0,66,1,pageviews_http_403
Lost in Siberia,0,0.0,64,0,pageviews_http_403
Lost in the Barrens,0,0.0,54,2,pageviews_http_403
"Lost, mislaid, and abandoned property",0,0.0,208,15,pageviews_http_403
Lothar Windsperger,0,0.0,10,0,pageviews_http_403
Lothrop Stoddard,0,0.0,482,4,pageviews_http_403
Lotte's Gift,0,0.0,89,0,pageviews_http_403
Lottie Dod,0,0.0,685,2,pageviews_http_403
Lottum,0,0.0,25,0,pageviews_http_403
Lou Bega,0,0.0,389,5,pageviews_http_403
Louden Up Now,0,0.0,28,2,pageviews_http_403
Loudwater,0,0.0,5,1,pageviews_http_403
"Loudwater, Buckinghamshire",0,0.0,137,0,pageviews_http_403
Louie (given name),0,0.0,10,2,pageviews_http_403
Louie Freear,0,0.0,5,2,pageviews_http_403
Louis (comics),0,0.0,10,2,pageviews_http_403
Louis François Antoine Arbogast,0,0.0,46,4,pageviews_http_403
"Louis I, Duke of Nemours",0,0.0,85,1,pageviews_http_403
Louis II of Brieg,0,0.0,30,3,pageviews_http_403
"Louis II, Landgrave of Thuringia",0,0.0,27,1,pageviews_http_403
"Louis IV, Elector Palatine",0,0.0,69,5,pageviews_http_403
Louis Jordan,0,0.0,864,8,pageviews_http_403
Louis Joxe,0,0.0,192,0,pageviews_http_403
Louis Léopold Robert,0,0.0,63,4,pageviews_http_403
Louis McLane,0,0.0,525,1,pageviews_http_403
Louis O'Dea,0,0.0,100,1,pageviews_http_403
Louis Oosthuizen,0,0.0,572,3,pageviews_http_403
Louis Renault,0,0.0,12,2,pageviews_http_403
Louis Renault (industrialist),0,0.0,144,0,pageviews_http_403
Louis Renault (jurist),0,0.0,246,0,pageviews_http_403
Louis Riel (comics),0,0.0,301,1,pageviews_http_403
Louis-Léopold Boilly,0,0.0,188,7,pageviews_http_403
Louise Redknapp,0,0.0,305,10,pageviews_http_403
Louisiana Purchase Exposition,0,0.0,1510,21,pageviews_http_403
Love (2011 film),0,0.0,103,4,pageviews_http_403
Love (Disney song),0,0.0,163,1,pageviews_http_403
Love (TV series),0,0.0,538,4,pageviews_http_403
Love All,0,0.0,2,1,pageviews_http_403
Love All Serve All,0,0.0,19,1,pageviews_http_403
Love Boat (song),0,0.0,79,1,pageviews_http_403
Love Call,0,0.0,2,1,pageviews_http_403
Love Call (album),0,0.0,52,0,pageviews_http_403
Love Don't Cost a Thing (film),0,0.0,81,3,pageviews_http_403
Love Handles (game show),0,0.0,12,1,pageviews_http_403
Love Is Alive,0,0.0,1,1,pageviews_http_403
Love Is Alive (Gary Wright song),0,0.0,160,0,pageviews_http_403
Love Is Alive (Lea Michele song),0,0.0,30,0,pageviews_http_403
Love Is Alive (The Judds song),0,0.0,138,1,pageviews_http_403
Love Is All...,0,0.0,39,0,pageviews_http_403
Love Is Gonna Get You,0,0.0,2,2,pageviews_http_403
Love Is Gonna Get You (song),0,0.0,36,0,pageviews_http_403
Love Is Like Oxygen,0,0.0,74,1,pageviews_http_403
Love Is Like a Butterfly,0,0.0,133,2,pageviews_http_403
Love Is Love Is Love,0,0.0,58,0,pageviews_http_403
Love Letter (1953 film),0,0.0,31,1,pageviews_http_403
Love Letter (1985 film),0,0.0,33,1,pageviews_http_403
Love Letters (1942 film),0,0.0,51,1,pageviews_http_403
Love Marriage (1942 film),0,0.0,65,0,pageviews_http_403
Love Me (1942 film),0,0.0,44,2,pageviews_http_403
Love Me Do,0,0.0,483,2,pageviews_http_403
Love Me Like You Mean It,0,0.0,56,1,pageviews_http_403
Love Me Tonight,0,0.0,105,1,pageviews_http_403
"Love Me, I Love You",0,0.0,68,0,pageviews_http_403
"Love Me, Love Me Not (film)",0,0.0,11,0,pageviews_http_403
Love Nest,0,0.0,77,0,pageviews_http_403
Love O2O,0,0.0,6,2,pageviews_http_403
Love O2O (TV series),0,0.0,101,2,pageviews_http_403
Love O2O (film),0,0.0,19,1,pageviews_http_403
Love Shine a Light,0,0.0,570,5,pageviews_http_403
Love Song (2000 film),0,0.0,44,0,pageviews_http_403
Love Story (1942 film),0,0.0,76,1,pageviews_http_403
Love Story (1986 film),0,0.0,21,0,pageviews_http_403
Love Story (musical),0,0.0,38,1,pageviews_http_403
Love Story 2050,0,0.0,91,3,pageviews_http_403
Love Time (film),0,0.0,23,0,pageviews_http_403
Love Too Much,0,0.0,0,1,pageviews_http_403
Love Truly,0,0.0,37,0,pageviews_http_403
Love Will,0,0.0,5,1,pageviews_http_403
Love Will Conquer All,0,0.0,76,1,pageviews_http_403
Love Will Kill All,0,0.0,2,1,pageviews_http_403
Love Will...,0,0.0,67,2,pageviews_http_403
Love Won't Let Me,0,0.0,9,1,pageviews_http_403
Love Won't Let Me Wait,0,0.0,146,0,pageviews_http_403
Love Won't Wait,0,0.0,236,0,pageviews_http_403
Love You (film),0,0.0,17,0,pageviews_http_403
Love You I Do,0,0.0,194,0,pageviews_http_403
Love You Like That,0,0.0,14,1,pageviews_http_403
Love You Loktantra (film),0,0.0,13,0,pageviews_http_403
Love You More,0,0.0,13,2,pageviews_http_403
Love You More (EP),0,0.0,18,1,pageviews_http_403
Love You More (film),0,0.0,27,0,pageviews_http_403
Love You More and More,0,0.0,26,1,pageviews_http_403
Love You You,0,0.0,10,0,pageviews_http_403
Love handles,0,0.0,25,2,pageviews_http_403
Love in Magic,0,0.0,22,1,pageviews_http_403
Love in the City (1953 film),0,0.0,230,7,pageviews_http_403
Love is Not Enough,0,0.0,1,0,pageviews_http_403
Love letter,0,0.0,378,11,pageviews_http_403
Love magic,0,0.0,574,4,pageviews_http_403
Love of My Life (Sammy Kershaw song),0,0.0,47,0,pageviews_http_403
Love on a Branch Line (TV series),0,0.0,31,0,pageviews_http_403
Love's,0,0.0,554,15,pageviews_http_403
Love's Alright,0,0.0,52,0,pageviews_http_403
Love's Enduring Promise,0,0.0,43,0,pageviews_http_403
Love's Gonna Make It Alright,0,0.0,117,0,pageviews_http_403
"Love, Love, Love (Glee)",0,0.0,152,1,pageviews_http_403
Love... Is Like Dying,0,0.0,5,0,pageviews_http_403
Love/Hate (TV series),0,0.0,170,1,pageviews_http_403
Loveless,0,0.0,45,3,pageviews_http_403
Lovely,0,0.0,42,5,pageviews_http_403
Lovely (1979 film),0,0.0,10,1,pageviews_http_403
Lovely (2001 film),0,0.0,33,0,pageviews_http_403
Lovely (2012 film),0,0.0,40,0,pageviews_http_403
Lovely Rita (film),0,0.0,25,0,pageviews_http_403
Lovely Te Lovely,0,0.0,4,0,pageviews_http_403
Lovers (1983 film),0,0.0,63,0,pageviews_http_403
Lovesick (TV series),0,0.0,7,0,pageviews_http_403
Lovesick Blues,0,0.0,461,0,pageviews_http_403
Lovesick Electric,0,0.0,18,0,pageviews_http_403
Loving (novel),0,0.0,19,1,pageviews_http_403
Loving Day (novel),0,0.0,10,0,pageviews_http_403
Loving You,0,0.0,47,8,pageviews_http_403
Loving You Has Made Me Bananas,0,0.0,12,0,pageviews_http_403
Loving You Tonight,0,0.0,85,0,pageviews_http_403
Low Life (film),0,0.0,7,0,pageviews_http_403
Low-Life,0,0.0,132,4,pageviews_http_403
Lowery Glacier,0,0.0,43,10,pageviews_http_403
Lowther,0,0.0,22,1,pageviews_http_403
Lt. Dan Band,0,0.0,27,1,pageviews_http_403
Lucas Radebe,0,0.0,276,1,pageviews_http_403
Luces,0,0.0,35,0,pageviews_http_403
Luciano Vella,0,0.0,19,0,pageviews_http_403
Lucie,0,0.0,20,0,pageviews_http_403
Lucie Jones,0,0.0,580,5,pageviews_http_403
Lucille Carra,0,0.0,15,1,pageviews_http_403
Lucky (2012 Kannada film),0,0.0,23,1,pageviews_http_403
Lucky (2012 Telugu film),0,0.0,16,1,pageviews_http_403
Lucky Jokers,0,0.0,30,1,pageviews_http_403
Lucy Ewing,0,0.0,91,1,pageviews_http_403
Lucy Scott,0,0.0,13,0,pageviews_http_403
Lucy Scott-Moncrieff,0,0.0,9,1,pageviews_http_403
Lucy-Jo Hudson,0,0.0,81,0,pageviews_http_403
Ludwig,0,0.0,50,3,pageviews_http_403
Ludwig Biermann,0,0.0,43,3,pageviews_http_403
Ludwig Feuerbach,0,0.0,674,10,pageviews_http_403
Ludwig Leichhardt,0,0.0,338,2,pageviews_http_403
Ludwig Lichtschein,0,0.0,10,5,pageviews_http_403
Ludwig Prandtl,0,0.0,256,1,pageviews_http_403
Ludwig von Hagn,0,0.0,12,0,pageviews_http_403
Lue,0,0.0,17,4,pageviews_http_403
Lug,0,0.0,44,4,pageviews_http_403
Lug nut,0,0.0,151,5,pageviews_http_403
Lui,0,0.0,78,0,pageviews_http_403
Luis Guillermo Solís,0,0.0,228,3,pageviews_http_403
Luis Maldonado,0,0.0,6,2,pageviews_http_403
"Luis Maldonado (footballer, born 1985)",0,0.0,7,1,pageviews_http_403
"Luis Maldonado (footballer, born 1996)",0,0.0,3,1,pageviews_http_403
Luis Maldonado Venegas,0,0.0,12,0,pageviews_http_403
"Luis Padilla (footballer, born 1985)",0,0.0,14,0,pageviews_http_403
Luis Reece,0,0.0,71,0,pageviews_http_403
Luisa Fernanda,0,0.0,37,0,pageviews_http_403
Luka,0,0.0,28,4,pageviews_http_403
Luka Bloom,0,0.0,110,1,pageviews_http_403
Luka Glavas,0,0.0,32,2,pageviews_http_403
Luke Air Force Base,0,0.0,1445,10,pageviews_http_403
Luke Zimmerman,0,0.0,11,2,pageviews_http_403
Lukáš Bodeček,0,0.0,9,1,pageviews_http_403
Lukáš Greššák,0,0.0,33,1,pageviews_http_403
Lukáš Pauschek,0,0.0,57,1,pageviews_http_403
Lukáš Říha,0,0.0,6,1,pageviews_http_403
Lukáš Škrečko,0,0.0,5,1,pageviews_http_403
Lullaby,0,0.0,964,7,pageviews_http_403
Lulu (1918 film),0,0.0,176,0,pageviews_http_403
Lumley,0,0.0,8,1,pageviews_http_403
Lumsden,0,0.0,11,1,pageviews_http_403
Lunar south pole,0,0.0,369,2,pageviews_http_403
Lunch,0,0.0,938,9,pageviews_http_403
Luqman,0,0.0,437,2,pageviews_http_403
Luqman Hakim Shamsudin,0,0.0,141,1,pageviews_http_403
Lusaka Ceasefire Agreement,0,0.0,123,1,pageviews_http_403
Luv U,0,0.0,94,2,pageviews_http_403
Luxury tax,0,0.0,380,1,pageviews_http_403
Luxury tax (sports),0,0.0,42,1,pageviews_http_403
Lwala Hospital Kaberamaido,0,0.0,9,0,pageviews_http_403
Lymph,0,0.0,580,7,pageviews_http_403
Lymph capillary,0,0.0,82,4,pageviews_http_403
Lyn,0,0.0,20,2,pageviews_http_403
Lynn Cartwright,0,0.0,37,0,pageviews_http_403
Lynne Marie Stewart,0,0.0,121,1,pageviews_http_403
Lynne Stewart,0,0.0,80,5,pageviews_http_403
Lys,0,0.0,26,3,pageviews_http_403
Lys (department),0,0.0,100,2,pageviews_http_403
Lys (river),0,0.0,341,6,pageviews_http_403
Lys-N,0,0.0,5,1,pageviews_http_403
M (1951 film),0,0.0,101,2,pageviews_http_403
M Resort,0,0.0,219,1,pageviews_http_403
M'Liss (1918 film),0,0.0,87,0,pageviews_http_403
M*A*S*H (film),0,0.0,839,13,pageviews_http_403
M. Butterfly (film),0,0.0,154,1,pageviews_http_403
M. Karunanidhi,0,0.0,1561,17,pageviews_http_403
M. M. M. Najim,0,0.0,5,2,pageviews_http_403
M. Suryanarayan,0,0.0,13,0,pageviews_http_403
M/M,0,0.0,14,1,pageviews_http_403
M67,0,0.0,6,4,pageviews_http_403
M67 grenade,0,0.0,456,6,pageviews_http_403
M67 motorway,0,0.0,252,1,pageviews_http_403
MARAUDER,0,0.0,20,2,pageviews_http_403
MARTINI,0,0.0,16,1,pageviews_http_403
MEG,0,0.0,27,1,pageviews_http_403
MF Global,0,0.0,85,4,pageviews_http_403
MLS All-Star Game,0,0.0,1142,9,pageviews_http_403
MOSS,0,0.0,12,1,pageviews_http_403
MOST,0,0.0,13,1,pageviews_http_403
MOT test,0,0.0,161,5,pageviews_http_403
MS Viking Grace,0,0.0,44,4,pageviews_http_403
MV Akdeniz,0,0.0,39,1,pageviews_http_403
MV Fosdyke Trader,0,0.0,34,10,pageviews_http_403
MW (manga),0,0.0,156,0,pageviews_http_403
Ma Ying-jeou,0,0.0,1145,27,pageviews_http_403
Ma Yonglin,0,0.0,15,0,pageviews_http_403
Maari (film),0,0.0,125,2,pageviews_http_403
Maarten van Severen,0,0.0,16,0,pageviews_http_403
Mac,0,0.0,343,11,pageviews_http_403
Mac (film),0,0.0,99,1,pageviews_http_403
Mac Cairthinn mac Coelboth,0,0.0,20,2,pageviews_http_403
Mac-Mac,0,0.0,5,1,pageviews_http_403
Mac-Mac Falls,0,0.0,14,0,pageviews_http_403
MacGregor,0,0.0,7,2,pageviews_http_403
MacGregor Knox,0,0.0,37,1,pageviews_http_403
Macaulay,0,0.0,23,4,pageviews_http_403
Macclesfield,0,0.0,1774,6,pageviews_http_403
Macdonald,0,0.0,175,8,pageviews_http_403
Machines That Think,0,0.0,8,0,pageviews_http_403
Mackenzie,0,0.0,77,9,pageviews_http_403
Macky,0,0.0,1,0,pageviews_http_403
Macky Escalona,0,0.0,76,0,pageviews_http_403
Madame Baptiste,0,0.0,11,0,pageviews_http_403
Madame Defarge,0,0.0,76,6,pageviews_http_403
Made for Each Other (1971 film),0,0.0,37,1,pageviews_http_403
Made in Heaven (1987 film),0,0.0,89,1,pageviews_http_403
Madeira,0,0.0,6315,33,pageviews_http_403
Madeleine Gurdon,0,0.0,87,1,pageviews_http_403
Madeleine Shaw Lefevre,0,0.0,22,2,pageviews_http_403
Madelyn Dunham,0,0.0,391,4,pageviews_http_403
Madison station (South Dakota),0,0.0,13,1,pageviews_http_403
"Madison, South Dakota",0,0.0,332,3,pageviews_http_403
Madness (band),0,0.0,1270,20,pageviews_http_403
Mage,0,0.0,42,4,pageviews_http_403
Mage Knight,0,0.0,45,9,pageviews_http_403
Magi,0,0.0,837,8,pageviews_http_403
Magic (novel),0,0.0,72,1,pageviews_http_403
Magic (short story collection),0,0.0,55,3,pageviews_http_403
Magic for Beginners (short story collection),0,0.0,16,2,pageviews_http_403
Magic of Love,0,0.0,2,1,pageviews_http_403
Magic of Love (song),0,0.0,64,3,pageviews_http_403
Magica,0,0.0,10,1,pageviews_http_403
Magica (album),0,0.0,70,0,pageviews_http_403
Magical Drop,0,0.0,102,6,pageviews_http_403
Magnificent Seven (gymnastics),0,0.0,91,1,pageviews_http_403
Magnus Eriksson (ice hockey),0,0.0,14,1,pageviews_http_403
Magnus den store,0,0.0,49,0,pageviews_http_403
Maharaja Jitendra Narayan Medical College and Hospital,0,0.0,71,1,pageviews_http_403
Maharashtra,0,0.0,24611,34,pageviews_http_403
Mahdi,0,0.0,1688,19,pageviews_http_403
Mahendravarman (Varman dynasty),0,0.0,74,1,pageviews_http_403
Mahindra Gujarat Tractors Limited,0,0.0,43,2,pageviews_http_403
Mahindra Tractors,0,0.0,150,0,pageviews_http_403
Mahjong,0,0.0,1132,107,pageviews_http_403
Mahjong (film),0,0.0,34,2,pageviews_http_403
Mahō Shōjo o Wasurenai,0,0.0,3,0,pageviews_http_403
Mai Văn Hòa,0,0.0,121,1,pageviews_http_403
Mai Văn Phấn,0,0.0,10,1,pageviews_http_403
Maiden Lane,0,0.0,2,3,pageviews_http_403
Maiden Lane Transactions,0,0.0,27,4,pageviews_http_403
Mail order,0,0.0,1160,18,pageviews_http_403
Main,0,0.0,309,4,pageviews_http_403
Main Aur Charles,0,0.0,38,0,pageviews_http_403
Main Aur Mr. Riight,0,0.0,18,0,pageviews_http_403
Main sequence,0,0.0,3290,14,pageviews_http_403
Maine East High School,0,0.0,171,3,pageviews_http_403
Maisel's Indian Trading Post,0,0.0,14,0,pageviews_http_403
Maisie,0,0.0,26,2,pageviews_http_403
Maisie Raine,0,0.0,54,0,pageviews_http_403
Maisie Ravier,0,0.0,40,1,pageviews_http_403
Maiwa's Revenge,0,0.0,91,0,pageviews_http_403
Major League Baseball Most Valuable Player Award,0,0.0,2844,23,pageviews_http_403
Major League II,0,0.0,327,4,pageviews_http_403
Make It Like It Was,0,0.0,21,0,pageviews_http_403
Make Me Feel (Janelle Monáe song),0,0.0,86,1,pageviews_http_403
Make a Secret,0,0.0,62,1,pageviews_http_403
Make a Wish,0,0.0,19,5,pageviews_http_403
Make a Wish (1937 film),0,0.0,103,0,pageviews_http_403
Make a Wish (2006 film),0,0.0,13,0,pageviews_http_403
Make a Wish (2011 film),0,0.0,8,1,pageviews_http_403
Make-A-Wish Foundation,0,0.0,820,13,pageviews_http_403
Makeover,0,0.0,188,6,pageviews_http_403
Makeover (Glee),0,0.0,152,0,pageviews_http_403
Maker Maker,0,0.0,6,1,pageviews_http_403
Makers (album),0,0.0,15,0,pageviews_http_403
Makers (novel),0,0.0,36,1,pageviews_http_403
Making Angels,0,0.0,129,0,pageviews_http_403
Making It,0,0.0,5,5,pageviews_http_403
Making It (film),0,0.0,60,2,pageviews_http_403
Making It Australia,0,0.0,13,3,pageviews_http_403
Malcolm Laing,0,0.0,51,0,pageviews_http_403
Malcolm Morley,0,0.0,26,1,pageviews_http_403
Malcolm Orme Little,0,0.0,24,0,pageviews_http_403
Malcolm Sargent,0,0.0,607,4,pageviews_http_403
Malcolm Webster (murderer),0,0.0,21,1,pageviews_http_403
Malcolm Williamson,0,0.0,240,0,pageviews_http_403
Malibu,0,0.0,140,3,pageviews_http_403
Malibu (rum),0,0.0,727,3,pageviews_http_403
Malicious,0,0.0,20,3,pageviews_http_403
Malicious (1973 film),0,0.0,44,1,pageviews_http_403
Malicious (1995 film),0,0.0,22,1,pageviews_http_403
Malicious (2018 film),0,0.0,14,0,pageviews_http_403
Malicious prosecution,0,0.0,354,2,pageviews_http_403
Malte,0,0.0,16,2,pageviews_http_403
Malte-Brun,0,0.0,2,2,pageviews_http_403
Mama and papa,0,0.0,67,2,pageviews_http_403
Mamba (roller coaster),0,0.0,43,1,pageviews_http_403
Mami Kawada,0,0.0,238,6,pageviews_http_403
Man Friday (film),0,0.0,85,1,pageviews_http_403
Man I Hate Your Band,0,0.0,16,0,pageviews_http_403
Man Without a Gun,0,0.0,70,0,pageviews_http_403
Man You Love to Hate – Live,0,0.0,43,5,pageviews_http_403
Man in the Moon,0,0.0,328,6,pageviews_http_403
Man of the World,0,0.0,16,1,pageviews_http_403
Man of the World (song),0,0.0,239,10,pageviews_http_403
Man of the Year (1995 film),0,0.0,26,0,pageviews_http_403
Man of the Year (2006 film),0,0.0,142,4,pageviews_http_403
Man's Best Friend (1993 film),0,0.0,54,1,pageviews_http_403
Man's best friend,0,0.0,129,3,pageviews_http_403
Manamboor Rajan Babu,0,0.0,5,0,pageviews_http_403
Manatee conservation,0,0.0,181,4,pageviews_http_403
Manchester City F.C. league record by opponent,0,0.0,164,0,pageviews_http_403
Manchester United F.C. league record by opponent,0,0.0,165,3,pageviews_http_403
Mandatory Oil Import Quota Program,0,0.0,8,0,pageviews_http_403
Mandatory sign,0,0.0,186,0,pageviews_http_403
Mandira,0,0.0,7,1,pageviews_http_403
Mandira (film),0,0.0,25,1,pageviews_http_403
Mandira Bedi,0,0.0,178,1,pageviews_http_403
Manfred Mann,0,0.0,672,4,pageviews_http_403
Manga,0,0.0,61268,19,pageviews_http_403
Manga Erotics F,0,0.0,25,2,pageviews_http_403
Manga outside Japan,0,0.0,233,4,pageviews_http_403
"Manga, Burkina Faso",0,0.0,24,0,pageviews_http_403
Mange Makers,0,0.0,14,2,pageviews_http_403
Manhattan (Once Upon a Time),0,0.0,183,0,pageviews_http_403
Manila,0,0.0,18383,49,pageviews_http_403
Manila (horse),0,0.0,53,0,pageviews_http_403
Manila Light Rail Transit System,0,0.0,1046,5,pageviews_http_403
Manmadhudu,0,0.0,147,1,pageviews_http_403
Mann gegen Mann,0,0.0,82,2,pageviews_http_403
Manna,0,0.0,561,5,pageviews_http_403
Mannequin (1926 film),0,0.0,88,0,pageviews_http_403
Manon,0,0.0,723,1,pageviews_http_403
Manon (artist),0,0.0,15,2,pageviews_http_403
Manprit Sarkaria,0,0.0,73,0,pageviews_http_403
Mansbridge One on One,0,0.0,20,1,pageviews_http_403
Mansour Ojjeh,0,0.0,267,0,pageviews_http_403
Mant,0,0.0,346,0,pageviews_http_403
Mant Khas,0,0.0,66,0,pageviews_http_403
Manthan,0,0.0,141,1,pageviews_http_403
Manthan Gowrelly,0,0.0,3,1,pageviews_http_403
Many Marriages,0,0.0,24,0,pageviews_http_403
Many Too Many,0,0.0,153,0,pageviews_http_403
Manzato,0,0.0,0,0,pageviews_http_403
Mao Anqing,0,0.0,79,1,pageviews_http_403
Marai,0,0.0,3,1,pageviews_http_403
Marauder,0,0.0,46,7,pageviews_http_403
Marble (band),0,0.0,17,0,pageviews_http_403
Marble Valley (band),0,0.0,44,0,pageviews_http_403
Marc (TV series),0,0.0,90,0,pageviews_http_403
Marc Hérold Gracien,0,0.0,11,2,pageviews_http_403
Marc Marc,0,0.0,4,0,pageviews_http_403
Marc Santo,0,0.0,8,0,pageviews_http_403
Marc Santo-Roman,0,0.0,78,1,pageviews_http_403
Marc Warren (TV producer),0,0.0,11,0,pageviews_http_403
March of the Penguins,0,0.0,454,19,pageviews_http_403
Marchant,0,0.0,14,0,pageviews_http_403
Marco Ameglio,0,0.0,5,1,pageviews_http_403
Marco Cornez,0,0.0,121,0,pageviews_http_403
Marco Dane,0,0.0,236,1,pageviews_http_403
Marcus Bentley,0,0.0,66,0,pageviews_http_403
Marcus Eriksson (ice hockey),0,0.0,4,0,pageviews_http_403
Mare Cognitum,0,0.0,235,4,pageviews_http_403
Margaret Brenman-Gibson,0,0.0,17,5,pageviews_http_403
Margaret Coit,0,0.0,131,2,pageviews_http_403
Marge,0,0.0,25,0,pageviews_http_403
Marge Gamer,0,0.0,71,1,pageviews_http_403
Margie's Candies,0,0.0,103,1,pageviews_http_403
Margin,0,0.0,39,4,pageviews_http_403
Marginal product of labor,0,0.0,50,5,pageviews_http_403
Margo,0,0.0,25,1,pageviews_http_403
Margo Hughes,0,0.0,71,2,pageviews_http_403
Margo McCaffery,0,0.0,15,0,pageviews_http_403
Margret Benedictsson,0,0.0,7,0,pageviews_http_403
Marguerita Dams,0,0.0,51,0,pageviews_http_403
Marguerita Padula,0,0.0,9,2,pageviews_http_403
Marguerita Spencer,0,0.0,10,0,pageviews_http_403
Marguerita Time,0,0.0,134,0,pageviews_http_403
Maria (Rodgers and Hammerstein song),0,0.0,138,3,pageviews_http_403
Maria My Darling,0,0.0,52,3,pageviews_http_403
Mariana,0,0.0,64,4,pageviews_http_403
Mariana Bracetti,0,0.0,180,1,pageviews_http_403
Mariana Vicente,0,0.0,81,2,pageviews_http_403
Marie (1985 film),0,0.0,70,2,pageviews_http_403
Marie (novel),0,0.0,95,0,pageviews_http_403
Marie Marie,0,0.0,68,0,pageviews_http_403
Marie Moralee,0,0.0,16,0,pageviews_http_403
"Marie of Orléans, Viscountess of Narbonne",0,0.0,20,6,pageviews_http_403
Marie of Romania,0,0.0,775,20,pageviews_http_403
Marie-Hélène,0,0.0,2,1,pageviews_http_403
Marie-Hélène Aubert,0,0.0,15,6,pageviews_http_403
Marie-Hélène Prémont,0,0.0,38,4,pageviews_http_403
Marilyn (given name),0,0.0,25,4,pageviews_http_403
Marilyn Ferguson,0,0.0,133,3,pageviews_http_403
Marilyn vos Savant,0,0.0,280,10,pageviews_http_403
Marina Baker,0,0.0,52,1,pageviews_http_403
Marina's Destiny,0,0.0,19,2,pageviews_http_403
Marinella &amp; Tolis Voskopoulos – Ego Ki' Esy,0,0.0,0,0,pageviews_http_403
Marino,0,0.0,31,1,pageviews_http_403
Marino Rahmberg,0,0.0,50,1,pageviews_http_403
Mario Bellizzi,0,0.0,15,0,pageviews_http_403
Mario Kart Wii,0,0.0,603,17,pageviews_http_403
Mario Talavera,0,0.0,12,0,pageviews_http_403
Mario Talavera (judoka),0,0.0,5,0,pageviews_http_403
Marion and Geoff,0,0.0,37,2,pageviews_http_403
Mariví Bilbao,0,0.0,36,1,pageviews_http_403
Mariví González,0,0.0,49,4,pageviews_http_403
Mariví Simó,0,0.0,6,1,pageviews_http_403
Mark 16,0,0.0,310,13,pageviews_http_403
Mark Hamill,0,0.0,1701,7,pageviews_http_403
Mark Inglis,0,0.0,52,1,pageviews_http_403
Mark J. Lewis,0,0.0,16,0,pageviews_http_403
Mark Johnson (announcer),0,0.0,12,0,pageviews_http_403
Mark Jonas,0,0.0,12,1,pageviews_http_403
Mark O'Brien,0,0.0,18,3,pageviews_http_403
Mark O'Brien (actor),0,0.0,183,0,pageviews_http_403
Mark Rothko,0,0.0,1109,16,pageviews_http_403
Mark Sloan (Grey's Anatomy),0,0.0,183,4,pageviews_http_403
Mark Smalley,0,0.0,19,1,pageviews_http_403
Mark Smeaton,0,0.0,49,2,pageviews_http_403
Mark's,0,0.0,81,10,pageviews_http_403
Mark's Stadium,0,0.0,31,0,pageviews_http_403
Marked for Death,0,0.0,108,0,pageviews_http_403
Marked for Murder,0,0.0,117,0,pageviews_http_403
Marketing assessments,0,0.0,7,1,pageviews_http_403
Marketing research,0,0.0,577,7,pageviews_http_403
Marketing research process,0,0.0,14,0,pageviews_http_403
Marko Vidović,0,0.0,58,1,pageviews_http_403
Marla (unit),0,0.0,24,1,pageviews_http_403
Marla Maples,0,0.0,332,6,pageviews_http_403
Marlena Evans,0,0.0,225,3,pageviews_http_403
Marlies,0,0.0,3,1,pageviews_http_403
Marlon,0,0.0,53,3,pageviews_http_403
Marlon (TV series),0,0.0,65,1,pageviews_http_403
Marlon Devonish,0,0.0,610,1,pageviews_http_403
Marmol,0,0.0,9,0,pageviews_http_403
Marnie,0,0.0,27,2,pageviews_http_403
Marnie Oursler,0,0.0,5,1,pageviews_http_403
Marnus Labuschagne,0,0.0,386,0,pageviews_http_403
Marot,0,0.0,12,1,pageviews_http_403
Marquis St. Evrémonde,0,0.0,42,2,pageviews_http_403
Marriage Play,0,0.0,27,0,pageviews_http_403
Marriage vows,0,0.0,313,5,pageviews_http_403
Marriages (1998 film),0,0.0,26,1,pageviews_http_403
Marriages (2001 film),0,0.0,20,1,pageviews_http_403
Marriages (band),0,0.0,13,0,pageviews_http_403
Married Women's Property Act,0,0.0,18,5,pageviews_http_403
Married Women's Property Act 1882,0,0.0,97,2,pageviews_http_403
Marriott,0,0.0,74,2,pageviews_http_403
Marriott Edgar,0,0.0,291,3,pageviews_http_403
Marry Me (short story collection),0,0.0,20,1,pageviews_http_403
Mars (1930 film),0,0.0,103,0,pageviews_http_403
Mars (1968 film),0,0.0,12,0,pageviews_http_403
Mars (2004 film),0,0.0,14,1,pageviews_http_403
Mars cycler,0,0.0,214,3,pageviews_http_403
Marsala,0,0.0,737,6,pageviews_http_403
Marschalk reaction,0,0.0,10,1,pageviews_http_403
Marshall Islands,0,0.0,8699,28,pageviews_http_403
Marshall Islands stick chart,0,0.0,581,3,pageviews_http_403
Marston,0,0.0,19,1,pageviews_http_403
Martand Singh,0,0.0,150,0,pageviews_http_403
Martand Sun Temple,0,0.0,149,0,pageviews_http_403
Marte Dam Tak,0,0.0,34,0,pageviews_http_403
Martin (play),0,0.0,3,1,pageviews_http_403
Martin Biron,0,0.0,156,3,pageviews_http_403
Martin Falter,0,0.0,7,1,pageviews_http_403
Martin Shapiro,0,0.0,3,1,pageviews_http_403
Martin Simonson,0,0.0,10,1,pageviews_http_403
Martin's,0,0.0,2,1,pageviews_http_403
Martin's Lie,0,0.0,36,0,pageviews_http_403
Martina Jäschke,0,0.0,69,1,pageviews_http_403
Marty Ingels,0,0.0,107,0,pageviews_http_403
Marty Marsala,0,0.0,16,0,pageviews_http_403
Martyn Liadov,0,0.0,15,3,pageviews_http_403
Martz,0,0.0,8,1,pageviews_http_403
Martín Tovar y Tovar,0,0.0,56,1,pageviews_http_403
Marvel vs. Capcom,0,0.0,775,14,pageviews_http_403
Marvell,0,0.0,15,1,pageviews_http_403
Marvell Academy,0,0.0,13,0,pageviews_http_403
Marvell Thomas,0,0.0,48,0,pageviews_http_403
Marvin Gaye (song),0,0.0,226,2,pageviews_http_403
Mary (2005 film),0,0.0,137,2,pageviews_http_403
Mary Alice Young,0,0.0,132,2,pageviews_http_403
"Mary Carey, Lady Carey",0,0.0,9,2,pageviews_http_403
Mary Goodhew,0,0.0,8,1,pageviews_http_403
Mary Jane,0,0.0,21,4,pageviews_http_403
Mary Jane Cain,0,0.0,20,3,pageviews_http_403
Mary Jane Croft,0,0.0,62,1,pageviews_http_403
Mary Mae Ward,0,0.0,131,0,pageviews_http_403
Mary Marston,0,0.0,29,1,pageviews_http_403
Mary Pierce,0,0.0,1691,2,pageviews_http_403
Mary Rose (play),0,0.0,40,0,pageviews_http_403
Mary Shaw (contralto),0,0.0,10,1,pageviews_http_403
"Mary Stocks, Baroness Stocks",0,0.0,60,6,pageviews_http_403
Mary Ward,0,0.0,38,2,pageviews_http_403
Mary Ward (nurse),0,0.0,8,2,pageviews_http_403
Mary Was the Marrying Kind,0,0.0,22,0,pageviews_http_403
Mary from the Dairy,0,0.0,5,1,pageviews_http_403
Mary in the Morning,0,0.0,18,0,pageviews_http_403
Mary's Ankle,0,0.0,60,0,pageviews_http_403
"Mary, Mary (film)",0,0.0,96,1,pageviews_http_403
Maryland v. West Virginia,0,0.0,51,2,pageviews_http_403
María Elena Holly,0,0.0,103,7,pageviews_http_403
María Elena Marqués,0,0.0,86,2,pageviews_http_403
María Milagros Charbonier,0,0.0,83,2,pageviews_http_403
María Milagros Véliz,0,0.0,93,1,pageviews_http_403
Masaharu Fukuyama,0,0.0,342,5,pageviews_http_403
Masahito,0,0.0,2,1,pageviews_http_403
Masahito Noto,0,0.0,13,0,pageviews_http_403
Masaru Arai,0,0.0,46,3,pageviews_http_403
Mascot,0,0.0,2890,17,pageviews_http_403
Mash-Up (Glee),0,0.0,193,0,pageviews_http_403
Masha and the Bear,0,0.0,258,18,pageviews_http_403
Masks (1920 film),0,0.0,7,0,pageviews_http_403
Masks (1929 film),0,0.0,37,2,pageviews_http_403
Masks (1987 film),0,0.0,79,1,pageviews_http_403
Mass (2004 film),0,0.0,117,6,pageviews_http_403
Mass of the Lord's Supper,0,0.0,327,0,pageviews_http_403
Master (1997 film),0,0.0,91,1,pageviews_http_403
Master Film (Poland),0,0.0,10,0,pageviews_http_403
Master X Master,0,0.0,64,0,pageviews_http_403
MasterChef India,0,0.0,140,1,pageviews_http_403
MasterChef India – Hindi,0,0.0,138,7,pageviews_http_403
Masterpiece (Mami Kawada song),0,0.0,59,0,pageviews_http_403
Masters Tournament,0,0.0,4212,18,pageviews_http_403
Mat Franco,0,0.0,253,0,pageviews_http_403
Mata (2006 film),0,0.0,34,0,pageviews_http_403
Mata mata,0,0.0,785,21,pageviews_http_403
Match,0,0.0,745,16,pageviews_http_403
Match Day II,0,0.0,33,3,pageviews_http_403
Match II,0,0.0,108,1,pageviews_http_403
Matchbox Twenty,0,0.0,827,12,pageviews_http_403
"Matchmaker, Matchmaker",0,0.0,29,0,pageviews_http_403
Mateo,0,0.0,37,3,pageviews_http_403
Mateo Pavlović,0,0.0,95,1,pageviews_http_403
Mates,0,0.0,10,0,pageviews_http_403
Mates (film),0,0.0,24,1,pageviews_http_403
Mathematics,0,0.0,60301,46,pageviews_http_403
"Mati, Davao Oriental",0,0.0,406,5,pageviews_http_403
"Matilda II, Countess of Nevers",0,0.0,25,4,pageviews_http_403
Matt Lucas,0,0.0,674,7,pageviews_http_403
Matt Moralee,0,0.0,5,0,pageviews_http_403
"Matt Moralee (footballer, born 1912)",0,0.0,5,1,pageviews_http_403
Matt Ryan (actor),0,0.0,134,0,pageviews_http_403
Matt Ryan (rower),0,0.0,35,1,pageviews_http_403
Matt Wachter,0,0.0,104,0,pageviews_http_403
Matteo,0,0.0,74,2,pageviews_http_403
Matteo Bottiglieri,0,0.0,12,0,pageviews_http_403
Matteo Martino,0,0.0,30,0,pageviews_http_403
Matteo Pivotto,0,0.0,16,1,pageviews_http_403
Matteo Poggi,0,0.0,66,0,pageviews_http_403
Matteo Trevisan,0,0.0,319,0,pageviews_http_403
Matthew Butson,0,0.0,9,2,pageviews_http_403
Matthew Labyorteaux,0,0.0,66,4,pageviews_http_403
Matthew Leitch,0,0.0,21,1,pageviews_http_403
Matthew McKay,0,0.0,8,3,pageviews_http_403
Matthew McKay (politician),0,0.0,11,0,pageviews_http_403
Matthew and the Mandarins,0,0.0,9,4,pageviews_http_403
Matthias Abele,0,0.0,11,1,pageviews_http_403
Matthias Mauritz,0,0.0,44,0,pageviews_http_403
Matthias de Zordo,0,0.0,113,1,pageviews_http_403
Mattia Cherubini,0,0.0,5,0,pageviews_http_403
Matty Blair,0,0.0,132,1,pageviews_http_403
Matviyenko,0,0.0,44,4,pageviews_http_403
Maud of Normandy,0,0.0,12,0,pageviews_http_403
Maulvi Liaquat Ali,0,0.0,14,1,pageviews_http_403
Maulvi Sher Ali,0,0.0,26,0,pageviews_http_403
Maungakiekie / One Tree Hill,0,0.0,249,5,pageviews_http_403
Maurice Boucher,0,0.0,311,2,pageviews_http_403
Maurice D. O'Connell,0,0.0,11,0,pageviews_http_403
Maurice D. Rosenberg,0,0.0,2,1,pageviews_http_403
Maurice Lamontagne,0,0.0,159,0,pageviews_http_403
Maurice Le Boucher,0,0.0,19,0,pageviews_http_403
Mauritz,0,0.0,5,0,pageviews_http_403
Mauritz Eriksson,0,0.0,61,0,pageviews_http_403
Mauá,0,0.0,467,3,pageviews_http_403
Maverick (roller coaster),0,0.0,270,3,pageviews_http_403
Max (2015 film),0,0.0,60,1,pageviews_http_403
Max (The X-Files),0,0.0,78,1,pageviews_http_403
Max (book series),0,0.0,4,0,pageviews_http_403
Max (children's book),0,0.0,8,0,pageviews_http_403
Max B,0,0.0,184,2,pageviews_http_403
Max Greenfield,0,0.0,249,0,pageviews_http_403
Max Q (film),0,0.0,20,0,pageviews_http_403
Max Schmeling (film),0,0.0,62,1,pageviews_http_403
Max Steel (film),0,0.0,68,0,pageviews_http_403
Max's Bar &amp; Grill,0,0.0,0,0,pageviews_http_403
Maximiano,0,0.0,2,1,pageviews_http_403
Maximiano Errázuriz,0,0.0,10,3,pageviews_http_403
Maximiano Valdés,0,0.0,25,1,pageviews_http_403
Maximiano de Sousa,0,0.0,24,2,pageviews_http_403
Maxwell Griffin,0,0.0,49,0,pageviews_http_403
May May Win,0,0.0,5,0,pageviews_http_403
Mayflower,0,0.0,1399,6,pageviews_http_403
Mayflower Steps,0,0.0,28,2,pageviews_http_403
Mayor of New York City,0,0.0,3020,20,pageviews_http_403
Maytime (1923 film),0,0.0,85,0,pageviews_http_403
Mayumi Iizuka,0,0.0,115,18,pageviews_http_403
"Mañana, Mañana",0,0.0,157,2,pageviews_http_403
McArthur,0,0.0,12,2,pageviews_http_403
McBurney's point,0,0.0,180,6,pageviews_http_403
McCaffery,0,0.0,7,0,pageviews_http_403
McCall,0,0.0,33,0,pageviews_http_403
McClellan–Palomar Airport,0,0.0,123,4,pageviews_http_403
McCrory,0,0.0,6,1,pageviews_http_403
McCrory Stores,0,0.0,341,6,pageviews_http_403
McDonald's,0,0.0,9215,90,pageviews_http_403
McDonald's Canada,0,0.0,264,7,pageviews_http_403
McGonagle,0,0.0,16,6,pageviews_http_403
McGruff the Crime Dog,0,0.0,121,13,pageviews_http_403
McKendree,0,0.0,4,2,pageviews_http_403
McKendree Bearcats,0,0.0,611,5,pageviews_http_403
McKendree Long,0,0.0,10,1,pageviews_http_403
McKendree cylinder,0,0.0,148,0,pageviews_http_403
McKnight,0,0.0,12,4,pageviews_http_403
McLane,0,0.0,14,1,pageviews_http_403
McLeod's Daughters,0,0.0,549,39,pageviews_http_403
McPherson,0,0.0,23,1,pageviews_http_403
McPherson Meade,0,0.0,11,0,pageviews_http_403
McWilliams,0,0.0,14,0,pageviews_http_403
Me Against the World,0,0.0,255,5,pageviews_http_403
Me and God,0,0.0,31,0,pageviews_http_403
Me and Juliet,0,0.0,233,2,pageviews_http_403
Me and You,0,0.0,47,15,pageviews_http_403
Me and You (film),0,0.0,51,2,pageviews_http_403
Meade,0,0.0,23,1,pageviews_http_403
Meade Instruments,0,0.0,89,1,pageviews_http_403
Meadowlark Lemon,0,0.0,594,2,pageviews_http_403
Meadowlark Ultralight Meadowlark,0,0.0,6,0,pageviews_http_403
Meatheads Burgers &amp; Fries,0,0.0,0,0,pageviews_http_403
Meatus,0,0.0,74,3,pageviews_http_403
Mechanical calculator,0,0.0,329,10,pageviews_http_403
Medea (play),0,0.0,805,3,pageviews_http_403
Media Access Project,0,0.0,39,2,pageviews_http_403
Media access unit,0,0.0,19,4,pageviews_http_403
Medial,0,0.0,55,5,pageviews_http_403
Medial meniscus,0,0.0,174,3,pageviews_http_403
Medical Center,0,0.0,51,5,pageviews_http_403
Medical Center of the Rockies,0,0.0,48,1,pageviews_http_403
Medical cannabis card,0,0.0,248,2,pageviews_http_403
Medical card,0,0.0,21,0,pageviews_http_403
Medicare Improvements for Patients and Providers Act of 2008,0,0.0,14,0,pageviews_http_403
Medicare for All Act,0,0.0,373,12,pageviews_http_403
"Medina County, County Commission",0,0.0,1,0,pageviews_http_403
Medium of instruction,0,0.0,352,6,pageviews_http_403
Meet the Fockers,0,0.0,238,11,pageviews_http_403
Meet the Neighbors,0,0.0,8,1,pageviews_http_403
Meet the Parents,0,0.0,356,5,pageviews_http_403
Meg,0,0.0,50,0,pageviews_http_403
Meg McCall,0,0.0,13,0,pageviews_http_403
Meg!,0,0.0,76,0,pageviews_http_403
Meghalaya Progressive Alliance,0,0.0,87,0,pageviews_http_403
Meilin,0,0.0,19,1,pageviews_http_403
Meilin Gray,0,0.0,2,0,pageviews_http_403
Mekong Delta,0,0.0,1482,11,pageviews_http_403
Mel Ott,0,0.0,1071,6,pageviews_http_403
Mela (1948 film),0,0.0,31,0,pageviews_http_403
Mela (1971 film),0,0.0,37,0,pageviews_http_403
Mela (1980 film),0,0.0,18,0,pageviews_http_403
Melani,0,0.0,4,1,pageviews_http_403
Melchior Hoffman,0,0.0,110,3,pageviews_http_403
Meleager,0,0.0,514,4,pageviews_http_403
Meleager (general),0,0.0,99,0,pageviews_http_403
Meleager (king),0,0.0,73,0,pageviews_http_403
Melinda Mullins,0,0.0,32,0,pageviews_http_403
Melinda and Melinda,0,0.0,165,3,pageviews_http_403
Melissa,0,0.0,472,2,pageviews_http_403
Melissa Benn,0,0.0,60,1,pageviews_http_403
Melissa Horton,0,0.0,159,3,pageviews_http_403
Mello Yello,0,0.0,419,0,pageviews_http_403
Mello Yello 200,0,0.0,2,0,pageviews_http_403
Melody,0,0.0,2216,16,pageviews_http_403
Melody Perkins,0,0.0,48,0,pageviews_http_403
Melora,0,0.0,9,1,pageviews_http_403
Melora Hardin,0,0.0,270,0,pageviews_http_403
Meltdown,0,0.0,71,10,pageviews_http_403
Meltdown (Woods book),0,0.0,12,1,pageviews_http_403
Melting Pot (song),0,0.0,33,0,pageviews_http_403
Melting pot,0,0.0,669,2,pageviews_http_403
Melvin A. Eggers,0,0.0,28,1,pageviews_http_403
Members of the 111th United States Congress,0,0.0,18,0,pageviews_http_403
Memoirs of a Geisha,0,0.0,104,7,pageviews_http_403
Memoirs of a Professional Cad,0,0.0,4,0,pageviews_http_403
Memorial Tournament,0,0.0,530,1,pageviews_http_403
Memories (1915 song),0,0.0,30,0,pageviews_http_403
Memories (1995 film),0,0.0,350,8,pageviews_http_403
Memories (2013 film),0,0.0,86,1,pageviews_http_403
Memories (Vamps song),0,0.0,27,0,pageviews_http_403
Memories (Weezer song),0,0.0,133,0,pageviews_http_403
Men Men Men,0,0.0,25,1,pageviews_http_403
Men and Women (play),0,0.0,16,0,pageviews_http_403
Men of Men,0,0.0,52,0,pageviews_http_403
Men of the World,0,0.0,27,0,pageviews_http_403
Meniscus,0,0.0,89,3,pageviews_http_403
Mental (2012 film),0,0.0,51,0,pageviews_http_403
Menu,0,0.0,346,13,pageviews_http_403
Menu (film),0,0.0,54,1,pageviews_http_403
Mera Joota Hai Japani,0,0.0,22,4,pageviews_http_403
Mera Naam Hai Mohabbat,0,0.0,120,2,pageviews_http_403
Mera Pati Sirf Mera Hai,0,0.0,54,0,pageviews_http_403
Mercer,0,0.0,46,1,pageviews_http_403
"Mercer Township, Mercer County, Illinois",0,0.0,49,0,pageviews_http_403
Mercy (2000 film),0,0.0,42,1,pageviews_http_403
Mercy (Duffy song),0,0.0,344,0,pageviews_http_403
Meredith Edwards,0,0.0,6,2,pageviews_http_403
Meredith Edwards (actor),0,0.0,96,0,pageviews_http_403
Meredith Edwards (singer),0,0.0,31,1,pageviews_http_403
Merit,0,0.0,68,3,pageviews_http_403
Merit good,0,0.0,67,2,pageviews_http_403
Merit system,0,0.0,209,1,pageviews_http_403
Merle Keagle,0,0.0,29,0,pageviews_http_403
Merlyn Dawson,0,0.0,17,0,pageviews_http_403
Merlyn Edwards,0,0.0,31,0,pageviews_http_403
Merlyn Lowther,0,0.0,6,0,pageviews_http_403
Merlyn Mantle,0,0.0,15,0,pageviews_http_403
Merrifieldia diwani,0,0.0,5,1,pageviews_http_403
Merrill's Marauders (film),0,0.0,76,0,pageviews_http_403
Merritt,0,0.0,15,1,pageviews_http_403
Merritt Patterson,0,0.0,35,0,pageviews_http_403
Merritt v Merritt,0,0.0,15,1,pageviews_http_403
Merry,0,0.0,22,1,pageviews_http_403
Merry Christmas Wherever You Are,0,0.0,61,0,pageviews_http_403
Merry Merry,0,0.0,96,0,pageviews_http_403
Merry Tales,0,0.0,114,0,pageviews_http_403
"Merry, Merry Christmas",0,0.0,74,5,pageviews_http_403
Merten Mauritz,0,0.0,14,0,pageviews_http_403
Mervyn Bunter,0,0.0,63,0,pageviews_http_403
Mesenteric arteries,0,0.0,28,4,pageviews_http_403
Mesenteric ganglion,0,0.0,4,3,pageviews_http_403
Mesenteric plexus,0,0.0,4,2,pageviews_http_403
Messa,0,0.0,5,1,pageviews_http_403
Messa (Puccini),0,0.0,91,4,pageviews_http_403
Messiah (English poem),0,0.0,27,0,pageviews_http_403
Messiah (Latin poem),0,0.0,80,0,pageviews_http_403
Messiah in Judaism,0,0.0,2141,31,pageviews_http_403
Messier 58,0,0.0,804,5,pageviews_http_403
Meta,0,0.0,411,4,pageviews_http_403
Meta (prefix),0,0.0,473,5,pageviews_http_403
Meta Department,0,0.0,682,3,pageviews_http_403
Meta-information,0,0.0,7,0,pageviews_http_403
Metal Conqueror Tour,0,0.0,110,0,pageviews_http_403
Metal Masters Tour,0,0.0,195,0,pageviews_http_403
Metal for Muthas Tour,0,0.0,303,0,pageviews_http_403
Metalocalypse,0,0.0,551,55,pageviews_http_403
Metre (poetry),0,0.0,1580,22,pageviews_http_403
Metrication,0,0.0,561,11,pageviews_http_403
Metrication in Ireland,0,0.0,33,0,pageviews_http_403
Metro (1997 film),0,0.0,72,0,pageviews_http_403
Metropolitan Railway steam locomotives,0,0.0,11,0,pageviews_http_403
Mexican Mafia,0,0.0,554,7,pageviews_http_403
Meyer Lutz,0,0.0,88,4,pageviews_http_403
Mi Mi Mi,0,0.0,33,0,pageviews_http_403
MiNT,0,0.0,49,8,pageviews_http_403
Miami University,0,0.0,3184,24,pageviews_http_403
"Miami-Dade County, Florida",0,0.0,3096,42,pageviews_http_403
Micah,0,0.0,168,8,pageviews_http_403
Micah Fowler,0,0.0,28,0,pageviews_http_403
Micah Wright,0,0.0,79,3,pageviews_http_403
Michael (1996 film),0,0.0,131,0,pageviews_http_403
Michael (2011 Indian film),0,0.0,72,2,pageviews_http_403
Michael Brand,0,0.0,6,2,pageviews_http_403
Michael Brand (politician),0,0.0,1481,1,pageviews_http_403
Michael Colley,0,0.0,16,2,pageviews_http_403
Michael Dulin,0,0.0,11,1,pageviews_http_403
Michael Fitzpatrick,0,0.0,25,5,pageviews_http_403
Michael Fitzpatrick (musician),0,0.0,71,0,pageviews_http_403
Michael Fitzpatrick (physician),0,0.0,67,0,pageviews_http_403
Michael Francis Gibson,0,0.0,11,1,pageviews_http_403
Michael Gibson,0,0.0,22,5,pageviews_http_403
Michael Gibson (soccer),0,0.0,44,1,pageviews_http_403
Michael Glaser,0,0.0,37,2,pageviews_http_403
Michael Guffey,0,0.0,5,1,pageviews_http_403
Michael Hutchence,0,0.0,585,4,pageviews_http_403
Michael Hutchings,0,0.0,11,3,pageviews_http_403
Michael Hutchings (chef),0,0.0,4,0,pageviews_http_403
Michael Hutchings (mathematician),0,0.0,18,1,pageviews_http_403
Michael I Apafi,0,0.0,68,4,pageviews_http_403
Michael II Apafi,0,0.0,17,1,pageviews_http_403
Michael Matsas,0,0.0,12,0,pageviews_http_403
Michael Scott Paper Company,0,0.0,251,3,pageviews_http_403
Michael Winkelman,0,0.0,29,3,pageviews_http_403
Michael Woolson,0,0.0,21,1,pageviews_http_403
Michał Szewczyk,0,0.0,1,1,pageviews_http_403
Michel Gill,0,0.0,66,1,pageviews_http_403
Michele Dotrice,0,0.0,113,1,pageviews_http_403
Michigan Civil Service Commission,0,0.0,43,0,pageviews_http_403
Michigan State Spartans football,0,0.0,2224,9,pageviews_http_403
Mickey (1918 film),0,0.0,37,0,pageviews_http_403
Mickey (2004 film),0,0.0,341,1,pageviews_http_403
Micky Dulin,0,0.0,12,0,pageviews_http_403
Microchip implant (animal),0,0.0,180,15,pageviews_http_403
Microphone,0,0.0,2387,47,pageviews_http_403
Microphone (film),0,0.0,31,0,pageviews_http_403
Middle of a Memory,0,0.0,38,2,pageviews_http_403
Middle of the Road (song),0,0.0,74,0,pageviews_http_403
Middle of the road,0,0.0,26,6,pageviews_http_403
Middleton,0,0.0,82,6,pageviews_http_403
"Middleton Hall, Middleton, Northumberland",0,0.0,0,0,pageviews_http_403
"Middleton Hall, Stoney Middleton",0,0.0,15,0,pageviews_http_403
Midland F1 Racing,0,0.0,350,6,pageviews_http_403
Midnight (1982 film),0,0.0,15,0,pageviews_http_403
Midnight (1998 film),0,0.0,59,1,pageviews_http_403
Midnight (Koontz novel),0,0.0,93,0,pageviews_http_403
Midnight (Wilson novel),0,0.0,61,1,pageviews_http_403
Midnight Court (film),0,0.0,23,0,pageviews_http_403
Midnight Life (film),0,0.0,67,0,pageviews_http_403
Midnight Taxi,0,0.0,0,0,pageviews_http_403
Midnight Taxi (1937 film),0,0.0,28,1,pageviews_http_403
Midnight Taxi (song),0,0.0,95,0,pageviews_http_403
Midnight at the Movies,0,0.0,15,0,pageviews_http_403
Midnight at the Oasis,0,0.0,87,1,pageviews_http_403
Mie Mie,0,0.0,33,5,pageviews_http_403
Migration Period,0,0.0,2989,42,pageviews_http_403
Mihnea,0,0.0,2,0,pageviews_http_403
Mihnea Chioveanu,0,0.0,28,0,pageviews_http_403
Mihnea Turcitul,0,0.0,42,2,pageviews_http_403
Mikael Blomkvist,0,0.0,53,0,pageviews_http_403
Mikael Eriksson,0,0.0,7,1,pageviews_http_403
Mikael Eriksson (ice hockey),0,0.0,3,0,pageviews_http_403
Mike Balson,0,0.0,9,2,pageviews_http_403
Mike Krzyzewski,0,0.0,1582,24,pageviews_http_403
Mike Lockwood Memorial Tournament,0,0.0,5,1,pageviews_http_403
Mike Tomlin,0,0.0,557,3,pageviews_http_403
Mike Torrez,0,0.0,463,1,pageviews_http_403
Mike Weir,0,0.0,586,1,pageviews_http_403
Mike and Bernie Winters,0,0.0,46,3,pageviews_http_403
Mikhail Mordkin,0,0.0,62,1,pageviews_http_403
Mikhail Petrusyov,0,0.0,12,1,pageviews_http_403
Mikhail Samarsky,0,0.0,6,0,pageviews_http_403
Mikhail Tyurin,0,0.0,90,1,pageviews_http_403
Mikkel Thorup,0,0.0,44,0,pageviews_http_403
Mikko Jokela,0,0.0,30,0,pageviews_http_403
Milan (1946 film),0,0.0,17,0,pageviews_http_403
Milan (1995 film),0,0.0,28,0,pageviews_http_403
Milan Balažic,0,0.0,11,2,pageviews_http_403
Mildred Roper,0,0.0,25,0,pageviews_http_403
Milestones (1916 film),0,0.0,72,0,pageviews_http_403
Miley Stewart,0,0.0,396,10,pageviews_http_403
Milinda Peiris,0,0.0,21,0,pageviews_http_403
Military Assistance Advisory Group,0,0.0,287,7,pageviews_http_403
Military history of New Zealand during World War I,0,0.0,221,2,pageviews_http_403
Military mascot,0,0.0,97,9,pageviews_http_403
Milky Chance,0,0.0,208,3,pageviews_http_403
Millennial (blog),0,0.0,9,0,pageviews_http_403
Millennial Rites,0,0.0,50,0,pageviews_http_403
Millennial Star,0,0.0,187,16,pageviews_http_403
Milli Vanilli,0,0.0,694,26,pageviews_http_403
Milli-,0,0.0,166,7,pageviews_http_403
Millicent Fenwick,0,0.0,155,3,pageviews_http_403
Millicent Martin,0,0.0,214,2,pageviews_http_403
Million Dollar Baby,0,0.0,962,10,pageviews_http_403
Million Dollar Baby (1941 film),0,0.0,94,0,pageviews_http_403
Million Seller Songs,0,0.0,148,0,pageviews_http_403
Millionaire Hot Seat,0,0.0,253,3,pageviews_http_403
Millions (band),0,0.0,10,0,pageviews_http_403
Millvina Dean,0,0.0,400,11,pageviews_http_403
Milton Keynes Dons F.C.,0,0.0,3244,14,pageviews_http_403
Milton Malsor,0,0.0,50,1,pageviews_http_403
Milutinović,0,0.0,7,2,pageviews_http_403
Mindless Self Indulgence,0,0.0,568,41,pageviews_http_403
Mine Safety and Health Administration,0,0.0,235,6,pageviews_http_403
Mining in Pakistan,0,0.0,448,7,pageviews_http_403
Minnale,0,0.0,159,1,pageviews_http_403
"Minneapolis, Kansas",0,0.0,123,2,pageviews_http_403
Minnesota (band),0,0.0,12,0,pageviews_http_403
Minoan Bull-leaper,0,0.0,365,1,pageviews_http_403
Minor,0,0.0,159,5,pageviews_http_403
Minor Details,0,0.0,18,0,pageviews_http_403
Minority Report (film),0,0.0,1050,18,pageviews_http_403
Mint,0,0.0,267,15,pageviews_http_403
Minty,0,0.0,4,1,pageviews_http_403
Minty Peterson,0,0.0,459,1,pageviews_http_403
Minutes,0,0.0,333,7,pageviews_http_403
Miracle of the White Suit,0,0.0,83,2,pageviews_http_403
Miracles (Jefferson Starship song),0,0.0,135,1,pageviews_http_403
Miracles Ain't What They Used To Be,0,0.0,75,0,pageviews_http_403
Miran Ogrin,0,0.0,5,0,pageviews_http_403
Miranda (TV series),0,0.0,216,2,pageviews_http_403
Miranda Cosgrove,0,0.0,675,10,pageviews_http_403
Mirjan Pavlović,0,0.0,42,1,pageviews_http_403
Mirko Pätzold,0,0.0,8,1,pageviews_http_403
Miroslav Milutinović,0,0.0,13,1,pageviews_http_403
Mirror Mirror (film),0,0.0,247,1,pageviews_http_403
Mirrors (Justin Timberlake song),0,0.0,374,1,pageviews_http_403
Mishael,0,0.0,19,2,pageviews_http_403
Mishael Cheshin,0,0.0,40,2,pageviews_http_403
Mishael Morgan,0,0.0,81,0,pageviews_http_403
Miss Freedom,0,0.0,527,1,pageviews_http_403
Miss Jackson,0,0.0,82,0,pageviews_http_403
Miss Kobayashi's Dragon Maid,0,0.0,283,10,pageviews_http_403
Miss You (1929 song),0,0.0,14,0,pageviews_http_403
Miss You (Aaliyah song),0,0.0,89,0,pageviews_http_403
Miss You Love,0,0.0,51,0,pageviews_http_403
Missing,0,0.0,148,19,pageviews_http_403
Missing You (Diana Ross song),0,0.0,218,0,pageviews_http_403
Mission Kashmir,0,0.0,145,1,pageviews_http_403
Mission San Francisco de Asís,0,0.0,635,9,pageviews_http_403
Mississippi County,0,0.0,5,2,pageviews_http_403
Missouri State University,0,0.0,1413,22,pageviews_http_403
Mist in the Valley,0,0.0,48,0,pageviews_http_403
Mistakes (Brian McFadden song),0,0.0,87,1,pageviews_http_403
Mistral (wind),0,0.0,216,3,pageviews_http_403
Mistry,0,0.0,10,1,pageviews_http_403
Mistry (surname),0,0.0,13,1,pageviews_http_403
Mitchell Fowles,0,0.0,6,0,pageviews_http_403
Mithridatism,0,0.0,108,1,pageviews_http_403
Mjölnir,0,0.0,1048,24,pageviews_http_403
Mnemic,0,0.0,93,1,pageviews_http_403
Moai,0,0.0,892,25,pageviews_http_403
Mobilization,0,0.0,1552,15,pageviews_http_403
Mockery (1927 film),0,0.0,47,0,pageviews_http_403
Mode series,0,0.0,10,0,pageviews_http_403
Model European Parliament,0,0.0,60,0,pageviews_http_403
Model Parliament,0,0.0,233,2,pageviews_http_403
Model Secondary School for the Deaf,0,0.0,176,3,pageviews_http_403
Model Town Humak,0,0.0,173,1,pageviews_http_403
Model parliament,0,0.0,41,2,pageviews_http_403
Model transformation,0,0.0,53,1,pageviews_http_403
Modern Slavery Act 2015,0,0.0,94,4,pageviews_http_403
Modern Vampires,0,0.0,36,0,pageviews_http_403
Modern Vampires of the City,0,0.0,247,8,pageviews_http_403
Modern synthesis (20th century),0,0.0,900,2,pageviews_http_403
Modou,0,0.0,1,0,pageviews_http_403
Modou Barrow,0,0.0,168,1,pageviews_http_403
Modou Dia,0,0.0,19,0,pageviews_http_403
Modou Sowe,0,0.0,26,0,pageviews_http_403
Moffitt,0,0.0,9,2,pageviews_http_403
Mogollon Baldy,0,0.0,130,2,pageviews_http_403
Mohamad Ali Mohamad,0,0.0,36,0,pageviews_http_403
Mohamad Fazli Mohamad Salleh,0,0.0,29,1,pageviews_http_403
Mohamad Korhani,0,0.0,32,3,pageviews_http_403
Mohammed Amine El Bourkadi,0,0.0,19,1,pageviews_http_403
Mohammed Amine Kabli,0,0.0,10,0,pageviews_http_403
Mohammed Amine Smaili,0,0.0,10,1,pageviews_http_403
Mohd Shamsudin Lias,0,0.0,19,1,pageviews_http_403
Mohd Sharkar Shamsudin,0,0.0,42,0,pageviews_http_403
Mohini,0,0.0,648,5,pageviews_http_403
Mohini 9886788888,0,0.0,63,0,pageviews_http_403
Mojmir I of Moravia,0,0.0,64,3,pageviews_http_403
Mojmir II of Moravia,0,0.0,48,4,pageviews_http_403
Molecular Koch's postulates,0,0.0,8,2,pageviews_http_403
Molissa Fenley,0,0.0,41,0,pageviews_http_403
Molly's Game,0,0.0,207,2,pageviews_http_403
Molon Labe (Falling Skies),0,0.0,29,0,pageviews_http_403
Molon labe,0,0.0,84,13,pageviews_http_403
Moloney,0,0.0,4,1,pageviews_http_403
"Mom, Don't Do That!",0,0.0,14,0,pageviews_http_403
Moment (film),0,0.0,14,1,pageviews_http_403
Moment to Moment (The Jazztet album),0,0.0,32,2,pageviews_http_403
Mommy Says No!,0,0.0,2,0,pageviews_http_403
Mon Mon Mon Monsters,0,0.0,30,1,pageviews_http_403
Monaghan,0,0.0,597,9,pageviews_http_403
Monaghan (surname),0,0.0,208,0,pageviews_http_403
"Monarch Glen, Queensland",0,0.0,73,0,pageviews_http_403
Monarch of the Glen,0,0.0,27,5,pageviews_http_403
Monarch of the Glen cast,0,0.0,6,1,pageviews_http_403
Moncure Robinson,0,0.0,30,0,pageviews_http_403
Monday (The X-Files),0,0.0,81,0,pageviews_http_403
Mondegreen,0,0.0,577,15,pageviews_http_403
Mondello,0,0.0,67,1,pageviews_http_403
Moneca Stori,0,0.0,26,2,pageviews_http_403
Money (1993 film),0,0.0,152,1,pageviews_http_403
Money (novel),0,0.0,71,1,pageviews_http_403
Money (play),0,0.0,87,0,pageviews_http_403
Money Run,0,0.0,10,0,pageviews_http_403
"Money, Money, Money",0,0.0,304,4,pageviews_http_403
"Money, Money, Money (film)",0,0.0,19,1,pageviews_http_403
Moneysupermarket.com,0,0.0,60,0,pageviews_http_403
Mongolian Revolution of 1921,0,0.0,598,6,pageviews_http_403
Mongolian horse,0,0.0,123,5,pageviews_http_403
Monica,0,0.0,87,6,pageviews_http_403
Monica (Monica and Friends),0,0.0,88,2,pageviews_http_403
Monica Rose,0,0.0,7,0,pageviews_http_403
Monkey (character),0,0.0,51,6,pageviews_http_403
Monkey Bar Games,0,0.0,68,0,pageviews_http_403
Monocular,0,0.0,125,0,pageviews_http_403
Monocular deprivation,0,0.0,58,0,pageviews_http_403
Monologue,0,0.0,994,10,pageviews_http_403
Monroe,0,0.0,83,12,pageviews_http_403
Monster,0,0.0,1550,7,pageviews_http_403
Monster (Lady Gaga song),0,0.0,193,3,pageviews_http_403
Monster (musician),0,0.0,32,4,pageviews_http_403
Monster Monster,0,0.0,27,3,pageviews_http_403
Mont Blanc,0,0.0,1492,8,pageviews_http_403
"Montana, Bulgaria",0,0.0,551,4,pageviews_http_403
Monte Carlo,0,0.0,3369,9,pageviews_http_403
Montenegro,0,0.0,30848,30,pageviews_http_403
Montenegro (surname),0,0.0,4,0,pageviews_http_403
Montreal Crystals,0,0.0,30,0,pageviews_http_403
Montreal International Jazz Festival,0,0.0,1040,11,pageviews_http_403
Montreal Jazz,0,0.0,72,1,pageviews_http_403
Mony Mony,0,0.0,346,2,pageviews_http_403
Mony Mony (album),0,0.0,36,0,pageviews_http_403
Moondram Pirai,0,0.0,306,4,pageviews_http_403
Mooru Guttu Ondu Sullu Ondu Nija,0,0.0,42,2,pageviews_http_403
Moran,0,0.0,36,1,pageviews_http_403
Moratorium to End the War in Vietnam,0,0.0,229,10,pageviews_http_403
Moravian slaves,0,0.0,89,2,pageviews_http_403
Morbidity and Mortality Weekly Report,0,0.0,237,54,pageviews_http_403
Morbidity and mortality,0,0.0,17,3,pageviews_http_403
Morbidity and mortality conference,0,0.0,28,1,pageviews_http_403
More (1998 film),0,0.0,38,1,pageviews_http_403
More or Less,0,0.0,4,3,pageviews_http_403
More than This,0,0.0,17,6,pageviews_http_403
More than This (One Direction song),0,0.0,111,3,pageviews_http_403
More with Less,0,0.0,103,2,pageviews_http_403
"More, More, More",0,0.0,170,2,pageviews_http_403
More-with-Less Cookbook,0,0.0,11,0,pageviews_http_403
Morgan Morgan,0,0.0,47,1,pageviews_http_403
Morning (magazine),0,0.0,206,6,pageviews_http_403
Morning Sun (film),0,0.0,154,2,pageviews_http_403
Morning of My Life,0,0.0,133,2,pageviews_http_403
Morning sun,0,0.0,9,3,pageviews_http_403
Morquio syndrome,0,0.0,175,20,pageviews_http_403
Morrow,0,0.0,18,1,pageviews_http_403
Morsam Fashions,0,0.0,8,0,pageviews_http_403
Mort Garson,0,0.0,173,8,pageviews_http_403
Mortal (novel),0,0.0,27,0,pageviews_http_403
Mortal Fear (Cook novel),0,0.0,34,0,pageviews_http_403
Mortal Love (novel),0,0.0,7,0,pageviews_http_403
Morten,0,0.0,25,0,pageviews_http_403
Morten Hampenberg &amp; Alexander Brown,0,0.0,0,0,pageviews_http_403
Morton Shulman,0,0.0,53,0,pageviews_http_403
Moses Kamya,0,0.0,3,0,pageviews_http_403
Moses Malone,0,0.0,1186,1,pageviews_http_403
Mosie Burton,0,0.0,12,0,pageviews_http_403
Mosie Lister,0,0.0,32,1,pageviews_http_403
Moss,0,0.0,4538,9,pageviews_http_403
Most,0,0.0,78,3,pageviews_http_403
Most (2003 film),0,0.0,19,0,pageviews_http_403
Most of Me,0,0.0,10,1,pageviews_http_403
"Most, Most, Most, Most",0,0.0,9,0,pageviews_http_403
Mother (1914 film),0,0.0,101,0,pageviews_http_403
Mother (1952 film),0,0.0,67,2,pageviews_http_403
Mother (1991 film),0,0.0,17,0,pageviews_http_403
Mother (1999 film),0,0.0,31,0,pageviews_http_403
Mother (short story),0,0.0,14,1,pageviews_http_403
Mother Mother (film),0,0.0,1,0,pageviews_http_403
Mother and Child,0,0.0,21,2,pageviews_http_403
Mother and Child (1934 film),0,0.0,63,0,pageviews_http_403
Mother and Child (2009 film),0,0.0,82,0,pageviews_http_403
Mother's Day,0,0.0,1684,16,pageviews_http_403
Mother's Day (1989 film),0,0.0,8,0,pageviews_http_403
Motherland (1927 film),0,0.0,34,0,pageviews_http_403
Motherland (2010 film),0,0.0,29,0,pageviews_http_403
Motherland (2015 film),0,0.0,9,2,pageviews_http_403
Motherland (2022 film),0,0.0,5,1,pageviews_http_403
Motherland (anthem),0,0.0,139,4,pageviews_http_403
Mothers (2010 film),0,0.0,44,1,pageviews_http_403
Motionless in White,0,0.0,479,13,pageviews_http_403
Moto,0,0.0,38,3,pageviews_http_403
Moto E4,0,0.0,141,9,pageviews_http_403
Moto Moto Museum,0,0.0,8,0,pageviews_http_403
Moto Z,0,0.0,156,11,pageviews_http_403
Motor (Australian magazine),0,0.0,82,0,pageviews_http_403
Motor Sport (magazine),0,0.0,1772,4,pageviews_http_403
Motor tax in the Republic of Ireland,0,0.0,9,3,pageviews_http_403
Mounds State Park,0,0.0,177,3,pageviews_http_403
Mount Cameroon,0,0.0,329,14,pageviews_http_403
Mount Cameroon speirops,0,0.0,33,5,pageviews_http_403
Mount Cameroon spurfowl,0,0.0,104,7,pageviews_http_403
Mount Etna,0,0.0,1638,13,pageviews_http_403
Mount Fizeau,0,0.0,37,0,pageviews_http_403
Mount Isa,0,0.0,882,13,pageviews_http_403
Mount Juliet,0,0.0,6,1,pageviews_http_403
Mount Konocti,0,0.0,66,1,pageviews_http_403
Mountain Dew,0,0.0,1538,21,pageviews_http_403
Mountain Lake (Virginia),0,0.0,50,6,pageviews_http_403
Mountain Meadows Massacre,0,0.0,564,11,pageviews_http_403
Mountain West Conference Football Championship Game,0,0.0,310,4,pageviews_http_403
Mountain film,0,0.0,542,3,pageviews_http_403
Mourning in the Morning,0,0.0,19,2,pageviews_http_403
Mouse (manga),0,0.0,237,5,pageviews_http_403
Mousterian Pluvial,0,0.0,93,1,pageviews_http_403
Movie 43,0,0.0,395,0,pageviews_http_403
Movies!,0,0.0,580,8,pageviews_http_403
Movies@,0,0.0,4,0,pageviews_http_403
Moving Day,0,0.0,14,3,pageviews_http_403
Moving Day (Quebec),0,0.0,22,3,pageviews_http_403
Moving Day (poetry collection),0,0.0,4,1,pageviews_http_403
Mpumi Nyandeni,0,0.0,116,2,pageviews_http_403
Mr Blobby,0,0.0,257,6,pageviews_http_403
Mr Blobby (song),0,0.0,47,1,pageviews_http_403
Mr and Mrs Andrews,0,0.0,111,2,pageviews_http_403
Mr. 3 Minutes,0,0.0,65,1,pageviews_http_403
Mr. Big (Sex and the City),0,0.0,79,4,pageviews_http_403
Mr. Children,0,0.0,354,11,pageviews_http_403
Mr. Edwards,0,0.0,69,1,pageviews_http_403
Mr. Misunderstood,0,0.0,175,8,pageviews_http_403
Mr. Nobody (film),0,0.0,370,2,pageviews_http_403
Mr. Noodle,0,0.0,57,13,pageviews_http_403
Mr. Personality,0,0.0,22,3,pageviews_http_403
Mr. Personality (song),0,0.0,10,0,pageviews_http_403
Mr. Robot,0,0.0,997,28,pageviews_http_403
Mr. and Mrs. Stewie,0,0.0,36,0,pageviews_http_403
Ms Grace,0,0.0,20,0,pageviews_http_403
Much Too Much,0,0.0,8,1,pageviews_http_403
Mudd,0,0.0,15,1,pageviews_http_403
Mughal Empire,0,0.0,11155,61,pageviews_http_403
Muhammad Ali,0,0.0,25550,65,pageviews_http_403
Muhammad Ali Luqman,0,0.0,59,1,pageviews_http_403
Muirgus mac Domnaill,0,0.0,9,0,pageviews_http_403
Mujeres y toros,0,0.0,6,0,pageviews_http_403
Muktar Shagari,0,0.0,83,0,pageviews_http_403
Mukteshwar,0,0.0,58,7,pageviews_http_403
Mukteshwar Mahadev Temple,0,0.0,10,3,pageviews_http_403
Mulligan,0,0.0,40,2,pageviews_http_403
Mullins,0,0.0,12,1,pageviews_http_403
Mullins (surname),0,0.0,12,0,pageviews_http_403
Multiple edges,0,0.0,33,4,pageviews_http_403
Multivibrator,0,0.0,144,6,pageviews_http_403
Mumbi Kwesele,0,0.0,7,0,pageviews_http_403
Mungo Jerry,0,0.0,485,8,pageviews_http_403
Muni (film series),0,0.0,24,0,pageviews_http_403
Muni (film),0,0.0,93,2,pageviews_http_403
Municipal charter,0,0.0,1142,6,pageviews_http_403
Munna Bhai M.B.B.S.,0,0.0,288,12,pageviews_http_403
Muon,0,0.0,873,14,pageviews_http_403
Muppets Most Wanted,0,0.0,404,6,pageviews_http_403
Muppets Most Wanted (soundtrack),0,0.0,197,0,pageviews_http_403
Muqaddar Ka Faisla,0,0.0,112,0,pageviews_http_403
Murder of Yvonne Fletcher,0,0.0,299,6,pageviews_http_403
"Murders of Chaney, Goodman, and Schwerner",0,0.0,1113,32,pageviews_http_403
Murphy's,0,0.0,7,1,pageviews_http_403
Murphy's Romance,0,0.0,102,0,pageviews_http_403
Murray Perahia,0,0.0,471,2,pageviews_http_403
Murray Smith,0,0.0,6,2,pageviews_http_403
Museo del Prado,0,0.0,2505,16,pageviews_http_403
Museum Secrets,0,0.0,22,3,pageviews_http_403
Music Man (company),0,0.0,276,5,pageviews_http_403
Music from McLeod's Daughters,0,0.0,17,1,pageviews_http_403
Musical (card game),0,0.0,155,1,pageviews_http_403
Musical Comedy Time,0,0.0,11,0,pageviews_http_403
Musical instrument classification,0,0.0,1293,11,pageviews_http_403
Mustafa,0,0.0,126,8,pageviews_http_403
Mustafa Barzani,0,0.0,255,10,pageviews_http_403
Mustafa Keçeli,0,0.0,15,1,pageviews_http_403
Mutanda,0,0.0,5,1,pageviews_http_403
Mutanda Kwesele,0,0.0,15,0,pageviews_http_403
"Mutanda, Zambia",0,0.0,7,0,pageviews_http_403
Mute (2005 film),0,0.0,7,0,pageviews_http_403
Mute (2018 film),0,0.0,65,5,pageviews_http_403
Mute (short story),0,0.0,32,0,pageviews_http_403
Mutthu Ondu Mutthu,0,0.0,9,0,pageviews_http_403
My Angel (2011 film),0,0.0,13,0,pageviews_http_403
My Angel My Hero,0,0.0,1,0,pageviews_http_403
My Baby Daddy,0,0.0,18,1,pageviews_http_403
My Baby Thinks He's a Train,0,0.0,45,0,pageviews_http_403
My Baby's Waiting,0,0.0,9,0,pageviews_http_403
My Boomerang Won't Come Back,0,0.0,20,0,pageviews_http_403
My Coke Rewards,0,0.0,276,7,pageviews_http_403
My Cousin Rachel (2017 film),0,0.0,72,0,pageviews_http_403
My Destiny (Malaysian TV series),0,0.0,74,0,pageviews_http_403
My Destiny (Philippine TV series),0,0.0,72,0,pageviews_http_403
My Ding-a-Ling,0,0.0,160,8,pageviews_http_403
My Forbidden Past,0,0.0,78,0,pageviews_http_403
My Friend,0,0.0,19,4,pageviews_http_403
My Friend Flicka,0,0.0,65,1,pageviews_http_403
My Grandmother Asked Me to Tell You She's Sorry,0,0.0,16,2,pageviews_http_403
My Guy,0,0.0,273,1,pageviews_http_403
My Heroes Have Always Been Cowboys,0,0.0,3,2,pageviews_http_403
My Heroes Have Always Been Cowboys (film),0,0.0,55,0,pageviews_http_403
My Heroes Have Always Been Cowboys (song),0,0.0,113,0,pageviews_http_403
My House,0,0.0,17,4,pageviews_http_403
My House (film),0,0.0,26,0,pageviews_http_403
My House My Castle,0,0.0,15,1,pageviews_http_403
"My Jun, My Style",0,0.0,8,0,pageviews_http_403
My Kinda Party,0,0.0,221,1,pageviews_http_403
My Kinda Party (song),0,0.0,101,0,pageviews_http_403
My Learned Friend,0,0.0,160,1,pageviews_http_403
My Life,0,0.0,59,6,pageviews_http_403
My Life (Clinton autobiography),0,0.0,399,4,pageviews_http_403
My Life (Mosley autobiography),0,0.0,544,2,pageviews_http_403
My Life (film),0,0.0,56,1,pageviews_http_403
My Life Next Door,0,0.0,3,0,pageviews_http_403
My Life Story,0,0.0,68,8,pageviews_http_403
My Life for Maria Isabella,0,0.0,66,1,pageviews_http_403
My Life in Film,0,0.0,20,1,pageviews_http_403
My Life/But You Know I Love You,0,0.0,64,0,pageviews_http_403
My Little Girl,0,0.0,20,2,pageviews_http_403
My Little Girl (disambiguation),0,0.0,0,0,pageviews_http_403
My Man (1928 film),0,0.0,390,1,pageviews_http_403
My Man (2014 film),0,0.0,158,1,pageviews_http_403
My Maria,0,0.0,165,0,pageviews_http_403
My Morning Jacket,0,0.0,669,8,pageviews_http_403
My Mother Said I Never Should,0,0.0,24,0,pageviews_http_403
My Name Is Jack,0,0.0,57,2,pageviews_http_403
My Name Is My Name,0,0.0,141,5,pageviews_http_403
My Old School,0,0.0,10,2,pageviews_http_403
My Old School (2013 film),0,0.0,2,0,pageviews_http_403
My Old School (2022 film),0,0.0,26,0,pageviews_http_403
My Old School (song),0,0.0,73,0,pageviews_http_403
My Past,0,0.0,96,0,pageviews_http_403
My Peoples,0,0.0,247,3,pageviews_http_403
My Pet Dinosaur,0,0.0,11,2,pageviews_http_403
My Pet Monster,0,0.0,378,1,pageviews_http_403
My Pet Warehouse,0,0.0,25,0,pageviews_http_403
My Queen,0,0.0,42,0,pageviews_http_403
My Sassy Girl,0,0.0,125,2,pageviews_http_403
My Sassy Girl (TV series),0,0.0,79,0,pageviews_http_403
"My Sister, My Sitter",0,0.0,103,5,pageviews_http_403
My Soul to Take,0,0.0,116,2,pageviews_http_403
My Story (Couillard book),0,0.0,64,3,pageviews_http_403
My Story (Minogue book),0,0.0,68,1,pageviews_http_403
My Style,0,0.0,54,0,pageviews_http_403
My Style (disambiguation),0,0.0,1,1,pageviews_http_403
My Wife Next Door,0,0.0,69,0,pageviews_http_403
MyPods and Boomsticks,0,0.0,107,6,pageviews_http_403
Myers,0,0.0,41,1,pageviews_http_403
Myers–Briggs Type Indicator,0,0.0,4099,76,pageviews_http_403
Mykola Bakay,0,0.0,227,0,pageviews_http_403
Myrtle Beach Air Force Base,0,0.0,437,5,pageviews_http_403
Mysore State,0,0.0,964,7,pageviews_http_403
Mysore State Railway,0,0.0,540,9,pageviews_http_403
Mystery (novel),0,0.0,24,0,pageviews_http_403
Mystery Date,0,0.0,49,0,pageviews_http_403
Mystery Date (Mad Men),0,0.0,100,0,pageviews_http_403
Mystery Date (disambiguation),0,0.0,2,0,pageviews_http_403
Mystery Date (game),0,0.0,274,0,pageviews_http_403
Mystery Man,0,0.0,5,1,pageviews_http_403
Mystery Man (film),0,0.0,132,1,pageviews_http_403
Myth Directions,0,0.0,13,0,pageviews_http_403
Mário Belarmino,0,0.0,25,3,pageviews_http_403
Münster rebellion,0,0.0,206,10,pageviews_http_403
N. R. Madhava Menon,0,0.0,330,6,pageviews_http_403
NAMES Project AIDS Memorial Quilt,0,0.0,707,9,pageviews_http_403
NBA Coach of the Year Award,0,0.0,488,0,pageviews_http_403
NBA Executive of the Year Award,0,0.0,232,0,pageviews_http_403
NCIS,0,0.0,150,3,pageviews_http_403
NED,0,0.0,62,3,pageviews_http_403
NES Play Action Football,0,0.0,29,1,pageviews_http_403
NHL uniform,0,0.0,312,9,pageviews_http_403
NRL Grand Final,0,0.0,480,4,pageviews_http_403
NaSHA,0,0.0,8,1,pageviews_http_403
"Nacogdoches, Texas",0,0.0,2043,6,pageviews_http_403
Nada (1974 film),0,0.0,92,0,pageviews_http_403
Nada Sōsō (film),0,0.0,38,2,pageviews_http_403
Nageswara Rao,0,0.0,7,4,pageviews_http_403
Najeh Davenport,0,0.0,146,0,pageviews_http_403
Najeh Humoud,0,0.0,78,1,pageviews_http_403
Najma (1943 film),0,0.0,36,0,pageviews_http_403
Naked Sun (film),0,0.0,21,2,pageviews_http_403
Nalla,0,0.0,26,0,pageviews_http_403
Nalla Thambi,0,0.0,201,0,pageviews_http_403
Namdaemun,0,0.0,185,16,pageviews_http_403
Name It and Frame It?,0,0.0,33,1,pageviews_http_403
Name of Toronto,0,0.0,229,18,pageviews_http_403
Nameless (1923 film),0,0.0,178,2,pageviews_http_403
Nanci Chambers,0,0.0,17,0,pageviews_http_403
Nanci Griffith,0,0.0,465,6,pageviews_http_403
Nancy Dow,0,0.0,44,1,pageviews_http_403
Nancy Mulligan,0,0.0,130,4,pageviews_http_403
Nancy Wesley,0,0.0,160,0,pageviews_http_403
Nandini,0,0.0,37,0,pageviews_http_403
Nandini Bhaktavatsala,0,0.0,96,0,pageviews_http_403
Nandini Muthuswamy,0,0.0,10,1,pageviews_http_403
Nandini Nimbkar,0,0.0,22,0,pageviews_http_403
Nandini Srikar,0,0.0,64,0,pageviews_http_403
Nap,0,0.0,311,3,pageviews_http_403
Nap Hand (play),0,0.0,40,0,pageviews_http_403
Nap hand,0,0.0,4,0,pageviews_http_403
Napa Valley Wine Train,0,0.0,147,5,pageviews_http_403
Narayan Narayan,0,0.0,7,1,pageviews_http_403
Narayana Rao,0,0.0,9,2,pageviews_http_403
Nasal cannula,0,0.0,249,4,pageviews_http_403
Nasha,0,0.0,8,1,pageviews_http_403
Nasrin,0,0.0,45,4,pageviews_http_403
Nasrin Sotoudeh,0,0.0,465,2,pageviews_http_403
Nat Wolff,0,0.0,258,3,pageviews_http_403
Natalia Kukulska,0,0.0,79,0,pageviews_http_403
Natalie,0,0.0,61,3,pageviews_http_403
Natalie (Natalie album),0,0.0,8,0,pageviews_http_403
Natalie Hall,0,0.0,52,0,pageviews_http_403
Natasha Melnick,0,0.0,37,0,pageviews_http_403
Nathalia Rakotondramanana,0,0.0,9,1,pageviews_http_403
Nathan Darrow,0,0.0,55,0,pageviews_http_403
Nathan for You,0,0.0,262,2,pageviews_http_403
Nathaniel B. Early,0,0.0,11,1,pageviews_http_403
Nathaniel Marston,0,0.0,43,0,pageviews_http_403
Nathuram Premi,0,0.0,72,0,pageviews_http_403
National Alliance,0,0.0,88,1,pageviews_http_403
National Alliance to End Homelessness,0,0.0,40,1,pageviews_http_403
National Amusements,0,0.0,679,5,pageviews_http_403
National Assessments Bureau,0,0.0,23,2,pageviews_http_403
National Association,0,0.0,27,1,pageviews_http_403
National Association for the Education of Young Children,0,0.0,120,13,pageviews_http_403
National Cherry Blossom Festival,0,0.0,172,1,pageviews_http_403
National Day of Commemoration,0,0.0,33,1,pageviews_http_403
National Development Council (India),0,0.0,28,0,pageviews_http_403
National Environmental Policy Act,0,0.0,784,11,pageviews_http_403
National Finals Rodeo,0,0.0,353,0,pageviews_http_403
National Football Museum,0,0.0,249,2,pageviews_http_403
National Healthcareer Association,0,0.0,19,1,pageviews_http_403
National Human Rights Commission (Nigeria),0,0.0,22,0,pageviews_http_403
National Human Rights Commission (Thailand),0,0.0,93,2,pageviews_http_403
National Hunt flat race,0,0.0,131,6,pageviews_http_403
National Hunt racing,0,0.0,1296,5,pageviews_http_403
National Ice Cream Month,0,0.0,138,2,pageviews_http_403
National Institutes of Health,0,0.0,8561,33,pageviews_http_403
National Inventors Hall of Fame,0,0.0,516,9,pageviews_http_403
National Museum of the Philippines,0,0.0,557,3,pageviews_http_403
National Open University of Nigeria,0,0.0,495,0,pageviews_http_403
National Resources Board of 1934,0,0.0,12,1,pageviews_http_403
National Science Day,0,0.0,48,0,pageviews_http_403
National Scrabble Association,0,0.0,21,0,pageviews_http_403
National Security Resources Board,0,0.0,156,1,pageviews_http_403
National Space Research and Development Agency,0,0.0,401,9,pageviews_http_403
National Water Resources Board,0,0.0,22,2,pageviews_http_403
"National World War I Memorial (Washington, D.C.)",0,0.0,293,6,pageviews_http_403
National pipe thread,0,0.0,180,9,pageviews_http_403
Nationwide Ceasefire Agreement,0,0.0,133,0,pageviews_http_403
Natural resources of India,0,0.0,72,5,pageviews_http_403
Nature versus nurture,0,0.0,1441,28,pageviews_http_403
Naughty Forty,0,0.0,51,1,pageviews_http_403
Naughty Naughty,0,0.0,9,4,pageviews_http_403
Nazrana (1987 film),0,0.0,28,0,pageviews_http_403
Near,0,0.0,33,3,pageviews_http_403
Near the Beginning,0,0.0,23,2,pageviews_http_403
Near the Cross,0,0.0,6,0,pageviews_http_403
Neary,0,0.0,5,0,pageviews_http_403
Necker,0,0.0,9,1,pageviews_http_403
Necker Nymph,0,0.0,1264,1,pageviews_http_403
Necker cube,0,0.0,250,5,pageviews_http_403
Necrosis,0,0.0,2164,21,pageviews_http_403
Ned (film),0,0.0,101,1,pageviews_http_403
Ned Kelly (1970 film),0,0.0,257,2,pageviews_http_403
Needham,0,0.0,15,2,pageviews_http_403
Neglected Aspects of Sufi Study,0,0.0,11,0,pageviews_http_403
Neglected diseases,0,0.0,16,1,pageviews_http_403
Neglected frog,0,0.0,11,2,pageviews_http_403
Negro Act of 1740,0,0.0,21,0,pageviews_http_403
Nehru Trophy Boat Race,0,0.0,408,2,pageviews_http_403
Neighbors (1920 film),0,0.0,151,0,pageviews_http_403
Neighbors (1981 film),0,0.0,76,0,pageviews_http_403
Neighbourhood,0,0.0,4560,19,pageviews_http_403
Neighbourhood (song),0,0.0,33,0,pageviews_http_403
Neighbourhood Threat,0,0.0,7,0,pageviews_http_403
Neil Cottrill,0,0.0,25,0,pageviews_http_403
Nekrasov,0,0.0,16,1,pageviews_http_403
Nell (film),0,0.0,176,2,pageviews_http_403
Nelson,0,0.0,198,6,pageviews_http_403
Nelson (1918 film),0,0.0,174,0,pageviews_http_403
Nelson (1926 film),0,0.0,52,0,pageviews_http_403
Nelson (cricket),0,0.0,193,1,pageviews_http_403
Nelson Agholor,0,0.0,366,3,pageviews_http_403
Nelson Semperena,0,0.0,7,0,pageviews_http_403
Nelson cricket team,0,0.0,139,0,pageviews_http_403
Nely,0,0.0,43,0,pageviews_http_403
Nely Carla Alberto,0,0.0,74,1,pageviews_http_403
Nely Galán,0,0.0,74,2,pageviews_http_403
Nely Miranda,0,0.0,104,2,pageviews_http_403
Nemesis (Grip Inc. album),0,0.0,14,0,pageviews_http_403
Nepotism (The Office),0,0.0,236,0,pageviews_http_403
Nerd,0,0.0,2367,26,pageviews_http_403
Nerve,0,0.0,1776,18,pageviews_http_403
Nerve (Francis novel),0,0.0,7,0,pageviews_http_403
Nerve (Ryan novel),0,0.0,10,0,pageviews_http_403
Netball,0,0.0,3762,9,pageviews_http_403
Nettles (surname),0,0.0,3,0,pageviews_http_403
Neuse River,0,0.0,313,0,pageviews_http_403
Neuse River Trail,0,0.0,13,1,pageviews_http_403
Neutral,0,0.0,10337,12,pageviews_http_403
Neutral stimulus,0,0.0,40,0,pageviews_http_403
Neutrality Acts of the 1930s,0,0.0,248,6,pageviews_http_403
Neutron bomb,0,0.0,379,14,pageviews_http_403
Neutrophil,0,0.0,1354,30,pageviews_http_403
Nevada,0,0.0,31058,53,pageviews_http_403
Nevada (Vicetone song),0,0.0,5,0,pageviews_http_403
Nevada (song),0,0.0,2,0,pageviews_http_403
"Nevada City, Nevada",0,0.0,38,0,pageviews_http_403
Never Be the Same,0,0.0,12,5,pageviews_http_403
Never Better,0,0.0,41,0,pageviews_http_403
Never Come Undone,0,0.0,16,0,pageviews_http_403
Never Felt Like This Before,0,0.0,14,0,pageviews_http_403
Never Forget (Lena Katina song),0,0.0,28,0,pageviews_http_403
Never Give Up,0,0.0,8,4,pageviews_http_403
Never Give Up (1978 film),0,0.0,48,1,pageviews_http_403
Never Give Up!,0,0.0,90,1,pageviews_http_403
Never Gonna Fall,0,0.0,78,0,pageviews_http_403
Never Gonna Fall in Love Again,0,0.0,68,0,pageviews_http_403
Never Knew Love,0,0.0,0,1,pageviews_http_403
Never Knew Love Like This,0,0.0,50,2,pageviews_http_403
Never Knew Love Like This Before,0,0.0,249,0,pageviews_http_403
Never Look Away,0,0.0,21,2,pageviews_http_403
Never Look Back,0,0.0,1,2,pageviews_http_403
Never Look Back (Goldfinger album),0,0.0,28,0,pageviews_http_403
Never Look Back (film),0,0.0,57,1,pageviews_http_403
Never Say Never,0,0.0,42,8,pageviews_http_403
Never Say Never (Romeo Void song),0,0.0,101,1,pageviews_http_403
Never Say Never (Vandalism song),0,0.0,11,0,pageviews_http_403
Never Say Never Again (song),0,0.0,15,1,pageviews_http_403
Never Too Late (1996 film),0,0.0,24,1,pageviews_http_403
Never the Twain,0,0.0,166,3,pageviews_http_403
Never the Twain (film),0,0.0,68,0,pageviews_http_403
Neville Ashenheim,0,0.0,2,0,pageviews_http_403
Neville Neville,0,0.0,78,1,pageviews_http_403
Neville–Neville feud,0,0.0,247,1,pageviews_http_403
Nevio,0,0.0,2,0,pageviews_http_403
Nevio de Zordo,0,0.0,247,2,pageviews_http_403
Nevis Mountain Dew,0,0.0,27,0,pageviews_http_403
New (Paul McCartney song),0,0.0,119,0,pageviews_http_403
New Age,0,0.0,5055,46,pageviews_http_403
New Approach,0,0.0,405,0,pageviews_http_403
New Birth (band),0,0.0,137,5,pageviews_http_403
New Birth Brass Band,0,0.0,6,0,pageviews_http_403
New Britain campaign,0,0.0,646,4,pageviews_http_403
New Country,0,0.0,20,2,pageviews_http_403
New Country Party,0,0.0,266,0,pageviews_http_403
New Country Rehab,0,0.0,15,0,pageviews_http_403
New Country Star,0,0.0,5,0,pageviews_http_403
New Dawn (film),0,0.0,16,1,pageviews_http_403
New Development Bank,0,0.0,748,7,pageviews_http_403
New England Patriots strategy,0,0.0,218,6,pageviews_http_403
New Favorite,0,0.0,55,0,pageviews_http_403
New Frontier,0,0.0,527,3,pageviews_http_403
New Frontier (film),0,0.0,168,2,pageviews_http_403
New Inlet,0,0.0,149,1,pageviews_http_403
New Jersey Route 168,0,0.0,132,10,pageviews_http_403
New Jersey Route 19,0,0.0,62,10,pageviews_http_403
New Mexico,0,0.0,21257,52,pageviews_http_403
New Mexico (film),0,0.0,75,2,pageviews_http_403
New Normal,0,0.0,94,4,pageviews_http_403
New Order (band),0,0.0,1818,0,pageviews_http_403
New Palestine High School,0,0.0,51,1,pageviews_http_403
New Palestine School,0,0.0,1,0,pageviews_http_403
New South Wales,0,0.0,47541,25,pageviews_http_403
New Spitalfields Market,0,0.0,108,1,pageviews_http_403
New Super Mario Bros. Wii,0,0.0,424,29,pageviews_http_403
"New Troy, Michigan",0,0.0,69,1,pageviews_http_403
New World (1995 film),0,0.0,37,3,pageviews_http_403
New Year,0,0.0,11470,11,pageviews_http_403
New Year (opera),0,0.0,36,0,pageviews_http_403
New Year's Day,0,0.0,4635,18,pageviews_http_403
New Year's Day (U2 song),0,0.0,343,2,pageviews_http_403
New York City (The Chainsmokers song),0,0.0,55,1,pageviews_http_403
New York Herald Tribune,0,0.0,1726,12,pageviews_http_403
New York Jets,0,0.0,8748,18,pageviews_http_403
New York Stock Exchange,0,0.0,6553,18,pageviews_http_403
New Zealand at the 2006 Winter Olympics,0,0.0,191,0,pageviews_http_403
New Zealand at the 2010 Winter Olympics,0,0.0,207,0,pageviews_http_403
New Zealand at the 2014 Commonwealth Games,0,0.0,497,0,pageviews_http_403
New Zealand at the 2018 Winter Olympics,0,0.0,228,0,pageviews_http_403
New Zealand at the Commonwealth Games,0,0.0,365,0,pageviews_http_403
New and Old Gospel,0,0.0,102,0,pageviews_http_403
New normal,0,0.0,50,6,pageviews_http_403
New-York Tribune,0,0.0,2170,8,pageviews_http_403
Newby,0,0.0,22,2,pageviews_http_403
Newcastle Brown Ale,0,0.0,191,5,pageviews_http_403
News Night,0,0.0,29,4,pageviews_http_403
News Night 2.0,0,0.0,2,1,pageviews_http_403
News ticker,0,0.0,283,4,pageviews_http_403
Newsboys' strike of 1899,0,0.0,240,6,pageviews_http_403
Newspapers in Australia,0,0.0,53,1,pageviews_http_403
Newtonian potential,0,0.0,164,5,pageviews_http_403
Nexhmedin Zajmi,0,0.0,15,0,pageviews_http_403
Next Generation,0,0.0,44,6,pageviews_http_403
Next Generation Identification,0,0.0,16,0,pageviews_http_403
Next-generation lithography,0,0.0,17,1,pageviews_http_403
Nexus 5,0,0.0,851,2,pageviews_http_403
Nguyễn Văn Hòa,0,0.0,2,1,pageviews_http_403
Niall Toner,0,0.0,10,0,pageviews_http_403
Nice,0,0.0,8967,18,pageviews_http_403
Nice (Nice album),0,0.0,9,0,pageviews_http_403
Nice One Cyril,0,0.0,54,3,pageviews_http_403
Nice People,0,0.0,5,1,pageviews_http_403
Nice People (film),0,0.0,74,1,pageviews_http_403
Nice People (play),0,0.0,10,0,pageviews_http_403
"Nice, Nice, Very Nice",0,0.0,28,0,pageviews_http_403
Nicholas,0,0.0,395,4,pageviews_http_403
Nicholas French,0,0.0,37,1,pageviews_http_403
Nicholas Kraemer,0,0.0,32,1,pageviews_http_403
Nick Bakay,0,0.0,106,1,pageviews_http_403
Nick Ingels,0,0.0,9,0,pageviews_http_403
Nick Robinson (American actor),0,0.0,256,0,pageviews_http_403
Nick Robinson (English actor),0,0.0,12,0,pageviews_http_403
Nick Tilsley,0,0.0,301,2,pageviews_http_403
Nickname,0,0.0,6752,18,pageviews_http_403
Nico and Dani,0,0.0,22,3,pageviews_http_403
Nico and the Niners,0,0.0,84,0,pageviews_http_403
Nicolaas,0,0.0,12,1,pageviews_http_403
Nicolaas Cortlever,0,0.0,32,0,pageviews_http_403
Nicolai Poliakoff,0,0.0,42,3,pageviews_http_403
Nicolas Anelka,0,0.0,981,8,pageviews_http_403
Nicolette Larson,0,0.0,231,2,pageviews_http_403
"Nicolás Martínez (footballer, born 1987)",0,0.0,71,1,pageviews_http_403
"Nicolás Martínez (footballer, born 1989)",0,0.0,12,2,pageviews_http_403
Nicotera,0,0.0,118,1,pageviews_http_403
Niger River,0,0.0,2197,14,pageviews_http_403
Nigeria Open,0,0.0,1,1,pageviews_http_403
Nigeria Security and Civil Defence Corps,0,0.0,42,0,pageviews_http_403
"Nigeria, We Hail Thee",0,0.0,490,4,pageviews_http_403
Nigerian Civil War,0,0.0,2331,30,pageviews_http_403
Nigerian passport,0,0.0,472,1,pageviews_http_403
Night Crossing,0,0.0,103,0,pageviews_http_403
Night Has a Thousand Eyes,0,0.0,111,1,pageviews_http_403
Night Slaves,0,0.0,48,0,pageviews_http_403
Night Time Is the Right Time,0,0.0,399,6,pageviews_http_403
Night Train,0,0.0,42,5,pageviews_http_403
Night Train (EP),0,0.0,63,4,pageviews_http_403
Night in Paradise,0,0.0,6,3,pageviews_http_403
Night in Paradise (1946 film),0,0.0,177,0,pageviews_http_403
Nightmare (1942 film),0,0.0,62,0,pageviews_http_403
Nightshift (magazine),0,0.0,27,6,pageviews_http_403
Nightshift (song),0,0.0,250,0,pageviews_http_403
Nike,0,0.0,709,1,pageviews_http_403
Nike Flywire,0,0.0,110,3,pageviews_http_403
Nike Hercules,0,0.0,459,13,pageviews_http_403
Nike-Nike,0,0.0,34,1,pageviews_http_403
NikitA,0,0.0,13,1,pageviews_http_403
Niko Nicotera,0,0.0,31,0,pageviews_http_403
Nikolay Nekrasov,0,0.0,315,14,pageviews_http_403
Nil Battey Sannata,0,0.0,135,2,pageviews_http_403
Nilesh,0,0.0,17,0,pageviews_http_403
Nilesh Limaye,0,0.0,9,1,pageviews_http_403
Nilesh Patel,0,0.0,17,0,pageviews_http_403
Nim's Island,0,0.0,119,3,pageviews_http_403
Nina Live!,0,0.0,57,1,pageviews_http_403
Nine (band),0,0.0,18,2,pageviews_http_403
Nine Mile (band),0,0.0,15,3,pageviews_http_403
Nine Nine,0,0.0,16,1,pageviews_http_403
Nine*nine,0,0.0,79,1,pageviews_http_403
Niners Chemnitz,0,0.0,231,4,pageviews_http_403
Nines,0,0.0,5,1,pageviews_http_403
Ninety-Nines,0,0.0,210,8,pageviews_http_403
Nino Da Silva,0,0.0,11,1,pageviews_http_403
Nintendo DS Lite,0,0.0,786,0,pageviews_http_403
Nippy,0,0.0,19,1,pageviews_http_403
Nippy Bus,0,0.0,213,0,pageviews_http_403
Nishiyama,0,0.0,5,1,pageviews_http_403
Nishiyama Onsen Keiunkan,0,0.0,20,6,pageviews_http_403
Nissan Skyline,0,0.0,784,36,pageviews_http_403
Nitrogen narcosis,0,0.0,1476,6,pageviews_http_403
Nixon (surname),0,0.0,47,0,pageviews_http_403
Njurunda,0,0.0,40,2,pageviews_http_403
Njurunda Church,0,0.0,3,1,pageviews_http_403
Njurunda SK,0,0.0,18,0,pageviews_http_403
No Connection,0,0.0,36,0,pageviews_http_403
No Earthly Connection,0,0.0,49,0,pageviews_http_403
No Future,0,0.0,7,1,pageviews_http_403
No Future (novel),0,0.0,204,2,pageviews_http_403
No Future No Hope,0,0.0,5,0,pageviews_http_403
No Good Deed (Parenthood),0,0.0,40,0,pageviews_http_403
"No Hope, No Future",0,0.0,7,0,pageviews_http_403
No Limit (1935 film),0,0.0,86,1,pageviews_http_403
No Man Friday,0,0.0,13,0,pageviews_http_403
No Man's Sky,0,0.0,359,9,pageviews_http_403
No Matter,0,0.0,105,0,pageviews_http_403
No Matter How Far,0,0.0,30,0,pageviews_http_403
No Matter How High,0,0.0,86,0,pageviews_http_403
No Matter How Narrow,0,0.0,5,1,pageviews_http_403
No Mercy (2000),0,0.0,78,1,pageviews_http_403
"No Mercy, No Future",0,0.0,83,5,pageviews_http_403
No More Time,0,0.0,3,0,pageviews_http_403
No Name on the Bullet,0,0.0,73,1,pageviews_http_403
No One Is to Blame,0,0.0,68,0,pageviews_http_403
No Pain No Gain (album),0,0.0,11,0,pageviews_http_403
No Place to Go,0,0.0,6,3,pageviews_http_403
No Pressure (film),0,0.0,46,0,pageviews_http_403
No Problem (2010 film),0,0.0,90,1,pageviews_http_403
No Religious Test Clause,0,0.0,325,7,pageviews_http_403
No Smoke,0,0.0,1,0,pageviews_http_403
No Smoke Without Fire,0,0.0,54,0,pageviews_http_403
No Smoke Without a Fire,0,0.0,64,0,pageviews_http_403
No Tears for the Dead,0,0.0,30,2,pageviews_http_403
No Way Out (1987 film),0,0.0,155,1,pageviews_http_403
"No pain, no gain",0,0.0,45,6,pageviews_http_403
"No pain, no gain (disambiguation)",0,0.0,1,1,pageviews_http_403
No-line court,0,0.0,92,0,pageviews_http_403
No. 1 Court (Wimbledon),0,0.0,93,3,pageviews_http_403
No. 2 (film),0,0.0,65,0,pageviews_http_403
No. 2 Commando,0,0.0,111,4,pageviews_http_403
No. 2 Court (Wimbledon),0,0.0,67,4,pageviews_http_403
No. 3 Court (Wimbledon),0,0.0,66,0,pageviews_http_403
NoRMA,0,0.0,7,0,pageviews_http_403
Noah's Ark replicas and derivatives,0,0.0,100,3,pageviews_http_403
Nobody (1905 song),0,0.0,85,0,pageviews_http_403
Nobody (Skindred song),0,0.0,19,1,pageviews_http_403
Nobody (Sylvia song),0,0.0,49,0,pageviews_http_403
Nobody Knows I'm Here,0,0.0,12,1,pageviews_http_403
Nobody's Daughter (film),0,0.0,23,2,pageviews_http_403
Nobuhiro,0,0.0,2,0,pageviews_http_403
Nobuhiro Ishizaki,0,0.0,302,1,pageviews_http_403
Node,0,0.0,159,4,pageviews_http_403
Node (band),0,0.0,11,0,pageviews_http_403
Node of Ranvier,0,0.0,280,12,pageviews_http_403
Node-to-node data transfer,0,0.0,12,0,pageviews_http_403
Noel Crombie,0,0.0,95,0,pageviews_http_403
Noir,0,0.0,75,8,pageviews_http_403
Noise (2007 American film),0,0.0,38,1,pageviews_http_403
Noise (2007 Australian film),0,0.0,51,0,pageviews_http_403
Non (book),0,0.0,3,0,pageviews_http_403
Noodle,0,0.0,1249,13,pageviews_http_403
Norbert Grund,0,0.0,18,0,pageviews_http_403
Nordic Games,0,0.0,362,0,pageviews_http_403
Norfolk Assembly,0,0.0,84,1,pageviews_http_403
Norfolk Island Legislative Assembly,0,0.0,235,3,pageviews_http_403
Norma,0,0.0,50,3,pageviews_http_403
Norma (play),0,0.0,50,1,pageviews_http_403
Norma Talmadge,0,0.0,315,0,pageviews_http_403
Normal (2003 film),0,0.0,85,1,pageviews_http_403
Normal (2007 film),0,0.0,70,1,pageviews_http_403
Normal (New Girl),0,0.0,44,1,pageviews_http_403
Normal Life,0,0.0,43,0,pageviews_http_403
Normal Life (TV series),0,0.0,20,0,pageviews_http_403
Norman D. Vaughan,0,0.0,31,3,pageviews_http_403
Norman Lumsden,0,0.0,38,0,pageviews_http_403
Norman Smiley,0,0.0,596,5,pageviews_http_403
Norman Vaughan,0,0.0,9,2,pageviews_http_403
Norman Vaughan (comedian),0,0.0,40,0,pageviews_http_403
Norman Wisdom,0,0.0,458,6,pageviews_http_403
Normandy,0,0.0,11738,6,pageviews_http_403
North African elephant,0,0.0,160,7,pageviews_http_403
North African elephant shrew,0,0.0,56,6,pageviews_http_403
North American Indigenous Games,0,0.0,296,1,pageviews_http_403
North Carolina,0,0.0,36199,46,pageviews_http_403
North Dakota State Capitol,0,0.0,235,2,pageviews_http_403
North Dublin,0,0.0,4,1,pageviews_http_403
"North Platte, Nebraska",0,0.0,875,10,pageviews_http_403
North Pole,0,0.0,3783,18,pageviews_http_403
North Sea oil,0,0.0,1818,8,pageviews_http_403
North of 60,0,0.0,153,3,pageviews_http_403
North of Hudson Bay,0,0.0,168,0,pageviews_http_403
North pole,0,0.0,58,0,pageviews_http_403
Northern Ireland Assembly,0,0.0,5867,24,pageviews_http_403
Northern Lights,0,0.0,180,16,pageviews_http_403
Northern Lights (1978 film),0,0.0,72,1,pageviews_http_403
Northern Lights (1997 film),0,0.0,65,1,pageviews_http_403
Northern Lights (2009 film),0,0.0,48,1,pageviews_http_403
Northern Lights (Northern Lights album),0,0.0,15,0,pageviews_http_403
Northerners (Korean political faction),0,0.0,35,0,pageviews_http_403
Northerners A.C.,0,0.0,21,0,pageviews_http_403
Northland Scholars Academy,0,0.0,125,3,pageviews_http_403
Norway at the FIFA Women's World Cup,0,0.0,69,0,pageviews_http_403
Norway at the FIFA World Cup,0,0.0,140,0,pageviews_http_403
Norwegian cyclone model,0,0.0,31,1,pageviews_http_403
Nose,0,0.0,822,6,pageviews_http_403
Nosrat,0,0.0,63,0,pageviews_http_403
Nosrat Karimi,0,0.0,14,0,pageviews_http_403
Not / But,0,0.0,97,0,pageviews_http_403
Not Alone (album),0,0.0,15,0,pageviews_http_403
Not Enough Time,0,0.0,128,0,pageviews_http_403
Not Enough Time (manga),0,0.0,9,0,pageviews_http_403
Not Fair,0,0.0,89,2,pageviews_http_403
Not Going Away,0,0.0,124,0,pageviews_http_403
Not Going Out,0,0.0,266,3,pageviews_http_403
Not Over Yet,0,0.0,10,2,pageviews_http_403
Not Over You,0,0.0,59,0,pageviews_http_403
Not Over You Yet,0,0.0,135,0,pageviews_http_403
Not Quite C,0,0.0,18,0,pageviews_http_403
Not Quite Human,0,0.0,19,1,pageviews_http_403
Not Quite Me,0,0.0,6,0,pageviews_http_403
Not Quite Paradise,0,0.0,76,2,pageviews_http_403
Not So Long Ago,0,0.0,154,0,pageviews_http_403
Note (film),0,0.0,9,1,pageviews_http_403
Nothin' Less Than Love,0,0.0,63,0,pageviews_http_403
Nothing Compares 2 U,0,0.0,779,5,pageviews_http_403
Nothing Sacred (novel),0,0.0,32,4,pageviews_http_403
Noto,0,0.0,280,4,pageviews_http_403
Notre Dame Stadium,0,0.0,1150,5,pageviews_http_403
Notting Hill,0,0.0,1461,4,pageviews_http_403
Nova (Dutch TV program),0,0.0,37,2,pageviews_http_403
Nova (Dutch band),0,0.0,8,0,pageviews_http_403
Novel,0,0.0,106271,17,pageviews_http_403
Novel with Cocaine,0,0.0,17,5,pageviews_http_403
Now What,0,0.0,16,6,pageviews_http_403
Now What (horse),0,0.0,10,0,pageviews_http_403
Now What?!,0,0.0,159,14,pageviews_http_403
Now You See Me,0,0.0,14,2,pageviews_http_403
Now You See Me (film),0,0.0,242,3,pageviews_http_403
Now You See Me 2,0,0.0,178,2,pageviews_http_403
Noëlle Châtelet,0,0.0,27,1,pageviews_http_403
Noëlle van Lottum,0,0.0,301,2,pageviews_http_403
Nripendra,0,0.0,0,0,pageviews_http_403
Nripendra Misra,0,0.0,116,0,pageviews_http_403
Nuchal scan,0,0.0,122,13,pageviews_http_403
Nuclear Politics in America,0,0.0,146,0,pageviews_http_403
Nuclear Strike (Spooks),0,0.0,74,0,pageviews_http_403
Nuclear Tipping Point,0,0.0,126,0,pageviews_http_403
Nuclear power in Canada,0,0.0,159,6,pageviews_http_403
Nucleolus,0,0.0,783,17,pageviews_http_403
Number One (1969 film),0,0.0,176,2,pageviews_http_403
Number One (1994 film),0,0.0,60,0,pageviews_http_403
Number Our Days,0,0.0,108,1,pageviews_http_403
Number Pieces,0,0.0,73,0,pageviews_http_403
Number the Stars,0,0.0,279,1,pageviews_http_403
Numbers (Lost),0,0.0,155,2,pageviews_http_403
Numbers (TV series),0,0.0,1205,9,pageviews_http_403
Numismatic history of the United States,0,0.0,11,0,pageviews_http_403
Nuno Valente,0,0.0,121,1,pageviews_http_403
Nuremberg Trials (film),0,0.0,23,0,pageviews_http_403
Nuremberg trials,0,0.0,5346,55,pageviews_http_403
Nurse (film),0,0.0,12,0,pageviews_http_403
Nursery rhyme,0,0.0,1583,5,pageviews_http_403
Nurse–client relationship,0,0.0,23,2,pageviews_http_403
Nyandeni,0,0.0,0,1,pageviews_http_403
Nyandeni Local Municipality,0,0.0,83,0,pageviews_http_403
Nyandeni Local Municipality elections,0,0.0,38,0,pageviews_http_403
Németh,0,0.0,49,7,pageviews_http_403
O Dia,0,0.0,215,1,pageviews_http_403
O Dia do Galo,0,0.0,35,0,pageviews_http_403
O dia das calças roladas,0,0.0,11,1,pageviews_http_403
O'Dea,0,0.0,135,9,pageviews_http_403
O'Dea Castle,0,0.0,289,1,pageviews_http_403
O.P.P. (song),0,0.0,107,4,pageviews_http_403
O2O,0,0.0,4,1,pageviews_http_403
ODE,0,0.0,22,1,pageviews_http_403
OMA,0,0.0,35,2,pageviews_http_403
Oath of Allegiance (United Kingdom),0,0.0,227,7,pageviews_http_403
Obesity in Canada,0,0.0,73,3,pageviews_http_403
Object Description Language,0,0.0,5,0,pageviews_http_403
Obsessed,0,0.0,75,6,pageviews_http_403
Obsessed (novel),0,0.0,37,0,pageviews_http_403
Occupation (Battlestar Galactica),0,0.0,105,0,pageviews_http_403
Occupational therapy,0,0.0,1551,11,pageviews_http_403
Ocean Drive,0,0.0,10,4,pageviews_http_403
Ocean Drive (album),0,0.0,46,1,pageviews_http_403
Oceania (Oceania album),0,0.0,4,0,pageviews_http_403
Oceanic carbon cycle,0,0.0,684,8,pageviews_http_403
Oceanus Procellarum,0,0.0,317,6,pageviews_http_403
Océan,0,0.0,107,0,pageviews_http_403
Océan Lock,0,0.0,8,1,pageviews_http_403
Océan-class ironclad,0,0.0,100,3,pageviews_http_403
Odalisque,0,0.0,670,2,pageviews_http_403
Odalisque (disambiguation),0,0.0,1,1,pageviews_http_403
Odalisque (painting),0,0.0,28,0,pageviews_http_403
Odd One,0,0.0,30,0,pageviews_http_403
Odd One In,0,0.0,29,3,pageviews_http_403
Odd One Out,0,0.0,24,1,pageviews_http_403
Odds,0,0.0,2221,12,pageviews_http_403
Odds On,0,0.0,85,0,pageviews_http_403
Odds On (film),0,0.0,9,1,pageviews_http_403
Ode,0,0.0,1009,7,pageviews_http_403
Ode (Stravinsky),0,0.0,117,0,pageviews_http_403
Ode to Joy,0,0.0,519,17,pageviews_http_403
Ode to Joy (film),0,0.0,70,1,pageviews_http_403
Of a Boy,0,0.0,80,1,pageviews_http_403
Of an Age,0,0.0,24,1,pageviews_http_403
Of the People,0,0.0,48,1,pageviews_http_403
Off Broadway (play),0,0.0,61,0,pageviews_http_403
Off Road,0,0.0,6,2,pageviews_http_403
Off the Black,0,0.0,34,1,pageviews_http_403
Off the Road,0,0.0,108,3,pageviews_http_403
Off the Sand Road,0,0.0,5,0,pageviews_http_403
Off-balance-sheet,0,0.0,329,4,pageviews_http_403
Off-off-Broadway,0,0.0,639,10,pageviews_http_403
Office of Defense Mobilization,0,0.0,230,2,pageviews_http_403
Office of War Mobilization,0,0.0,40,2,pageviews_http_403
Officer Down (novel),0,0.0,4,0,pageviews_http_403
Official Languages Act (Canada),0,0.0,206,3,pageviews_http_403
Official bank rate,0,0.0,62,5,pageviews_http_403
"Ogre, Ogre",0,0.0,47,0,pageviews_http_403
Oh Honey,0,0.0,49,1,pageviews_http_403
Oh Honey (band),0,0.0,36,2,pageviews_http_403
Oh Maane Maane,0,0.0,47,0,pageviews_http_403
Oh! You Pretty Things,0,0.0,261,2,pageviews_http_403
Ohio State Buckeyes men's basketball,0,0.0,2052,1,pageviews_http_403
Ojjeh,0,0.0,1,0,pageviews_http_403
Okul,0,0.0,3,1,pageviews_http_403
Okul (film),0,0.0,28,0,pageviews_http_403
Olaf's Frozen Adventure,0,0.0,355,2,pageviews_http_403
Olah,0,0.0,5,1,pageviews_http_403
Olah reagent,0,0.0,11,0,pageviews_http_403
Old Course Hotel,0,0.0,82,1,pageviews_http_403
Old Dee Bridge,0,0.0,45,0,pageviews_http_403
Old Friends and New,0,0.0,9,1,pageviews_http_403
Old Hotel,0,0.0,3,0,pageviews_http_403
Old Loves and New,0,0.0,105,1,pageviews_http_403
Old Money (The Simpsons),0,0.0,122,4,pageviews_http_403
Old Money (play),0,0.0,9,0,pageviews_http_403
Old Road,0,0.0,14,5,pageviews_http_403
Old Shatterhand,0,0.0,59,0,pageviews_http_403
Old Shatterhand (film),0,0.0,71,0,pageviews_http_403
Old Souls (story),0,0.0,3,0,pageviews_http_403
Old Spitalfields Market,0,0.0,175,3,pageviews_http_403
Old St. Joseph's Catholic Church,0,0.0,455,0,pageviews_http_403
Old St. Joseph's Church,0,0.0,224,1,pageviews_http_403
Old Trafford (area),0,0.0,241,1,pageviews_http_403
Old lady,0,0.0,9,2,pageviews_http_403
Oldboy (2003 film),0,0.0,461,6,pageviews_http_403
Oldest dated rocks,0,0.0,104,7,pageviews_http_403
Oleg Bogomolov,0,0.0,20,1,pageviews_http_403
Olfactory bulb,0,0.0,681,6,pageviews_http_403
Oliba,0,0.0,5,0,pageviews_http_403
Oliba Cabreta,0,0.0,27,1,pageviews_http_403
Oligodynamic effect,0,0.0,54,1,pageviews_http_403
Oliver (Scottish surname),0,0.0,7,0,pageviews_http_403
Oliver (surname),0,0.0,34,1,pageviews_http_403
Oliver P. Smith,0,0.0,196,2,pageviews_http_403
Oliver Perry Hay,0,0.0,166,2,pageviews_http_403
Oliver Reed,0,0.0,573,3,pageviews_http_403
Oliver Twist (character),0,0.0,152,1,pageviews_http_403
Oliver Valentine,0,0.0,256,3,pageviews_http_403
Oliver!,0,0.0,1270,2,pageviews_http_403
Olympia (1938 film),0,0.0,168,11,pageviews_http_403
Olympic Games,0,0.0,412205,29,pageviews_http_403
Olympic medal,0,0.0,1374,11,pageviews_http_403
Olympus Mons,0,0.0,724,4,pageviews_http_403
Oma Ichimura,0,0.0,23,0,pageviews_http_403
Oma forest,0,0.0,8,0,pageviews_http_403
"Oma, Wisconsin",0,0.0,46,2,pageviews_http_403
Omaha Platform,0,0.0,23,1,pageviews_http_403
Omar Little and associates,0,0.0,109,4,pageviews_http_403
Omen (Blutengel album),0,0.0,26,0,pageviews_http_403
On Acting,0,0.0,36,0,pageviews_http_403
On Again! On Again!,0,0.0,7,1,pageviews_http_403
On Dangerous Ground,0,0.0,105,0,pageviews_http_403
On Down the Line,0,0.0,75,2,pageviews_http_403
On Guard (1997 film),0,0.0,78,2,pageviews_http_403
On My Knees,0,0.0,9,2,pageviews_http_403
On My Way (Glee),0,0.0,187,0,pageviews_http_403
On One,0,0.0,34,0,pageviews_http_403
On Record (film),0,0.0,122,0,pageviews_http_403
On Top of the World (film),0,0.0,33,0,pageviews_http_403
On Tour (1990 film),0,0.0,44,3,pageviews_http_403
On Tour (2010 film),0,0.0,59,3,pageviews_http_403
On Your Knees,0,0.0,2,1,pageviews_http_403
On the Fringe,0,0.0,0,3,pageviews_http_403
On the Fringe (film),0,0.0,32,1,pageviews_http_403
On the Record (film),0,0.0,193,2,pageviews_http_403
On the Right Track,0,0.0,53,1,pageviews_http_403
On the Road,0,0.0,599,11,pageviews_http_403
On the Road (Johnson book),0,0.0,8,1,pageviews_http_403
On the Run (1958 film),0,0.0,77,0,pageviews_http_403
On the Run (1982 film),0,0.0,11,1,pageviews_http_403
On the Wall,0,0.0,0,1,pageviews_http_403
On the Way to Cape May,0,0.0,145,2,pageviews_http_403
Onaayum Aattukkuttiyum,0,0.0,36,1,pageviews_http_403
"Once Beaten, Twice Shy",0,0.0,6,1,pageviews_http_403
Once Bitten,0,0.0,22,5,pageviews_http_403
"Once Bitten, Twice Bitten",0,0.0,21,0,pageviews_http_403
"Once Bitten, Twice Shy",0,0.0,150,4,pageviews_http_403
Once I Was,0,0.0,34,1,pageviews_http_403
Once I Was a Beehive,0,0.0,11,3,pageviews_http_403
Once Is Not Enough,0,0.0,43,3,pageviews_http_403
Once Upon a Time,0,0.0,86,12,pageviews_http_403
Once Upon a Time (Charles Strouse and Lee Adams song),0,0.0,37,0,pageviews_http_403
Once Upon a Time in Mexico,0,0.0,268,8,pageviews_http_403
Once Upon a Time in Venice,0,0.0,53,1,pageviews_http_403
Once Upon a Time...,0,0.0,210,1,pageviews_http_403
Once a Thief (1965 film),0,0.0,67,0,pageviews_http_403
Once upon a time,0,0.0,100,17,pageviews_http_403
Ondu Kshanadalli,0,0.0,49,0,pageviews_http_403
Ondřej,0,0.0,22,0,pageviews_http_403
Ondřej Kušnír,0,0.0,74,2,pageviews_http_403
Ondřej Veselý,0,0.0,10,1,pageviews_http_403
One (opera),0,0.0,10,0,pageviews_http_403
One Call Away (Charlie Puth song),0,0.0,117,0,pageviews_http_403
One Chance (film),0,0.0,100,1,pageviews_http_403
One Count,0,0.0,257,0,pageviews_http_403
One Crazy Summer (novel),0,0.0,39,0,pageviews_http_403
One Cut Two Cut,0,0.0,25,0,pageviews_http_403
One Day (2011 film),0,0.0,113,0,pageviews_http_403
One Day I'll Fly Away,0,0.0,138,0,pageviews_http_403
One Day at a Time,0,0.0,49,5,pageviews_http_403
One Day at a Time (novel),0,0.0,87,0,pageviews_http_403
One Day at a Time (song),0,0.0,132,3,pageviews_http_403
One Deep Breath,0,0.0,33,0,pageviews_http_403
One Deep Breath (film),0,0.0,4,0,pageviews_http_403
One Hundred and One Dalmatians,0,0.0,1047,21,pageviews_http_403
One Life (1958 film),0,0.0,52,2,pageviews_http_403
One Life (2011 film),0,0.0,163,0,pageviews_http_403
One Life (2023 film),0,0.0,87,1,pageviews_http_403
One Love (David Guetta album),0,0.0,228,4,pageviews_http_403
One Love (David Guetta song),0,0.0,172,0,pageviews_http_403
One Man Dog,0,0.0,175,0,pageviews_http_403
One Man and His Dog,0,0.0,99,5,pageviews_http_403
One Million Kisses,0,0.0,7,0,pageviews_http_403
One More Reggae for the Road,0,0.0,7,0,pageviews_http_403
One More Road,0,0.0,26,0,pageviews_http_403
One More Time,0,0.0,42,9,pageviews_http_403
One More Time (One More Time album),0,0.0,13,0,pageviews_http_403
One More Time (book),0,0.0,8,0,pageviews_http_403
One More Time...,0,0.0,166,18,pageviews_http_403
One More for the Road,0,0.0,7,3,pageviews_http_403
One More from the Road,0,0.0,116,3,pageviews_http_403
One Night (2005 film),0,0.0,13,1,pageviews_http_403
One Night (2012 film),0,0.0,34,1,pageviews_http_403
One Night Stand (opera),0,0.0,9,0,pageviews_http_403
One Prudential Plaza,0,0.0,247,1,pageviews_http_403
One Quiet Night (film),0,0.0,9,0,pageviews_http_403
One Son,0,0.0,90,1,pageviews_http_403
One Song (Disney song),0,0.0,46,0,pageviews_http_403
One Step,0,0.0,10,2,pageviews_http_403
One Step Forward,0,0.0,32,0,pageviews_http_403
One Step Forward (film),0,0.0,31,1,pageviews_http_403
One Tin Soldier,0,0.0,84,2,pageviews_http_403
One Tree Hill,0,0.0,126,3,pageviews_http_403
One Two Two (film),0,0.0,16,1,pageviews_http_403
One Way (2006 film),0,0.0,27,0,pageviews_http_403
One Way Pendulum (film),0,0.0,55,0,pageviews_http_403
One Wild Night (film),0,0.0,24,0,pageviews_http_403
One for All Tour,0,0.0,169,1,pageviews_http_403
One for All World Tour,0,0.0,168,0,pageviews_http_403
One for All – All for One,0,0.0,27,2,pageviews_http_403
One in a Million,0,0.0,40,17,pageviews_http_403
One in a Million (band),0,0.0,14,0,pageviews_http_403
One in a Million (horse),0,0.0,206,1,pageviews_http_403
One in a Million You,0,0.0,18,0,pageviews_http_403
One of Those,0,0.0,17,1,pageviews_http_403
One of Those Days,0,0.0,109,2,pageviews_http_403
One of Us,0,0.0,48,8,pageviews_http_403
One of Us (Lost),0,0.0,174,2,pageviews_http_403
One of Us (novel),0,0.0,11,1,pageviews_http_403
"One of Us, One of Them",0,0.0,106,0,pageviews_http_403
One on One,0,0.0,53,13,pageviews_http_403
One on One (novel),0,0.0,20,0,pageviews_http_403
One on one tackle,0,0.0,52,1,pageviews_http_403
One red paperclip,0,0.0,112,6,pageviews_http_403
Oni (video game),0,0.0,131,5,pageviews_http_403
Online analytical processing,0,0.0,429,17,pageviews_http_403
Only (film),0,0.0,13,1,pageviews_http_403
Only Daddy That'll Walk the Line,0,0.0,208,2,pageviews_http_403
Only Human,0,0.0,22,5,pageviews_http_403
Only Human (novel),0,0.0,3,0,pageviews_http_403
Only Human (short story),0,0.0,4,0,pageviews_http_403
Only One Woman,0,0.0,30,0,pageviews_http_403
Only People,0,0.0,5,0,pageviews_http_403
Only People (film),0,0.0,10,2,pageviews_http_403
Only People (song),0,0.0,88,0,pageviews_http_403
Only When I Laugh,0,0.0,7,2,pageviews_http_403
Only When I Laugh (TV series),0,0.0,97,8,pageviews_http_403
Only When I Laugh (film),0,0.0,178,1,pageviews_http_403
Only You,0,0.0,27,7,pageviews_http_403
Only You (1992 film),0,0.0,38,0,pageviews_http_403
Only You (1994 film),0,0.0,101,1,pageviews_http_403
Only a Fool,0,0.0,20,4,pageviews_http_403
Only a Fool Breaks His Own Heart,0,0.0,22,1,pageviews_http_403
Only a Woman,0,0.0,0,0,pageviews_http_403
Only the Brave (1994 film),0,0.0,14,0,pageviews_http_403
Onsen,0,0.0,987,9,pageviews_http_403
Ontario Parks,0,0.0,485,3,pageviews_http_403
Open All Hours,0,0.0,261,11,pageviews_http_403
Open Door,0,0.0,8,3,pageviews_http_403
Open Fire,0,0.0,16,3,pageviews_http_403
Open Fire (1989 film),0,0.0,5,0,pageviews_http_403
Open Fire (1994 film),0,0.0,47,1,pageviews_http_403
Open House (Breaking Bad),0,0.0,135,0,pageviews_http_403
Open communion,0,0.0,379,4,pageviews_http_403
Opening Night,0,0.0,11,2,pageviews_http_403
Opening Night (Smash),0,0.0,64,0,pageviews_http_403
Opening Night (album),0,0.0,42,3,pageviews_http_403
Opening Night (novel),0,0.0,43,1,pageviews_http_403
Operant conditioning chamber,0,0.0,97,8,pageviews_http_403
Operation Demetrius,0,0.0,409,2,pageviews_http_403
Operation Keyhole,0,0.0,89,0,pageviews_http_403
Operation Outside the Box,0,0.0,447,4,pageviews_http_403
Operation Paperclip,0,0.0,2053,7,pageviews_http_403
Operation Red Dog,0,0.0,186,1,pageviews_http_403
Operation Sabotage,0,0.0,6,1,pageviews_http_403
Operation Swath-10,0,0.0,609,3,pageviews_http_403
Operation Tungsten,0,0.0,242,0,pageviews_http_403
Operator,0,0.0,198,6,pageviews_http_403
Operator (play),0,0.0,92,0,pageviews_http_403
"Operator, Operator",0,0.0,42,0,pageviews_http_403
Ophelia,0,0.0,796,2,pageviews_http_403
Opposites Attract,0,0.0,218,0,pageviews_http_403
Opposites Attract (disambiguation),0,0.0,1,0,pageviews_http_403
Opposites Attract (film),0,0.0,10,1,pageviews_http_403
Optical coating,0,0.0,151,6,pageviews_http_403
Options (novel),0,0.0,13,1,pageviews_http_403
Opus,0,0.0,107,7,pageviews_http_403
Opus (Opus album),0,0.0,9,0,pageviews_http_403
Opus (play),0,0.0,16,0,pageviews_http_403
"Opus, Greece",0,0.0,55,3,pageviews_http_403
Orange Line (CTA),0,0.0,325,9,pageviews_http_403
Orange River,0,0.0,1966,15,pageviews_http_403
Orchid I. Jordan,0,0.0,9,1,pageviews_http_403
Ord,0,0.0,20,2,pageviews_http_403
Ordeal,0,0.0,18,2,pageviews_http_403
Ordeal (UFO),0,0.0,28,0,pageviews_http_403
Ordeal (autobiography),0,0.0,16,0,pageviews_http_403
Ordeal (horse),0,0.0,20,0,pageviews_http_403
Ordeal by Innocence (TV series),0,0.0,36,1,pageviews_http_403
Ordeal in Space,0,0.0,56,0,pageviews_http_403
Order Order Out of Order,0,0.0,14,1,pageviews_http_403
Ordinance,0,0.0,95,3,pageviews_http_403
Ordinance (India),0,0.0,118,0,pageviews_http_403
Ore Kadal,0,0.0,178,1,pageviews_http_403
Oregon (Awake),0,0.0,67,0,pageviews_http_403
Oregon State University,0,0.0,5272,27,pageviews_http_403
Oreo,0,0.0,1059,26,pageviews_http_403
Oreo O's,0,0.0,61,5,pageviews_http_403
Organ (film),0,0.0,18,0,pageviews_http_403
Organ Trail (film),0,0.0,18,3,pageviews_http_403
Organisation (band),0,0.0,60,2,pageviews_http_403
Organization of American States,0,0.0,4485,19,pageviews_http_403
"Original Church of God (Pulaski, Tennessee)",0,0.0,3,0,pageviews_http_403
Original Church of God or Sanctified Church,0,0.0,178,2,pageviews_http_403
Orion (mythology),0,0.0,459,5,pageviews_http_403
Orvin,0,0.0,74,7,pageviews_http_403
Os (Fringe),0,0.0,152,0,pageviews_http_403
Ostheim,0,0.0,102,3,pageviews_http_403
Otis,0,0.0,55,2,pageviews_http_403
Otis Day and the Knights,0,0.0,31,0,pageviews_http_403
Otis Skinner,0,0.0,100,0,pageviews_http_403
Otis! The Definitive Otis Redding,0,0.0,52,0,pageviews_http_403
Ott,0,0.0,50,8,pageviews_http_403
Otto,0,0.0,95,0,pageviews_http_403
"Otto Henry, Count Palatine of Sulzbach",0,0.0,24,0,pageviews_http_403
"Otto II, Count Palatine of Mosbach-Neumarkt",0,0.0,18,2,pageviews_http_403
Otto Schulmann,0,0.0,6,1,pageviews_http_403
Otto by Otto,0,0.0,24,0,pageviews_http_403
Otto.,0,0.0,99,1,pageviews_http_403
Otuzco,0,0.0,108,2,pageviews_http_403
Oued Djer,0,0.0,46,0,pageviews_http_403
Our Beautiful Days,0,0.0,20,11,pageviews_http_403
Our Darkest Days,0,0.0,29,0,pageviews_http_403
Our Days,0,0.0,48,1,pageviews_http_403
"Our Home, Our Land",0,0.0,4,0,pageviews_http_403
Our Land,0,0.0,4,2,pageviews_http_403
Our Land (Italy),0,0.0,11,2,pageviews_http_403
Our Land (Ukraine),0,0.0,236,0,pageviews_http_403
Our Land (film),0,0.0,26,3,pageviews_http_403
Our Man in Paris,0,0.0,122,0,pageviews_http_403
Our Secret Weapon,0,0.0,8,0,pageviews_http_403
Our Story,0,0.0,10,1,pageviews_http_403
Our Story (book),0,0.0,9,0,pageviews_http_403
Our Story (film),0,0.0,50,2,pageviews_http_403
Our Story Our Voice,0,0.0,2,1,pageviews_http_403
Our Time,0,0.0,23,4,pageviews_http_403
Our Time (1974 film),0,0.0,53,0,pageviews_http_403
Our Time (2018 film),0,0.0,21,1,pageviews_http_403
Ours,0,0.0,18,1,pageviews_http_403
Ours (singer),0,0.0,10,0,pageviews_http_403
Ours (song),0,0.0,314,2,pageviews_http_403
Oursler,0,0.0,1,0,pageviews_http_403
Out (1957 film),0,0.0,4,0,pageviews_http_403
Out (2002 film),0,0.0,107,0,pageviews_http_403
Out Cold (2001 film),0,0.0,70,0,pageviews_http_403
Out of Control,0,0.0,41,11,pageviews_http_403
Out of Control (2002 film),0,0.0,35,1,pageviews_http_403
Out of Control (2003 film),0,0.0,27,2,pageviews_http_403
Out of Order,0,0.0,19,7,pageviews_http_403
Out of Order (play),0,0.0,70,0,pageviews_http_403
Out of Reach,0,0.0,14,2,pageviews_http_403
Out of This World,0,0.0,28,9,pageviews_http_403
Out of This World (Swift novel),0,0.0,21,1,pageviews_http_403
Out of This World (Watt-Evans novel),0,0.0,10,1,pageviews_http_403
Out on the Fringe,0,0.0,32,1,pageviews_http_403
Out to Win,0,0.0,3,2,pageviews_http_403
Out to Win (1923 film),0,0.0,39,0,pageviews_http_403
Out to Win (2015 film),0,0.0,14,0,pageviews_http_403
Out to Win (play),0,0.0,7,0,pageviews_http_403
Outboard motor,0,0.0,828,13,pageviews_http_403
Outdoor Survival,0,0.0,170,0,pageviews_http_403
Outgoing longwave radiation,0,0.0,94,1,pageviews_http_403
Outing,0,0.0,1239,5,pageviews_http_403
Outing Riley,0,0.0,13,1,pageviews_http_403
Outside the Law (1920 film),0,0.0,98,0,pageviews_http_403
Outside the Rain,0,0.0,1,0,pageviews_http_403
Ovarian artery,0,0.0,240,4,pageviews_http_403
Ovarian branch of uterine artery,0,0.0,117,7,pageviews_http_403
Over All Over Again,0,0.0,28,0,pageviews_http_403
Over There,0,0.0,193,5,pageviews_http_403
Over There (American TV series),0,0.0,216,2,pageviews_http_403
Over There (Australian TV series),0,0.0,42,0,pageviews_http_403
Over the Edge,0,0.0,25,6,pageviews_http_403
Over the Edge (book),0,0.0,12,0,pageviews_http_403
Over the Edge (film),0,0.0,95,3,pageviews_http_403
Overhead,0,0.0,24,1,pageviews_http_403
Overlooked,0,0.0,2,1,pageviews_http_403
Overlooked (album),0,0.0,16,0,pageviews_http_403
Overnight,0,0.0,22,4,pageviews_http_403
Overnight Celebrity,0,0.0,76,0,pageviews_http_403
Overnight Delivery,0,0.0,52,0,pageviews_http_403
Overseas,0,0.0,28,2,pageviews_http_403
Overseas (band),0,0.0,31,0,pageviews_http_403
Overseas Citizenship of India,0,0.0,708,5,pageviews_http_403
Overseas Vietnamese,0,0.0,510,0,pageviews_http_403
Overture in G major (Cherubini),0,0.0,25,0,pageviews_http_403
Ovide Lamontagne,0,0.0,47,2,pageviews_http_403
Ovula ovum,0,0.0,13,1,pageviews_http_403
Ovule,0,0.0,1003,11,pageviews_http_403
Owen Brenman,0,0.0,74,0,pageviews_http_403
Oxbridge,0,0.0,1059,9,pageviews_http_403
Oxbridge Academy (Florida),0,0.0,43,3,pageviews_http_403
Oxbridge Academy (South Africa),0,0.0,4,1,pageviews_http_403
Oxygen,0,0.0,12332,34,pageviews_http_403
Oyanaisis Gelis,0,0.0,28,1,pageviews_http_403
Ozren,0,0.0,16,2,pageviews_http_403
Ozren (Ilijaš),0,0.0,83,1,pageviews_http_403
Ozren (Pešter),0,0.0,13,1,pageviews_http_403
Ozren Perić,0,0.0,11,1,pageviews_http_403
P (film),0,0.0,12,0,pageviews_http_403
P wave (electrocardiography),0,0.0,159,1,pageviews_http_403
P. H. Newby,0,0.0,195,4,pageviews_http_403
P. J. Moloney,0,0.0,31,0,pageviews_http_403
P.S. I Love You,0,0.0,27,14,pageviews_http_403
P.S. I Love You (1934 song),0,0.0,137,3,pageviews_http_403
P.S. I Love You (Beatles song),0,0.0,225,5,pageviews_http_403
P.S. I Luv U,0,0.0,70,4,pageviews_http_403
P.S.K. What Does It Mean?,0,0.0,32,4,pageviews_http_403
P45,0,0.0,5,2,pageviews_http_403
P45 (tax),0,0.0,25,1,pageviews_http_403
PACE,0,0.0,42,1,pageviews_http_403
PARRY,0,0.0,37,0,pageviews_http_403
PBA Commissioner's Cup,0,0.0,725,0,pageviews_http_403
PDA,0,0.0,111,8,pageviews_http_403
PDA (The Office),0,0.0,211,0,pageviews_http_403
PESI,0,0.0,2,0,pageviews_http_403
PETS,0,0.0,6,0,pageviews_http_403
PFA Players' Player of the Year,0,0.0,473,2,pageviews_http_403
PFA Scotland Players' Player of the Year,0,0.0,322,3,pageviews_http_403
PFA Women's Players' Player of the Year,0,0.0,292,0,pageviews_http_403
PGA Championship,0,0.0,3976,11,pageviews_http_403
PILOT,0,0.0,184,2,pageviews_http_403
PJS,0,0.0,9,4,pageviews_http_403
PK (film),0,0.0,405,9,pageviews_http_403
PONY Baseball and Softball,0,0.0,123,5,pageviews_http_403
POTS,0,0.0,50,3,pageviews_http_403
PROUD,0,0.0,4,0,pageviews_http_403
"Pablo Aguilar (footballer, born 1984)",0,0.0,6,1,pageviews_http_403
"Pablo Aguilar (footballer, born 1987)",0,0.0,223,2,pageviews_http_403
"Pablo Aguilar (footballer, born 1995)",0,0.0,19,1,pageviews_http_403
Pablo Sandoval,0,0.0,480,3,pageviews_http_403
"Pablo Vázquez (footballer, born 1984)",0,0.0,8,1,pageviews_http_403
Pace,0,0.0,84,3,pageviews_http_403
Pacific Association,0,0.0,93,2,pageviews_http_403
Pacific Science,0,0.0,151,3,pageviews_http_403
Pacific Science Association,0,0.0,188,0,pageviews_http_403
Packaging,0,0.0,2210,29,pageviews_http_403
Pact,0,0.0,61,8,pageviews_http_403
Pact of Steel,0,0.0,448,4,pageviews_http_403
Paddington Bear (TV series),0,0.0,278,2,pageviews_http_403
Paddy,0,0.0,93,2,pageviews_http_403
Paddy Mullins,0,0.0,68,0,pageviews_http_403
Padma Shri,0,0.0,4401,13,pageviews_http_403
Padmanabhapuram,0,0.0,523,0,pageviews_http_403
Padmanabhapuram division,0,0.0,88,0,pageviews_http_403
Page description language,0,0.0,295,10,pageviews_http_403
Paid,0,0.0,12,2,pageviews_http_403
Paid (1930 film),0,0.0,125,1,pageviews_http_403
Paid (2006 film),0,0.0,16,0,pageviews_http_403
"Paid Educational Leave Convention, 1974",0,0.0,6,1,pageviews_http_403
Paid Family Leave (California),0,0.0,49,0,pageviews_http_403
Paid Holidays (film),0,0.0,18,1,pageviews_http_403
Paid in Full,0,0.0,31,9,pageviews_http_403
Paid in Full (2002 film),0,0.0,96,0,pageviews_http_403
Paige,0,0.0,48,1,pageviews_http_403
Paige (name),0,0.0,22,1,pageviews_http_403
Painless (film),0,0.0,17,1,pageviews_http_403
Paint Me Down,0,0.0,52,0,pageviews_http_403
Paint Me a Birmingham,0,0.0,59,2,pageviews_http_403
Pake,0,0.0,7,0,pageviews_http_403
Pakistani 10-rupee coin,0,0.0,7,0,pageviews_http_403
Palace Amusements,0,0.0,137,0,pageviews_http_403
Paladins (video game),0,0.0,249,5,pageviews_http_403
Palestine High School,0,0.0,2,0,pageviews_http_403
Palestine High School (Texas),0,0.0,275,1,pageviews_http_403
Pallippuram,0,0.0,21,3,pageviews_http_403
"Pallippuram, Ernakulam",0,0.0,374,1,pageviews_http_403
"Pallippuram, Palakkad",0,0.0,16,0,pageviews_http_403
Pallipuram Fort,0,0.0,624,2,pageviews_http_403
Palm (PDA),0,0.0,166,6,pageviews_http_403
Palm Beach,0,0.0,90,4,pageviews_http_403
"Palm Beach Hotel (Palm Beach, Florida)",0,0.0,485,1,pageviews_http_403
"Palm Beach, Florida",0,0.0,2333,11,pageviews_http_403
Palmeira,0,0.0,7,1,pageviews_http_403
Paloma Faith,0,0.0,894,2,pageviews_http_403
Pamela,0,0.0,51,3,pageviews_http_403
Pamela Baird,0,0.0,25,1,pageviews_http_403
Pamela Winslow,0,0.0,8,0,pageviews_http_403
Pan (novel),0,0.0,11,0,pageviews_http_403
Pandu,0,0.0,357,1,pageviews_http_403
Panic (1928 film),0,0.0,85,1,pageviews_http_403
Panic (1963 film),0,0.0,58,0,pageviews_http_403
Panic (2000 film),0,0.0,43,0,pageviews_http_403
Panic × Panic,0,0.0,6,1,pageviews_http_403
Panic! at the Disco,0,0.0,2093,37,pageviews_http_403
Pantanal,0,0.0,779,5,pageviews_http_403
Paper Planes (film),0,0.0,69,0,pageviews_http_403
Paper clip,0,0.0,284,10,pageviews_http_403
PaperClip,0,0.0,102,0,pageviews_http_403
Papists Act 1740,0,0.0,5,0,pageviews_http_403
Pappy,0,0.0,16,0,pageviews_http_403
Parade (revue),0,0.0,24,2,pageviews_http_403
Parade of the Award Nominees,0,0.0,177,1,pageviews_http_403
Paradise (1991 film),0,0.0,44,0,pageviews_http_403
Paraiso (Smokey Mountain album),0,0.0,9,0,pageviews_http_403
Param Vir Chakra,0,0.0,657,6,pageviews_http_403
Parapet,0,0.0,6575,4,pageviews_http_403
Parasesarma messa,0,0.0,2,1,pageviews_http_403
Parathyroid chief cell,0,0.0,83,0,pageviews_http_403
Pardon My Past,0,0.0,37,0,pageviews_http_403
Pardon the Interruption,0,0.0,368,2,pageviews_http_403
Parents Just Don't Understand,0,0.0,184,1,pageviews_http_403
Paris (1926 film),0,0.0,60,0,pageviews_http_403
Paris (1979 TV series),0,0.0,142,0,pageviews_http_403
Paris (1994 TV series),0,0.0,39,1,pageviews_http_403
Paris (2003 film),0,0.0,21,0,pageviews_http_403
Paris (Jon English musical),0,0.0,61,1,pageviews_http_403
Paris (actor under Domitian),0,0.0,19,0,pageviews_http_403
Paris (rapper),0,0.0,122,2,pageviews_http_403
Paris Jackson,0,0.0,531,19,pageviews_http_403
Paris Paris (TV series),0,0.0,7,4,pageviews_http_403
Park Geun-hye,0,0.0,1088,25,pageviews_http_403
Parker Croft,0,0.0,26,0,pageviews_http_403
Parking (1985 film),0,0.0,103,0,pageviews_http_403
Parking Space (film),0,0.0,96,1,pageviews_http_403
"Parks in Windsor, Ontario",0,0.0,108,9,pageviews_http_403
Parksley Spuds,0,0.0,18,0,pageviews_http_403
Parlami d'amore,0,0.0,20,1,pageviews_http_403
Parnelli Jones,0,0.0,417,0,pageviews_http_403
Parros,0,0.0,1,0,pageviews_http_403
Parrot,0,0.0,3274,11,pageviews_http_403
Parry,0,0.0,34,1,pageviews_http_403
Part of Me,0,0.0,9,3,pageviews_http_403
Part of the List,0,0.0,76,1,pageviews_http_403
Part of the Search,0,0.0,225,0,pageviews_http_403
Part of the Union,0,0.0,156,1,pageviews_http_403
Particle radiation,0,0.0,139,0,pageviews_http_403
Party (1984 film),0,0.0,45,1,pageviews_http_403
Party (1996 film),0,0.0,55,0,pageviews_http_403
Party (Beyoncé song),0,0.0,397,2,pageviews_http_403
Party Cove,0,0.0,4,0,pageviews_http_403
Party platform,0,0.0,616,0,pageviews_http_403
Parul,0,0.0,10,0,pageviews_http_403
Parul Chauhan,0,0.0,123,0,pageviews_http_403
Parul Sehgal,0,0.0,64,1,pageviews_http_403
Parul Shah,0,0.0,134,0,pageviews_http_403
Pascal (given name),0,0.0,17,1,pageviews_http_403
Passage (Willis novel),0,0.0,112,2,pageviews_http_403
Passenger (1963 film),0,0.0,139,2,pageviews_http_403
Passenger (2009 film),0,0.0,55,0,pageviews_http_403
Passenger (Mnemic album),0,0.0,19,1,pageviews_http_403
Passengers (short story),0,0.0,106,1,pageviews_http_403
Passion (2012 film),0,0.0,72,2,pageviews_http_403
Passion Play,0,0.0,508,9,pageviews_http_403
Passion Play (play),0,0.0,57,3,pageviews_http_403
Passport,0,0.0,2862,14,pageviews_http_403
Passport (1990 film),0,0.0,39,0,pageviews_http_403
Paston Letters,0,0.0,264,5,pageviews_http_403
Pastry,0,0.0,1439,5,pageviews_http_403
Pat Ogrin,0,0.0,89,0,pageviews_http_403
Patagonian Welsh,0,0.0,187,3,pageviews_http_403
Pataliputra,0,0.0,737,11,pageviews_http_403
Patch,0,0.0,64,6,pageviews_http_403
Patience (Dreamgirls song),0,0.0,60,1,pageviews_http_403
Patric Zimmerman,0,0.0,54,2,pageviews_http_403
Patrice,0,0.0,21,0,pageviews_http_403
Patrice Lovely,0,0.0,21,0,pageviews_http_403
Patricia,0,0.0,116,1,pageviews_http_403
Patricia Bell-Scott,0,0.0,22,0,pageviews_http_403
Patricia Hamilton,0,0.0,76,0,pageviews_http_403
Patricia Neary,0,0.0,27,0,pageviews_http_403
Patrick Edema,0,0.0,5,2,pageviews_http_403
Patrick Labyorteaux,0,0.0,94,2,pageviews_http_403
Patrick Lambie,0,0.0,173,3,pageviews_http_403
Patrick Moore,0,0.0,2066,9,pageviews_http_403
Patrick Mulvany,0,0.0,29,1,pageviews_http_403
Patrick Murray,0,0.0,20,3,pageviews_http_403
Patrick Murray (actor),0,0.0,48,1,pageviews_http_403
Patrick Murray (theologian),0,0.0,7,2,pageviews_http_403
Patrick O'Brien,0,0.0,29,4,pageviews_http_403
Patrick O'Brien (musician),0,0.0,19,0,pageviews_http_403
Patrick O'Brien Demsey,0,0.0,11,0,pageviews_http_403
Patrick Thomas O'Brien,0,0.0,38,1,pageviews_http_403
Patrick Villiers Farrow,0,0.0,10,0,pageviews_http_403
Patrick's Cove-Angels Cove,0,0.0,317,15,pageviews_http_403
Patterson,0,0.0,33,1,pageviews_http_403
Patti,0,0.0,67,7,pageviews_http_403
Patti Clare,0,0.0,72,1,pageviews_http_403
Patti Davis,0,0.0,377,7,pageviews_http_403
Pattiyude Divasam,0,0.0,21,1,pageviews_http_403
Pattypan squash,0,0.0,83,13,pageviews_http_403
Paul Balban,0,0.0,16,1,pageviews_http_403
Paul Berrill,0,0.0,10,1,pageviews_http_403
Paul Bonifas,0,0.0,48,1,pageviews_http_403
"Paul Condon, Baron Condon",0,0.0,66,4,pageviews_http_403
Paul Ego,0,0.0,41,2,pageviews_http_403
Paul Halley,0,0.0,43,1,pageviews_http_403
Paul Humphries,0,0.0,9,1,pageviews_http_403
Paul Landers,0,0.0,118,3,pageviews_http_403
Paul Leyden,0,0.0,42,1,pageviews_http_403
Paul Lieber,0,0.0,23,1,pageviews_http_403
Paul M. Bingham,0,0.0,19,2,pageviews_http_403
Paul McCartney,0,0.0,10985,52,pageviews_http_403
Paul Michael Glaser,0,0.0,188,2,pageviews_http_403
"Paul Roberts (footballer, born 1977)",0,0.0,11,0,pageviews_http_403
Paul Sparks,0,0.0,152,1,pageviews_http_403
"Paul Walker (footballer, born 1949)",0,0.0,18,1,pageviews_http_403
"Paul Walker (footballer, born 1977)",0,0.0,12,1,pageviews_http_403
Paula,0,0.0,48,6,pageviews_http_403
Paula Menyuk,0,0.0,5,0,pageviews_http_403
Paula Weinstein,0,0.0,89,0,pageviews_http_403
Paulie,0,0.0,20,1,pageviews_http_403
Pauline epistles,0,0.0,1981,20,pageviews_http_403
Pavlović,0,0.0,98,3,pageviews_http_403
Pavol Rankov,0,0.0,9,0,pageviews_http_403
Paweł Adamowicz,0,0.0,262,4,pageviews_http_403
Paweł Blehm,0,0.0,82,1,pageviews_http_403
Payne,0,0.0,23,1,pageviews_http_403
Payne Stewart,0,0.0,516,4,pageviews_http_403
PeR,0,0.0,197,6,pageviews_http_403
Peace River,0,0.0,945,13,pageviews_http_403
Peace River (Florida),0,0.0,260,0,pageviews_http_403
Peace River Formation (Florida),0,0.0,14,0,pageviews_http_403
Peace X Peace,0,0.0,13,1,pageviews_http_403
"Peace, Perfect Peace",0,0.0,19,0,pageviews_http_403
"Peahi, Hawaii",0,0.0,228,0,pageviews_http_403
Pearl (radio play),0,0.0,11,1,pageviews_http_403
Pebble Mine,0,0.0,79,2,pageviews_http_403
Peck's Bad Boy,0,0.0,26,2,pageviews_http_403
Peck's Bad Boy (1934 film),0,0.0,87,0,pageviews_http_403
Peck's Bad Girl,0,0.0,16,0,pageviews_http_403
Peck's Bad Girl (TV series),0,0.0,6,0,pageviews_http_403
Pedology,0,0.0,694,3,pageviews_http_403
Pedro Proença,0,0.0,432,1,pageviews_http_403
Peep World,0,0.0,42,0,pageviews_http_403
Peep and the Big Wide World,0,0.0,510,14,pageviews_http_403
Pehla Nasha,0,0.0,52,0,pageviews_http_403
Pehla Pehla Pyar,0,0.0,35,1,pageviews_http_403
Peiris,0,0.0,134,2,pageviews_http_403
Peloton,0,0.0,398,4,pageviews_http_403
Pen (play),0,0.0,4,1,pageviews_http_403
Pen Pen,0,0.0,6,4,pageviews_http_403
Pen Pen TriIcelon,0,0.0,16,1,pageviews_http_403
Penelope,0,0.0,905,4,pageviews_http_403
Pension policy in South Korea,0,0.0,32,8,pageviews_http_403
Pensions in the United Kingdom,0,0.0,505,14,pageviews_http_403
Pentagón Jr.,0,0.0,1272,24,pageviews_http_403
People Help the People,0,0.0,128,3,pageviews_http_403
Peptide,0,0.0,3197,47,pageviews_http_403
Pequod (Moby-Dick),0,0.0,95,0,pageviews_http_403
Per,0,0.0,54,3,pageviews_http_403
Per Risvik,0,0.0,13,0,pageviews_http_403
Percy Cradock,0,0.0,50,1,pageviews_http_403
Percy Scholes,0,0.0,283,2,pageviews_http_403
Pereira Da Silva,0,0.0,10,3,pageviews_http_403
Perfect Dark Zero,0,0.0,283,7,pageviews_http_403
Perfect Day (Lou Reed song),0,0.0,448,4,pageviews_http_403
Perfect Understanding,0,0.0,31,0,pageviews_http_403
Perfect from Now On,0,0.0,50,9,pageviews_http_403
Perfection (game show),0,0.0,19,0,pageviews_http_403
Perhaps,0,0.0,8,1,pageviews_http_403
Perhaps Love,0,0.0,10,2,pageviews_http_403
Perhaps the Stars,0,0.0,7,0,pageviews_http_403
Perilli,0,0.0,3,0,pageviews_http_403
Perić,0,0.0,11,3,pageviews_http_403
Permanent residency,0,0.0,1037,10,pageviews_http_403
Permanent residency in Canada,0,0.0,106,0,pageviews_http_403
Perry Cox,0,0.0,166,11,pageviews_http_403
Perry's Victory and International Peace Memorial,0,0.0,361,6,pageviews_http_403
Perseus (constellation),0,0.0,667,4,pageviews_http_403
Persians in the Mughal Empire,0,0.0,11,0,pageviews_http_403
Person to Person,0,0.0,133,0,pageviews_http_403
Person to Person (Australian TV series),0,0.0,3,0,pageviews_http_403
Persona (1966 film),0,0.0,499,1,pageviews_http_403
Perth Arena,0,0.0,758,2,pageviews_http_403
Pesi Girsch,0,0.0,17,1,pageviews_http_403
Pesi Jilen,0,0.0,6,0,pageviews_http_403
Pesi Shroff,0,0.0,14,0,pageviews_http_403
Pet Sematary Two,0,0.0,245,4,pageviews_http_403
Petals on the Wind (film),0,0.0,57,1,pageviews_http_403
Petar Stambolić,0,0.0,482,1,pageviews_http_403
Pete Waterman,0,0.0,529,3,pageviews_http_403
Pete and Geoff,0,0.0,85,2,pageviews_http_403
Peter,0,0.0,241,5,pageviews_http_403
Peter Bircumshaw,0,0.0,16,1,pageviews_http_403
Peter Egan,0,0.0,194,2,pageviews_http_403
Peter Egan (columnist),0,0.0,21,0,pageviews_http_403
Peter Gabriel (1978 album),0,0.0,165,7,pageviews_http_403
Peter Gabriel (1982 album),0,0.0,190,12,pageviews_http_403
Peter Jackson,0,0.0,2732,12,pageviews_http_403
Peter Maxwell Davies,0,0.0,961,7,pageviews_http_403
Peter McWilliams,0,0.0,66,3,pageviews_http_403
Peter O'Brien (actor),0,0.0,191,0,pageviews_http_403
Peter Pan (American horse),0,0.0,237,1,pageviews_http_403
Peter Parros,0,0.0,31,1,pageviews_http_403
Peter Peter,0,0.0,10,3,pageviews_http_403
Peter and Wendy,0,0.0,418,0,pageviews_http_403
Peters &amp; Peters,0,0.0,0,0,pageviews_http_403
Petr,0,0.0,21,2,pageviews_http_403
Petr Bříza,0,0.0,43,1,pageviews_http_403
Petr Mlsna,0,0.0,32,0,pageviews_http_403
Petr Nedvěd,0,0.0,184,2,pageviews_http_403
Petr Pravec,0,0.0,417,1,pageviews_http_403
Petre Gruzinsky,0,0.0,16,0,pageviews_http_403
Petros,0,0.0,15,2,pageviews_http_403
Petros Efthymiou,0,0.0,30,1,pageviews_http_403
Petros Manos,0,0.0,128,2,pageviews_http_403
Petros Tabouris,0,0.0,5,1,pageviews_http_403
Petrus Camper,0,0.0,239,3,pageviews_http_403
Pets Win Prizes,0,0.0,14,0,pageviews_http_403
Pettis,0,0.0,3,2,pageviews_http_403
Petyr Baelish,0,0.0,239,6,pageviews_http_403
Phaic Tăn,0,0.0,55,18,pageviews_http_403
Phantasmagoria (video game),0,0.0,320,3,pageviews_http_403
Phantom of Inferno,0,0.0,176,7,pageviews_http_403
Pharyngeal,0,0.0,72,4,pageviews_http_403
Pharyngeal slit,0,0.0,229,3,pageviews_http_403
Phase-contrast microscopy,0,0.0,196,11,pageviews_http_403
Phek district,0,0.0,140,3,pageviews_http_403
Phil Coulson,0,0.0,1069,8,pageviews_http_403
Phil Gladwin,0,0.0,10,0,pageviews_http_403
"Phil Taylor (footballer, born 1958)",0,0.0,7,1,pageviews_http_403
"Phil Williams (footballer, born 1958)",0,0.0,2,1,pageviews_http_403
Philadelphia Flyers,0,0.0,5744,21,pageviews_http_403
Philadelphia Freedom (song),0,0.0,256,0,pageviews_http_403
Philip I of Rosenberg,0,0.0,3,0,pageviews_http_403
Philip Pope,0,0.0,84,1,pageviews_http_403
Philip Rosenberg,0,0.0,227,0,pageviews_http_403
Philipp Crone,0,0.0,55,0,pageviews_http_403
Philippe Le Billon,0,0.0,15,0,pageviews_http_403
Philippines and the Asian Development Bank,0,0.0,2,1,pageviews_http_403
Philistine captivity of the Ark,0,0.0,96,1,pageviews_http_403
Philistine language,0,0.0,531,3,pageviews_http_403
Philosophy of language,0,0.0,2409,15,pageviews_http_403
Phoebe Nicholson,0,0.0,253,0,pageviews_http_403
Phoenix (2014 film),0,0.0,93,0,pageviews_http_403
Phoenix Air Phoenix,0,0.0,23,0,pageviews_http_403
Phoenix Marketcity (Pune),0,0.0,126,1,pageviews_http_403
Phoenix Theatre (Phoenix),0,0.0,24,1,pageviews_http_403
Phu,0,0.0,14,3,pageviews_http_403
Phu Dorjee,0,0.0,271,1,pageviews_http_403
Phu Dorjee Sherpa,0,0.0,17,0,pageviews_http_403
Pi Day,0,0.0,2065,14,pageviews_http_403
Pi Day Die Day,0,0.0,26,0,pageviews_http_403
Piano Trio (Debussy),0,0.0,69,0,pageviews_http_403
Piano trio,0,0.0,477,3,pageviews_http_403
Pick You Up,0,0.0,90,1,pageviews_http_403
Pickled cucumber,0,0.0,1099,46,pageviews_http_403
Pickled herring,0,0.0,728,3,pageviews_http_403
Pictures from Home,0,0.0,17,1,pageviews_http_403
Pictures from Iraq,0,0.0,4,1,pageviews_http_403
Pictures from Italy,0,0.0,104,0,pageviews_http_403
Pictures from an Institution,0,0.0,18,1,pageviews_http_403
Pidgin,0,0.0,2582,14,pageviews_http_403
"Pie, Pie Blackbird",0,0.0,13,2,pageviews_http_403
Piece of Time,0,0.0,25,0,pageviews_http_403
Piel,0,0.0,6,1,pageviews_http_403
Piel (TV series),0,0.0,158,1,pageviews_http_403
Piel a Piel,0,0.0,3,0,pageviews_http_403
Pierce Gagnon,0,0.0,52,1,pageviews_http_403
Pierre Joxe,0,0.0,71,0,pageviews_http_403
Pierre Napoléon Bonaparte,0,0.0,91,5,pageviews_http_403
Pierre le Beau,0,0.0,5,0,pageviews_http_403
Pieter van Laer,0,0.0,102,4,pageviews_http_403
Pietro Ameglio,0,0.0,11,0,pageviews_http_403
Pietro Metastasio,0,0.0,591,3,pageviews_http_403
Pig,0,0.0,4924,33,pageviews_http_403
Pig farming,0,0.0,782,15,pageviews_http_403
Pig wing,0,0.0,1,0,pageviews_http_403
Pigmeat Markham,0,0.0,108,8,pageviews_http_403
Pilgrimage (1933 film),0,0.0,231,0,pageviews_http_403
Pilgrimage (2001 film),0,0.0,97,0,pageviews_http_403
Pilgrimage (2017 film),0,0.0,29,1,pageviews_http_403
Pilot (Being Human),0,0.0,34,3,pageviews_http_403
Pilot (Gilmore Girls),0,0.0,46,4,pageviews_http_403
Pilot (Grimm),0,0.0,143,1,pageviews_http_403
Pilot (Hawaii Five-0),0,0.0,86,1,pageviews_http_403
Pilot (Life on a Stick),0,0.0,10,0,pageviews_http_403
Pilot (Missing),0,0.0,3,0,pageviews_http_403
Pilot (Nikita),0,0.0,29,2,pageviews_http_403
Pilot (One Tree Hill),0,0.0,44,1,pageviews_http_403
Pilot (Revenge),0,0.0,31,0,pageviews_http_403
"Pilot (Sit Down, Shut Up)",0,0.0,19,0,pageviews_http_403
Pilot (The Playboy Club),0,0.0,44,0,pageviews_http_403
Pilot (Touch),0,0.0,8,0,pageviews_http_403
Pilot (White Collar),0,0.0,32,1,pageviews_http_403
Pink Cadillac,0,0.0,7,1,pageviews_http_403
Pink Cadillac (film),0,0.0,82,1,pageviews_http_403
Pink Cadillac (song),0,0.0,242,0,pageviews_http_403
Pink Floyd,0,0.0,9691,34,pageviews_http_403
Pink Lily,0,0.0,76,1,pageviews_http_403
Pink-collar worker,0,0.0,586,8,pageviews_http_403
Pinoy Auto Trader,0,0.0,11,0,pageviews_http_403
Pioneer,0,0.0,303,15,pageviews_http_403
Pioneer (Pioneer album),0,0.0,6,0,pageviews_http_403
Pioneer (film),0,0.0,31,1,pageviews_http_403
Pioneer Trail (film),0,0.0,42,0,pageviews_http_403
Piotr Balcerzak,0,0.0,53,1,pageviews_http_403
Pip (South Park),0,0.0,102,3,pageviews_http_403
Piper Kerman,0,0.0,92,1,pageviews_http_403
Pipkins,0,0.0,43,1,pageviews_http_403
Pirates (1986 film),0,0.0,165,1,pageviews_http_403
Pirates of Malaysia,0,0.0,101,3,pageviews_http_403
Pirates of Venus,0,0.0,109,0,pageviews_http_403
Pirates of the Caribbean (attraction),0,0.0,577,7,pageviews_http_403
Pirates!,0,0.0,11,2,pageviews_http_403
Pirivom Santhippom,0,0.0,87,3,pageviews_http_403
Pirivom Santhippom (TV series),0,0.0,21,2,pageviews_http_403
Pit Fighter (film),0,0.0,47,0,pageviews_http_403
Pitch,0,0.0,166,5,pageviews_http_403
Pitch (film),0,0.0,31,0,pageviews_http_403
Pitch Black (film),0,0.0,171,14,pageviews_http_403
Pitch Lake,0,0.0,66,3,pageviews_http_403
Piya Abhimani,0,0.0,8,1,pageviews_http_403
Pizza delivery,0,0.0,386,18,pageviews_http_403
Place de la Bastille,0,0.0,433,1,pageviews_http_403
Places in the Heart,0,0.0,227,1,pageviews_http_403
Plain of Jars,0,0.0,280,4,pageviews_http_403
Planes (film),0,0.0,698,6,pageviews_http_403
Planet Earth (2006 TV series),0,0.0,487,15,pageviews_http_403
Planking,0,0.0,44,1,pageviews_http_403
Planking (fad),0,0.0,243,7,pageviews_http_403
Plantation Act 1740,0,0.0,246,3,pageviews_http_403
Plasma shaping,0,0.0,18,2,pageviews_http_403
Plastic (2014 film),0,0.0,28,0,pageviews_http_403
Plastic film,0,0.0,451,1,pageviews_http_403
Plastic hinge,0,0.0,15,0,pageviews_http_403
Plastic shopping bag,0,0.0,344,10,pageviews_http_403
Platform,0,0.0,160,6,pageviews_http_403
Platform Party,0,0.0,182,4,pageviews_http_403
Platonic love,0,0.0,780,49,pageviews_http_403
Platte River,0,0.0,588,5,pageviews_http_403
Play (Ricky Martin EP),0,0.0,135,0,pageviews_http_403
Play (play),0,0.0,120,1,pageviews_http_403
Play Ball,0,0.0,9,2,pageviews_http_403
Play Dirty (1969 film),0,0.0,98,0,pageviews_http_403
Play Nice,0,0.0,3,1,pageviews_http_403
Play Radio UK,0,0.0,32,4,pageviews_http_403
Play clock,0,0.0,157,0,pageviews_http_403
Play money,0,0.0,58,3,pageviews_http_403
Play-action pass,0,0.0,203,4,pageviews_http_403
PlayStation 4 technical specifications,0,0.0,218,4,pageviews_http_403
Playaz of da Game,0,0.0,36,1,pageviews_http_403
Playground,0,0.0,1547,15,pageviews_http_403
Playing It My Way,0,0.0,29,1,pageviews_http_403
Please Don't,0,0.0,27,1,pageviews_http_403
Please Don't Fall in Love,0,0.0,136,0,pageviews_http_403
Please Don't Talk to the Lifeguard,0,0.0,4,0,pageviews_http_403
Please Don't Tell,0,0.0,223,0,pageviews_http_403
Please Don't Tell Me How the Story Ends,0,0.0,139,0,pageviews_http_403
Please Mr. Postman,0,0.0,424,12,pageviews_http_403
"Please, Mister Postman (book)",0,0.0,6,1,pageviews_http_403
"Plenty, Plenty Soul",0,0.0,65,0,pageviews_http_403
Plexus,0,0.0,105,2,pageviews_http_403
Plug and play,0,0.0,405,17,pageviews_http_403
Plum,0,0.0,1750,8,pageviews_http_403
Plum Spooky,0,0.0,28,0,pageviews_http_403
Plus,0,0.0,67,11,pageviews_http_403
Plus (band),0,0.0,22,1,pageviews_http_403
Plus (novel),0,0.0,16,0,pageviews_http_403
Plus One (band),0,0.0,109,7,pageviews_http_403
Plus+,0,0.0,18,2,pageviews_http_403
Plush,0,0.0,460,1,pageviews_http_403
Plush (film),0,0.0,51,12,pageviews_http_403
Plush (song),0,0.0,150,2,pageviews_http_403
"Plush, Dorset",0,0.0,37,0,pageviews_http_403
Pluvial,0,0.0,95,2,pageviews_http_403
Pluvial lake,0,0.0,86,2,pageviews_http_403
Pocatello High School,0,0.0,80,1,pageviews_http_403
Poems of the Past and the Present,0,0.0,53,1,pageviews_http_403
Point Counter Point,0,0.0,94,3,pageviews_http_403
Point and Shoot (film),0,0.0,25,2,pageviews_http_403
Point and shoot,0,0.0,9,3,pageviews_http_403
Point of Order (film),0,0.0,25,2,pageviews_http_403
Point of order,0,0.0,211,4,pageviews_http_403
Point-and-shoot camera,0,0.0,423,5,pageviews_http_403
Pointer,0,0.0,91,2,pageviews_http_403
Pointless,0,0.0,483,5,pageviews_http_403
Poison (Bell Biv DeVoe song),0,0.0,134,2,pageviews_http_403
Poison Pen (play),0,0.0,12,1,pageviews_http_403
Poison dart frog,0,0.0,776,25,pageviews_http_403
Pokhran-II,0,0.0,790,2,pageviews_http_403
Pokémon Diamond and Pearl,0,0.0,1108,82,pageviews_http_403
Pol,0,0.0,43,4,pageviews_http_403
Polar Satellite Launch Vehicle,0,0.0,1392,11,pageviews_http_403
Poliakoff,0,0.0,11,0,pageviews_http_403
Polish Land Forces,0,0.0,1870,4,pageviews_http_403
Polish–Czechoslovak War,0,0.0,492,7,pageviews_http_403
Polish–Ottoman War (1620–1621),0,0.0,432,10,pageviews_http_403
Political culture of the United States,0,0.0,157,4,pageviews_http_403
Political organisation,0,0.0,935,7,pageviews_http_403
Politics in America (CQ Press),0,0.0,16,1,pageviews_http_403
Politics of Indonesia,0,0.0,789,7,pageviews_http_403
Politics of Norway,0,0.0,824,9,pageviews_http_403
Politics of the Gambia,0,0.0,309,15,pageviews_http_403
Poll,0,0.0,131,7,pageviews_http_403
Poll (parrot),0,0.0,204,2,pageviews_http_403
Pollock,0,0.0,583,5,pageviews_http_403
"Pollock, Louisiana",0,0.0,69,2,pageviews_http_403
Polly Put the Kettle On,0,0.0,20,2,pageviews_http_403
Polly Put the Kettle On (film),0,0.0,11,0,pageviews_http_403
Polynesia,0,0.0,19396,12,pageviews_http_403
Polyperchon,0,0.0,160,1,pageviews_http_403
Polyptychoides ruaha,0,0.0,5,0,pageviews_http_403
Pommes Anna,0,0.0,176,4,pageviews_http_403
Pommes Frites,0,0.0,772,0,pageviews_http_403
Pommes dauphine,0,0.0,688,3,pageviews_http_403
Ponies (short story),0,0.0,99,0,pageviews_http_403
Pony,0,0.0,885,2,pageviews_http_403
Poopdeck Pappy,0,0.0,104,0,pageviews_http_403
Poor Boy's Game,0,0.0,50,0,pageviews_http_403
Pop music,0,0.0,87123,28,pageviews_http_403
Pope,0,0.0,12429,84,pageviews_http_403
Pope Field,0,0.0,753,12,pageviews_http_403
Pope Francis Preparatory School,0,0.0,81,6,pageviews_http_403
Pope Linus,0,0.0,1750,8,pageviews_http_403
Por Amar Se Da Todo,0,0.0,43,0,pageviews_http_403
Por Una Mujer Bonita,0,0.0,22,1,pageviews_http_403
Por una Cabeza,0,0.0,72,0,pageviews_http_403
Por una mujer,0,0.0,97,1,pageviews_http_403
Pork,0,0.0,2460,9,pageviews_http_403
Pork ribs,0,0.0,825,16,pageviews_http_403
Porky Pig,0,0.0,1369,11,pageviews_http_403
Porky's Duck Hunt,0,0.0,397,0,pageviews_http_403
Porky's Hare Hunt,0,0.0,391,1,pageviews_http_403
Port of Palm Beach,0,0.0,61,1,pageviews_http_403
Port-au-Prince,0,0.0,3688,40,pageviews_http_403
Portable long service leave,0,0.0,8,2,pageviews_http_403
Portfolio,0,0.0,136,4,pageviews_http_403
Portland Aerial Tram,0,0.0,173,2,pageviews_http_403
"Portland, Oregon",0,0.0,28678,32,pageviews_http_403
Portman,0,0.0,8,2,pageviews_http_403
Portolá expedition,0,0.0,310,4,pageviews_http_403
Portrait of the Artist as a Young Bunny,0,0.0,24,0,pageviews_http_403
Portrait of the Artist as a Young Dog,0,0.0,45,0,pageviews_http_403
Portrait of the Artist as a Young Ram,0,0.0,10,1,pageviews_http_403
"Portraits (So Long Ago, So Clear)",0,0.0,72,0,pageviews_http_403
Positions (book),0,0.0,37,0,pageviews_http_403
Positive,0,0.0,106,8,pageviews_http_403
Positive (1990 film),0,0.0,36,0,pageviews_http_403
Positive (2007 film),0,0.0,45,0,pageviews_http_403
Positive (2008 film),0,0.0,94,0,pageviews_http_403
Positive-negative film,0,0.0,5,0,pageviews_http_403
Possessed (1931 film),0,0.0,191,0,pageviews_http_403
Possessed (1983 film),0,0.0,10,0,pageviews_http_403
Possum Kingdom (song),0,0.0,49,0,pageviews_http_403
Possum Kingdom Lake,0,0.0,73,5,pageviews_http_403
Post office,0,0.0,7996,16,pageviews_http_403
Posterior tibial,0,0.0,2,1,pageviews_http_403
Posterior tibial artery,0,0.0,117,4,pageviews_http_403
Posterior tibial recurrent artery,0,0.0,72,3,pageviews_http_403
Posterior tibial vein,0,0.0,44,2,pageviews_http_403
Postmarketing surveillance,0,0.0,89,8,pageviews_http_403
Potassium cyanide,0,0.0,738,4,pageviews_http_403
Potemkin village,0,0.0,466,7,pageviews_http_403
Potential,0,0.0,304,4,pageviews_http_403
Poudre B,0,0.0,129,0,pageviews_http_403
Poudre Lake,0,0.0,5,0,pageviews_http_403
Powder,0,0.0,503,6,pageviews_http_403
Powder-actuated tool,0,0.0,49,7,pageviews_http_403
Power (2014 Telugu film),0,0.0,98,3,pageviews_http_403
Power Rangers Jungle Fury,0,0.0,354,13,pageviews_http_403
Practical Jokers,0,0.0,13,0,pageviews_http_403
Practical Magic (novel),0,0.0,15,1,pageviews_http_403
Prague (2006 film),0,0.0,25,3,pageviews_http_403
Praneet Bhat,0,0.0,58,1,pageviews_http_403
Pravda,0,0.0,2575,5,pageviews_http_403
Praça da Independência,0,0.0,7,0,pageviews_http_403
Pre,0,0.0,19,3,pageviews_http_403
Pre (band),0,0.0,16,0,pageviews_http_403
Pre-determined overhead rate,0,0.0,4,2,pageviews_http_403
Pre-production,0,0.0,874,8,pageviews_http_403
Preamble to the Constitution of India,0,0.0,209,4,pageviews_http_403
Precious Images,0,0.0,148,0,pageviews_http_403
Precisely (company),0,0.0,43,6,pageviews_http_403
Precisely (sketch),0,0.0,70,0,pageviews_http_403
Premi,0,0.0,197,2,pageviews_http_403
Premiere,0,0.0,1713,18,pageviews_http_403
Premiere (1937 film),0,0.0,102,1,pageviews_http_403
Premiere (1938 film),0,0.0,61,0,pageviews_http_403
Premios Juventud,0,0.0,632,4,pageviews_http_403
Prenatal memory,0,0.0,18,4,pageviews_http_403
"Prentiss County, Mississippi",0,0.0,491,2,pageviews_http_403
"Prentiss, Mississippi",0,0.0,209,2,pageviews_http_403
Prescription Drug Marketing Act,0,0.0,53,2,pageviews_http_403
Prescription drug,0,0.0,3213,26,pageviews_http_403
Presentment,0,0.0,48,2,pageviews_http_403
Presentment Clause,0,0.0,622,3,pageviews_http_403
Presidency University,0,0.0,27,1,pageviews_http_403
"Presidency University, Kolkata",0,0.0,1162,7,pageviews_http_403
President of Finland,0,0.0,1442,7,pageviews_http_403
President of Poland,0,0.0,1790,9,pageviews_http_403
President's Trophy Boat Race,0,0.0,547,0,pageviews_http_403
Presidential Range (Green Mountains),0,0.0,62,0,pageviews_http_403
Presidents Cup,0,0.0,881,4,pageviews_http_403
Presidents Race,0,0.0,118,3,pageviews_http_403
Prestige,0,0.0,110,4,pageviews_http_403
Prestige (beer),0,0.0,98,0,pageviews_http_403
Prestige Records,0,0.0,1853,7,pageviews_http_403
Prestige Records discography,0,0.0,458,0,pageviews_http_403
Price's Missouri Expedition,0,0.0,1284,4,pageviews_http_403
Pride Park Stadium,0,0.0,1009,1,pageviews_http_403
Priesthood (LDS Church),0,0.0,371,8,pageviews_http_403
Prilepin,0,0.0,9,1,pageviews_http_403
Primary Rate Interface,0,0.0,60,9,pageviews_http_403
Prime (film),0,0.0,72,2,pageviews_http_403
Prime Minister of Kenya,0,0.0,563,4,pageviews_http_403
Prime Mover (film),0,0.0,17,0,pageviews_http_403
Prime Time (novel),0,0.0,139,0,pageviews_http_403
Prime minister,0,0.0,5432,18,pageviews_http_403
Prime time,0,0.0,2526,12,pageviews_http_403
Primeiros Sons do Hino da Independência,0,0.0,3,1,pageviews_http_403
Prince,0,0.0,2382,29,pageviews_http_403
Prince (1969 film),0,0.0,36,0,pageviews_http_403
Prince Charming,0,0.0,837,1,pageviews_http_403
Prince Igor (1969 film),0,0.0,13,0,pageviews_http_403
"Prince Louis, Duke of Nemours",0,0.0,201,12,pageviews_http_403
Prince Paul of Yugoslavia,0,0.0,331,25,pageviews_http_403
Prince Rupert of the Rhine,0,0.0,868,13,pageviews_http_403
Prince Zhanghuai,0,0.0,19,0,pageviews_http_403
Princely state,0,0.0,3343,17,pageviews_http_403
Princess Anna of Prussia,0,0.0,88,2,pageviews_http_403
Princess Florestine of Monaco,0,0.0,45,1,pageviews_http_403
Princess Ki,0,0.0,7,0,pageviews_http_403
Princess Maria of Greece and Denmark,0,0.0,154,7,pageviews_http_403
Princess Mononoke,0,0.0,1234,17,pageviews_http_403
Princess X,0,0.0,22,1,pageviews_http_403
Principles of grouping,0,0.0,76,7,pageviews_http_403
Prisoner's Dilemma (novel),0,0.0,25,0,pageviews_http_403
Prison–industrial complex,0,0.0,276,8,pageviews_http_403
Private (novel series),0,0.0,56,3,pageviews_http_403
Private (novel),0,0.0,110,2,pageviews_http_403
Private Life,0,0.0,38,4,pageviews_http_403
Private Life (1982 film),0,0.0,66,0,pageviews_http_403
Private Life (2018 film),0,0.0,66,0,pageviews_http_403
Privilege (film),0,0.0,85,1,pageviews_http_403
Priyanka,0,0.0,55,1,pageviews_http_403
Priyanka Yoshikawa,0,0.0,51,3,pageviews_http_403
Prized,0,0.0,27,0,pageviews_http_403
Prized Possessions,0,0.0,1,0,pageviews_http_403
Prized porker,0,0.0,1,0,pageviews_http_403
Probably,0,0.0,23,1,pageviews_http_403
Problem child,0,0.0,22,4,pageviews_http_403
Proclamation of the abolition of the monarchy,0,0.0,137,2,pageviews_http_403
Prodigal Sons (film),0,0.0,19,0,pageviews_http_403
Proença,0,0.0,3,1,pageviews_http_403
Professional Sweetheart,0,0.0,35,0,pageviews_http_403
Progressive Alliance,0,0.0,1004,3,pageviews_http_403
Promise,0,0.0,228,8,pageviews_http_403
Promise to Promise,0,0.0,43,0,pageviews_http_403
Promotion,0,0.0,164,7,pageviews_http_403
Pronucleus,0,0.0,56,8,pageviews_http_403
Proof,0,0.0,235,15,pageviews_http_403
Proof (1991 film),0,0.0,206,0,pageviews_http_403
Proof (2005 film),0,0.0,115,0,pageviews_http_403
Proof (comics),0,0.0,28,0,pageviews_http_403
Propaganda during the Reformation,0,0.0,198,3,pageviews_http_403
Props (Glee),0,0.0,167,0,pageviews_http_403
Prose,0,0.0,2090,3,pageviews_http_403
Prosopography of the Later Roman Empire,0,0.0,254,0,pageviews_http_403
Protagonist,0,0.0,4921,23,pageviews_http_403
Protagonist (film),0,0.0,27,0,pageviews_http_403
Protocol (band),0,0.0,12,1,pageviews_http_403
Protoplasm,0,0.0,211,2,pageviews_http_403
Proud,0,0.0,38,5,pageviews_http_403
Proud Clarion,0,0.0,190,0,pageviews_http_403
Providence (The X-Files),0,0.0,65,3,pageviews_http_403
Providence St. Vincent Medical Center,0,0.0,97,2,pageviews_http_403
Province,0,0.0,2451,7,pageviews_http_403
Province of Georgia,0,0.0,1056,11,pageviews_http_403
Provincial Assembly of the Punjab,0,0.0,1942,5,pageviews_http_403
Provoost,0,0.0,4,0,pageviews_http_403
Provost Skene's House,0,0.0,131,0,pageviews_http_403
Psychological trauma,0,0.0,1725,19,pageviews_http_403
Psychopathy Checklist,0,0.0,182,13,pageviews_http_403
Public Opinion (1916 film),0,0.0,12,0,pageviews_http_403
Public Protector,0,0.0,210,2,pageviews_http_403
Public opinion,0,0.0,1339,16,pageviews_http_403
Publicly owned,0,0.0,4,4,pageviews_http_403
Publicly owned treatment works,0,0.0,23,0,pageviews_http_403
Puckett,0,0.0,7,3,pageviews_http_403
Pudsey,0,0.0,579,5,pageviews_http_403
"Puerto Plata, Dominican Republic",0,0.0,287,0,pageviews_http_403
Puerto Rican Day Parade,0,0.0,193,3,pageviews_http_403
Puerto Rico Trench,0,0.0,262,2,pageviews_http_403
Puerto Rico at the 1984 Winter Olympics,0,0.0,95,0,pageviews_http_403
Puerto Rico at the 1988 Winter Olympics,0,0.0,119,0,pageviews_http_403
Puerto Rico at the 1992 Winter Olympics,0,0.0,113,0,pageviews_http_403
Puerto Rico at the 1994 Winter Olympics,0,0.0,114,0,pageviews_http_403
Puerto Rico at the 2018 Winter Olympics,0,0.0,139,0,pageviews_http_403
Pulitzer Prize,0,0.0,7851,16,pageviews_http_403
Pulled,0,0.0,1,1,pageviews_http_403
Pulled pork,0,0.0,260,4,pageviews_http_403
Pulled rickshaw,0,0.0,737,15,pageviews_http_403
"Pullman, Chicago",0,0.0,309,3,pageviews_http_403
Pulmonary circulation,0,0.0,457,9,pageviews_http_403
Pulp (tooth),0,0.0,441,15,pageviews_http_403
Pulse (2006 film),0,0.0,78,1,pageviews_http_403
Pulse (video game),0,0.0,8,1,pageviews_http_403
Pump,0,0.0,1484,32,pageviews_http_403
Pump (film),0,0.0,9,0,pageviews_http_403
Pumpkin,0,0.0,1806,9,pageviews_http_403
Pumpkin (film),0,0.0,64,3,pageviews_http_403
Punishment (TV series),0,0.0,37,0,pageviews_http_403
Punk,0,0.0,673,4,pageviews_http_403
Puppet Master (film),0,0.0,269,6,pageviews_http_403
Pur,0,0.0,42,3,pageviews_http_403
Pur (band),0,0.0,62,1,pageviews_http_403
Purdue Boilermakers football,0,0.0,1882,11,pageviews_http_403
Puri,0,0.0,1387,20,pageviews_http_403
Puri Puri,0,0.0,2,1,pageviews_http_403
Purkinje,0,0.0,8,1,pageviews_http_403
Purkinje fibers,0,0.0,161,16,pageviews_http_403
Purkinje images,0,0.0,49,5,pageviews_http_403
Push It to the Limit,0,0.0,3,4,pageviews_http_403
Push It to the Limit (Corbin Bleu song),0,0.0,43,0,pageviews_http_403
Push feed and controlled feed,0,0.0,243,3,pageviews_http_403
Pushpaka Vimana (1987 film),0,0.0,222,3,pageviews_http_403
Puss in Boots (2011 film),0,0.0,800,7,pageviews_http_403
Pussy,0,0.0,351,3,pageviews_http_403
Pussy Cat Pussy Cat,0,0.0,25,1,pageviews_http_403
Put The Kettle On,0,0.0,6,0,pageviews_http_403
Puzzle,0,0.0,961,18,pageviews_http_403
Puzzle (1974 film),0,0.0,44,3,pageviews_http_403
Puzzle (2006 film),0,0.0,15,0,pageviews_http_403
Puzzle (2010 film),0,0.0,21,1,pageviews_http_403
Puzzle Series,0,0.0,108,11,pageviews_http_403
Pyramid Head,0,0.0,169,9,pageviews_http_403
Pyramidion,0,0.0,149,0,pageviews_http_403
Pyramidion (album),0,0.0,30,0,pageviews_http_403
Pyramidion of Amenemhat III,0,0.0,9,0,pageviews_http_403
Q (1970s band),0,0.0,7,0,pageviews_http_403
Q (1982 film),0,0.0,89,3,pageviews_http_403
Q... (TV series),0,0.0,69,5,pageviews_http_403
Q.931,0,0.0,29,3,pageviews_http_403
QWERTY,0,0.0,1808,52,pageviews_http_403
Qatar motorcycle Grand Prix,0,0.0,178,1,pageviews_http_403
Qaumi Awaz,0,0.0,29,0,pageviews_http_403
Qaumi Taranah,0,0.0,474,30,pageviews_http_403
"Quality, cost, delivery",0,0.0,20,2,pageviews_http_403
Quando,0,0.0,2,1,pageviews_http_403
Quando Quango,0,0.0,38,4,pageviews_http_403
Quando quando quando,0,0.0,192,6,pageviews_http_403
Quantitative phase-contrast microscopy,0,0.0,69,4,pageviews_http_403
Quarter Pounder,0,0.0,508,9,pageviews_http_403
Quarterback,0,0.0,18669,15,pageviews_http_403
Quebec Charter of Human Rights and Freedoms,0,0.0,142,0,pageviews_http_403
Queen Elizabeth The Queen Mother,0,0.0,2338,0,pageviews_http_403
Queen Mary trailer,0,0.0,20,0,pageviews_http_403
Queen of My Double Wide Trailer,0,0.0,47,1,pageviews_http_403
Queen of the Damned,0,0.0,265,3,pageviews_http_403
Queen's Evidence (film),0,0.0,9,0,pageviews_http_403
Queensferry Crossing,0,0.0,318,5,pageviews_http_403
Quelle drôle de gosse!,0,0.0,32,2,pageviews_http_403
Quest Crew,0,0.0,150,1,pageviews_http_403
Question (short story),0,0.0,9,1,pageviews_http_403
Questioned document examination,0,0.0,213,8,pageviews_http_403
Quick (1932 film),0,0.0,88,0,pageviews_http_403
Quick (2011 film),0,0.0,31,0,pageviews_http_403
"Quod scripsi, scripsi",0,0.0,224,1,pageviews_http_403
Quoits,0,0.0,212,2,pageviews_http_403
Quraish Pur,0,0.0,7,0,pageviews_http_403
R (film),0,0.0,122,1,pageviews_http_403
R-Evolution (film),0,0.0,121,1,pageviews_http_403
R. Budd Dwyer,0,0.0,273,18,pageviews_http_403
RAD52,0,0.0,40,3,pageviews_http_403
RCAF Overseas Headquarters Band,0,0.0,5,0,pageviews_http_403
REST,0,0.0,1225,19,pageviews_http_403
ROTOR,0,0.0,79,0,pageviews_http_403
RTÉ Sports Manager of the Year Award,0,0.0,13,1,pageviews_http_403
RTÉ Sports Person of the Year,0,0.0,144,4,pageviews_http_403
RTÉ Sports Team of the Year Award,0,0.0,24,3,pageviews_http_403
RUM,0,0.0,6,0,pageviews_http_403
RV (film),0,0.0,163,10,pageviews_http_403
RV Belgica,0,0.0,13,1,pageviews_http_403
RV park,0,0.0,205,12,pageviews_http_403
Rabaul,0,0.0,1350,3,pageviews_http_403
Rabbit (Winnie-the-Pooh),0,0.0,185,1,pageviews_http_403
Rabbits in Australia,0,0.0,252,7,pageviews_http_403
Race and ethnicity in the NBA,0,0.0,245,11,pageviews_http_403
Race and ethnicity in the NHL,0,0.0,22,1,pageviews_http_403
Rachel Carson,0,0.0,2031,7,pageviews_http_403
Rachel Corsie,0,0.0,210,0,pageviews_http_403
Rachel Johnson,0,0.0,232,1,pageviews_http_403
Rachel Johnson (disambiguation),0,0.0,1,0,pageviews_http_403
Radek,0,0.0,15,1,pageviews_http_403
Radek Dlouhý,0,0.0,4,1,pageviews_http_403
Radek Opršal,0,0.0,16,1,pageviews_http_403
Radek Procházka,0,0.0,9,1,pageviews_http_403
Radek Sňozík,0,0.0,12,2,pageviews_http_403
Radford Highlanders,0,0.0,260,5,pageviews_http_403
Radford Highlanders men's basketball,0,0.0,367,1,pageviews_http_403
Radical (chemistry),0,0.0,1745,21,pageviews_http_403
Radim,0,0.0,7,1,pageviews_http_403
Radim Gaudentius,0,0.0,39,2,pageviews_http_403
Radim Hruška,0,0.0,7,1,pageviews_http_403
Radio (2009 film),0,0.0,84,0,pageviews_http_403
Radio Flyer (film),0,0.0,87,1,pageviews_http_403
Radoslav,0,0.0,27,2,pageviews_http_403
Radoslav Katičić,0,0.0,137,3,pageviews_http_403
Radoslav Rashkov,0,0.0,5,0,pageviews_http_403
Radoslav Školník,0,0.0,7,1,pageviews_http_403
Rafael Betancourt,0,0.0,171,0,pageviews_http_403
Rafael Esquivel,0,0.0,14,0,pageviews_http_403
Rafael dos Anjos,0,0.0,263,1,pageviews_http_403
Rafał Szukała,0,0.0,106,1,pageviews_http_403
Rafflesia arnoldii,0,0.0,140,5,pageviews_http_403
Rag Mama Rag,0,0.0,116,0,pageviews_http_403
Raging Waters,0,0.0,231,5,pageviews_http_403
Raging Waters Sydney,0,0.0,282,3,pageviews_http_403
Ragman,0,0.0,9,1,pageviews_http_403
Ragman (character),0,0.0,375,3,pageviews_http_403
Ragman Rolls,0,0.0,126,4,pageviews_http_403
Ragnall mac Gofraid,0,0.0,85,10,pageviews_http_403
Rails (film),0,0.0,55,1,pageviews_http_403
Rails (magazine),0,0.0,59,1,pageviews_http_403
Railway electrification in Great Britain,0,0.0,483,4,pageviews_http_403
Rain (1929 film),0,0.0,37,0,pageviews_http_403
Rain (British band),0,0.0,8,0,pageviews_http_403
Rain (Japanese band),0,0.0,20,2,pageviews_http_403
Rain Parade,0,0.0,75,1,pageviews_http_403
Rain Rain Go Away,0,0.0,37,1,pageviews_http_403
Rain on Your Parade,0,0.0,39,1,pageviews_http_403
Rainbow (1944 film),0,0.0,35,1,pageviews_http_403
Rainbow Island (1944 film),0,0.0,84,0,pageviews_http_403
Raine,0,0.0,21,2,pageviews_http_403
Rainy Day,0,0.0,7,2,pageviews_http_403
Raisin,0,0.0,1252,12,pageviews_http_403
Raisin cake,0,0.0,264,0,pageviews_http_403
Raj Mistry,0,0.0,3,1,pageviews_http_403
Raja Fashions,0,0.0,12,1,pageviews_http_403
Raja the Great,0,0.0,87,1,pageviews_http_403
Rajgir,0,0.0,749,12,pageviews_http_403
Rajshree,0,0.0,53,9,pageviews_http_403
Rajshree Ojha,0,0.0,24,0,pageviews_http_403
Rajshree Pathy,0,0.0,100,0,pageviews_http_403
Rajshree Thakur,0,0.0,109,1,pageviews_http_403
Raju Kaji Shakya,0,0.0,51,0,pageviews_http_403
Ralph,0,0.0,189,3,pageviews_http_403
Ralph Black,0,0.0,3,2,pageviews_http_403
Ralph Black (soccer),0,0.0,12,1,pageviews_http_403
Ralph Campney,0,0.0,153,1,pageviews_http_403
Ralph Robertson (soccer),0,0.0,6,0,pageviews_http_403
Ralph Waite,0,0.0,198,0,pageviews_http_403
Ram Jam,0,0.0,144,0,pageviews_http_403
Ram Jam (album),0,0.0,14,0,pageviews_http_403
Ramachandra Deva,0,0.0,13,0,pageviews_http_403
Ramachandra Deva I,0,0.0,26,0,pageviews_http_403
Ramayana,0,0.0,5749,29,pageviews_http_403
Ramirez,0,0.0,18,3,pageviews_http_403
Ramsey,0,0.0,55,2,pageviews_http_403
Ramsgate tug,0,0.0,13,1,pageviews_http_403
Ranch,0,0.0,2899,26,pageviews_http_403
Rand Beers,0,0.0,36,0,pageviews_http_403
Random Encounter (film),0,0.0,25,0,pageviews_http_403
Randy Moffitt,0,0.0,108,3,pageviews_http_403
Rang,0,0.0,22,2,pageviews_http_403
Rang Jaun Tere Rang Mein,0,0.0,19,0,pageviews_http_403
Rang Milanti,0,0.0,42,0,pageviews_http_403
Ranga Ranga Vaibhavanga,0,0.0,36,1,pageviews_http_403
Range (particle radiation),0,0.0,24,0,pageviews_http_403
Range Rover Evoque,0,0.0,179,11,pageviews_http_403
Rangeela (1995 film),0,0.0,334,2,pageviews_http_403
Ranger 3,0,0.0,114,0,pageviews_http_403
Ranger Uranium Mine,0,0.0,86,2,pageviews_http_403
Rani Spas,0,0.0,3,1,pageviews_http_403
Rap Game Awful,0,0.0,16,0,pageviews_http_403
Rapid eye movement sleep,0,0.0,772,36,pageviews_http_403
Rare disease,0,0.0,809,6,pageviews_http_403
Rare disease assumption,0,0.0,21,1,pageviews_http_403
Rash,0,0.0,998,6,pageviews_http_403
Rash (novel),0,0.0,16,0,pageviews_http_403
Rashkov,0,0.0,3,1,pageviews_http_403
Rashtriya Dal,0,0.0,5,0,pageviews_http_403
Rashtriya Raksha Dal,0,0.0,6,0,pageviews_http_403
Rashtriya Raksha University,0,0.0,97,1,pageviews_http_403
Rat (film),0,0.0,170,1,pageviews_http_403
Rat Film,0,0.0,19,0,pageviews_http_403
Rat in Mi Kitchen,0,0.0,76,0,pageviews_http_403
Rat in the Kitchen,0,0.0,72,0,pageviews_http_403
Rate,0,0.0,72,3,pageviews_http_403
Rated R (film),0,0.0,8,3,pageviews_http_403
Rather Ripped,0,0.0,135,3,pageviews_http_403
Raven-Symoné,0,0.0,984,26,pageviews_http_403
Ray (manga),0,0.0,202,10,pageviews_http_403
Ray Bolger,0,0.0,452,1,pageviews_http_403
Ray Bourque,0,0.0,358,2,pageviews_http_403
Ray E. Heady,0,0.0,2,2,pageviews_http_403
Ray Gillen,0,0.0,197,0,pageviews_http_403
Ray Simpson (soldier),0,0.0,35,2,pageviews_http_403
Ray Suarez,0,0.0,79,1,pageviews_http_403
Raymond Allen (stage actor),0,0.0,11,0,pageviews_http_403
Raymond Allen (television actor),0,0.0,16,0,pageviews_http_403
Raymond Briggs,0,0.0,265,1,pageviews_http_403
Raúl Gudiño,0,0.0,43,1,pageviews_http_403
Reach (Meredith Edwards album),0,0.0,11,0,pageviews_http_403
Reach Out,0,0.0,20,5,pageviews_http_403
Reach Out of the Darkness,0,0.0,26,1,pageviews_http_403
Read My Mind,0,0.0,15,3,pageviews_http_403
Read My Mind (The Killers song),0,0.0,148,1,pageviews_http_403
Reade,0,0.0,9,1,pageviews_http_403
Reading (legislature),0,0.0,1472,12,pageviews_http_403
Ready (2008 film),0,0.0,110,0,pageviews_http_403
Ready (2011 film),0,0.0,234,0,pageviews_http_403
Real Life (Bon Jovi song),0,0.0,147,0,pageviews_http_403
Real World (novel),0,0.0,16,0,pageviews_http_403
Reality Is What You Can Get Away With,0,0.0,59,1,pageviews_http_403
Reality Obsessed,0,0.0,18,0,pageviews_http_403
Really Me,0,0.0,90,3,pageviews_http_403
Really? Really!,0,0.0,40,2,pageviews_http_403
Realm of Impossibility,0,0.0,28,0,pageviews_http_403
Realm of the Mad God,0,0.0,120,8,pageviews_http_403
Reasonable suspicion,0,0.0,478,5,pageviews_http_403
Rebecca (musical),0,0.0,126,0,pageviews_http_403
Rebecca Front,0,0.0,234,0,pageviews_http_403
Rebecca Hensler,0,0.0,12,0,pageviews_http_403
Rebel in the Rye,0,0.0,116,4,pageviews_http_403
Rebellion,0,0.0,2793,24,pageviews_http_403
Rebellion (2009 film),0,0.0,58,0,pageviews_http_403
Rebellion (novel),0,0.0,20,1,pageviews_http_403
Rebellion in Tskhinvali,0,0.0,1,1,pageviews_http_403
Recession,0,0.0,2757,19,pageviews_http_403
Reciprocal Tariff Act,0,0.0,214,4,pageviews_http_403
Recon,0,0.0,25,0,pageviews_http_403
Recon (Lost),0,0.0,139,1,pageviews_http_403
Recovery plan,0,0.0,7,3,pageviews_http_403
Recreation,0,0.0,2052,8,pageviews_http_403
Recreation (film),0,0.0,126,0,pageviews_http_403
Rectify,0,0.0,166,1,pageviews_http_403
Red (2008 film),0,0.0,40,0,pageviews_http_403
Red Barrett,0,0.0,385,3,pageviews_http_403
Red Beans and Rice Bowl,0,0.0,134,0,pageviews_http_403
Red Bull,0,0.0,2918,35,pageviews_http_403
Red Canyon (2008 film),0,0.0,10,0,pageviews_http_403
Red Carpet Inn,0,0.0,312,0,pageviews_http_403
Red Dog Saloon,0,0.0,7,0,pageviews_http_403
"Red Dog Saloon (Virginia City, Nevada)",0,0.0,94,2,pageviews_http_403
Red Hot Chili Peppers,0,0.0,5353,47,pageviews_http_403
Red Hot Peppers,0,0.0,26,1,pageviews_http_403
Red Light (film),0,0.0,115,0,pageviews_http_403
Red Marauder,0,0.0,19,0,pageviews_http_403
Red Rocks Amphitheatre,0,0.0,854,3,pageviews_http_403
Red Rose (1980 film),0,0.0,65,0,pageviews_http_403
Red Rose (2014 film),0,0.0,11,0,pageviews_http_403
Red Rose Speedway,0,0.0,365,10,pageviews_http_403
Red Sea,0,0.0,7111,13,pageviews_http_403
Red Shift (novel),0,0.0,85,0,pageviews_http_403
Red beans and rice,0,0.0,424,2,pageviews_http_403
Red carpet,0,0.0,598,11,pageviews_http_403
Red dog,0,0.0,12,4,pageviews_http_403
Red dwarf,0,0.0,1857,18,pageviews_http_403
Red herring,0,0.0,3343,12,pageviews_http_403
Red rose,0,0.0,24,5,pageviews_http_403
Red squirrel,0,0.0,931,10,pageviews_http_403
Redemption (1919 film),0,0.0,86,1,pageviews_http_403
Redemption (1930 film),0,0.0,162,0,pageviews_http_403
Redemption (2012 film),0,0.0,16,0,pageviews_http_403
Redemption (Redemption album),0,0.0,16,0,pageviews_http_403
Redemption (theology),0,0.0,535,3,pageviews_http_403
Redman,0,0.0,104,4,pageviews_http_403
Redman (rapper),0,0.0,971,8,pageviews_http_403
Reducing (film),0,0.0,59,0,pageviews_http_403
Reducing sugar,0,0.0,244,7,pageviews_http_403
Redwine,0,0.0,6,1,pageviews_http_403
"Redwine, Kentucky",0,0.0,48,0,pageviews_http_403
Reece,0,0.0,42,1,pageviews_http_403
Reese's Pieces,0,0.0,256,2,pageviews_http_403
Reflecting pool,0,0.0,557,6,pageviews_http_403
Reflections (Minnesota band),0,0.0,37,1,pageviews_http_403
Reformed Church in Zambia,0,0.0,172,0,pageviews_http_403
Refreshment Committee,0,0.0,2,1,pageviews_http_403
Refreshment Pavilion,0,0.0,370,2,pageviews_http_403
Refreshment Sunday,0,0.0,15,1,pageviews_http_403
Regal,0,0.0,34,1,pageviews_http_403
Regal Embrace,0,0.0,11,0,pageviews_http_403
Regeneration,0,0.0,112,10,pageviews_http_403
Regeneration (1997 film),0,0.0,89,1,pageviews_http_403
Regeneration (Haggard book),0,0.0,74,1,pageviews_http_403
Reginald Bosanquet,0,0.0,60,0,pageviews_http_403
Registered Nurse (film),0,0.0,99,0,pageviews_http_403
Registered state change notification,0,0.0,18,1,pageviews_http_403
Regular Show,0,0.0,912,7,pageviews_http_403
Regulus,0,0.0,463,11,pageviews_http_403
Rehab (Amy Winehouse song),0,0.0,874,1,pageviews_http_403
Rein Aun,0,0.0,36,0,pageviews_http_403
Rekulapally Bhoopathi Reddy,0,0.0,9,0,pageviews_http_403
Relentless,0,0.0,41,5,pageviews_http_403
Relentless (1989 film),0,0.0,50,0,pageviews_http_403
Relentless (2010 film),0,0.0,13,0,pageviews_http_403
Relentless (Kernick novel),0,0.0,12,1,pageviews_http_403
Relentless (Koontz novel),0,0.0,4,0,pageviews_http_403
Religion in early Virginia,0,0.0,23,0,pageviews_http_403
Religious Experience (book),0,0.0,8,1,pageviews_http_403
Religious studies,0,0.0,2941,17,pageviews_http_403
Religious test,0,0.0,25,0,pageviews_http_403
Relish,0,0.0,716,8,pageviews_http_403
Relish (disambiguation),0,0.0,2,0,pageviews_http_403
Remains to Be Seen,0,0.0,7,1,pageviews_http_403
Remains to Be Seen (Dexter),0,0.0,174,0,pageviews_http_403
Remains to Be Seen (play),0,0.0,15,0,pageviews_http_403
Remco,0,0.0,113,0,pageviews_http_403
Remco Campert,0,0.0,61,0,pageviews_http_403
Remember the Nights,0,0.0,30,0,pageviews_http_403
Removal,0,0.0,29,1,pageviews_http_403
Removal (band),0,0.0,12,0,pageviews_http_403
Renal capsule,0,0.0,99,6,pageviews_http_403
Renato,0,0.0,25,2,pageviews_http_403
Renato Bartilotti,0,0.0,17,0,pageviews_http_403
Renato Dulbecco,0,0.0,415,1,pageviews_http_403
Rendu,0,0.0,98,1,pageviews_http_403
Rene Gagnon,0,0.0,89,3,pageviews_http_403
Rene Kirby,0,0.0,16,0,pageviews_http_403
Rennan Barkana,0,0.0,2,2,pageviews_http_403
Reno (1923 film),0,0.0,17,0,pageviews_http_403
Reno (1930 film),0,0.0,17,0,pageviews_http_403
Reno (1939 film),0,0.0,80,0,pageviews_http_403
René Bégin,0,0.0,18,1,pageviews_http_403
"René-Robert Cavelier, Sieur de La Salle",0,0.0,806,52,pageviews_http_403
Renée Estevez,0,0.0,81,11,pageviews_http_403
Replacements (short story),0,0.0,14,1,pageviews_http_403
Report (film),0,0.0,24,0,pageviews_http_403
Representation of the People Act,0,0.0,100,2,pageviews_http_403
Representation of the People Act 1884,0,0.0,278,8,pageviews_http_403
Republic of Yucatán,0,0.0,144,7,pageviews_http_403
Research and development,0,0.0,4019,27,pageviews_http_403
Reset,0,0.0,47,11,pageviews_http_403
Reset (finance),0,0.0,11,0,pageviews_http_403
Reset (horse),0,0.0,14,0,pageviews_http_403
Resistance (1945 film),0,0.0,58,0,pageviews_http_403
Resistance (1992 film),0,0.0,19,0,pageviews_http_403
Resistance (2003 film),0,0.0,17,0,pageviews_http_403
Resistance (2011 film),0,0.0,32,0,pageviews_http_403
Resolve,0,0.0,34,2,pageviews_http_403
Responsibility,0,0.0,179,9,pageviews_http_403
Responsibility (novel),0,0.0,6,0,pageviews_http_403
Rest (band),0,0.0,4,0,pageviews_http_403
Rest Your Love on Me,0,0.0,353,0,pageviews_http_403
Rest Your Love on Me (album),0,0.0,111,0,pageviews_http_403
Rest of My Life,0,0.0,4,5,pageviews_http_403
Rest on Me,0,0.0,43,2,pageviews_http_403
Restaurant management,0,0.0,235,5,pageviews_http_403
Restless (2000 film),0,0.0,44,2,pageviews_http_403
Restless (2011 film),0,0.0,192,1,pageviews_http_403
Results (album),0,0.0,212,5,pageviews_http_403
Results (film),0,0.0,40,1,pageviews_http_403
Resurrection (1943 film),0,0.0,45,0,pageviews_http_403
Retirement,0,0.0,2853,15,pageviews_http_403
Return (1985 film),0,0.0,15,0,pageviews_http_403
Return to Nim's Island,0,0.0,22,0,pageviews_http_403
Return to Treasure Island (TV series),0,0.0,94,0,pageviews_http_403
Reuben Agboola,0,0.0,58,1,pageviews_http_403
Reuben Rose,0,0.0,9,0,pageviews_http_403
Reuben and Rose Mattus,0,0.0,16,1,pageviews_http_403
Reunion (short story),0,0.0,42,1,pageviews_http_403
Rev Rev Rev (band),0,0.0,2,0,pageviews_http_403
Reveal,0,0.0,50,11,pageviews_http_403
Reveal (narrative),0,0.0,243,2,pageviews_http_403
Reveal (rapper),0,0.0,37,1,pageviews_http_403
Reveal Records,0,0.0,33,1,pageviews_http_403
Reveal system,0,0.0,69,0,pageviews_http_403
Revelations (The X-Files),0,0.0,73,1,pageviews_http_403
Revenge,0,0.0,1585,11,pageviews_http_403
Revenge (1985 film),0,0.0,12,0,pageviews_http_403
Revenge of the Bridesmaids,0,0.0,130,0,pageviews_http_403
Reverse chronology,0,0.0,87,5,pageviews_http_403
Reviewing the Situation,0,0.0,5,2,pageviews_http_403
Revival (Eminem album),0,0.0,466,14,pageviews_http_403
Revived Cornish Stannary Parliament,0,0.0,127,0,pageviews_http_403
Revolution from Above,0,0.0,4,3,pageviews_http_403
Revolutionary Army,0,0.0,5,1,pageviews_http_403
Revolutionary Road (film),0,0.0,301,1,pageviews_http_403
Revue,0,0.0,2104,7,pageviews_http_403
Rexair,0,0.0,16,4,pageviews_http_403
Rhoda,0,0.0,543,4,pageviews_http_403
Rhoda (name),0,0.0,6,1,pageviews_http_403
Rhodesia's Unilateral Declaration of Independence,0,0.0,1434,8,pageviews_http_403
Rhodri,0,0.0,6,1,pageviews_http_403
Rhyme,0,0.0,917,18,pageviews_http_403
Rhythm Is Gonna Get You,0,0.0,176,0,pageviews_http_403
Ri Ki-yong,0,0.0,40,5,pageviews_http_403
Ri Yong,0,0.0,94,1,pageviews_http_403
Ri Yong-jik,0,0.0,56,5,pageviews_http_403
Rib,0,0.0,1108,6,pageviews_http_403
Ribble Steam Railway,0,0.0,391,1,pageviews_http_403
Ricardo,0,0.0,68,1,pageviews_http_403
Ricardo Maliandi,0,0.0,11,0,pageviews_http_403
Rice and beans,0,0.0,757,5,pageviews_http_403
Rice glue,0,0.0,11,1,pageviews_http_403
Rich Brightman,0,0.0,2,0,pageviews_http_403
Richard,0,0.0,324,5,pageviews_http_403
Richard (film),0,0.0,303,1,pageviews_http_403
"Richard Adrian, 2nd Baron Adrian",0,0.0,193,4,pageviews_http_403
Richard B. Fitzgibbon Jr.,0,0.0,28,6,pageviews_http_403
Richard Chamberlain,0,0.0,665,6,pageviews_http_403
Richard Corsie,0,0.0,50,1,pageviews_http_403
Richard E. Grant,0,0.0,914,4,pageviews_http_403
Richard Faith,0,0.0,12,2,pageviews_http_403
Richard Fitzgibbon,0,0.0,1,1,pageviews_http_403
Richard Gere,0,0.0,1451,6,pageviews_http_403
Richard Harrow,0,0.0,105,2,pageviews_http_403
Richard Jewell (film),0,0.0,219,3,pageviews_http_403
Richard Mant,0,0.0,122,1,pageviews_http_403
Richard McGonagle,0,0.0,126,1,pageviews_http_403
Richard Needham,0,0.0,195,5,pageviews_http_403
"Richard Newby, Baron Newby",0,0.0,286,5,pageviews_http_403
Richard Roma,0,0.0,49,3,pageviews_http_403
Richard Sandrak,0,0.0,26,3,pageviews_http_403
"Richard Somerset, 2nd Baron Raglan",0,0.0,52,0,pageviews_http_403
Richard Steven Horvitz,0,0.0,238,4,pageviews_http_403
"Richard Walker (footballer, born 1977)",0,0.0,101,1,pageviews_http_403
Richard Whittington,0,0.0,335,5,pageviews_http_403
Richardson,0,0.0,33,6,pageviews_http_403
Richie Ashburn,0,0.0,1208,4,pageviews_http_403
Rick Allen (drummer),0,0.0,232,3,pageviews_http_403
Rick Aviles,0,0.0,82,0,pageviews_http_403
Rick Cosnett,0,0.0,76,0,pageviews_http_403
Rick Rude,0,0.0,1040,7,pageviews_http_403
Ricky Nelson,0,0.0,1094,7,pageviews_http_403
Ride (2009 film),0,0.0,38,0,pageviews_http_403
Ride the Ducks,0,0.0,34,2,pageviews_http_403
"Ride, Ride, Ride",0,0.0,64,1,pageviews_http_403
Rider Strong,0,0.0,151,1,pageviews_http_403
Riders of the Purple Sage,0,0.0,114,1,pageviews_http_403
Riders of the Purple Sage (1931 film),0,0.0,52,0,pageviews_http_403
Riders of the Purple Sage (1941 film),0,0.0,20,0,pageviews_http_403
Rides,0,0.0,6,2,pageviews_http_403
Rides (American TV series),0,0.0,14,3,pageviews_http_403
Rides (British TV series),0,0.0,27,1,pageviews_http_403
Rigged (2007 book),0,0.0,28,2,pageviews_http_403
Right On,0,0.0,21,4,pageviews_http_403
"Right Place, Right Time",0,0.0,6,2,pageviews_http_403
"Right Place, Right Time (How I Met Your Mother)",0,0.0,32,0,pageviews_http_403
Right There (film),0,0.0,14,1,pageviews_http_403
Right of Way (album),0,0.0,25,0,pageviews_http_403
Right of way,0,0.0,2714,38,pageviews_http_403
Right to work,0,0.0,629,2,pageviews_http_403
Right-to-work law,0,0.0,572,16,pageviews_http_403
Riley Puckett,0,0.0,63,0,pageviews_http_403
Rim,0,0.0,43,4,pageviews_http_403
Rinaldo,0,0.0,63,1,pageviews_http_403
Rinaldo Del Bo,0,0.0,66,0,pageviews_http_403
Rinaldo del Mel,0,0.0,24,3,pageviews_http_403
Ring of Bright Water,0,0.0,41,1,pageviews_http_403
Ring of Bright Water (film),0,0.0,48,0,pageviews_http_403
Ring of Fire (song),0,0.0,1074,2,pageviews_http_403
Ringer,0,0.0,36,3,pageviews_http_403
Ringtail,0,0.0,753,18,pageviews_http_403
Rio (song),0,0.0,207,5,pageviews_http_403
Rio Grande,0,0.0,3772,13,pageviews_http_403
Rio Grande (Jamaica),0,0.0,92,0,pageviews_http_403
Rip It Up,0,0.0,24,5,pageviews_http_403
Rip It Up (Orange Juice album),0,0.0,29,1,pageviews_http_403
Rip It Up (Orange Juice song),0,0.0,41,1,pageviews_http_403
Ripley's Believe It or Not!,0,0.0,1820,28,pageviews_http_403
Ripped,0,0.0,14,1,pageviews_http_403
Ripped Off,0,0.0,25,2,pageviews_http_403
Ripper Street,0,0.0,751,4,pageviews_http_403
Rising Damp,0,0.0,209,4,pageviews_http_403
Rising Storm (novel),0,0.0,82,1,pageviews_http_403
Rising Sun (film),0,0.0,25,0,pageviews_http_403
Rita Bottiglieri,0,0.0,155,0,pageviews_http_403
Rivals (novel),0,0.0,79,0,pageviews_http_403
River Alt,0,0.0,96,0,pageviews_http_403
River Clyde,0,0.0,3002,36,pageviews_http_403
River Irk,0,0.0,350,1,pageviews_http_403
River Roch,0,0.0,281,0,pageviews_http_403
River Trail (Arizona),0,0.0,41,0,pageviews_http_403
River Wissey,0,0.0,128,1,pageviews_http_403
River's Edge,0,0.0,155,4,pageviews_http_403
"River, Cross My Heart",0,0.0,6,0,pageviews_http_403
Riverport,0,0.0,5,1,pageviews_http_403
Riverport Railroad,0,0.0,67,0,pageviews_http_403
Riverport Riot,0,0.0,196,3,pageviews_http_403
Road (2002 film),0,0.0,139,0,pageviews_http_403
Road (play),0,0.0,57,1,pageviews_http_403
Road Rash,0,0.0,251,4,pageviews_http_403
Road Tested,0,0.0,48,0,pageviews_http_403
Road map,0,0.0,131,11,pageviews_http_403
Road to Redemption (2001 film),0,0.0,14,0,pageviews_http_403
RoadShow,0,0.0,46,3,pageviews_http_403
Roads (novel),0,0.0,14,1,pageviews_http_403
Rob Hall,0,0.0,181,0,pageviews_http_403
Rob Hall (politician),0,0.0,115,0,pageviews_http_403
Rob Hoppa,0,0.0,8,0,pageviews_http_403
Rob Knox,0,0.0,160,5,pageviews_http_403
Rob Knox (producer),0,0.0,45,3,pageviews_http_403
Robert,0,0.0,326,7,pageviews_http_403
Robert Alexander Fyfe,0,0.0,8,0,pageviews_http_403
Robert Antoine,0,0.0,10,1,pageviews_http_403
Robert Baratheon,0,0.0,213,2,pageviews_http_403
"Robert Blake, Baron Blake",0,0.0,152,3,pageviews_http_403
Robert Braet,0,0.0,33,1,pageviews_http_403
Robert Creamer,0,0.0,56,3,pageviews_http_403
Robert Creamer (political consultant),0,0.0,26,2,pageviews_http_403
"Robert Fellowes, Baron Fellowes",0,0.0,93,5,pageviews_http_403
Robert Footes,0,0.0,5,1,pageviews_http_403
Robert Fyfe,0,0.0,48,1,pageviews_http_403
Robert Hardy,0,0.0,341,3,pageviews_http_403
Robert Lawrence (British Army officer),0,0.0,31,2,pageviews_http_403
Robert McGladdery,0,0.0,20,1,pageviews_http_403
Robert R. Garwood,0,0.0,21,2,pageviews_http_403
Robert S. Woods,0,0.0,102,4,pageviews_http_403
"Robert Winston, Baron Winston",0,0.0,252,7,pageviews_http_403
Robert Woods,0,0.0,39,11,pageviews_http_403
Robert et Robert,0,0.0,70,0,pageviews_http_403
Robert of Clermont,0,0.0,1,0,pageviews_http_403
"Robert, Count of Clermont",0,0.0,95,4,pageviews_http_403
Roberto,0,0.0,34,2,pageviews_http_403
Roberto Clemente,0,0.0,1651,7,pageviews_http_403
Roberto Clemente Bridge,0,0.0,126,4,pageviews_http_403
Roberto Eyzaguirre,0,0.0,14,0,pageviews_http_403
Roberto Kettlun,0,0.0,21,1,pageviews_http_403
Roberto Prats,0,0.0,23,2,pageviews_http_403
Robin Hood,0,0.0,2939,13,pageviews_http_403
Robin Hull,0,0.0,286,0,pageviews_http_403
Robin Williams (mathematician),0,0.0,31,3,pageviews_http_403
Robin Wilson (mathematician),0,0.0,173,3,pageviews_http_403
Robinson (singer),0,0.0,31,10,pageviews_http_403
RoboCop (2014 film),0,0.0,249,12,pageviews_http_403
Robot (Lost in Space),0,0.0,70,1,pageviews_http_403
Roch Thériault,0,0.0,54,7,pageviews_http_403
Roche (surname),0,0.0,9,0,pageviews_http_403
Roche roche,0,0.0,11,1,pageviews_http_403
Roche v Roche,0,0.0,2,1,pageviews_http_403
Rochon,0,0.0,3,0,pageviews_http_403
Rock Me Gently,0,0.0,7,2,pageviews_http_403
Rock Me Gently (Andy Kim song),0,0.0,85,0,pageviews_http_403
Rock Me Gently (Erasure song),0,0.0,96,0,pageviews_http_403
Rock My World (Little Country Girl),0,0.0,86,0,pageviews_http_403
Rock my world,0,0.0,2,2,pageviews_http_403
Rock of Ages (2012 film),0,0.0,195,4,pageviews_http_403
Rockin' Robin,0,0.0,22,1,pageviews_http_403
Rockin' Robin (song),0,0.0,316,3,pageviews_http_403
Rockin' Robin Roberts,0,0.0,21,1,pageviews_http_403
Rockin' the Suburbs (song),0,0.0,60,0,pageviews_http_403
Rocky (1981 film),0,0.0,57,1,pageviews_http_403
Rocky (2013 film),0,0.0,174,1,pageviews_http_403
Rocky Balboa (film),0,0.0,343,6,pageviews_http_403
Rod cell,0,0.0,557,17,pageviews_http_403
Rodgers and Hammerstein,0,0.0,1247,9,pageviews_http_403
Roland Berrill,0,0.0,16,0,pageviews_http_403
Roland Rat,0,0.0,89,2,pageviews_http_403
Roland Zajmi,0,0.0,32,0,pageviews_http_403
Role Models,0,0.0,176,4,pageviews_http_403
Roll Call (film),0,0.0,5,1,pageviews_http_403
Roll film,0,0.0,81,1,pageviews_http_403
Roll of Honour,0,0.0,16,2,pageviews_http_403
"Roll, Freddy, Roll!",0,0.0,15,0,pageviews_http_403
Roller Derby World Cup,0,0.0,631,3,pageviews_http_403
Roller coaster,0,0.0,2962,39,pageviews_http_403
Roller coaster inversion,0,0.0,930,2,pageviews_http_403
Roma,0,0.0,527,6,pageviews_http_403
Roma (opera),0,0.0,75,0,pageviews_http_403
Romagnolo,0,0.0,3,1,pageviews_http_403
Roman Kudinov,0,0.0,1,0,pageviews_http_403
Roman festivals,0,0.0,538,7,pageviews_http_403
Roma–Napoli–Roma,0,0.0,48,3,pageviews_http_403
Romeo and Juliet (1954 Argentine film),0,0.0,159,2,pageviews_http_403
Romeo and Juliet (1954 film),0,0.0,331,0,pageviews_http_403
Ron,0,0.0,68,4,pageviews_http_403
Ron Douglas,0,0.0,2,0,pageviews_http_403
Ron Hale,0,0.0,45,0,pageviews_http_403
Ron Rogers,0,0.0,26,0,pageviews_http_403
Ron Rogers (cartoonist),0,0.0,3,0,pageviews_http_403
Ron Rogers (rugby union),0,0.0,6,2,pageviews_http_403
Ron Ron,0,0.0,16,0,pageviews_http_403
Ron and Tammys,0,0.0,99,1,pageviews_http_403
Ronald Ryan,0,0.0,156,3,pageviews_http_403
Ronald Snook,0,0.0,15,1,pageviews_http_403
Ronan Farrow,0,0.0,420,12,pageviews_http_403
Ronne Troup,0,0.0,27,0,pageviews_http_403
Ronnie Barker,0,0.0,499,11,pageviews_http_403
Roobarb,0,0.0,89,5,pageviews_http_403
Room (play),0,0.0,10,0,pageviews_http_403
Room Service (play),0,0.0,56,0,pageviews_http_403
Room service,0,0.0,145,4,pageviews_http_403
Roosevelt Bridge,0,0.0,2,1,pageviews_http_403
Roosevelt Bridge (Florida),0,0.0,112,1,pageviews_http_403
Roosevelt Chapman,0,0.0,26,1,pageviews_http_403
"Roosevelt Gardens, Florida",0,0.0,102,2,pageviews_http_403
Root of spinal nerve,0,0.0,3,3,pageviews_http_403
Roper,0,0.0,16,2,pageviews_http_403
Roper (band),0,0.0,58,1,pageviews_http_403
Rory,0,0.0,154,15,pageviews_http_403
Rory Dodd,0,0.0,72,0,pageviews_http_403
Rosa 'Ingrid Bergman',0,0.0,288,0,pageviews_http_403
Rosario,0,0.0,3550,6,pageviews_http_403
Rose (novel),0,0.0,30,0,pageviews_http_403
Rose (play),0,0.0,12,0,pageviews_http_403
Rose Bampton,0,0.0,69,0,pageviews_http_403
Rose Bay Water Airport,0,0.0,125,6,pageviews_http_403
Rose Hip Rose,0,0.0,24,0,pageviews_http_403
Rose Macaulay,0,0.0,166,7,pageviews_http_403
Rose Madder (novel),0,0.0,366,0,pageviews_http_403
Rose Red,0,0.0,3,3,pageviews_http_403
Rose hip,0,0.0,613,9,pageviews_http_403
Rose water,0,0.0,723,6,pageviews_http_403
"Roseland, Chicago",0,0.0,288,6,pageviews_http_403
Rosenberg,0,0.0,30,2,pageviews_http_403
Rosendahl,0,0.0,47,1,pageviews_http_403
Roses (The Chainsmokers song),0,0.0,108,3,pageviews_http_403
Ross Kemp,0,0.0,448,1,pageviews_http_403
Ross Ross Ross,0,0.0,11,0,pageviews_http_403
Ross Stores,0,0.0,848,14,pageviews_http_403
Roth IRA,0,0.0,268,6,pageviews_http_403
Rotor (ride),0,0.0,240,0,pageviews_http_403
Roue,0,0.0,4,1,pageviews_http_403
Roue de Paris,0,0.0,87,1,pageviews_http_403
Rough (film),0,0.0,27,0,pageviews_http_403
Rough Diamonds (film),0,0.0,37,0,pageviews_http_403
Rough Justice (film),0,0.0,27,1,pageviews_http_403
Rough Rider (film),0,0.0,29,1,pageviews_http_403
Roughing,0,0.0,160,1,pageviews_http_403
Roughing the kicker,0,0.0,56,0,pageviews_http_403
Roughing the passer,0,0.0,67,0,pageviews_http_403
Round and Round,0,0.0,15,5,pageviews_http_403
Round and Round (Ratt song),0,0.0,90,2,pageviews_http_403
Round and Round (Tevin Campbell song),0,0.0,44,0,pageviews_http_403
Round the Bend (novel),0,0.0,41,1,pageviews_http_403
Rounders,0,0.0,1143,2,pageviews_http_403
Rounders (film),0,0.0,180,5,pageviews_http_403
Rowing (sport),0,0.0,27056,21,pageviews_http_403
Roy,0,0.0,115,1,pageviews_http_403
Roy A. Roberts,0,0.0,15,1,pageviews_http_403
Roy Dotrice,0,0.0,443,0,pageviews_http_403
Roy Hudd,0,0.0,301,2,pageviews_http_403
Roy Roberts,0,0.0,169,1,pageviews_http_403
Roy Rogers,0,0.0,1026,8,pageviews_http_403
Roy Slater,0,0.0,2,0,pageviews_http_403
Roy Sullivan,0,0.0,118,3,pageviews_http_403
Roy's safety-first criterion,0,0.0,15,2,pageviews_http_403
Royal Academy of Music,0,0.0,2904,11,pageviews_http_403
Royal Australian Historical Society,0,0.0,142,14,pageviews_http_403
Royal Entomological Society,0,0.0,1274,52,pageviews_http_403
Royal Journey,0,0.0,332,0,pageviews_http_403
Royal Lichtenstein Quarter-Ring Sidewalk Circus,0,0.0,19,0,pageviews_http_403
Royal Marriages Act 1772,0,0.0,236,3,pageviews_http_403
Royal Merioneth Rifles,0,0.0,123,10,pageviews_http_403
Royal National Theatre,0,0.0,4288,31,pageviews_http_403
Royal Western Australian Historical Society,0,0.0,46,3,pageviews_http_403
Roybal,0,0.0,4,1,pageviews_http_403
Ruaha,0,0.0,2,0,pageviews_http_403
Ruaha National Park,0,0.0,123,0,pageviews_http_403
Ruaha lampeye,0,0.0,7,2,pageviews_http_403
Rub,0,0.0,52,6,pageviews_http_403
Rub It Better,0,0.0,24,0,pageviews_http_403
Rub It In,0,0.0,63,0,pageviews_http_403
Rub It In (album),0,0.0,51,0,pageviews_http_403
Rubio,0,0.0,17,3,pageviews_http_403
Ruchi,0,0.0,5,1,pageviews_http_403
Ruchi Sanghvi,0,0.0,21,0,pageviews_http_403
Rude Awakening,0,0.0,19,2,pageviews_http_403
Rudeness,0,0.0,396,12,pageviews_http_403
Rudeness (film),0,0.0,14,2,pageviews_http_403
Rugby league in Australia,0,0.0,1341,1,pageviews_http_403
Rugrats,0,0.0,1718,17,pageviews_http_403
Ruiz,0,0.0,38,2,pageviews_http_403
Rule of nines,0,0.0,8,3,pageviews_http_403
Rule of three,0,0.0,43,12,pageviews_http_403
Rules of Engagement (film),0,0.0,147,1,pageviews_http_403
Rules of cribbage,0,0.0,22,2,pageviews_http_403
Rules of engagement,0,0.0,799,3,pageviews_http_403
Rum-Bar Rum,0,0.0,5,2,pageviews_http_403
Rumble Through the Dark,0,0.0,11,1,pageviews_http_403
Rumer Willis,0,0.0,301,2,pageviews_http_403
Rump Shaker,0,0.0,2,2,pageviews_http_403
Rump Shaker (album),0,0.0,14,0,pageviews_http_403
Rump Shaker (song),0,0.0,68,1,pageviews_http_403
Run (2004 film),0,0.0,54,0,pageviews_http_403
Run (Scandal),0,0.0,53,0,pageviews_http_403
Run Boy Run (film),0,0.0,22,0,pageviews_http_403
"Run Silent, Run Deep",0,0.0,58,1,pageviews_http_403
Run for Money,0,0.0,49,4,pageviews_http_403
Run for the Money,0,0.0,3,1,pageviews_http_403
Rundetaarn,0,0.0,190,6,pageviews_http_403
Running Mates (1992 film),0,0.0,33,0,pageviews_http_403
Running Mates (2000 film),0,0.0,48,0,pageviews_http_403
Running Start,0,0.0,69,1,pageviews_http_403
Runnymede and Weybridge (UK Parliament constituency),0,0.0,84,0,pageviews_http_403
Rupert Gerritsen,0,0.0,30,0,pageviews_http_403
Rupert Penry-Jones,0,0.0,190,2,pageviews_http_403
Rural Free Delivery,0,0.0,293,2,pageviews_http_403
Rural Free Delivery (EP),0,0.0,24,1,pageviews_http_403
Rush Rush,0,0.0,7,2,pageviews_http_403
Rusinga Island,0,0.0,117,1,pageviews_http_403
Russell Stokes,0,0.0,30,1,pageviews_http_403
Russell Stone (singer),0,0.0,46,0,pageviews_http_403
Russian Synodal Bible,0,0.0,31,0,pageviews_http_403
Russian cruiser Rossia,0,0.0,260,2,pageviews_http_403
Russo-Turkish War (1676–1681),0,0.0,232,0,pageviews_http_403
Russo-Turkish War (1686–1700),0,0.0,362,8,pageviews_http_403
Rut (mammalian reproduction),0,0.0,256,10,pageviews_http_403
Ruth Berman,0,0.0,35,0,pageviews_http_403
Ruth Berman Harris (cantor),0,0.0,7,3,pageviews_http_403
Ruth Berman Harris (harpist),0,0.0,4,1,pageviews_http_403
Rutherford,0,0.0,33,2,pageviews_http_403
Rutshire Chronicles,0,0.0,74,2,pageviews_http_403
Rutt's Hut,0,0.0,58,0,pageviews_http_403
Ruud Lubbers,0,0.0,605,6,pageviews_http_403
Ruuskanen,0,0.0,2,0,pageviews_http_403
Ruyi,0,0.0,10,2,pageviews_http_403
Ruyi (scepter),0,0.0,84,2,pageviews_http_403
Ruyi Lake,0,0.0,98,3,pageviews_http_403
Ryall,0,0.0,8,1,pageviews_http_403
Ryan Corr,0,0.0,168,0,pageviews_http_403
Ryan Hurst,0,0.0,202,2,pageviews_http_403
Ryan Stevenson,0,0.0,24,3,pageviews_http_403
Ryan Suarez,0,0.0,92,1,pageviews_http_403
Rye Rye,0,0.0,172,1,pageviews_http_403
Ryugyong Hotel,0,0.0,572,15,pageviews_http_403
Río de la Plata Basin,0,0.0,247,12,pageviews_http_403
Rüdiger,0,0.0,18,2,pageviews_http_403
Rüdiger Nehberg,0,0.0,21,2,pageviews_http_403
Rōdō Sanka,0,0.0,47,2,pageviews_http_403
Rōnin,0,0.0,750,7,pageviews_http_403
S. A. Chandrasekhar,0,0.0,294,10,pageviews_http_403
SAT Subject Test in Biology E/M,0,0.0,4,3,pageviews_http_403
SAT Subject Test in Chemistry,0,0.0,14,3,pageviews_http_403
SAT Subject Test in Literature,0,0.0,4,1,pageviews_http_403
SCHED DEADLINE,0,0.0,199,4,pageviews_http_403
SHARK,0,0.0,215,2,pageviews_http_403
SHIELDS,0,0.0,5,0,pageviews_http_403
SIG (band),0,0.0,7,0,pageviews_http_403
SIG Sauer,0,0.0,253,19,pageviews_http_403
SK,0,0.0,67,7,pageviews_http_403
SM Mall of Asia,0,0.0,747,26,pageviews_http_403
SOS,0,0.0,643,14,pageviews_http_403
"SRM University, Sikkim",0,0.0,33,1,pageviews_http_403
SS Rusinga,0,0.0,385,0,pageviews_http_403
STEVE,0,0.0,63,5,pageviews_http_403
STS-35,0,0.0,510,1,pageviews_http_403
STS-76,0,0.0,335,2,pageviews_http_403
STart,0,0.0,59,5,pageviews_http_403
Saanch Ko Aanch Nahin,0,0.0,38,0,pageviews_http_403
Saara Aalto,0,0.0,526,6,pageviews_http_403
Saat Paake Bandha,0,0.0,183,2,pageviews_http_403
Saat Pake Bandha,0,0.0,23,3,pageviews_http_403
Sabbath Bloody Sabbath,0,0.0,236,11,pageviews_http_403
Sabeer Bhatia,0,0.0,85,4,pageviews_http_403
Sabotage,0,0.0,2757,18,pageviews_http_403
Sabse Bada Kalakar,0,0.0,20,0,pageviews_http_403
Sabse Bada Khiladi,0,0.0,54,1,pageviews_http_403
Sachiko,0,0.0,11,1,pageviews_http_403
Sachiko Kokubu,0,0.0,25,0,pageviews_http_403
Sacramento Airport,0,0.0,1,2,pageviews_http_403
Sacramento McClellan Airport,0,0.0,95,4,pageviews_http_403
Sacred (novel),0,0.0,38,0,pageviews_http_403
Sacred Cows,0,0.0,13,0,pageviews_http_403
Sacred Fire (novel),0,0.0,9,0,pageviews_http_403
Sacred Games (novel),0,0.0,37,1,pageviews_http_403
Sacrifice (1917 film),0,0.0,11,0,pageviews_http_403
Sacrifice (2010 film),0,0.0,55,0,pageviews_http_403
Sacrifice (2011 film),0,0.0,33,0,pageviews_http_403
Sacrifice (2012),0,0.0,6,0,pageviews_http_403
Sacrifice (The Following),0,0.0,19,0,pageviews_http_403
Sacrifice (video game),0,0.0,174,3,pageviews_http_403
Sad Wings of Destiny,0,0.0,300,5,pageviews_http_403
Safaricom,0,0.0,302,0,pageviews_http_403
Safe (Fringe),0,0.0,154,1,pageviews_http_403
Safe and Sound,0,0.0,23,5,pageviews_http_403
Safe and Sound (Capital Cities song),0,0.0,143,2,pageviews_http_403
Safety First,0,0.0,49,1,pageviews_http_403
Safety and Health,0,0.0,8,4,pageviews_http_403
Sagar,0,0.0,108,3,pageviews_http_403
Sagar Sangamey,0,0.0,167,1,pageviews_http_403
Sagara,0,0.0,46,1,pageviews_http_403
Sagawa Express,0,0.0,32,3,pageviews_http_403
Sagawa Express Osaka SC,0,0.0,426,4,pageviews_http_403
Sagawa Express Tokyo SC,0,0.0,426,3,pageviews_http_403
Sagina,0,0.0,44,2,pageviews_http_403
Sagina (film),0,0.0,46,0,pageviews_http_403
Sagina apetala,0,0.0,21,3,pageviews_http_403
Sagina decumbens,0,0.0,12,2,pageviews_http_403
Sagina maxima,0,0.0,9,2,pageviews_http_403
"Saginaw, Michigan",0,0.0,2357,19,pageviews_http_403
"Saginaw, Michigan (song)",0,0.0,41,0,pageviews_http_403
Sailor,0,0.0,2351,9,pageviews_http_403
Sailor (album),0,0.0,4,0,pageviews_http_403
Sailor Moon Crystal,0,0.0,549,1,pageviews_http_403
Saint (book),0,0.0,11,0,pageviews_http_403
Saint Dominic,0,0.0,2983,23,pageviews_http_403
Saint Eulalia's flag,0,0.0,27,0,pageviews_http_403
Saint Gaudentius,0,0.0,7,1,pageviews_http_403
Saint Glinglin (book),0,0.0,4,0,pageviews_http_403
Saint James Church massacre,0,0.0,635,4,pageviews_http_403
"Saint James' Church, Jamestown",0,0.0,27,2,pageviews_http_403
Saint Patrick's Day,0,0.0,3404,55,pageviews_http_403
Saint Piran's Flag,0,0.0,1934,11,pageviews_http_403
Saint Young Men,0,0.0,342,5,pageviews_http_403
Saints Will Conquer,0,0.0,22,0,pageviews_http_403
Saints of Big Harbour,0,0.0,7,0,pageviews_http_403
Sal Esquivel,0,0.0,31,0,pageviews_http_403
Salaami,0,0.0,23,0,pageviews_http_403
Salero Formation,0,0.0,3,0,pageviews_http_403
"Salero, Arizona",0,0.0,37,1,pageviews_http_403
Salisbury steak,0,0.0,300,7,pageviews_http_403
Sally (Flight of the Conchords),0,0.0,64,0,pageviews_http_403
Sally Aw,0,0.0,28,2,pageviews_http_403
Salmon,0,0.0,3742,12,pageviews_http_403
Salmon (biblical figure),0,0.0,97,3,pageviews_http_403
Saloon,0,0.0,95,3,pageviews_http_403
Salt Shaker (song),0,0.0,62,0,pageviews_http_403
Salt Song,0,0.0,148,0,pageviews_http_403
Salt shaker (disambiguation),0,0.0,5,1,pageviews_http_403
Salvage (The X-Files),0,0.0,60,0,pageviews_http_403
Salvation,0,0.0,1782,21,pageviews_http_403
Salvation (novel),0,0.0,215,1,pageviews_http_403
Salvation!,0,0.0,29,1,pageviews_http_403
Sam (1967 film),0,0.0,33,0,pageviews_http_403
Sam Storey,0,0.0,28,1,pageviews_http_403
Sam Underwood,0,0.0,76,0,pageviews_http_403
Samachar Darpan,0,0.0,17,1,pageviews_http_403
Samantha Bond,0,0.0,252,0,pageviews_http_403
Samantha Taggart,0,0.0,67,1,pageviews_http_403
Samarsky,0,0.0,3,9,pageviews_http_403
Samir,0,0.0,138,5,pageviews_http_403
Samir Geagea,0,0.0,343,5,pageviews_http_403
Samir Khalil Samir,0,0.0,19,0,pageviews_http_403
Samir Sarsare,0,0.0,16,0,pageviews_http_403
Samla bilas,0,0.0,7,1,pageviews_http_403
Sammy Kershaw,0,0.0,258,0,pageviews_http_403
Sammy McIlroy,0,0.0,409,0,pageviews_http_403
Sampath,0,0.0,8,3,pageviews_http_403
Sampath Bank,0,0.0,188,1,pageviews_http_403
Samson (1914 film),0,0.0,80,0,pageviews_http_403
Samson (1961 Italian film),0,0.0,18,2,pageviews_http_403
Samson (1961 Polish film),0,0.0,126,0,pageviews_http_403
Samsung Galaxy Core,0,0.0,286,2,pageviews_http_403
Samsung Galaxy Core Advance,0,0.0,24,0,pageviews_http_403
Samsung Galaxy Core LTE,0,0.0,441,0,pageviews_http_403
Samsung Galaxy Core Prime,0,0.0,441,5,pageviews_http_403
Samsung Galaxy S5,0,0.0,627,53,pageviews_http_403
Samsung Galaxy S7,0,0.0,597,43,pageviews_http_403
Samsung Gear,0,0.0,182,5,pageviews_http_403
Samsung Gear 2,0,0.0,93,3,pageviews_http_403
Samsung Gear Fit,0,0.0,89,1,pageviews_http_403
Samsung Gear Fit 2,0,0.0,26,1,pageviews_http_403
Samsung Gear S,0,0.0,88,0,pageviews_http_403
Samsung Gear VR,0,0.0,348,3,pageviews_http_403
Samsung Telecommunications,0,0.0,616,4,pageviews_http_403
Samuel Hahnemann,0,0.0,316,8,pageviews_http_403
Samuel Ward (taster),0,0.0,123,0,pageviews_http_403
Samuel West,0,0.0,360,2,pageviews_http_403
San Antonio Spurs,0,0.0,4356,8,pageviews_http_403
San Bernardo,0,0.0,19,1,pageviews_http_403
"San Bernardo, Chile",0,0.0,293,1,pageviews_http_403
"San Domenico, Bologna",0,0.0,123,7,pageviews_http_403
San Fermín,0,0.0,101,2,pageviews_http_403
San Fermín (Madrid),0,0.0,160,0,pageviews_http_403
San Miguel de Allende,0,0.0,728,10,pageviews_http_403
"Sancho, Count of Provence",0,0.0,81,2,pageviews_http_403
Sandar,0,0.0,3,1,pageviews_http_403
Sandar IL,0,0.0,20,0,pageviews_http_403
Sandar Win,0,0.0,12,1,pageviews_http_403
"Sandar, Norway",0,0.0,88,2,pageviews_http_403
Sandhya,0,0.0,30,1,pageviews_http_403
Sandhya (film),0,0.0,14,0,pageviews_http_403
Sandhya Agarwal,0,0.0,47,1,pageviews_http_403
Sandhya Vandanam (film),0,0.0,14,2,pageviews_http_403
Sandkings (short story collection),0,0.0,57,0,pageviews_http_403
Sandy,0,0.0,79,5,pageviews_http_403
Sandy (Sandy Lam album),0,0.0,14,1,pageviews_http_403
Sandy (Sandy Salisbury album),0,0.0,6,0,pageviews_http_403
Sandy (novel),0,0.0,8,0,pageviews_http_403
Sandy Powell,0,0.0,13,2,pageviews_http_403
Sandy Powell (comedian),0,0.0,60,2,pageviews_http_403
Sanford and Son,0,0.0,730,11,pageviews_http_403
Sangamon River,0,0.0,134,1,pageviews_http_403
Sanguinarium,0,0.0,77,2,pageviews_http_403
Sanguine,0,0.0,43,1,pageviews_http_403
Sanguine (heraldry),0,0.0,270,1,pageviews_http_403
Sanjay and Craig,0,0.0,455,5,pageviews_http_403
Sanka,0,0.0,108,1,pageviews_http_403
Sanka Danushka,0,0.0,7,0,pageviews_http_403
Sanna Nielsen,0,0.0,533,2,pageviews_http_403
Santa Claus,0,0.0,5091,54,pageviews_http_403
"Santa Isabel, Puerto Rico",0,0.0,318,6,pageviews_http_403
Santa María (ship),0,0.0,272,10,pageviews_http_403
Santamaria,0,0.0,11,1,pageviews_http_403
Santo Domingo Indian Trading Post,0,0.0,3,0,pageviews_http_403
Santo Santo,0,0.0,117,0,pageviews_http_403
Sanyika Shakur,0,0.0,65,4,pageviews_http_403
Sap,0,0.0,1002,10,pageviews_http_403
Sap (EP),0,0.0,130,8,pageviews_http_403
Sapir,0,0.0,6,1,pageviews_http_403
Sapote,0,0.0,75,3,pageviews_http_403
Sapote oil,0,0.0,8,0,pageviews_http_403
Sara (1992 film),0,0.0,17,0,pageviews_http_403
Sara (1997 film),0,0.0,12,0,pageviews_http_403
Sara (2010 film),0,0.0,14,0,pageviews_http_403
Sara (2015 film),0,0.0,59,0,pageviews_http_403
Sara (2023 film),0,0.0,12,0,pageviews_http_403
Sara Harvey (Pretty Little Liars),0,0.0,86,1,pageviews_http_403
Sara Mendes da Costa,0,0.0,14,1,pageviews_http_403
Sarah Ann Kennedy,0,0.0,30,0,pageviews_http_403
Sarah Churchill (actress),0,0.0,252,6,pageviews_http_403
Sarah Kennedy,0,0.0,87,4,pageviews_http_403
Sarah Lancashire,0,0.0,401,2,pageviews_http_403
Sarah Richardson,0,0.0,44,8,pageviews_http_403
Sarah Richardson (disambiguation),0,0.0,3,0,pageviews_http_403
Sarah S. Richardson,0,0.0,22,1,pageviews_http_403
Sarah Thomas (actress),0,0.0,16,0,pageviews_http_403
Sarkaria,0,0.0,5,1,pageviews_http_403
Sarkaria Commission,0,0.0,84,2,pageviews_http_403
Satan and Adam,0,0.0,24,2,pageviews_http_403
Satanic,0,0.0,51,2,pageviews_http_403
Satanic Curses,0,0.0,13,0,pageviews_http_403
Satanic Slaughter,0,0.0,19,1,pageviews_http_403
Satis,0,0.0,14,1,pageviews_http_403
Satis cognitum,0,0.0,14,1,pageviews_http_403
Sattriya,0,0.0,1260,5,pageviews_http_403
Saturn Vue,0,0.0,108,3,pageviews_http_403
Satyam (1976 film),0,0.0,28,0,pageviews_http_403
Satyam (2008 film),0,0.0,92,5,pageviews_http_403
Sauce,0,0.0,797,10,pageviews_http_403
Saunders,0,0.0,34,1,pageviews_http_403
Savas Matsas,0,0.0,9,4,pageviews_http_403
Save It for a Rainy Day,0,0.0,3,1,pageviews_http_403
Save It for a Rainy Day (Kenny Chesney song),0,0.0,49,0,pageviews_http_403
Save It for a Rainy Day (Stephen Bishop song),0,0.0,22,0,pageviews_http_403
Saved (musical),0,0.0,25,1,pageviews_http_403
Saved!,0,0.0,115,0,pageviews_http_403
Saves the World,0,0.0,25,2,pageviews_http_403
Saxbe fix,0,0.0,839,3,pageviews_http_403
Saxon Sharbino,0,0.0,42,1,pageviews_http_403
Saxony,0,0.0,7298,22,pageviews_http_403
Say It,0,0.0,9,3,pageviews_http_403
Say It Again,0,0.0,9,4,pageviews_http_403
Say It Again (Precious song),0,0.0,269,0,pageviews_http_403
Say It Again (film),0,0.0,48,0,pageviews_http_403
Say It Loud – I'm Black and I'm Proud,0,0.0,226,23,pageviews_http_403
Say It Loud – I'm Black and I'm Proud (album),0,0.0,126,1,pageviews_http_403
"Say It, Say It",0,0.0,18,0,pageviews_http_403
Say My Name,0,0.0,486,1,pageviews_http_403
Say My Name (Breaking Bad),0,0.0,126,1,pageviews_http_403
Saša Janić,0,0.0,6,1,pageviews_http_403
Scandal (1989 film),0,0.0,141,1,pageviews_http_403
Scandinavian Mountains,0,0.0,386,19,pageviews_http_403
Scarface (Push It to the Limit),0,0.0,52,4,pageviews_http_403
Scarlett O'Hara,0,0.0,327,7,pageviews_http_403
Scatter,0,0.0,15,2,pageviews_http_403
Scatter plot,0,0.0,871,9,pageviews_http_403
Schall,0,0.0,3,1,pageviews_http_403
Schitt's Creek,0,0.0,723,22,pageviews_http_403
Schlager (film),0,0.0,17,2,pageviews_http_403
Schlager Metal,0,0.0,10,0,pageviews_http_403
Scholars Academy,0,0.0,25,0,pageviews_http_403
School of Rock,0,0.0,590,18,pageviews_http_403
Scooby-Doo! Mystery Incorporated,0,0.0,983,12,pageviews_http_403
Scotland Yard,0,0.0,2399,5,pageviews_http_403
Scotland in the Wars of the Three Kingdoms,0,0.0,433,4,pageviews_http_403
Scott Air Force Base,0,0.0,807,12,pageviews_http_403
Scott Fraser,0,0.0,14,3,pageviews_http_403
Scott Fraser (orienteer),0,0.0,14,1,pageviews_http_403
Scott Fraser (politician),0,0.0,82,0,pageviews_http_403
Scott of the Antarctic (film),0,0.0,272,1,pageviews_http_403
Scotties Tournament of Hearts,0,0.0,731,10,pageviews_http_403
Scottish Reformation,0,0.0,1679,8,pageviews_http_403
Scottish Reformation Parliament,0,0.0,159,0,pageviews_http_403
Scottish clan,0,0.0,2679,13,pageviews_http_403
Scotty Grainger,0,0.0,137,3,pageviews_http_403
Scrambled Eggs (1939 film),0,0.0,32,4,pageviews_http_403
Scream (1996 film),0,0.0,768,5,pageviews_http_403
Screamin' Jay Hawkins,0,0.0,415,8,pageviews_http_403
Scripsi,0,0.0,12,0,pageviews_http_403
Scutellastra cochlear,0,0.0,21,1,pageviews_http_403
Scutigera coleoptrata,0,0.0,73,5,pageviews_http_403
Se Amar Mon Kereche,0,0.0,15,0,pageviews_http_403
Se Puede Amar,0,0.0,64,0,pageviews_http_403
Sea Glass (novel),0,0.0,7,0,pageviews_http_403
Sea Legs,0,0.0,9,0,pageviews_http_403
Sea Legs (film),0,0.0,40,0,pageviews_http_403
Sea Legs (song),0,0.0,6,0,pageviews_http_403
Sea Patrol,0,0.0,421,5,pageviews_http_403
Sea Wolf (band),0,0.0,62,1,pageviews_http_403
Sea legs,0,0.0,11,3,pageviews_http_403
Seafood,0,0.0,2880,7,pageviews_http_403
Seamount,0,0.0,1311,9,pageviews_http_403
Sean,0,0.0,270,6,pageviews_http_403
Sean Crombie,0,0.0,13,0,pageviews_http_403
Sean Lakeman,0,0.0,37,1,pageviews_http_403
Searching,0,0.0,243,3,pageviews_http_403
Searching (horse),0,0.0,26,0,pageviews_http_403
Seat belt,0,0.0,1149,32,pageviews_http_403
Seat belt laws in the United States,0,0.0,277,5,pageviews_http_403
Seat belt legislation,0,0.0,176,8,pageviews_http_403
Seaton,0,0.0,26,1,pageviews_http_403
Seattle Mariners,0,0.0,6426,13,pageviews_http_403
Seattle Pilots,0,0.0,592,0,pageviews_http_403
Sebastian (1995 film),0,0.0,10,0,pageviews_http_403
Sebastian Asch,0,0.0,86,0,pageviews_http_403
Sebastián Morquio,0,0.0,11,1,pageviews_http_403
Second Best (film),0,0.0,29,0,pageviews_http_403
Second Best Bed,0,0.0,109,0,pageviews_http_403
Second Generation (novel),0,0.0,13,3,pageviews_http_403
Second Opinion (The Sopranos),0,0.0,136,2,pageviews_http_403
Second Persian invasion of Greece,0,0.0,401,7,pageviews_http_403
Second Thoughts,0,0.0,18,5,pageviews_http_403
Second Thoughts (1938 film),0,0.0,50,1,pageviews_http_403
Second Thoughts (1983 film),0,0.0,45,0,pageviews_http_403
Second Thoughts (album),0,0.0,79,1,pageviews_http_403
Second Time Around,0,0.0,29,7,pageviews_http_403
Second Time Around (Ghost album),0,0.0,6,0,pageviews_http_403
Second Time Around (TV series),0,0.0,148,0,pageviews_http_403
Second Time Around (film),0,0.0,108,0,pageviews_http_403
Second generation,0,0.0,23,11,pageviews_http_403
Second-generation biofuels,0,0.0,72,7,pageviews_http_403
Secondary,0,0.0,106,4,pageviews_http_403
Secondary growth,0,0.0,326,1,pageviews_http_403
Secret (2007 film),0,0.0,119,5,pageviews_http_403
Secret Empire (1974 comic),0,0.0,93,0,pageviews_http_403
Secret Weapon,0,0.0,12,5,pageviews_http_403
Secret Weapon (group),0,0.0,16,1,pageviews_http_403
Secrets (1924 film),0,0.0,111,0,pageviews_http_403
Secrets Secrets,0,0.0,19,2,pageviews_http_403
Secrets of Radar Museum,0,0.0,9,1,pageviews_http_403
Section 23 of the Canadian Charter of Rights and Freedoms,0,0.0,190,8,pageviews_http_403
Seductive details,0,0.0,38,2,pageviews_http_403
See Hear,0,0.0,46,0,pageviews_http_403
See How They Dance,0,0.0,27,2,pageviews_http_403
See How They Fall,0,0.0,83,1,pageviews_http_403
See How They Fly,0,0.0,54,0,pageviews_http_403
See How They Run,0,0.0,15,3,pageviews_http_403
See Me Now,0,0.0,558,1,pageviews_http_403
See Tickets,0,0.0,62,2,pageviews_http_403
See You (Depeche Mode song),0,0.0,135,1,pageviews_http_403
See You Again,0,0.0,806,8,pageviews_http_403
See the Day,0,0.0,93,4,pageviews_http_403
Seed (1931 film),0,0.0,66,0,pageviews_http_403
Seed (2007 film),0,0.0,87,0,pageviews_http_403
Seeing the elephant,0,0.0,20,3,pageviews_http_403
Seek,0,0.0,19,2,pageviews_http_403
Seek (NCIS),0,0.0,100,0,pageviews_http_403
Seeking Justice,0,0.0,77,2,pageviews_http_403
Seema,0,0.0,40,2,pageviews_http_403
Seema Tapakai,0,0.0,48,0,pageviews_http_403
Segment,0,0.0,70,6,pageviews_http_403
Segmentation (biology),0,0.0,485,6,pageviews_http_403
Seigo Kosaku,0,0.0,3,0,pageviews_http_403
Seishi Ursula Gakuen Junior College,0,0.0,2,1,pageviews_http_403
Seki,0,0.0,12,1,pageviews_http_403
Seki Takakazu,0,0.0,122,7,pageviews_http_403
Select Portfolio Servicing,0,0.0,41,1,pageviews_http_403
Self-Control (novel),0,0.0,8,1,pageviews_http_403
Self-driving car,0,0.0,1973,64,pageviews_http_403
Self-made,0,0.0,16,5,pageviews_http_403
Selfish (Future song),0,0.0,259,0,pageviews_http_403
Semirechye Cossacks,0,0.0,109,6,pageviews_http_403
Semirechye Oblast,0,0.0,206,6,pageviews_http_403
"Semirechye, Kugarchinsky District, Republic of Bashkortostan",0,0.0,116,0,pageviews_http_403
Send In the Clowns,0,0.0,798,3,pageviews_http_403
Send Out the Clowns,0,0.0,42,0,pageviews_http_403
Sender ID,0,0.0,35,3,pageviews_http_403
Senegal,0,0.0,23586,24,pageviews_http_403
Senior Discount (band),0,0.0,5,0,pageviews_http_403
Senior airman,0,0.0,185,5,pageviews_http_403
Sennacherib,0,0.0,1028,30,pageviews_http_403
Sense and Sensibility (2008 TV series),0,0.0,121,4,pageviews_http_403
Sense of balance,0,0.0,330,7,pageviews_http_403
Sent-down youth,0,0.0,453,24,pageviews_http_403
Senzeni Marasela,0,0.0,13,0,pageviews_http_403
Senzeni Na?,0,0.0,15,1,pageviews_http_403
Senzeni Zokwana,0,0.0,83,0,pageviews_http_403
Seol (surname),0,0.0,23,7,pageviews_http_403
Seol Chong,0,0.0,21,2,pageviews_http_403
Seol-hee,0,0.0,2,1,pageviews_http_403
Separation of powers under the United States Constitution,0,0.0,1622,3,pageviews_http_403
September (1984 film),0,0.0,20,0,pageviews_http_403
September (1987 film),0,0.0,142,1,pageviews_http_403
September (2007 film),0,0.0,141,0,pageviews_http_403
September 12 (film),0,0.0,6,1,pageviews_http_403
September 2007 Sumatra earthquakes,0,0.0,31,0,pageviews_http_403
Septum,0,0.0,1887,9,pageviews_http_403
Sequential manual transmission,0,0.0,651,6,pageviews_http_403
Sequential transmission,0,0.0,2,1,pageviews_http_403
Sequoia 300 Sequoia,0,0.0,8,5,pageviews_http_403
Serbin Fashions,0,0.0,2,0,pageviews_http_403
Serendipity,0,0.0,432,10,pageviews_http_403
Serendipity 3,0,0.0,728,1,pageviews_http_403
Serendipity the Pink Dragon,0,0.0,44,5,pageviews_http_403
Sergeant first class,0,0.0,525,8,pageviews_http_403
Serial (1980 film),0,0.0,56,0,pageviews_http_403
Serial film,0,0.0,1720,8,pageviews_http_403
Series (United States currency),0,0.0,16,2,pageviews_http_403
Serious,0,0.0,56,5,pageviews_http_403
Serious Money,0,0.0,111,0,pageviews_http_403
Serpent Mage,0,0.0,9,0,pageviews_http_403
Serpent Mage (Greg Bear),0,0.0,21,0,pageviews_http_403
Servant (band),0,0.0,50,0,pageviews_http_403
Service flag,0,0.0,435,13,pageviews_http_403
Servicing,0,0.0,9,5,pageviews_http_403
Set It Up,0,0.0,51,0,pageviews_http_403
Set Up (2005 film),0,0.0,126,0,pageviews_http_403
Settle,0,0.0,64,2,pageviews_http_403
Settle (band),0,0.0,12,0,pageviews_http_403
Settle (furniture),0,0.0,30,0,pageviews_http_403
Seungri,0,0.0,447,5,pageviews_http_403
Seven Days in Utopia,0,0.0,30,0,pageviews_http_403
Seven Mile Bridge,0,0.0,298,7,pageviews_http_403
Seven Mile Bridge Run,0,0.0,2,1,pageviews_http_403
Seven Songs for Malcolm X,0,0.0,73,1,pageviews_http_403
Severed,0,0.0,22,1,pageviews_http_403
Severed Heads,0,0.0,109,3,pageviews_http_403
Severed Souls,0,0.0,27,0,pageviews_http_403
Sewing machine,0,0.0,926,10,pageviews_http_403
Sex and the City (film),0,0.0,306,6,pageviews_http_403
Sex offender,0,0.0,962,8,pageviews_http_403
Sexually dimorphic nucleus,0,0.0,36,1,pageviews_http_403
Sexy Sweet Thing,0,0.0,47,0,pageviews_http_403
Seyit Çabuk,0,0.0,21,3,pageviews_http_403
Señor,0,0.0,14,2,pageviews_http_403
Señor Boombox,0,0.0,15,1,pageviews_http_403
Señor Saint,0,0.0,101,1,pageviews_http_403
Sha-La-La-La-La,0,0.0,69,7,pageviews_http_403
Shades of Blue (TV series),0,0.0,167,2,pageviews_http_403
Shades of gray,0,0.0,511,55,pageviews_http_403
Shadow (2013 film),0,0.0,82,4,pageviews_http_403
Shadow Dragon,0,0.0,12,4,pageviews_http_403
Shadow Magic (novel),0,0.0,8,0,pageviews_http_403
Shadow Man (1988 film),0,0.0,15,0,pageviews_http_403
Shadow Man (2006 film),0,0.0,18,0,pageviews_http_403
Shadow of the Colossus,0,0.0,582,27,pageviews_http_403
Shadow of the Colossus (2018 video game),0,0.0,41,1,pageviews_http_403
Shadow of the Dragon,0,0.0,11,3,pageviews_http_403
Shaft (2000 film),0,0.0,215,2,pageviews_http_403
Shagari,0,0.0,3,1,pageviews_http_403
Shagari Alleyne,0,0.0,18,0,pageviews_http_403
Shagari Mohammed,0,0.0,6,1,pageviews_http_403
Shagreen,0,0.0,225,4,pageviews_http_403
Shagreen ray,0,0.0,30,1,pageviews_http_403
Shailene Woodley,0,0.0,931,3,pageviews_http_403
Shake Shake Shake,0,0.0,1,1,pageviews_http_403
Shake a Bone,0,0.0,6,1,pageviews_http_403
Shake a Hand,0,0.0,223,1,pageviews_http_403
Shake a Tail Feather,0,0.0,144,1,pageviews_http_403
Shakira,0,0.0,4652,19,pageviews_http_403
Shakira Caine,0,0.0,49,2,pageviews_http_403
Shakya,0,0.0,745,17,pageviews_http_403
Shall We Dance,0,0.0,16,4,pageviews_http_403
Shall We Dance? (1951 song),0,0.0,110,0,pageviews_http_403
Shall We Dance? (1996 film),0,0.0,459,5,pageviews_http_403
Shall We?,0,0.0,13,0,pageviews_http_403
Shallow Water,0,0.0,0,0,pageviews_http_403
Shallow water,0,0.0,5,2,pageviews_http_403
Shallow water drilling,0,0.0,12,1,pageviews_http_403
Shallow water fishing,0,0.0,5,0,pageviews_http_403
Shames,0,0.0,7,1,pageviews_http_403
Shamoo,0,0.0,1,1,pageviews_http_403
Shamsa Pur,0,0.0,62,1,pageviews_http_403
Shannon,0,0.0,164,5,pageviews_http_403
Shannon College of Hotel Management,0,0.0,40,0,pageviews_http_403
Shapes (The X-Files),0,0.0,75,1,pageviews_http_403
Shaping,0,0.0,11,1,pageviews_http_403
Shaping Up,0,0.0,16,0,pageviews_http_403
Shaping Up (album),0,0.0,44,0,pageviews_http_403
Shapiro,0,0.0,60,4,pageviews_http_403
Sharbino,0,0.0,1,0,pageviews_http_403
Shark Monroe,0,0.0,7,0,pageviews_http_403
Shark sanctuary,0,0.0,207,0,pageviews_http_403
Shark! Shark!,0,0.0,25,2,pageviews_http_403
Sharon Calahan,0,0.0,42,0,pageviews_http_403
Shatt al-Arab,0,0.0,887,40,pageviews_http_403
Shattered Glass (film),0,0.0,140,0,pageviews_http_403
Shaun,0,0.0,39,0,pageviews_http_403
Shaun Carey,0,0.0,17,0,pageviews_http_403
Shaun Cassidy,0,0.0,248,6,pageviews_http_403
Shaving,0,0.0,647,14,pageviews_http_403
Shaw Lefevre,0,0.0,4,1,pageviews_http_403
Shawm,0,0.0,403,8,pageviews_http_403
Shawn Johnson East,0,0.0,694,5,pageviews_http_403
Shawn Mendes,0,0.0,1734,11,pageviews_http_403
Shawn Paul Humphries,0,0.0,16,1,pageviews_http_403
Shawn Toovey,0,0.0,23,0,pageviews_http_403
Shawty,0,0.0,16,2,pageviews_http_403
She (Angel),0,0.0,96,1,pageviews_http_403
She Blinded Me with Science,0,0.0,92,3,pageviews_http_403
She Didn't Have Time,0,0.0,49,0,pageviews_http_403
She Gets Down on Her Knees,0,0.0,111,1,pageviews_http_403
She Is,0,0.0,23,2,pageviews_http_403
She Is the Darkness,0,0.0,29,1,pageviews_http_403
She Keeps Bees,0,0.0,14,0,pageviews_http_403
She Keeps Me Up,0,0.0,81,0,pageviews_http_403
She Only Smokes When She Drinks,0,0.0,45,0,pageviews_http_403
She Used to Love Me a Lot,0,0.0,47,0,pageviews_http_403
She's Actin' Single (I'm Drinkin' Doubles),0,0.0,25,0,pageviews_http_403
She's Come Undone,0,0.0,14,0,pageviews_http_403
She's Gonna Make It,0,0.0,74,0,pageviews_http_403
She's Got a Way,0,0.0,139,1,pageviews_http_403
She's Got a Way with Words,0,0.0,98,0,pageviews_http_403
She's Just My Style,0,0.0,31,0,pageviews_http_403
She's Single Again,0,0.0,54,0,pageviews_http_403
She's So High (Blur song),0,0.0,89,1,pageviews_http_403
She's So Lovely,0,0.0,79,1,pageviews_http_403
She's So Lovely (song),0,0.0,47,0,pageviews_http_403
She's So Mean,0,0.0,50,0,pageviews_http_403
She-She-She Camps,0,0.0,21,2,pageviews_http_403
Shea Neary,0,0.0,21,0,pageviews_http_403
Shea Stadium,0,0.0,2386,5,pageviews_http_403
Sheep,0,0.0,6504,36,pageviews_http_403
Sheep farming,0,0.0,716,13,pageviews_http_403
Sheila Kuehl,0,0.0,153,2,pageviews_http_403
Sheldon,0,0.0,33,1,pageviews_http_403
Sheldon Allman,0,0.0,50,0,pageviews_http_403
Shelina Permalloo,0,0.0,11,0,pageviews_http_403
Shelina Zadorsky,0,0.0,253,2,pageviews_http_403
Shell,0,0.0,352,8,pageviews_http_403
Shelley (TV series),0,0.0,103,3,pageviews_http_403
Shelley!,0,0.0,18,1,pageviews_http_403
Shelter,0,0.0,418,3,pageviews_http_403
Shelter (novel),0,0.0,6,0,pageviews_http_403
Shelton,0,0.0,32,3,pageviews_http_403
Shi Jian,0,0.0,140,0,pageviews_http_403
Shi Jian (sailor),0,0.0,14,0,pageviews_http_403
Shibin El Kom,0,0.0,252,12,pageviews_http_403
Shibin El Qanater,0,0.0,135,2,pageviews_http_403
Shift (novel),0,0.0,10,1,pageviews_http_403
Shiki,0,0.0,24,2,pageviews_http_403
"Shiki, Saitama",0,0.0,132,5,pageviews_http_403
Shiki-Jitsu,0,0.0,150,4,pageviews_http_403
Shin (band),0,0.0,32,1,pageviews_http_403
Shin Shin,0,0.0,0,0,pageviews_http_403
Shin Shin-ae,0,0.0,42,0,pageviews_http_403
Shine (Trey Anastasio album),0,0.0,42,6,pageviews_http_403
Shine (Trey Anastasio song),0,0.0,8,0,pageviews_http_403
"Shine, Shine, Shine",0,0.0,38,1,pageviews_http_403
Shipbuilding in the American colonies,0,0.0,41,2,pageviews_http_403
Shipping Forecast,0,0.0,387,12,pageviews_http_403
Shirley Chisholm,0,0.0,2106,15,pageviews_http_403
Shiva (1990 film),0,0.0,151,0,pageviews_http_403
Shiva (2008 film),0,0.0,30,0,pageviews_http_403
Shiva (2012 film),0,0.0,31,1,pageviews_http_403
Shoal Creek,0,0.0,13,3,pageviews_http_403
Shoal Creek Church,0,0.0,10,0,pageviews_http_403
Shoal Creek Club,0,0.0,49,3,pageviews_http_403
Shock (2006 film),0,0.0,156,2,pageviews_http_403
Shock to the System (2006 film),0,0.0,50,0,pageviews_http_403
Sholem Asch,0,0.0,179,7,pageviews_http_403
Short Cool Ones,0,0.0,62,1,pageviews_http_403
Short S.26,0,0.0,126,4,pageviews_http_403
Short film,0,0.0,11823,30,pageviews_http_403
Short ribs,0,0.0,374,8,pageviews_http_403
Short story,0,0.0,105204,12,pageviews_http_403
Short story collection,0,0.0,809,8,pageviews_http_403
Shot (ice hockey),0,0.0,17972,7,pageviews_http_403
Shove ha'penny,0,0.0,0,0,pageviews_http_403
Show (film),0,0.0,103,2,pageviews_http_403
Show Boat (1951 film),0,0.0,287,0,pageviews_http_403
Show Me (Kid Ink song),0,0.0,260,0,pageviews_http_403
Show Me Love,0,0.0,23,3,pageviews_http_403
Show Me Love (Robyn song),0,0.0,119,1,pageviews_http_403
Show Me Love (t.A.T.u. song),0,0.0,54,1,pageviews_http_403
Show Me the Money,0,0.0,28,9,pageviews_http_403
Show Me the Money 4,0,0.0,81,0,pageviews_http_403
Show Me the Money 5,0,0.0,88,1,pageviews_http_403
Showdown,0,0.0,44,8,pageviews_http_403
Showdown (Amado novel),0,0.0,41,1,pageviews_http_403
Showdown (Flynn novel),0,0.0,8,0,pageviews_http_403
Showdown!,0,0.0,55,0,pageviews_http_403
Shri,0,0.0,636,15,pageviews_http_403
Shripad Amrit Dange,0,0.0,272,6,pageviews_http_403
Shulman,0,0.0,15,1,pageviews_http_403
Siachen Glacier,0,0.0,1215,9,pageviews_http_403
Sial,0,0.0,59,3,pageviews_http_403
Sial (tribe),0,0.0,209,5,pageviews_http_403
Siavash Akbarpour,0,0.0,55,0,pageviews_http_403
Siavash Alamouti,0,0.0,18,0,pageviews_http_403
Siavash Yazdani,0,0.0,57,1,pageviews_http_403
Siberian tiger,0,0.0,968,24,pageviews_http_403
Sibling Rivalry (Family Guy),0,0.0,78,2,pageviews_http_403
Side by Side (1975 film),0,0.0,55,0,pageviews_http_403
Side by Side (2012 film),0,0.0,35,4,pageviews_http_403
Side by side,0,0.0,35,9,pageviews_http_403
Sider,0,0.0,4,0,pageviews_http_403
Sideshow,0,0.0,401,7,pageviews_http_403
Sideshow (song),0,0.0,35,0,pageviews_http_403
Sidney S. Woods,0,0.0,14,2,pageviews_http_403
Sidney Sheldon,0,0.0,510,7,pageviews_http_403
Sidney Stranks,0,0.0,7,1,pageviews_http_403
Sieben,0,0.0,6,1,pageviews_http_403
Sieben Ahorn,0,0.0,5,0,pageviews_http_403
Sieben Steinhäuser,0,0.0,274,2,pageviews_http_403
Siege of Belgrade (1456),0,0.0,775,3,pageviews_http_403
Siege of Carrickfergus (1689),0,0.0,92,0,pageviews_http_403
Siege of Constantinople (717–718),0,0.0,569,13,pageviews_http_403
Siege of Corinth,0,0.0,1387,4,pageviews_http_403
Siege of Kamenets (1687),0,0.0,75,0,pageviews_http_403
Siege of the Acropolis (1687),0,0.0,156,0,pageviews_http_403
Siege of the Acropolis (1821–1822),0,0.0,467,4,pageviews_http_403
Siena,0,0.0,3629,8,pageviews_http_403
Sierra Leone Civil War,0,0.0,1137,11,pageviews_http_403
Sig,0,0.0,31,3,pageviews_http_403
Sigebert,0,0.0,17,11,pageviews_http_403
Sigebert I,0,0.0,255,2,pageviews_http_403
Sigebert III,0,0.0,138,6,pageviews_http_403
Sigma Chi,0,0.0,1073,7,pageviews_http_403
Sign,0,0.0,728,0,pageviews_http_403
Signal,0,0.0,1045,17,pageviews_http_403
Signal (Kanon Wakeshima song),0,0.0,7,1,pageviews_http_403
Signal (band),0,0.0,19,0,pageviews_http_403
Signal Corps Band,0,0.0,61,1,pageviews_http_403
Significant Others (1998 TV series),0,0.0,35,1,pageviews_http_403
Significant Others (2004 TV series),0,0.0,203,1,pageviews_http_403
Significant Others (2022 TV series),0,0.0,19,1,pageviews_http_403
Significant Others (novel),0,0.0,30,0,pageviews_http_403
Sigurd,0,0.0,714,18,pageviews_http_403
Sigurd (opera),0,0.0,73,1,pageviews_http_403
Sik,0,0.0,18,3,pageviews_http_403
Sikkim Manipal University,0,0.0,162,11,pageviews_http_403
Sikkim Professional University,0,0.0,15,1,pageviews_http_403
Sikkim University,0,0.0,127,1,pageviews_http_403
Silence,0,0.0,319,7,pageviews_http_403
Silence (1931 film),0,0.0,75,0,pageviews_http_403
Silence (1969 play),0,0.0,79,0,pageviews_http_403
Silence (1971 film),0,0.0,131,0,pageviews_http_403
Silence (1999 play),0,0.0,3,0,pageviews_http_403
Silence (2001 film),0,0.0,13,1,pageviews_http_403
Silence (TV series),0,0.0,20,1,pageviews_http_403
Silence = Death (film),0,0.0,305,0,pageviews_http_403
Silent Hunter (video game),0,0.0,26,3,pageviews_http_403
Silent Running (On Dangerous Ground),0,0.0,77,1,pageviews_http_403
Siliceous ooze,0,0.0,142,1,pageviews_http_403
Silly Love Songs (Glee),0,0.0,172,0,pageviews_http_403
Silver (Motion novel),0,0.0,952,2,pageviews_http_403
Silver (film),0,0.0,172,2,pageviews_http_403
Silver Birch (horse),0,0.0,30,2,pageviews_http_403
Silver Birch House,0,0.0,7,0,pageviews_http_403
"Silver Birch, Blood Moon",0,0.0,64,0,pageviews_http_403
Silver Screen (novel),0,0.0,14,1,pageviews_http_403
Silver Spoons,0,0.0,292,13,pageviews_http_403
Silver Streak (film),0,0.0,236,1,pageviews_http_403
Silver Threads Among the Gold,0,0.0,32,3,pageviews_http_403
Silver Threads Among the Gold (1911 film),0,0.0,86,0,pageviews_http_403
Silver Threads Among the Gold (disambiguation),0,0.0,2,0,pageviews_http_403
Silver Tower (novel),0,0.0,27,0,pageviews_http_403
Silver Train (horse),0,0.0,51,0,pageviews_http_403
Silver hallmarks,0,0.0,36,1,pageviews_http_403
Simon Bellamy,0,0.0,27,2,pageviews_http_403
Simon Callery,0,0.0,16,0,pageviews_http_403
Simon Mendes da Costa,0,0.0,11,0,pageviews_http_403
Simon Simon,0,0.0,7,0,pageviews_http_403
Simon Simon (disambiguation),0,0.0,2,2,pageviews_http_403
Simon Tahamata,0,0.0,64,1,pageviews_http_403
"Simon, Simon",0,0.0,30,0,pageviews_http_403
Simonson,0,0.0,4,0,pageviews_http_403
"Simonson, Virginia",0,0.0,18,0,pageviews_http_403
Simple Service Discovery Protocol,0,0.0,40,1,pageviews_http_403
Simple Simon (nursery rhyme),0,0.0,48,0,pageviews_http_403
Simulated body fluid,0,0.0,13,2,pageviews_http_403
Sin (Prilepin novel),0,0.0,5,0,pageviews_http_403
Since U Been Gone,0,0.0,535,4,pageviews_http_403
Since You Been Gone,0,0.0,118,2,pageviews_http_403
Sing (1989 film),0,0.0,58,0,pageviews_http_403
Sing Boy Sing (film),0,0.0,28,2,pageviews_http_403
Sing Sing (1983 film),0,0.0,74,0,pageviews_http_403
Sing Something Simple,0,0.0,98,0,pageviews_http_403
Sing a Simple Song,0,0.0,108,1,pageviews_http_403
Singapore (1960 film),0,0.0,18,0,pageviews_http_403
Singareni Collieries Company,0,0.0,276,16,pageviews_http_403
Single for the Rest of My Life,0,0.0,6,0,pageviews_http_403
Single-Handed,0,0.0,6,6,pageviews_http_403
Single-Handed (TV series),0,0.0,102,13,pageviews_http_403
Sinhalese people,0,0.0,1718,17,pageviews_http_403
Sippy,0,0.0,5,1,pageviews_http_403
Sippy Pallippuram,0,0.0,460,1,pageviews_http_403
"Sir Capel Molyneux, 3rd Baronet",0,0.0,25,0,pageviews_http_403
"Sir Francis Molyneux, 7th Baronet",0,0.0,10,0,pageviews_http_403
"Sir Richard Molyneux, 1st Baronet",0,0.0,34,1,pageviews_http_403
"Sir William Johnson, 1st Baronet",0,0.0,420,4,pageviews_http_403
Sirima–Gandhi Pact,0,0.0,96,10,pageviews_http_403
Sirius XM,0,0.0,1381,0,pageviews_http_403
Sister Act (musical),0,0.0,331,1,pageviews_http_403
Situation,0,0.0,47,4,pageviews_http_403
Situation Room,0,0.0,514,3,pageviews_http_403
Siva Nageswara Rao,0,0.0,49,1,pageviews_http_403
Siva Rao,0,0.0,3,0,pageviews_http_403
"Six Days, Seven Nights",0,0.0,157,4,pageviews_http_403
Six Flags New Orleans,0,0.0,185,9,pageviews_http_403
Sixth Term Examination Paper,0,0.0,33,5,pageviews_http_403
Skeleton on Horseback,0,0.0,18,2,pageviews_http_403
Skempton,0,0.0,0,0,pageviews_http_403
Skene's gland,0,0.0,256,37,pageviews_http_403
Sketches New and Old,0,0.0,121,1,pageviews_http_403
Sketches and Spells,0,0.0,9,1,pageviews_http_403
Skin (1995 film),0,0.0,16,0,pageviews_http_403
Skin Deep (1995 film),0,0.0,19,0,pageviews_http_403
Skin Trade (film),0,0.0,70,0,pageviews_http_403
Skinner's Brewery,0,0.0,19,1,pageviews_http_403
Skinner's Dress Suit,0,0.0,1,0,pageviews_http_403
Skinner's Dress Suit (1917 film),0,0.0,92,0,pageviews_http_403
Skinner's Dress Suit (1926 film),0,0.0,123,0,pageviews_http_403
Skip Bertman,0,0.0,336,1,pageviews_http_403
Skull,0,0.0,3678,39,pageviews_http_403
Skull Heads,0,0.0,61,0,pageviews_http_403
Sky Acres Airport,0,0.0,6,0,pageviews_http_403
Sky West and Crooked,0,0.0,60,1,pageviews_http_403
Skyline,0,0.0,564,3,pageviews_http_403
Skyline (Yann Tiersen album),0,0.0,28,0,pageviews_http_403
Skyline (horse),0,0.0,12,0,pageviews_http_403
Skyscraper,0,0.0,12036,23,pageviews_http_403
Skyscraper (play),0,0.0,4,0,pageviews_http_403
Skywave,0,0.0,436,8,pageviews_http_403
Slam (1998 film),0,0.0,137,0,pageviews_http_403
Slam Dance (film),0,0.0,70,0,pageviews_http_403
Slashed zero,0,0.0,96,12,pageviews_http_403
Slater,0,0.0,84,6,pageviews_http_403
Slaughter,0,0.0,97,5,pageviews_http_403
Slave Women of Corinth,0,0.0,94,3,pageviews_http_403
Sleep at Night,0,0.0,0,3,pageviews_http_403
Sleeping Beauty,0,0.0,1155,21,pageviews_http_403
Sleeping Single in a Double Bed,0,0.0,121,1,pageviews_http_403
Slices of Life (1985 film),0,0.0,43,1,pageviews_http_403
Slinger's Day,0,0.0,87,8,pageviews_http_403
Slit,0,0.0,14,1,pageviews_http_403
Slow,0,0.0,95,6,pageviews_http_403
Slow (DJ),0,0.0,24,3,pageviews_http_403
Slow Dance (Hey Mr. DJ),0,0.0,141,0,pageviews_http_403
Slow Train,0,0.0,14,2,pageviews_http_403
Slump test,0,0.0,5,2,pageviews_http_403
Sly,0,0.0,24,4,pageviews_http_403
Sly (band),0,0.0,55,0,pageviews_http_403
Sly Fox,0,0.0,65,0,pageviews_http_403
Sly Fox (band),0,0.0,51,1,pageviews_http_403
Small Craft insignia,0,0.0,11,2,pageviews_http_403
Small Faces,0,0.0,897,5,pageviews_http_403
Small Soldiers,0,0.0,308,8,pageviews_http_403
Small Town,0,0.0,100,1,pageviews_http_403
Small Town (Sports Night),0,0.0,75,0,pageviews_http_403
Small Town Brewery,0,0.0,20,1,pageviews_http_403
Small Town Girl,0,0.0,6,2,pageviews_http_403
Small Town Girl (album),0,0.0,36,1,pageviews_http_403
Small Town Girl (song),0,0.0,67,1,pageviews_http_403
Small Town Saturday Night,0,0.0,3,2,pageviews_http_403
Small craft advisory,0,0.0,125,3,pageviews_http_403
Smalley,0,0.0,14,1,pageviews_http_403
Smart Fortwo,0,0.0,236,21,pageviews_http_403
Smart Guy (film),0,0.0,154,0,pageviews_http_403
Smart People,0,0.0,67,0,pageviews_http_403
Smash,0,0.0,128,10,pageviews_http_403
Smash (novel),0,0.0,91,0,pageviews_http_403
Smeaton,0,0.0,5,1,pageviews_http_403
Smile (2005 film),0,0.0,18,0,pageviews_http_403
Smile (2009 film),0,0.0,9,0,pageviews_http_403
Smile (Doyle novel),0,0.0,26,1,pageviews_http_403
Smile (horse),0,0.0,55,0,pageviews_http_403
Smile (musical),0,0.0,90,1,pageviews_http_403
Smile Smile,0,0.0,12,2,pageviews_http_403
Smile! (novel),0,0.0,6,1,pageviews_http_403
Smile×Smile,0,0.0,5,0,pageviews_http_403
Smith (play),0,0.0,58,0,pageviews_http_403
Smoke from a Distant Fire,0,0.0,18,2,pageviews_http_403
Smokey (album),0,0.0,47,0,pageviews_http_403
Smokey Mountain,0,0.0,254,0,pageviews_http_403
Smoking in Iceland,0,0.0,143,2,pageviews_http_403
Smosh,0,0.0,681,70,pageviews_http_403
Snail,0,0.0,2965,6,pageviews_http_403
Snail racing,0,0.0,44,5,pageviews_http_403
Snake River,0,0.0,1447,13,pageviews_http_403
Snake River (St. Croix River tributary),0,0.0,81,1,pageviews_http_403
Snake River Conspiracy,0,0.0,69,7,pageviews_http_403
Snake River Conspiracy discography,0,0.0,11,0,pageviews_http_403
Snapper Foster,0,0.0,140,6,pageviews_http_403
Snidely Whiplash,0,0.0,105,4,pageviews_http_403
SnoBar Cocktails,0,0.0,13,0,pageviews_http_403
Snook,0,0.0,39,4,pageviews_http_403
Snow (1963 film),0,0.0,19,1,pageviews_http_403
Snow (2004 film),0,0.0,146,1,pageviews_http_403
Snow (Hey Oh),0,0.0,205,5,pageviews_http_403
Snowball,0,0.0,173,9,pageviews_http_403
Snowball (cocktail),0,0.0,431,0,pageviews_http_403
Snyder,0,0.0,21,1,pageviews_http_403
So Alone (album),0,0.0,35,1,pageviews_http_403
So Glad I'm Me,0,0.0,12,2,pageviews_http_403
So Good to Be Back Home Again,0,0.0,14,0,pageviews_http_403
So Intense,0,0.0,11,0,pageviews_http_403
So Long Ago,0,0.0,6,1,pageviews_http_403
So This Is Paris (1926 film),0,0.0,80,0,pageviews_http_403
So Young (film),0,0.0,73,0,pageviews_http_403
Sobieski,0,0.0,19,2,pageviews_http_403
"Sobieski, Wisconsin",0,0.0,63,2,pageviews_http_403
Social Democratic Party,0,0.0,276,9,pageviews_http_403
Social Democratic Party (Nigeria),0,0.0,466,1,pageviews_http_403
Social Welfare Department,0,0.0,244,0,pageviews_http_403
Social club,0,0.0,444,4,pageviews_http_403
Social responsibility,0,0.0,680,10,pageviews_http_403
Society (play),0,0.0,29,0,pageviews_http_403
Sociobiology,0,0.0,1319,9,pageviews_http_403
Sodium thiopental,0,0.0,1610,35,pageviews_http_403
Sofia Anker-Kofoed,0,0.0,9,0,pageviews_http_403
Sofie Goos,0,0.0,16,0,pageviews_http_403
Sofitel,0,0.0,644,6,pageviews_http_403
Sofitel massacre,0,0.0,5,0,pageviews_http_403
Software asset management,0,0.0,49,2,pageviews_http_403
Sohn Kee-chung,0,0.0,268,17,pageviews_http_403
Soil and Water Conservation Act,0,0.0,8,2,pageviews_http_403
Soil and Water Conservation Bureau,0,0.0,4,1,pageviews_http_403
Soil and Water Conservation Society,0,0.0,123,2,pageviews_http_403
Soil conservation,0,0.0,741,1,pageviews_http_403
Sol,0,0.0,213,15,pageviews_http_403
Sol Kyong,0,0.0,69,1,pageviews_http_403
Sol.,0,0.0,44,0,pageviews_http_403
"Solar eclipse of August 21, 2017",0,0.0,1039,31,pageviews_http_403
Solar-powered aircraft,0,0.0,298,9,pageviews_http_403
Solar-powered calculator,0,0.0,179,5,pageviews_http_403
Solar-powered pump,0,0.0,236,3,pageviews_http_403
Sold (1915 film),0,0.0,95,0,pageviews_http_403
Sold (2014 film),0,0.0,20,0,pageviews_http_403
Soldier Soldier,0,0.0,315,10,pageviews_http_403
Soldier of Love (Lay Down Your Arms),0,0.0,80,0,pageviews_http_403
Soldier's Medal,0,0.0,364,7,pageviews_http_403
Soldiers Three (film),0,0.0,85,0,pageviews_http_403
Solidify (Grip Inc. album),0,0.0,14,0,pageviews_http_403
Solo (Boyd novel),0,0.0,158,2,pageviews_http_403
Solo (Mason novel),0,0.0,6,0,pageviews_http_403
Solo Cup Company,0,0.0,172,13,pageviews_http_403
Solo Man,0,0.0,372,9,pageviews_http_403
Solvency,0,0.0,147,1,pageviews_http_403
Solvency cone,0,0.0,13,0,pageviews_http_403
Solvency ratio,0,0.0,11,0,pageviews_http_403
Some Like It Hot,0,0.0,925,10,pageviews_http_403
Some Like It Hot (1939 film),0,0.0,159,0,pageviews_http_403
Some Mothers Do 'Ave 'Em,0,0.0,226,11,pageviews_http_403
Somebody Bigger Than You and I,0,0.0,61,0,pageviews_http_403
Somebody's Daughter (film),0,0.0,69,0,pageviews_http_403
Someday (Disney song),0,0.0,245,2,pageviews_http_403
Someone Else,0,0.0,9,1,pageviews_http_403
Someone Else Calling You Baby,0,0.0,88,0,pageviews_http_403
Someone to Watch Over Me,0,0.0,20,3,pageviews_http_403
Someone to Watch Over Me (Battlestar Galactica),0,0.0,89,0,pageviews_http_403
Something (Beatles song),0,0.0,1125,2,pageviews_http_403
Something More,0,0.0,9,3,pageviews_http_403
Something More (novel),0,0.0,9,0,pageviews_http_403
Something More Beautiful,0,0.0,19,0,pageviews_http_403
Something More!,0,0.0,27,0,pageviews_http_403
Something Near,0,0.0,67,0,pageviews_http_403
Something Simple,0,0.0,7,0,pageviews_http_403
Something Something,0,0.0,4,2,pageviews_http_403
Something Something Soup Something,0,0.0,7,0,pageviews_http_403
Something Special,0,0.0,36,3,pageviews_http_403
Something Special (short story),0,0.0,43,0,pageviews_http_403
Something to Believe,0,0.0,2,0,pageviews_http_403
Something to Believe In,0,0.0,10,6,pageviews_http_403
Something to Believe In (Poison song),0,0.0,84,1,pageviews_http_403
Something to Believe In (Ramones song),0,0.0,114,3,pageviews_http_403
Something's Coming,0,0.0,7,2,pageviews_http_403
Something's Coming (song),0,0.0,201,0,pageviews_http_403
Something's Coming! (album),0,0.0,72,0,pageviews_http_403
Something's Gotta Give,0,0.0,23,5,pageviews_http_403
Something's Gotta Give (Johnny Mercer song),0,0.0,192,0,pageviews_http_403
Something's Gotta Give (film),0,0.0,244,2,pageviews_http_403
Sometime,0,0.0,4,2,pageviews_http_403
Sometime Anywhere,0,0.0,51,0,pageviews_http_403
Sometime Never...,0,0.0,237,1,pageviews_http_403
Sometimes It Snows in April,0,0.0,157,1,pageviews_http_403
Sometimes in April,0,0.0,105,1,pageviews_http_403
Somewhere Between (TV series),0,0.0,45,1,pageviews_http_403
Son,0,0.0,646,2,pageviews_http_403
Son contento,0,0.0,10,0,pageviews_http_403
Son of Cain,0,0.0,10,0,pageviews_http_403
Son of a Son of a Sailor,0,0.0,118,2,pageviews_http_403
Son of man,0,0.0,343,3,pageviews_http_403
Song Cry,0,0.0,215,0,pageviews_http_403
Song of Nevada,0,0.0,26,0,pageviews_http_403
Song of the Heart,0,0.0,12,3,pageviews_http_403
Song thrush,0,0.0,534,9,pageviews_http_403
Sonny Kiriakis,0,0.0,189,3,pageviews_http_403
Sonny Perdue,0,0.0,643,14,pageviews_http_403
Sons (1996 film),0,0.0,22,0,pageviews_http_403
Sony,0,0.0,9390,48,pageviews_http_403
Sony Xperia,0,0.0,700,8,pageviews_http_403
Sony Xperia XA1,0,0.0,114,3,pageviews_http_403
Sony Xperia XA1 Plus,0,0.0,108,0,pageviews_http_403
Sony α6000,0,0.0,69,18,pageviews_http_403
Sophia (robot),0,0.0,248,1,pageviews_http_403
Sophie Gurney,0,0.0,11,5,pageviews_http_403
Sophie Reade,0,0.0,157,0,pageviews_http_403
Sophie of Legnica,0,0.0,21,0,pageviews_http_403
Sorry (novel),0,0.0,14,0,pageviews_http_403
Sorry Sorry,0,0.0,25,5,pageviews_http_403
"Sorry, Blame It on Me",0,0.0,117,3,pageviews_http_403
"Sorry, Sorry (album)",0,0.0,157,1,pageviews_http_403
Sort code,0,0.0,52,9,pageviews_http_403
Sosoliso Airlines Flight 1145,0,0.0,267,19,pageviews_http_403
Sotirios Stathakis,0,0.0,28,0,pageviews_http_403
Soul Eater,0,0.0,685,17,pageviews_http_403
Soul Eater (novel),0,0.0,25,2,pageviews_http_403
Soul Kitchen (film),0,0.0,147,0,pageviews_http_403
Soul Limbo,0,0.0,46,1,pageviews_http_403
Soul Mates (1925 film),0,0.0,109,0,pageviews_http_403
Souls (story),0,0.0,263,0,pageviews_http_403
Sound Pieces,0,0.0,101,0,pageviews_http_403
Sound of Thunder,0,0.0,6,2,pageviews_http_403
Soundscape,0,0.0,624,5,pageviews_http_403
Sour El-Ghozlane,0,0.0,116,1,pageviews_http_403
Sourav Ganguly,0,0.0,1093,13,pageviews_http_403
Sousa,0,0.0,41,5,pageviews_http_403
Sousa (surname),0,0.0,64,8,pageviews_http_403
South African National Lottery,0,0.0,43,1,pageviews_http_403
South Carolina High School League,0,0.0,121,1,pageviews_http_403
South Carolina Superintendent of Education,0,0.0,39,0,pageviews_http_403
South Dakota,0,0.0,21408,29,pageviews_http_403
South Oak Cliff High School,0,0.0,419,3,pageviews_http_403
South Pass (Wyoming),0,0.0,240,2,pageviews_http_403
Southern Cross Novel Challenge,0,0.0,8,1,pageviews_http_403
Southwestern University,0,0.0,851,12,pageviews_http_403
Soviet–Afghan War,0,0.0,4964,66,pageviews_http_403
Soviet–Japanese War,0,0.0,1532,6,pageviews_http_403
Space Jam,0,0.0,2110,10,pageviews_http_403
Space hopper,0,0.0,72,9,pageviews_http_403
Space toilet,0,0.0,445,15,pageviews_http_403
Spaceflight,0,0.0,17200,31,pageviews_http_403
Spanish Christmas Lottery,0,0.0,464,3,pageviews_http_403
Spanish dollar,0,0.0,1142,21,pageviews_http_403
Spanish missions in California,0,0.0,1614,18,pageviews_http_403
Spanish missions in Louisiana,0,0.0,55,0,pageviews_http_403
Sparks (Sparks album),0,0.0,136,2,pageviews_http_403
Spartaco Fontanot,0,0.0,9,1,pageviews_http_403
Spartaco Landini,0,0.0,53,0,pageviews_http_403
Spartaco Schergat,0,0.0,143,0,pageviews_http_403
Spas,0,0.0,15,2,pageviews_http_403
Spas-Demensk,0,0.0,132,1,pageviews_http_403
Speak (band),0,0.0,28,1,pageviews_http_403
Speak Low (band),0,0.0,7,0,pageviews_http_403
Speak!!!!,0,0.0,25,2,pageviews_http_403
"Speak, Brother, Speak!",0,0.0,292,0,pageviews_http_403
Special (Lost),0,0.0,153,2,pageviews_http_403
Special Delivery (short story),0,0.0,10,0,pageviews_http_403
Speed (1984 film),0,0.0,27,1,pageviews_http_403
Speed Skating Canada,0,0.0,191,0,pageviews_http_403
Speed limits in Lebanon,0,0.0,19,0,pageviews_http_403
Speed limits in New Zealand,0,0.0,14,0,pageviews_http_403
Speed skating,0,0.0,10313,6,pageviews_http_403
Spencer Plaza,0,0.0,1061,1,pageviews_http_403
Spenser,0,0.0,18,1,pageviews_http_403
Spenser Mountains,0,0.0,216,0,pageviews_http_403
Speranza,0,0.0,5,1,pageviews_http_403
Spermaceti,0,0.0,189,5,pageviews_http_403
Sperry,0,0.0,16,1,pageviews_http_403
Sperry Top-Sider,0,0.0,57,0,pageviews_http_403
Spherical shell,0,0.0,51,0,pageviews_http_403
Spherical trigonometry,0,0.0,466,27,pageviews_http_403
Spider monkey,0,0.0,694,10,pageviews_http_403
Spider's Web (novel),0,0.0,11,1,pageviews_http_403
Spinal nerve root,0,0.0,16,6,pageviews_http_403
Spine,0,0.0,132,8,pageviews_http_403
Spine (1986 film),0,0.0,2,0,pageviews_http_403
Spinning Wheel (song),0,0.0,373,0,pageviews_http_403
Spinning wheel,0,0.0,540,6,pageviews_http_403
Spiral (1998 film),0,0.0,65,1,pageviews_http_403
Spiral (2007 film),0,0.0,32,0,pageviews_http_403
Spiral (2014 film),0,0.0,8,0,pageviews_http_403
Spiral Jetty,0,0.0,109,1,pageviews_http_403
Spirit of '76 (album),0,0.0,39,2,pageviews_http_403
Spitalfields Market,0,0.0,13,3,pageviews_http_403
Splish Splash,0,0.0,15,3,pageviews_http_403
Splish Splash (song),0,0.0,144,0,pageviews_http_403
Spooked (The Office),0,0.0,236,0,pageviews_http_403
Spooky,0,0.0,36,3,pageviews_http_403
"Spooky, Spooky",0,0.0,65,6,pageviews_http_403
Sport in Russia,0,0.0,1073,12,pageviews_http_403
Sports Jeopardy!,0,0.0,93,0,pageviews_http_403
Spring Baking Championship,0,0.0,175,0,pageviews_http_403
"Spring Creek (Fort Collins, Colorado)",0,0.0,10,2,pageviews_http_403
Spring Snow (film),0,0.0,41,2,pageviews_http_403
Spring Turns to Spring,0,0.0,24,2,pageviews_http_403
Spring to Spring Trail,0,0.0,12,0,pageviews_http_403
"Spring, Sweet Spring",0,0.0,5,0,pageviews_http_403
Spuds MacKenzie,0,0.0,105,6,pageviews_http_403
Sputnik 2,0,0.0,300,4,pageviews_http_403
Squad,0,0.0,605,6,pageviews_http_403
Square wave,0,0.0,127,4,pageviews_http_403
Squash,0,0.0,221,2,pageviews_http_403
Squeeze,0,0.0,106,5,pageviews_http_403
Squeeze (Squeeze album),0,0.0,94,1,pageviews_http_403
Squidward Tentacles,0,0.0,542,16,pageviews_http_403
Srednekansky District,0,0.0,65,15,pageviews_http_403
Sri Jayawardenepura Kotte,0,0.0,637,26,pageviews_http_403
Sri Lankan Tamils,0,0.0,2074,25,pageviews_http_403
Sri Lanka–United Kingdom relations,0,0.0,394,3,pageviews_http_403
Sripada,0,0.0,5,3,pageviews_http_403
Sripada Pinakapani,0,0.0,166,3,pageviews_http_403
Sripada Yellampalli Project,0,0.0,83,5,pageviews_http_403
St Ives Bay Line,0,0.0,144,0,pageviews_http_403
St Michael (brand),0,0.0,16,0,pageviews_http_403
"St. Augustine, Florida",0,0.0,2939,17,pageviews_http_403
St. Francis Preparatory School,0,0.0,331,3,pageviews_http_403
"St. George, Utah",0,0.0,1757,13,pageviews_http_403
St. Louis Cardinals,0,0.0,10107,27,pageviews_http_403
"St. Louis County, Missouri",0,0.0,2019,6,pageviews_http_403
St. Marina's Cave,0,0.0,49,1,pageviews_http_403
St. Marina's Monastery,0,0.0,36,1,pageviews_http_403
St. Mark's,0,0.0,17,11,pageviews_http_403
St. Mary's Seminary and University,0,0.0,431,7,pageviews_http_403
St. Patrick's Day (The Office),0,0.0,205,0,pageviews_http_403
St. Patrick's Day beating,0,0.0,12,28,pageviews_http_403
St. Vincent (film),0,0.0,147,4,pageviews_http_403
St. Vincent Charity Medical Center,0,0.0,198,1,pageviews_http_403
Staff (music),0,0.0,783,31,pageviews_http_403
Stafford Disaster Relief and Emergency Assistance Act,0,0.0,88,2,pageviews_http_403
Stag film,0,0.0,536,2,pageviews_http_403
Stambolić,0,0.0,0,0,pageviews_http_403
Stan Lee's Lucky Man,0,0.0,728,2,pageviews_http_403
Stan Lee's Mighty 7,0,0.0,458,2,pageviews_http_403
Stan Lee's Superhumans,0,0.0,658,3,pageviews_http_403
Stand Up (For the Champions),0,0.0,33,1,pageviews_http_403
"Stand Up, Stand Up",0,0.0,55,1,pageviews_http_403
"Stand Up, Stand Up for Jesus",0,0.0,23,1,pageviews_http_403
Stand by Your Man,0,0.0,357,2,pageviews_http_403
Stand by Your Screen,0,0.0,7,1,pageviews_http_403
Standing rib roast,0,0.0,256,5,pageviews_http_403
Stanisław Szostak,0,0.0,21,1,pageviews_http_403
Stanley (play),0,0.0,89,0,pageviews_http_403
Stanley Matthews,0,0.0,1090,7,pageviews_http_403
Stanley Peiris,0,0.0,140,1,pageviews_http_403
"Stanley Theater (Jersey City, New Jersey)",0,0.0,17,1,pageviews_http_403
Stannary,0,0.0,110,5,pageviews_http_403
Stannary law,0,0.0,103,10,pageviews_http_403
Star,0,0.0,14885,12,pageviews_http_403
Star (1982 film),0,0.0,31,0,pageviews_http_403
Star Driver (novel),0,0.0,7,0,pageviews_http_403
Star Star,0,0.0,205,1,pageviews_http_403
Star Tours,0,0.0,451,4,pageviews_http_403
Star Wars Roleplaying Game (Fantasy Flight Games),0,0.0,75,7,pageviews_http_403
Star! (film),0,0.0,220,2,pageviews_http_403
StarTimes,0,0.0,348,2,pageviews_http_403
State Bank of Mysore,0,0.0,393,1,pageviews_http_403
State Champs,0,0.0,148,10,pageviews_http_403
State Council (Russia),0,0.0,470,2,pageviews_http_403
State Council of Russia,0,0.0,3,1,pageviews_http_403
State Duma (Russian Empire),0,0.0,490,5,pageviews_http_403
State Emblem of India,0,0.0,661,24,pageviews_http_403
State emblem,0,0.0,1,0,pageviews_http_403
State of Change,0,0.0,61,0,pageviews_http_403
State of Love and Trust,0,0.0,195,1,pageviews_http_403
State of Texas Assessments of Academic Readiness,0,0.0,65,3,pageviews_http_403
State of the African Woman Campaign,0,0.0,1,1,pageviews_http_403
State of the Art (book),0,0.0,27,0,pageviews_http_403
Stateline,0,0.0,20,4,pageviews_http_403
Stateline Dam,0,0.0,5,0,pageviews_http_403
Stateline Motel,0,0.0,18,6,pageviews_http_403
Stateline Wilderness,0,0.0,756,0,pageviews_http_403
"Stateline, Idaho",0,0.0,53,8,pageviews_http_403
Staten Island,0,0.0,7496,38,pageviews_http_403
Staten Island (film),0,0.0,128,0,pageviews_http_403
"States Reorganisation Act, 1956",0,0.0,519,12,pageviews_http_403
States Reorganisation Commission,0,0.0,171,7,pageviews_http_403
Stathakis,0,0.0,0,1,pageviews_http_403
Stations (poetry collection),0,0.0,31,1,pageviews_http_403
Statute of limitations,0,0.0,2047,22,pageviews_http_403
Stavros Stathakis,0,0.0,25,0,pageviews_http_403
Stay (Rihanna song),0,0.0,467,0,pageviews_http_403
Stay Asleep,0,0.0,9,0,pageviews_http_403
Stay Here,0,0.0,296,1,pageviews_http_403
Staying Alive (1983 film),0,0.0,173,0,pageviews_http_403
Steak,0,0.0,1552,10,pageviews_http_403
Steamboat,0,0.0,3711,8,pageviews_http_403
Steel industry in China,0,0.0,559,5,pageviews_http_403
Stefan Bergmeister,0,0.0,1,1,pageviews_http_403
Steffan,0,0.0,9,0,pageviews_http_403
Steffan Cravos,0,0.0,42,3,pageviews_http_403
Steffan Rhodri,0,0.0,89,0,pageviews_http_403
Steller's sea eagle,0,0.0,238,24,pageviews_http_403
Step Forward,0,0.0,36,1,pageviews_http_403
Step Forward (film),0,0.0,11,1,pageviews_http_403
Step Into My Groove,0,0.0,2,0,pageviews_http_403
Step into My World,0,0.0,3,2,pageviews_http_403
Step into My World (album),0,0.0,13,2,pageviews_http_403
Step into My World (song),0,0.0,14,2,pageviews_http_403
Stephen Connor,0,0.0,9,1,pageviews_http_403
Stephen Connor (psychologist),0,0.0,10,0,pageviews_http_403
Stephen Kent (chemist),0,0.0,6,0,pageviews_http_403
Stephen Lee (chemist),0,0.0,15,0,pageviews_http_403
Stephen Morris (musician),0,0.0,238,0,pageviews_http_403
Stephen Poliakoff,0,0.0,262,2,pageviews_http_403
"Stephen, Stephen",0,0.0,60,0,pageviews_http_403
Stephenson,0,0.0,119,3,pageviews_http_403
Stepping Out (1919 film),0,0.0,60,0,pageviews_http_403
Stepping Out (1931 film),0,0.0,60,0,pageviews_http_403
Stepping Out (1991 film),0,0.0,84,0,pageviews_http_403
Steve,0,0.0,114,0,pageviews_http_403
Steve (talk show),0,0.0,113,2,pageviews_http_403
Steve Andropoulos and Betsy Stewart,0,0.0,26,1,pageviews_http_403
Steve Bégin,0,0.0,102,2,pageviews_http_403
Steve Carter,0,0.0,13,7,pageviews_http_403
Steve Carter (baseball),0,0.0,21,0,pageviews_http_403
Steve Carter (playwright),0,0.0,35,0,pageviews_http_403
Steve Coppell,0,0.0,749,4,pageviews_http_403
Steve Harvey (talk show),0,0.0,122,5,pageviews_http_403
Steve Hillage,0,0.0,308,2,pageviews_http_403
Steve McDonald,0,0.0,32,9,pageviews_http_403
Steve McDonald (cricketer),0,0.0,9,0,pageviews_http_403
Steve Tilson,0,0.0,163,1,pageviews_http_403
Steve Tom,0,0.0,41,1,pageviews_http_403
Steve Wilkos,0,0.0,99,2,pageviews_http_403
"Steve Williams (footballer, born 1958)",0,0.0,102,4,pageviews_http_403
Steven Bradbury,0,0.0,243,7,pageviews_http_403
Steven Martini,0,0.0,43,3,pageviews_http_403
Stevenson,0,0.0,142,3,pageviews_http_403
Stewart G. Honeck,0,0.0,56,1,pageviews_http_403
Sticks (short story),0,0.0,16,0,pageviews_http_403
Stiff,0,0.0,19,2,pageviews_http_403
Stiff (novel),0,0.0,9,0,pageviews_http_403
Stiff Dylans,0,0.0,17,1,pageviews_http_403
Stiff Upper Lip (album),0,0.0,185,8,pageviews_http_403
Stiff upper lip,0,0.0,100,3,pageviews_http_403
Stig Kleven,0,0.0,12,2,pageviews_http_403
Still Life (1970s UK band),0,0.0,5,1,pageviews_http_403
Still Life (US band),0,0.0,11,0,pageviews_http_403
Still Life Still,0,0.0,22,1,pageviews_http_403
Still Love You,0,0.0,32,0,pageviews_http_403
"Still Night, Still Light",0,0.0,11,0,pageviews_http_403
Still Searching,0,0.0,47,0,pageviews_http_403
Still There,0,0.0,10,1,pageviews_http_403
Still Time,0,0.0,10,0,pageviews_http_403
Still Time (book),0,0.0,14,0,pageviews_http_403
Still of the Night,0,0.0,19,6,pageviews_http_403
Still of the Night (song),0,0.0,132,1,pageviews_http_403
Stimulus,0,0.0,138,3,pageviews_http_403
Stjepan Janić,0,0.0,29,1,pageviews_http_403
Stocks,0,0.0,677,4,pageviews_http_403
Stoclet Frieze,0,0.0,48,0,pageviews_http_403
Stokes,0,0.0,24,4,pageviews_http_403
Stone (singer),0,0.0,10,1,pageviews_http_403
Stone and Stone,0,0.0,19,1,pageviews_http_403
Stonehenge replicas and derivatives,0,0.0,70,4,pageviews_http_403
Stonewall Jackson,0,0.0,2499,15,pageviews_http_403
Stop (Pink Floyd song),0,0.0,173,0,pageviews_http_403
Stop! Look! Listen!,0,0.0,140,0,pageviews_http_403
"Stop, Look, Listen (To Your Heart)",0,0.0,279,1,pageviews_http_403
Stopover in Orly,0,0.0,55,3,pageviews_http_403
Stopover in a Quiet Town,0,0.0,181,1,pageviews_http_403
Stopping power (particle radiation),0,0.0,88,3,pageviews_http_403
Storey,0,0.0,2001,28,pageviews_http_403
Stori Telling,0,0.0,10,1,pageviews_http_403
Stories (Mayumi Iizuka album),0,0.0,6,0,pageviews_http_403
Stories We Could Tell,0,0.0,101,0,pageviews_http_403
Stories We Could Tell (novel),0,0.0,9,1,pageviews_http_403
Storm (2009 film),0,0.0,34,0,pageviews_http_403
Storm (Stewart novel),0,0.0,12,0,pageviews_http_403
Storm Boy (novel),0,0.0,36,1,pageviews_http_403
Storm Master,0,0.0,27,0,pageviews_http_403
Storms (Nanci Griffith album),0,0.0,39,1,pageviews_http_403
Stormy Monday (film),0,0.0,68,0,pageviews_http_403
Stornoway,0,0.0,1120,12,pageviews_http_403
Stornoway (residence),0,0.0,51,3,pageviews_http_403
Story of a Woman,0,0.0,22,0,pageviews_http_403
Strabismus,0,0.0,898,43,pageviews_http_403
Straight Outta Lynwood,0,0.0,281,16,pageviews_http_403
Strait is the Gate,0,0.0,29,4,pageviews_http_403
Strange Brew,0,0.0,270,5,pageviews_http_403
Strange New World (film),0,0.0,88,3,pageviews_http_403
Stranger (video game),0,0.0,11,0,pageviews_http_403
Stranger in the House (1967 film),0,0.0,54,1,pageviews_http_403
Strangers (Dozois novel),0,0.0,11,3,pageviews_http_403
Strangers (Koontz novel),0,0.0,103,5,pageviews_http_403
Strangers (Yamada novel),0,0.0,26,1,pageviews_http_403
Stranks,0,0.0,1,0,pageviews_http_403
Strategic reset,0,0.0,256,0,pageviews_http_403
Straw,0,0.0,851,8,pageviews_http_403
Strength,0,0.0,139,8,pageviews_http_403
Strength (American band),0,0.0,6,1,pageviews_http_403
Strength (Japanese band),0,0.0,5,1,pageviews_http_403
Strength in Numbers (band),0,0.0,13,0,pageviews_http_403
Strength to Strength,0,0.0,20,0,pageviews_http_403
Strikes Again,0,0.0,18,1,pageviews_http_403
String Quartet No. 1 (Nielsen),0,0.0,56,1,pageviews_http_403
String Quartet No. 3,0,0.0,23,1,pageviews_http_403
String Quartet No. 3 (Nielsen),0,0.0,56,1,pageviews_http_403
Stroh,0,0.0,27,8,pageviews_http_403
Stroke,0,0.0,9233,62,pageviews_http_403
Stroke You Up,0,0.0,30,0,pageviews_http_403
Stronger Than Death,0,0.0,44,2,pageviews_http_403
Stronger Than Desire,0,0.0,30,0,pageviews_http_403
Stronger Than Pride,0,0.0,73,9,pageviews_http_403
Stronger Than That,0,0.0,131,0,pageviews_http_403
Stronghold (novel),0,0.0,20,2,pageviews_http_403
Stronghold 3,0,0.0,30,0,pageviews_http_403
Stuart Black (soccer),0,0.0,8,0,pageviews_http_403
Stuart Stuart,0,0.0,17,1,pageviews_http_403
Stud,0,0.0,63,4,pageviews_http_403
Student,0,0.0,5604,44,pageviews_http_403
Student (film),0,0.0,43,0,pageviews_http_403
Stuff,0,0.0,227,4,pageviews_http_403
Stuff (Stuff album),0,0.0,10,0,pageviews_http_403
Stuff (film),0,0.0,78,0,pageviews_http_403
Stuff You Should Know,0,0.0,103,4,pageviews_http_403
Stuff.,0,0.0,4,0,pageviews_http_403
Stupid Stupid Stupid,0,0.0,28,0,pageviews_http_403
"Stupid, But Brave",0,0.0,15,1,pageviews_http_403
Stupor Ego,0,0.0,38,0,pageviews_http_403
Style,0,0.0,239,13,pageviews_http_403
Style (2001 film),0,0.0,46,0,pageviews_http_403
Style (2006 film),0,0.0,65,0,pageviews_http_403
Stéphanie Szostak,0,0.0,67,1,pageviews_http_403
Stürme über dem Mont Blanc,0,0.0,31,2,pageviews_http_403
Suad Amiry,0,0.0,37,0,pageviews_http_403
Suad Nasr,0,0.0,16,1,pageviews_http_403
Suad Šehović,0,0.0,51,1,pageviews_http_403
Subdural hematoma,0,0.0,448,14,pageviews_http_403
Submission (1976 film),0,0.0,18,1,pageviews_http_403
Submission (2004 film),0,0.0,175,0,pageviews_http_403
Submission (2010 film),0,0.0,19,0,pageviews_http_403
Sudan,0,0.0,20965,39,pageviews_http_403
Suddenly,0,0.0,32,8,pageviews_http_403
Suddenly (2006 film),0,0.0,15,0,pageviews_http_403
Suddenly Human,0,0.0,50,3,pageviews_http_403
Suddenly Single,0,0.0,46,0,pageviews_http_403
"Suddenly, Last Summer (film)",0,0.0,270,2,pageviews_http_403
Sudhakar,0,0.0,10,1,pageviews_http_403
Sudhakar Rao,0,0.0,21,0,pageviews_http_403
Sueño de una Tarde Dominical en la Alameda Central,0,0.0,194,2,pageviews_http_403
Suffield-cum-Everley,0,0.0,19,0,pageviews_http_403
Sugarloaf Mountain,0,0.0,257,10,pageviews_http_403
Sugarloaf Mountain (Florida),0,0.0,15,2,pageviews_http_403
Suicide Is Painless,0,0.0,234,12,pageviews_http_403
Sukran,0,0.0,123,1,pageviews_http_403
Sulaiman,0,0.0,23,1,pageviews_http_403
Sulaiman Mountains,0,0.0,287,19,pageviews_http_403
Sulfide,0,0.0,1155,8,pageviews_http_403
Sullivan,0,0.0,27,2,pageviews_http_403
Sultan Azlan Shah Cup,0,0.0,233,4,pageviews_http_403
"Sultanpur, Karimnagar district",0,0.0,61,2,pageviews_http_403
Summer Phoenix,0,0.0,91,1,pageviews_http_403
Summer Rental,0,0.0,73,0,pageviews_http_403
Summer in the City (film),0,0.0,58,0,pageviews_http_403
Summer of 84,0,0.0,29,1,pageviews_http_403
Sun (film),0,0.0,46,0,pageviews_http_403
Sun Zhiyang,0,0.0,14,0,pageviews_http_403
Sunday (1997 film),0,0.0,77,0,pageviews_http_403
Sunday (2002 film),0,0.0,86,1,pageviews_http_403
Sunday (Chester Conn song),0,0.0,38,1,pageviews_http_403
Sunday Bloody Sunday (film),0,0.0,407,1,pageviews_http_403
Sunday Times Rich List,0,0.0,586,3,pageviews_http_403
Sunday Times Rich List 2010,0,0.0,33,0,pageviews_http_403
Sunday Times Rich List 2012,0,0.0,30,0,pageviews_http_403
Sunday Times Rich List 2018,0,0.0,32,0,pageviews_http_403
Sunday Will Never Be the Same,0,0.0,26,0,pageviews_http_403
Sunderland A.F.C.,0,0.0,8470,22,pageviews_http_403
Sundown (1924 film),0,0.0,48,0,pageviews_http_403
Sune,0,0.0,9,1,pageviews_http_403
Sune Bergström,0,0.0,357,11,pageviews_http_403
Sune Eriksson,0,0.0,19,0,pageviews_http_403
Sune Sik,0,0.0,29,5,pageviews_http_403
Sung Yoo-bin,0,0.0,81,1,pageviews_http_403
Sung-yong,0,0.0,5,1,pageviews_http_403
Sunglass Hut,0,0.0,229,3,pageviews_http_403
Sunny (2008 film),0,0.0,59,1,pageviews_http_403
Sunny (2011 film),0,0.0,92,0,pageviews_http_403
Sunny Came Home,0,0.0,377,1,pageviews_http_403
Sunset (1988 film),0,0.0,116,0,pageviews_http_403
Sunset Limousine,0,0.0,37,0,pageviews_http_403
Super Best Friends Play,0,0.0,6,1,pageviews_http_403
Super Bowl LII halftime show,0,0.0,265,1,pageviews_http_403
Super Dave,0,0.0,3,1,pageviews_http_403
Super Dave (TV series),0,0.0,235,3,pageviews_http_403
Super Dave Osborne,0,0.0,101,2,pageviews_http_403
Super Mario Party,0,0.0,135,3,pageviews_http_403
Super Play Action Football,0,0.0,20,0,pageviews_http_403
Super Star (2002 film),0,0.0,60,1,pageviews_http_403
Super Troopers,0,0.0,163,4,pageviews_http_403
Superintendent,0,0.0,122,3,pageviews_http_403
Superintendent (education),0,0.0,1313,7,pageviews_http_403
Superior mesenteric,0,0.0,0,1,pageviews_http_403
Superior tibiofibular joint,0,0.0,102,6,pageviews_http_403
Superior vena cava,0,0.0,364,10,pageviews_http_403
Superior vena cava syndrome,0,0.0,313,11,pageviews_http_403
Superman (1978 film),0,0.0,1876,17,pageviews_http_403
Superman (1987 film),0,0.0,50,0,pageviews_http_403
Superman (1987 video game),0,0.0,170,2,pageviews_http_403
Superman (It's Not Easy),0,0.0,86,2,pageviews_http_403
Superman 64,0,0.0,305,5,pageviews_http_403
Supernormal stimulus,0,0.0,59,5,pageviews_http_403
Superstar (1999 film),0,0.0,352,0,pageviews_http_403
Superstar (2012 film),0,0.0,30,0,pageviews_http_403
Superstar (TVXQ song),0,0.0,68,0,pageviews_http_403
Superstition,0,0.0,2785,8,pageviews_http_403
Superstition Mountains,0,0.0,351,2,pageviews_http_403
Supply Laundry Building,0,0.0,7,1,pageviews_http_403
Suppose They Gave a War and Nobody Came,0,0.0,64,2,pageviews_http_403
Supreme Court of Georgia (U.S. state),0,0.0,754,2,pageviews_http_403
Surah,0,0.0,1038,21,pageviews_http_403
Suraj,0,0.0,39,1,pageviews_http_403
Suraj Jagan,0,0.0,123,0,pageviews_http_403
Surgery,0,0.0,6106,38,pageviews_http_403
Surgery (band),0,0.0,28,0,pageviews_http_403
Surname,0,0.0,210239,40,pageviews_http_403
Surrender (Diana Ross song),0,0.0,140,0,pageviews_http_403
Suru,0,0.0,10,1,pageviews_http_403
Suru Alliance,0,0.0,5,0,pageviews_http_403
Suru L'ere,0,0.0,18,3,pageviews_http_403
Suru Nayak,0,0.0,27,0,pageviews_http_403
"Suru, Estonia",0,0.0,72,0,pageviews_http_403
Surveillance,0,0.0,2740,33,pageviews_http_403
Survival Island,0,0.0,46,0,pageviews_http_403
Survivor (TVXQ song),0,0.0,68,0,pageviews_http_403
Survivor Song,0,0.0,8,0,pageviews_http_403
Sus,0,0.0,150,3,pageviews_http_403
Sus (film),0,0.0,34,0,pageviews_http_403
Sus law,0,0.0,82,5,pageviews_http_403
Susan B. Landau,0,0.0,12,0,pageviews_http_403
Susan Banks,0,0.0,164,0,pageviews_http_403
Susan Barlow,0,0.0,270,0,pageviews_http_403
Susan Crown,0,0.0,21,0,pageviews_http_403
"Susan Greenfield, Baroness Greenfield",0,0.0,159,7,pageviews_http_403
Susan Landau,0,0.0,49,0,pageviews_http_403
Susan Landau (disambiguation),0,0.0,1,0,pageviews_http_403
Susan Landau Finch,0,0.0,14,2,pageviews_http_403
Susan Oliver,0,0.0,212,2,pageviews_http_403
Susan Stranks,0,0.0,22,0,pageviews_http_403
Sushma,0,0.0,8,3,pageviews_http_403
Sushma Swaraj,0,0.0,1327,0,pageviews_http_403
Sushma Verma,0,0.0,75,0,pageviews_http_403
"Sussex Inlet, New South Wales",0,0.0,248,8,pageviews_http_403
Suzanne (Leonard Cohen song),0,0.0,260,2,pageviews_http_403
Suzanne Lilar,0,0.0,52,0,pageviews_http_403
Suzuki Cultus,0,0.0,632,19,pageviews_http_403
Swallow New Swallow,0,0.0,40,4,pageviews_http_403
Swamp,0,0.0,3597,7,pageviews_http_403
Swamp Woman,0,0.0,103,0,pageviews_http_403
Swan Lake (1981 film),0,0.0,133,1,pageviews_http_403
Swans Against the Sun,0,0.0,65,0,pageviews_http_403
Sweat (novel),0,0.0,35,0,pageviews_http_403
Sweat Mountain,0,0.0,100,0,pageviews_http_403
Sweat gland,0,0.0,400,13,pageviews_http_403
Swedish–Novgorodian Wars,0,0.0,180,3,pageviews_http_403
Sweet Caroline,0,0.0,947,3,pageviews_http_403
Sweet Eros,0,0.0,5,0,pageviews_http_403
Sweet Memories (song),0,0.0,176,0,pageviews_http_403
Sweet potato,0,0.0,2529,36,pageviews_http_403
Sweetheart,0,0.0,54,6,pageviews_http_403
Sweetness,0,0.0,652,11,pageviews_http_403
Sweetness (novel),0,0.0,71,1,pageviews_http_403
Swing (2002 film),0,0.0,21,1,pageviews_http_403
"Swing High, Swing Low (film)",0,0.0,91,0,pageviews_http_403
Swings,0,0.0,5,1,pageviews_http_403
Swings (rapper),0,0.0,213,2,pageviews_http_403
Swiss nationality law,0,0.0,439,11,pageviews_http_403
Switching Channels,0,0.0,96,0,pageviews_http_403
Syamsuddin,0,0.0,0,0,pageviews_http_403
Sybil (1976 film),0,0.0,186,1,pageviews_http_403
Sybilla Beckmann,0,0.0,10,1,pageviews_http_403
Sybilla Dekker,0,0.0,85,0,pageviews_http_403
Sybilla of Normandy,0,0.0,121,6,pageviews_http_403
Sydney Kings,0,0.0,774,10,pageviews_http_403
Sydney funnel-web spider,0,0.0,116,9,pageviews_http_403
Syed Tameem,0,0.0,7,0,pageviews_http_403
Sylwester,0,0.0,6,0,pageviews_http_403
Sylwester Braun,0,0.0,115,0,pageviews_http_403
Sylwester Kaliski,0,0.0,15,0,pageviews_http_403
Sylwester Zych,0,0.0,24,2,pageviews_http_403
Symantec Endpoint Protection,0,0.0,261,3,pageviews_http_403
Symbiogenesis,0,0.0,752,29,pageviews_http_403
Symbolic,0,0.0,66,22,pageviews_http_403
Symbolic (Death album),0,0.0,88,1,pageviews_http_403
Symbolic execution,0,0.0,104,1,pageviews_http_403
Symbolic link,0,0.0,386,10,pageviews_http_403
Sympathetic,0,0.0,19,1,pageviews_http_403
Sympathetic detonation,0,0.0,45,2,pageviews_http_403
Sympathetic trunk,0,0.0,108,11,pageviews_http_403
Symphony No. 1 (Mozart),0,0.0,98,4,pageviews_http_403
Symphony No. 2,0,0.0,10,6,pageviews_http_403
Symphony No. 25 (Mozart),0,0.0,133,11,pageviews_http_403
Syncopation (1929 film),0,0.0,47,0,pageviews_http_403
Synodal Way,0,0.0,45,4,pageviews_http_403
Synthetic phonics,0,0.0,101,0,pageviews_http_403
"Syracuse, Sicily",0,0.0,2881,19,pageviews_http_403
Syrian Canadians,0,0.0,381,6,pageviews_http_403
Szewczyk,0,0.0,82,0,pageviews_http_403
Sziget Festival,0,0.0,536,4,pageviews_http_403
Szostak,0,0.0,6,1,pageviews_http_403
Szukała,0,0.0,2,0,pageviews_http_403
Szymon,0,0.0,11,0,pageviews_http_403
Szymon Askenazy,0,0.0,50,3,pageviews_http_403
Szymon Kataszek,0,0.0,9,0,pageviews_http_403
Szymon Szewczyk,0,0.0,129,0,pageviews_http_403
Sébastien Vaillant,0,0.0,62,2,pageviews_http_403
T-shirt,0,0.0,1918,31,pageviews_http_403
T. Denny Sanford,0,0.0,91,0,pageviews_http_403
T. F. Green Airport Connector Road,0,0.0,10,3,pageviews_http_403
T. Narayana Rao,0,0.0,12,2,pageviews_http_403
T. V. Rajan Babu,0,0.0,10,1,pageviews_http_403
T.H.C. (band),0,0.0,34,1,pageviews_http_403
T.J. Miller,0,0.0,348,9,pageviews_http_403
TD,0,0.0,70,9,pageviews_http_403
TD Ameritrade,0,0.0,158,7,pageviews_http_403
TEMPO,0,0.0,80,4,pageviews_http_403
TEN (TV station),0,0.0,554,5,pageviews_http_403
TER Bretagne,0,0.0,78,0,pageviews_http_403
TMZ,0,0.0,2153,7,pageviews_http_403
TOPIO Dio,0,0.0,76,0,pageviews_http_403
TPC at Sawgrass,0,0.0,309,5,pageviews_http_403
TRE,0,0.0,43,4,pageviews_http_403
"TV Heaven, Telly Hell",0,0.0,33,1,pageviews_http_403
TWINS,0,0.0,169,4,pageviews_http_403
TZ,0,0.0,22,7,pageviews_http_403
Tabard,0,0.0,422,2,pageviews_http_403
Tabor College,0,0.0,7,1,pageviews_http_403
Tabor College (Iowa),0,0.0,49,4,pageviews_http_403
Tabor College (Kansas),0,0.0,363,2,pageviews_http_403
Tada Never Falls in Love,0,0.0,98,2,pageviews_http_403
Tahmina,0,0.0,181,2,pageviews_http_403
Tahmina (film),0,0.0,21,1,pageviews_http_403
Tai-Pan (novel),0,0.0,117,4,pageviews_http_403
Tail Feather Peak,0,0.0,6,0,pageviews_http_403
Taj Khan Karrani,0,0.0,64,1,pageviews_http_403
Tak Dam,0,0.0,7,3,pageviews_http_403
Take (band),0,0.0,17,1,pageviews_http_403
Take A Moment,0,0.0,30,0,pageviews_http_403
Take Care of You,0,0.0,41,2,pageviews_http_403
Take On Me,0,0.0,947,15,pageviews_http_403
Take On the Twisters,0,0.0,15,1,pageviews_http_403
Take On the World,0,0.0,3,2,pageviews_http_403
Take Our Daughters and Sons to Work Day,0,0.0,56,16,pageviews_http_403
Take Our Kids to Work Day,0,0.0,10,1,pageviews_http_403
Take Two (Marvin Gaye and Kim Weston album),0,0.0,151,2,pageviews_http_403
Take Your Daughter to Work Day (The Office),0,0.0,243,1,pageviews_http_403
Take Your Dog to Work Day,0,0.0,7,2,pageviews_http_403
Take a Chance,0,0.0,13,9,pageviews_http_403
Take a Chance (1918 film),0,0.0,30,0,pageviews_http_403
Take a Chance (1933 film),0,0.0,43,0,pageviews_http_403
Take a Chance (1937 film),0,0.0,72,0,pageviews_http_403
Take a Chance (musical),0,0.0,43,1,pageviews_http_403
Take a Long Line,0,0.0,61,0,pageviews_http_403
Take the Crown (band),0,0.0,17,1,pageviews_http_403
Take the Long Way Home,0,0.0,7,4,pageviews_http_403
Take the Long Way Home (album),0,0.0,23,0,pageviews_http_403
Taken (miniseries),0,0.0,466,8,pageviews_http_403
Takeshi Kaneshiro,0,0.0,222,6,pageviews_http_403
"Takuya Ito (footballer, born 1976)",0,0.0,5,0,pageviews_http_403
Talavera,0,0.0,38,3,pageviews_http_403
Talent,0,0.0,144,3,pageviews_http_403
Talent (comics),0,0.0,35,1,pageviews_http_403
Talent (measurement),0,0.0,411,10,pageviews_http_403
Tales,0,0.0,68,3,pageviews_http_403
Tales from the Borderlands,0,0.0,183,3,pageviews_http_403
Tales of the Tempest,0,0.0,97,3,pageviews_http_403
Talk It Out,0,0.0,2,2,pageviews_http_403
Talk Radio (play),0,0.0,54,0,pageviews_http_403
Tamar Braxton,0,0.0,592,6,pageviews_http_403
Tameem Al-Abdullah,0,0.0,72,4,pageviews_http_403
Tameem Al-Kubati,0,0.0,22,1,pageviews_http_403
Tameem Al-Muhaza,0,0.0,66,2,pageviews_http_403
Tan Jiaxin,0,0.0,46,1,pageviews_http_403
Tandoori Nights,0,0.0,25,0,pageviews_http_403
Tandoori chicken,0,0.0,1481,6,pageviews_http_403
Tandoori masala,0,0.0,237,1,pageviews_http_403
Tanganyika groundnut scheme,0,0.0,94,9,pageviews_http_403
Tanya,0,0.0,84,2,pageviews_http_403
Tanya (horse),0,0.0,181,0,pageviews_http_403
Tanya Roberts,0,0.0,226,3,pageviews_http_403
Tape,0,0.0,125,7,pageviews_http_403
Tapio Laakso,0,0.0,9,0,pageviews_http_403
Tappan Wright King,0,0.0,25,1,pageviews_http_403
Tappet,0,0.0,341,2,pageviews_http_403
Tar Creek Superfund site,0,0.0,37,3,pageviews_http_403
Target,0,0.0,353,10,pageviews_http_403
Target (1952 film),0,0.0,14,0,pageviews_http_403
Target (1985 film),0,0.0,71,0,pageviews_http_403
Target (1995 film),0,0.0,97,0,pageviews_http_403
Target Disk Mode,0,0.0,22,4,pageviews_http_403
Tariff,0,0.0,3380,27,pageviews_http_403
Tarnogsky District,0,0.0,451,14,pageviews_http_403
Tarnogsky Gorodok,0,0.0,356,0,pageviews_http_403
Taronga Western Plains Zoo,0,0.0,59,1,pageviews_http_403
Taronga Zoo,0,0.0,544,8,pageviews_http_403
Tarussky District,0,0.0,84,14,pageviews_http_403
Tarussky Uyezd,0,0.0,3,0,pageviews_http_403
Tarzan River,0,0.0,5,0,pageviews_http_403
Tarzan and the Great River,0,0.0,218,0,pageviews_http_403
Tarzan and the Tarzan Twins,0,0.0,230,1,pageviews_http_403
Tarzan of the Apes,0,0.0,345,1,pageviews_http_403
Tarzan of the Apes (1918 film),0,0.0,227,2,pageviews_http_403
Taster (genetics),0,0.0,3,0,pageviews_http_403
Tasting Menu (film),0,0.0,9,0,pageviews_http_403
Tate County Courthouse,0,0.0,10,2,pageviews_http_403
"Tate County, Mississippi",0,0.0,1015,2,pageviews_http_403
Tatiana,0,0.0,61,7,pageviews_http_403
Tatiana Doronina,0,0.0,38,1,pageviews_http_403
Tattoo (1967 film),0,0.0,136,1,pageviews_http_403
Tattoo (1981 film),0,0.0,32,0,pageviews_http_403
Tax credits in the Republic of Ireland,0,0.0,6,0,pageviews_http_403
Taxi (TV series),0,0.0,736,12,pageviews_http_403
Taxi at Midnight,0,0.0,79,2,pageviews_http_403
Taylor Creek (Lake Tahoe),0,0.0,11,0,pageviews_http_403
Taylor Hicks (album),0,0.0,40,1,pageviews_http_403
Teach Me Tonight,0,0.0,349,0,pageviews_http_403
Teacher,0,0.0,10980,44,pageviews_http_403
"Teacher, Teacher",0,0.0,6,2,pageviews_http_403
Team New Zealand,0,0.0,317,2,pageviews_http_403
Tears (film),0,0.0,30,0,pageviews_http_403
Tears of April,0,0.0,39,1,pageviews_http_403
"Tears, Idle Tears",0,0.0,84,2,pageviews_http_403
Teaser,0,0.0,24,2,pageviews_http_403
Teaser trailer,0,0.0,787,5,pageviews_http_403
Technological Threat,0,0.0,36,1,pageviews_http_403
Technology,0,0.0,27421,18,pageviews_http_403
Technology (band),0,0.0,18,2,pageviews_http_403
Tee Grizzley,0,0.0,363,11,pageviews_http_403
Teen (band),0,0.0,32,1,pageviews_http_403
Teen Dream (band),0,0.0,9,0,pageviews_http_403
Teen Suicide (band),0,0.0,66,14,pageviews_http_403
Teenage Exorcist,0,0.0,13,0,pageviews_http_403
Teenage Survival Handbook,0,0.0,5,1,pageviews_http_403
Teeth (1924 film),0,0.0,57,0,pageviews_http_403
Teeth (2007 film),0,0.0,53,0,pageviews_http_403
Tego Calderón,0,0.0,373,3,pageviews_http_403
Telecommunications in North Korea,0,0.0,327,5,pageviews_http_403
Television advertisement,0,0.0,3406,46,pageviews_http_403
Tell It Like It Is,0,0.0,12,3,pageviews_http_403
Tell It Like It Is (song),0,0.0,399,0,pageviews_http_403
Tell Me How,0,0.0,1,2,pageviews_http_403
Tell Me If You Like It,0,0.0,12,1,pageviews_http_403
Tell Me If You Still Care,0,0.0,28,0,pageviews_http_403
Tell Me You Love Me,0,0.0,27,3,pageviews_http_403
Tell Me You Love Me (song),0,0.0,157,1,pageviews_http_403
"Tell Me, Tell me",0,0.0,1,2,pageviews_http_403
Tempe Town Lake,0,0.0,84,5,pageviews_http_403
Template,0,0.0,438,11,pageviews_http_403
Template (novel),0,0.0,5,1,pageviews_http_403
Template matching,0,0.0,37,0,pageviews_http_403
Temple Tower,0,0.0,58,0,pageviews_http_403
Temple Tower (novel),0,0.0,42,0,pageviews_http_403
Temple of Hercules,0,0.0,2,2,pageviews_http_403
Temple of Hercules (Amman),0,0.0,8,0,pageviews_http_403
Temple of Hercules Victor,0,0.0,453,2,pageviews_http_403
Templo Mayor,0,0.0,485,10,pageviews_http_403
Tempo and Mode in Evolution,0,0.0,277,1,pageviews_http_403
Tempo! Tempo!,0,0.0,43,0,pageviews_http_403
Temptation (Heaven 17 song),0,0.0,80,2,pageviews_http_403
Temptation of an Angel,0,0.0,98,0,pageviews_http_403
Tempting Danger,0,0.0,2,0,pageviews_http_403
Tempting Faith,0,0.0,7,1,pageviews_http_403
Tempting Fate,0,0.0,4,1,pageviews_http_403
Tempting Heart,0,0.0,40,0,pageviews_http_403
Ten (manga),0,0.0,32,0,pageviews_http_403
Ten Desires,0,0.0,134,1,pageviews_http_403
Ten Percent (TV series),0,0.0,463,0,pageviews_http_403
Ten-cent coin,0,0.0,1,0,pageviews_http_403
Tenancy deposit scheme,0,0.0,3,4,pageviews_http_403
Tenancy deposit scheme (England and Wales),0,0.0,168,1,pageviews_http_403
Tenancy deposit schemes (Scotland),0,0.0,156,8,pageviews_http_403
Tenochtitlan,0,0.0,1401,15,pageviews_http_403
Tent caterpillar,0,0.0,47,7,pageviews_http_403
Tenure (film),0,0.0,32,0,pageviews_http_403
Ter,0,0.0,24,2,pageviews_http_403
Ter (department),0,0.0,71,1,pageviews_http_403
Ter Apelkanaal,0,0.0,44,0,pageviews_http_403
Ter Wisch,0,0.0,40,0,pageviews_http_403
Tere Sang Yaara,0,0.0,39,0,pageviews_http_403
Teresa A. Sullivan,0,0.0,64,4,pageviews_http_403
Teri DeSario,0,0.0,81,1,pageviews_http_403
Term paper,0,0.0,99,2,pageviews_http_403
Terrestrial animal,0,0.0,4894,5,pageviews_http_403
Terri,0,0.0,16,2,pageviews_http_403
Terri (film),0,0.0,61,1,pageviews_http_403
Territory (novel),0,0.0,7,0,pageviews_http_403
Terry (film),0,0.0,37,0,pageviews_http_403
Terry Fox,0,0.0,781,8,pageviews_http_403
Test film,0,0.0,12,2,pageviews_http_403
Test the Store,0,0.0,235,0,pageviews_http_403
Tested,0,0.0,64,1,pageviews_http_403
Tested (Glee),0,0.0,134,0,pageviews_http_403
Texas oil boom,0,0.0,839,8,pageviews_http_403
Text messaging,0,0.0,1548,26,pageviews_http_403
Textil Mandiyú,0,0.0,82,3,pageviews_http_403
Thalía (2002 album),0,0.0,120,1,pageviews_http_403
Thames Diamond Jubilee Pageant,0,0.0,428,5,pageviews_http_403
Thanasis,0,0.0,5,2,pageviews_http_403
Thanasis Costakis,0,0.0,10,0,pageviews_http_403
Thanasis Pafilis,0,0.0,30,1,pageviews_http_403
Thanasis Vagias,0,0.0,24,1,pageviews_http_403
Thank God,0,0.0,10,2,pageviews_http_403
Thank God and Greyhound,0,0.0,18,0,pageviews_http_403
Thank You,0,0.0,95,11,pageviews_http_403
Thank You (Diana Ross song),0,0.0,129,0,pageviews_http_403
Thank You Thank You,0,0.0,26,0,pageviews_http_403
Thank You for Your Service (2017 film),0,0.0,64,1,pageviews_http_403
"Thank You, Madame",0,0.0,92,3,pageviews_http_403
Thank you,0,0.0,115,4,pageviews_http_403
Thanksgiving,0,0.0,3067,26,pageviews_http_403
Thanksgiving (Canada),0,0.0,459,6,pageviews_http_403
Thanksgiving (Glee),0,0.0,155,0,pageviews_http_403
Thar Express,0,0.0,224,2,pageviews_http_403
That Face,0,0.0,51,0,pageviews_http_403
That Face!,0,0.0,7,0,pageviews_http_403
That Is Pandu,0,0.0,15,0,pageviews_http_403
That That,0,0.0,186,2,pageviews_http_403
That That Is ... Is (Not),0,0.0,17,0,pageviews_http_403
That'll Be the Day (film),0,0.0,100,2,pageviews_http_403
That's Why God Made the Radio,0,0.0,364,5,pageviews_http_403
Thavamai Thavamirundhu,0,0.0,153,2,pageviews_http_403
The (Original) Church of God,0,0.0,17,1,pageviews_http_403
The 1990 Trust,0,0.0,10,1,pageviews_http_403
The 19th Wife (film),0,0.0,35,0,pageviews_http_403
The 37's,0,0.0,103,7,pageviews_http_403
The Act (musical),0,0.0,71,0,pageviews_http_403
The Actress,0,0.0,119,1,pageviews_http_403
The Adventures of Kid Danger,0,0.0,378,3,pageviews_http_403
The Adventures of Sherlock Holmes,0,0.0,348,2,pageviews_http_403
The Adventures of the Wilderness Family,0,0.0,46,4,pageviews_http_403
The Affair (1995 film),0,0.0,25,0,pageviews_http_403
The Affair (2004 film),0,0.0,8,0,pageviews_http_403
The African Woman,0,0.0,26,4,pageviews_http_403
The After,0,0.0,33,1,pageviews_http_403
The Afternoon Play,0,0.0,153,1,pageviews_http_403
The Alarm (film),0,0.0,10,1,pageviews_http_403
The Album (Hello Sailor album),0,0.0,17,0,pageviews_http_403
The Album (The Firm album),0,0.0,207,5,pageviews_http_403
The Alliance (The Office),0,0.0,237,1,pageviews_http_403
The Amazing Catfish,0,0.0,17,1,pageviews_http_403
The Amazing Mrs Pritchard,0,0.0,104,7,pageviews_http_403
The Amazing Mrs. Holliday,0,0.0,67,0,pageviews_http_403
The Amazing Race 11,0,0.0,235,8,pageviews_http_403
The Amazing Race 22,0,0.0,209,4,pageviews_http_403
The Amazing Race 4,0,0.0,232,3,pageviews_http_403
The Amazing Race Asia 4,0,0.0,166,5,pageviews_http_403
The Amazon (novella),0,0.0,21,0,pageviews_http_403
The Amityville Horror (1979 film),0,0.0,253,1,pageviews_http_403
The Amorous Milkman,0,0.0,27,0,pageviews_http_403
The Amusements of Private Life,0,0.0,14,2,pageviews_http_403
The Ancestor,0,0.0,60,1,pageviews_http_403
The Ancestor Cell,0,0.0,197,0,pageviews_http_403
The Angel (fairy tale),0,0.0,74,0,pageviews_http_403
The Answer,0,0.0,17,2,pageviews_http_403
The Answer (film),0,0.0,53,0,pageviews_http_403
The Answer Man (film),0,0.0,29,2,pageviews_http_403
The Ape (1940 film),0,0.0,178,0,pageviews_http_403
The Arab (1915 film),0,0.0,102,0,pageviews_http_403
The Archers,0,0.0,1112,8,pageviews_http_403
The Ark (ship),0,0.0,46,1,pageviews_http_403
The Artist (film),0,0.0,1302,3,pageviews_http_403
The Ascension Factor,0,0.0,49,0,pageviews_http_403
The Ask,0,0.0,3,0,pageviews_http_403
The Assassin (1961 film),0,0.0,52,1,pageviews_http_403
The Assassin (2015 film),0,0.0,299,1,pageviews_http_403
The Assassin (The Borgias),0,0.0,12,1,pageviews_http_403
The Assault (1986 film),0,0.0,327,2,pageviews_http_403
The Attack (band),0,0.0,22,0,pageviews_http_403
The Aura (film),0,0.0,134,2,pageviews_http_403
The Automatic,0,0.0,369,14,pageviews_http_403
The Baby Squad,0,0.0,11,0,pageviews_http_403
The Baby on the Barge,0,0.0,42,0,pageviews_http_403
The Baby-Sitters Club,0,0.0,207,23,pageviews_http_403
The Bachelor Winter Games,0,0.0,236,0,pageviews_http_403
The Bad Bunch,0,0.0,28,1,pageviews_http_403
The Bait (1921 film),0,0.0,103,0,pageviews_http_403
The Bait (1973 film),0,0.0,18,0,pageviews_http_403
The Bait (1995 film),0,0.0,150,2,pageviews_http_403
The Bait (2010 film),0,0.0,40,0,pageviews_http_403
The Baldy Man,0,0.0,29,1,pageviews_http_403
The Ball (play),0,0.0,10,0,pageviews_http_403
The Ballad of Jed Clampett,0,0.0,72,2,pageviews_http_403
The Ballad of Narayama,0,0.0,2,2,pageviews_http_403
The Ballad of Narayama (1958 film),0,0.0,231,1,pageviews_http_403
The Ballad of Narayama (1983 film),0,0.0,342,0,pageviews_http_403
The Band (film),0,0.0,30,1,pageviews_http_403
The Bargain (1914 film),0,0.0,60,0,pageviews_http_403
The Barracks,0,0.0,34,1,pageviews_http_403
The Barracks Thief,0,0.0,5,0,pageviews_http_403
The Barrier (1926 film),0,0.0,40,0,pageviews_http_403
The Barrier (1937 film),0,0.0,141,0,pageviews_http_403
The Bartender and the Thief,0,0.0,92,4,pageviews_http_403
The Basement (film),0,0.0,11,0,pageviews_http_403
The Bat (1959 film),0,0.0,56,1,pageviews_http_403
The Battle of Maldon,0,0.0,192,5,pageviews_http_403
The Beast (1988 film),0,0.0,125,2,pageviews_http_403
The Beatles at Shea Stadium,0,0.0,101,1,pageviews_http_403
The Bed You Made for Me,0,0.0,36,0,pageviews_http_403
The Bells (1911 film),0,0.0,42,0,pageviews_http_403
The Bells (1926 film),0,0.0,34,0,pageviews_http_403
The Bells (1931 film),0,0.0,63,0,pageviews_http_403
The Bells (poem),0,0.0,151,0,pageviews_http_403
The Bells the Bells,0,0.0,62,1,pageviews_http_403
The Best Man (1964 film),0,0.0,161,0,pageviews_http_403
The Best Man (1998 film),0,0.0,133,1,pageviews_http_403
The Best Man (1999 film),0,0.0,244,1,pageviews_http_403
The Best Man (2005 film),0,0.0,148,3,pageviews_http_403
The Best Things in Life Are Free,0,0.0,31,7,pageviews_http_403
The Best Years of Our Lives,0,0.0,861,6,pageviews_http_403
The Best of Everything (film),0,0.0,118,1,pageviews_http_403
The Best of Friends (play),0,0.0,23,0,pageviews_http_403
The Best of It (poetry collection),0,0.0,101,2,pageviews_http_403
The Best of Times,0,0.0,14,8,pageviews_http_403
The Best of Times (1986 film),0,0.0,81,0,pageviews_http_403
The Bet (1990 film),0,0.0,9,2,pageviews_http_403
The Bet (1992 film),0,0.0,19,0,pageviews_http_403
The Bet (1997 film),0,0.0,18,0,pageviews_http_403
The Bet (2006 film),0,0.0,21,2,pageviews_http_403
The Betrayal,0,0.0,280,3,pageviews_http_403
The Betrayal (1948 film),0,0.0,52,0,pageviews_http_403
The Betrayal (1957 film),0,0.0,74,0,pageviews_http_403
The Between,0,0.0,13,0,pageviews_http_403
The Big Country,0,0.0,217,3,pageviews_http_403
The Big Goodbye,0,0.0,136,4,pageviews_http_403
The Big Hangover,0,0.0,96,0,pageviews_http_403
The Big One (Dexter),0,0.0,197,1,pageviews_http_403
The Big One (roller coaster),0,0.0,99,2,pageviews_http_403
The Billionaire,0,0.0,15,0,pageviews_http_403
The Birdcage,0,0.0,350,1,pageviews_http_403
The Bishop's Heir,0,0.0,24,0,pageviews_http_403
The Black Black,0,0.0,12,0,pageviews_http_403
The Black Dirt Sessions,0,0.0,15,0,pageviews_http_403
The Black Unicorn,0,0.0,72,0,pageviews_http_403
The Blade,0,0.0,76,4,pageviews_http_403
The Blade (film),0,0.0,102,1,pageviews_http_403
The Blue Aura,0,0.0,29,0,pageviews_http_403
The Blue Marble,0,0.0,1035,6,pageviews_http_403
The Blue-Eyed Bandit,0,0.0,13,1,pageviews_http_403
The Bluest Eyes in Texas,0,0.0,48,1,pageviews_http_403
The Boat (The Office),0,0.0,244,0,pageviews_http_403
The Body (Kureishi novel),0,0.0,4,0,pageviews_http_403
The Body (Sapir novel),0,0.0,5,0,pageviews_http_403
The Body Farm (novel),0,0.0,32,10,pageviews_http_403
The Body Shop,0,0.0,638,6,pageviews_http_403
The Bog,0,0.0,6,0,pageviews_http_403
The Bolt (Shostakovich),0,0.0,154,0,pageviews_http_403
The Bomb (Harris novel),0,0.0,5,0,pageviews_http_403
The Bomb (Taylor novel),0,0.0,7,0,pageviews_http_403
The Bond,0,0.0,13,0,pageviews_http_403
The Bond Between,0,0.0,59,0,pageviews_http_403
The Bondman (1929 film),0,0.0,134,0,pageviews_http_403
The Boo Radleys,0,0.0,187,8,pageviews_http_403
The Book of Images,0,0.0,18,1,pageviews_http_403
The Borden Twins,0,0.0,11,1,pageviews_http_403
The Boss (1915 film),0,0.0,48,0,pageviews_http_403
The Boss (1956 film),0,0.0,118,0,pageviews_http_403
The Box (Fringe),0,0.0,156,0,pageviews_http_403
The Boys (1962 British film),0,0.0,89,0,pageviews_http_403
The Boys (1962 Finnish film),0,0.0,21,1,pageviews_http_403
The Branches,0,0.0,17,2,pageviews_http_403
The Brat,0,0.0,181,0,pageviews_http_403
The Brat (band),0,0.0,18,2,pageviews_http_403
The Bread,0,0.0,15,1,pageviews_http_403
The Bride's Burial,0,0.0,4,1,pageviews_http_403
The Bride's Journey,0,0.0,10,3,pageviews_http_403
The Bride's Play,0,0.0,31,1,pageviews_http_403
The Bridegroom,0,0.0,2,0,pageviews_http_403
The Bridge Washed Out,0,0.0,12,0,pageviews_http_403
The Broads,0,0.0,477,9,pageviews_http_403
The Broken (film),0,0.0,39,1,pageviews_http_403
The Broken Disk,0,0.0,16,1,pageviews_http_403
The Brotherhood (2001 film),0,0.0,52,0,pageviews_http_403
The Brotherhood (film series),0,0.0,76,10,pageviews_http_403
The Bug,0,0.0,105,1,pageviews_http_403
The Bunch,0,0.0,118,0,pageviews_http_403
The Burning,0,0.0,29,3,pageviews_http_403
The Burning (novel),0,0.0,177,1,pageviews_http_403
The Burning (play),0,0.0,11,0,pageviews_http_403
The Burning World (novel),0,0.0,84,1,pageviews_http_403
The Buster Keaton Story,0,0.0,98,0,pageviews_http_403
The Butterfly (1914 film),0,0.0,9,0,pageviews_http_403
The Butterfly (2002 film),0,0.0,15,1,pageviews_http_403
The Butterfly Tattoo (film),0,0.0,17,0,pageviews_http_403
The Cage (The Killing),0,0.0,46,0,pageviews_http_403
The Call,0,0.0,52,8,pageviews_http_403
The Calling (2014 film),0,0.0,30,0,pageviews_http_403
The Calm (film),0,0.0,49,0,pageviews_http_403
The Camp (1967 play),0,0.0,11,1,pageviews_http_403
The Camp (play),0,0.0,25,1,pageviews_http_403
The Canadian (film),0,0.0,245,1,pageviews_http_403
The Canberra Times,0,0.0,7105,4,pageviews_http_403
The Candidate (1980 film),0,0.0,53,1,pageviews_http_403
The Candidate (2008 film),0,0.0,34,1,pageviews_http_403
The Candy Man,0,0.0,234,7,pageviews_http_403
The Candy Man (film),0,0.0,11,0,pageviews_http_403
The Candy Tangerine Man,0,0.0,28,0,pageviews_http_403
The Cape May,0,0.0,30,2,pageviews_http_403
The Card (1952 film),0,0.0,93,0,pageviews_http_403
The Card (musical),0,0.0,30,1,pageviews_http_403
The Cardinal (1936 film),0,0.0,70,0,pageviews_http_403
The Carnival of the Animals,0,0.0,537,15,pageviews_http_403
The Cat (novel),0,0.0,89,1,pageviews_http_403
The Cat's Whisker,0,0.0,14,1,pageviews_http_403
The Catbird Seat,0,0.0,10,1,pageviews_http_403
The Celestial Railroad,0,0.0,28,4,pageviews_http_403
The Cement Garden (film),0,0.0,34,0,pageviews_http_403
The Certificate,0,0.0,3,0,pageviews_http_403
The Certificate (album),0,0.0,12,0,pageviews_http_403
The Chairman (1964 film),0,0.0,29,0,pageviews_http_403
The Chairman (1969 film),0,0.0,93,1,pageviews_http_403
The Challenge (1938 film),0,0.0,216,0,pageviews_http_403
The Challenge (novel),0,0.0,40,0,pageviews_http_403
The Chaos Code,0,0.0,7,1,pageviews_http_403
The Chemist,0,0.0,6,1,pageviews_http_403
The Cheyenne Social Club,0,0.0,88,1,pageviews_http_403
The Child (1940 film),0,0.0,36,2,pageviews_http_403
The Christmas Lunch Incident,0,0.0,10,1,pageviews_http_403
The Christmas Tree (1966 film),0,0.0,16,0,pageviews_http_403
The Christmas Tree (1969 film),0,0.0,72,3,pageviews_http_403
The Christmas Tree (1996 film),0,0.0,20,0,pageviews_http_403
The Chronicle (Goshen and Chester),0,0.0,4,0,pageviews_http_403
The Circle (1925 film),0,0.0,149,0,pageviews_http_403
The Citadel (1938 film),0,0.0,367,0,pageviews_http_403
The City (1926 film),0,0.0,100,0,pageviews_http_403
The City (1999 TV series),0,0.0,72,4,pageviews_http_403
The City (1999 film),0,0.0,14,1,pageviews_http_403
The City (Weber book),0,0.0,10,0,pageviews_http_403
The Clairvoyant (1935 film),0,0.0,180,3,pageviews_http_403
The Clairvoyant (1982 film),0,0.0,46,1,pageviews_http_403
The Clinic (1982 film),0,0.0,28,0,pageviews_http_403
The Clinic (2010 film),0,0.0,37,0,pageviews_http_403
The Clothes Show,0,0.0,66,0,pageviews_http_403
The Club (1980 film),0,0.0,171,0,pageviews_http_403
The Club (2010 TV series),0,0.0,189,1,pageviews_http_403
The Club (British TV series),0,0.0,10,2,pageviews_http_403
The Club Is Alive,0,0.0,64,1,pageviews_http_403
The Coast Guard (film),0,0.0,65,4,pageviews_http_403
The Cocoanuts,0,0.0,515,3,pageviews_http_403
The Collection (30 Rock),0,0.0,187,0,pageviews_http_403
The Collective (2008 film),0,0.0,19,0,pageviews_http_403
The Collective (2023 film),0,0.0,9,0,pageviews_http_403
The Collective (The Collective album),0,0.0,12,0,pageviews_http_403
The College Widow (1927 film),0,0.0,85,0,pageviews_http_403
The Collegian (Hillsdale College),0,0.0,31,0,pageviews_http_403
The Colony (2005 TV series),0,0.0,16,0,pageviews_http_403
The Color of Love (manga),0,0.0,8,0,pageviews_http_403
The Comedy Company,0,0.0,121,2,pageviews_http_403
The Comedy Company Album,0,0.0,12,0,pageviews_http_403
The Comic Book Store Regeneration,0,0.0,57,0,pageviews_http_403
The Command (1954 film),0,0.0,88,0,pageviews_http_403
The Commissioner (film),0,0.0,36,0,pageviews_http_403
The Company She Keeps,0,0.0,94,0,pageviews_http_403
The Complex (band),0,0.0,70,0,pageviews_http_403
The Con,0,0.0,4,1,pageviews_http_403
The Con (film),0,0.0,28,0,pageviews_http_403
The Confession (1999 film),0,0.0,56,0,pageviews_http_403
The Confession (2002 film),0,0.0,19,2,pageviews_http_403
The Confession (2010 film),0,0.0,21,0,pageviews_http_403
The Congress (1988 film),0,0.0,29,0,pageviews_http_403
The Congress (2013 film),0,0.0,171,1,pageviews_http_403
The Constant Gardener (film),0,0.0,517,1,pageviews_http_403
The Contrast (play),0,0.0,18,0,pageviews_http_403
The Convention (The Office),0,0.0,242,2,pageviews_http_403
The Cool Ones,0,0.0,44,0,pageviews_http_403
The Copper (1930 film),0,0.0,67,0,pageviews_http_403
The Copper (1958 film),0,0.0,40,2,pageviews_http_403
The Coroner,0,0.0,118,1,pageviews_http_403
The Corrupted,0,0.0,28,2,pageviews_http_403
The Cost (The Wire),0,0.0,84,1,pageviews_http_403
The Cottage,0,0.0,10,1,pageviews_http_403
The Cottage (film),0,0.0,38,0,pageviews_http_403
The Country Bears,0,0.0,153,3,pageviews_http_403
The Country Blues (book),0,0.0,19,0,pageviews_http_403
The Cowboy Rides Away,0,0.0,124,1,pageviews_http_403
The Cowboy Rides Away Tour,0,0.0,183,0,pageviews_http_403
The Cowboys,0,0.0,124,2,pageviews_http_403
The Crew (2000 film),0,0.0,65,0,pageviews_http_403
The Criterion,0,0.0,130,2,pageviews_http_403
The Cross (2009 film),0,0.0,11,1,pageviews_http_403
The Cross Eyed Rambler,0,0.0,19,3,pageviews_http_403
The Crossing (2000 film),0,0.0,370,0,pageviews_http_403
The Crucifer of Blood,0,0.0,207,0,pageviews_http_403
The Crucifer of Blood (film),0,0.0,9,0,pageviews_http_403
The Cruise (1970 film),0,0.0,30,3,pageviews_http_403
The Cruise (1998 film),0,0.0,26,1,pageviews_http_403
The Crying Game (novel),0,0.0,24,1,pageviews_http_403
The Cuckoo,0,0.0,13,2,pageviews_http_403
The Cuckoo Waltz,0,0.0,46,0,pageviews_http_403
The Cult Is Alive,0,0.0,29,1,pageviews_http_403
The Culture of Collaboration,0,0.0,16,0,pageviews_http_403
The Cup (1999 film),0,0.0,51,3,pageviews_http_403
The Curious Room,0,0.0,29,0,pageviews_http_403
The Curse of Sleeping Beauty,0,0.0,70,0,pageviews_http_403
The DO,0,0.0,54,2,pageviews_http_403
The Dairy,0,0.0,147,4,pageviews_http_403
The Damnation Game (novel),0,0.0,207,1,pageviews_http_403
The Damned (1969 film),0,0.0,157,1,pageviews_http_403
The Dan Band,0,0.0,40,2,pageviews_http_403
The Dan Band Live,0,0.0,5,0,pageviews_http_403
The Dana Carvey Show,0,0.0,79,2,pageviews_http_403
The Dark (Curley novel),0,0.0,10,0,pageviews_http_403
The Darling of Paris,0,0.0,131,1,pageviews_http_403
The Darling of Paris (1931 film),0,0.0,51,1,pageviews_http_403
The Day (1914 film),0,0.0,40,0,pageviews_http_403
The Day Shall Come,0,0.0,52,0,pageviews_http_403
The Day of the Locust,0,0.0,81,6,pageviews_http_403
The Day of the Pelican,0,0.0,30,0,pageviews_http_403
The Day of the Triffids,0,0.0,242,6,pageviews_http_403
The Dead (Higson novel),0,0.0,30,6,pageviews_http_403
The Dead Father (film),0,0.0,35,0,pageviews_http_403
The Deadstone Memorial,0,0.0,71,0,pageviews_http_403
The Death of Superman (film),0,0.0,723,1,pageviews_http_403
The Debt (1917 film),0,0.0,10,0,pageviews_http_403
The Debt (1999 film),0,0.0,58,2,pageviews_http_403
The Debt (2007 film),0,0.0,23,6,pageviews_http_403
The Debt (2014 film),0,0.0,7,0,pageviews_http_403
The Deep (short story),0,0.0,23,1,pageviews_http_403
The Deep End of the Ocean (film),0,0.0,83,0,pageviews_http_403
The Delivery (The Office),0,0.0,225,0,pageviews_http_403
The Delta (film),0,0.0,36,0,pageviews_http_403
The Delta Factor (film),0,0.0,67,0,pageviews_http_403
The Demon (novel),0,0.0,8,0,pageviews_http_403
The Den (2013 film),0,0.0,21,1,pageviews_http_403
The Department,0,0.0,14,0,pageviews_http_403
The Department (film),0,0.0,22,0,pageviews_http_403
The Department (play),0,0.0,178,0,pageviews_http_403
The Destruction of Sennacherib,0,0.0,166,2,pageviews_http_403
The Destruction of Sennacherib (choral work),0,0.0,27,0,pageviews_http_403
The Details,0,0.0,17,1,pageviews_http_403
The Details (film),0,0.0,41,0,pageviews_http_403
The Detective (2007 film),0,0.0,54,0,pageviews_http_403
The Dictator (1935 film),0,0.0,79,3,pageviews_http_403
The Dilemma (1914 film),0,0.0,7,0,pageviews_http_403
The Dining Room,0,0.0,43,0,pageviews_http_403
The Director (novel),0,0.0,5,0,pageviews_http_403
The Director (play),0,0.0,4,0,pageviews_http_403
The Dirk Diggler Story,0,0.0,25,0,pageviews_http_403
The Disk,0,0.0,70,0,pageviews_http_403
The Distance (Taylor Hicks album),0,0.0,26,0,pageviews_http_403
The Distance (The Walking Dead),0,0.0,207,0,pageviews_http_403
The Dive (1990 film),0,0.0,9,2,pageviews_http_403
The Doctor (Once Upon a Time),0,0.0,339,0,pageviews_http_403
The Dogs of War (film),0,0.0,144,0,pageviews_http_403
The Doll (1919 film),0,0.0,102,2,pageviews_http_403
The Doll (1968 film),0,0.0,47,0,pageviews_http_403
The Door (novel),0,0.0,14,0,pageviews_http_403
The Door in the Wall,0,0.0,15,2,pageviews_http_403
The Door in the Wall (novel),0,0.0,133,0,pageviews_http_403
The Double Bed,0,0.0,86,1,pageviews_http_403
The Doubtful Guest,0,0.0,16,1,pageviews_http_403
The Doubtful Heir,0,0.0,7,0,pageviews_http_403
The Dragon Tree Spell Book,0,0.0,5,0,pageviews_http_403
The Dramatics,0,0.0,218,5,pageviews_http_403
The Dream (1985 film),0,0.0,77,1,pageviews_http_403
The Dream Is Alive,0,0.0,161,1,pageviews_http_403
The Dreamer (1936 film),0,0.0,100,0,pageviews_http_403
The Dress (1961 film),0,0.0,18,1,pageviews_http_403
The Dress (1964 film),0,0.0,28,1,pageviews_http_403
The Dress (1996 film),0,0.0,44,1,pageviews_http_403
The Dress (2020 film),0,0.0,12,1,pageviews_http_403
The Dressmaker (Bainbridge novel),0,0.0,24,2,pageviews_http_403
The Dressmaker (Ham novel),0,0.0,31,1,pageviews_http_403
The Drew Carey Show,0,0.0,988,7,pageviews_http_403
The Driver,0,0.0,113,2,pageviews_http_403
The Driver (novel),0,0.0,14,0,pageviews_http_403
The Drum (1938 film),0,0.0,82,1,pageviews_http_403
The Ducks,0,0.0,218,3,pageviews_http_403
The East Is Red,0,0.0,30,8,pageviews_http_403
The East Is Red (1965 film),0,0.0,46,4,pageviews_http_403
The East Is Red (1993 film),0,0.0,66,4,pageviews_http_403
The Easy Way,0,0.0,7,5,pageviews_http_403
The Easy Way (film),0,0.0,18,2,pageviews_http_403
The Easy Way Out,0,0.0,16,3,pageviews_http_403
The Edge,0,0.0,1523,8,pageviews_http_403
The Edge of Tomorrow,0,0.0,5,3,pageviews_http_403
The Edge of Tomorrow (Asimov book),0,0.0,46,2,pageviews_http_403
The Edge of Tomorrow (Dooley book),0,0.0,6,1,pageviews_http_403
The Elder Scrolls Online,0,0.0,352,27,pageviews_http_403
The Embezzler (1954 film),0,0.0,60,0,pageviews_http_403
The Emerald City (Boardwalk Empire),0,0.0,84,0,pageviews_http_403
The Eminem Show,0,0.0,845,24,pageviews_http_403
The Emperor's New School,0,0.0,600,5,pageviews_http_403
The Empty Pockets,0,0.0,31,14,pageviews_http_403
The End,0,0.0,103,16,pageviews_http_403
The End (The X-Files),0,0.0,72,0,pageviews_http_403
The End of the End,0,0.0,0,1,pageviews_http_403
The End of the Soul,0,0.0,7,3,pageviews_http_403
The End of the War,0,0.0,139,1,pageviews_http_403
The End...,0,0.0,39,2,pageviews_http_403
The Entire History of You,0,0.0,112,3,pageviews_http_403
The Eternal (film),0,0.0,40,2,pageviews_http_403
The Eternal Husband (film),0,0.0,42,1,pageviews_http_403
The Ethics of Ambiguity,0,0.0,41,1,pageviews_http_403
The Every,0,0.0,30,0,pageviews_http_403
The Every Boy,0,0.0,9,0,pageviews_http_403
The Example,0,0.0,19,0,pageviews_http_403
The Example (comics),0,0.0,15,1,pageviews_http_403
The Exchange (2011 film),0,0.0,8,3,pageviews_http_403
The Executioner's Song,0,0.0,318,2,pageviews_http_403
The Exile (1947 film),0,0.0,87,1,pageviews_http_403
The Exit,0,0.0,38,0,pageviews_http_403
The Exit List,0,0.0,22,2,pageviews_http_403
The Experience (film),0,0.0,52,1,pageviews_http_403
The Expert,0,0.0,7,4,pageviews_http_403
The Expert (album),0,0.0,23,2,pageviews_http_403
The Eye of Every Storm,0,0.0,38,3,pageviews_http_403
The Eyes of Texas,0,0.0,397,1,pageviews_http_403
The Fake (1953 film),0,0.0,60,0,pageviews_http_403
The Family (1987 film),0,0.0,195,5,pageviews_http_403
The Far Shore,0,0.0,17,0,pageviews_http_403
The Far Shore (2018 film),0,0.0,19,0,pageviews_http_403
The Far Shore of Time,0,0.0,48,0,pageviews_http_403
The Farm (The Office),0,0.0,233,0,pageviews_http_403
The Fashion,0,0.0,26,1,pageviews_http_403
The Father (1996 film),0,0.0,76,4,pageviews_http_403
The Favor (1994 film),0,0.0,50,0,pageviews_http_403
The Favor (2006 film),0,0.0,25,1,pageviews_http_403
The Fifth Wheel (film),0,0.0,0,0,pageviews_http_403
The Fighting Ground,0,0.0,8,0,pageviews_http_403
The Film Club,0,0.0,14,0,pageviews_http_403
The Film Department,0,0.0,103,1,pageviews_http_403
The Final Page,0,0.0,47,5,pageviews_http_403
The Firm (1989 film),0,0.0,58,4,pageviews_http_403
The Firm (album),0,0.0,52,0,pageviews_http_403
The First Man (film),0,0.0,39,11,pageviews_http_403
The First Person and Other Stories,0,0.0,23,0,pageviews_http_403
The First Time (1952 film),0,0.0,92,0,pageviews_http_403
The First Time (1969 film),0,0.0,39,3,pageviews_http_403
The First Time (2012 film),0,0.0,37,1,pageviews_http_403
The First of a Million Kisses,0,0.0,106,2,pageviews_http_403
The Fix,0,0.0,21,3,pageviews_http_403
The Fix (1997 film),0,0.0,44,1,pageviews_http_403
The Fix (2024 film),0,0.0,17,2,pageviews_http_403
The Fix (song),0,0.0,133,1,pageviews_http_403
The Flood (novel),0,0.0,47,0,pageviews_http_403
The Following,0,0.0,372,3,pageviews_http_403
The Forest (2002 film),0,0.0,41,1,pageviews_http_403
The Forest (2005 film),0,0.0,14,0,pageviews_http_403
The Forest (2009 film),0,0.0,16,0,pageviews_http_403
The Formula (1980 film),0,0.0,97,1,pageviews_http_403
The Fort (novel),0,0.0,95,0,pageviews_http_403
The Fosdyke Saga,0,0.0,29,2,pageviews_http_403
The Fossil (film),0,0.0,197,0,pageviews_http_403
The Foundation (1984 TV series),0,0.0,14,1,pageviews_http_403
The Foundling (1916 film),0,0.0,16,0,pageviews_http_403
The Fox and the Child,0,0.0,25,1,pageviews_http_403
The Fox and the Geese,0,0.0,190,0,pageviews_http_403
The Fox and the Hound,0,0.0,834,17,pageviews_http_403
The Fox and the Hound 2,0,0.0,169,9,pageviews_http_403
The Fox and the Lion,0,0.0,100,1,pageviews_http_403
The Foxxhole,0,0.0,103,0,pageviews_http_403
The Franchise Affair (film),0,0.0,74,0,pageviews_http_403
The Friendship,0,0.0,12,0,pageviews_http_403
The Frog's Legacy,0,0.0,10,0,pageviews_http_403
The Fundamentals,0,0.0,85,2,pageviews_http_403
The Fundamentals of Caring,0,0.0,44,2,pageviews_http_403
The Gadget (novel),0,0.0,11,2,pageviews_http_403
The Gamblers (Shostakovich),0,0.0,165,2,pageviews_http_403
The Gambols,0,0.0,20,0,pageviews_http_403
The Game (British TV series),0,0.0,77,3,pageviews_http_403
The Game (Jones novel),0,0.0,51,4,pageviews_http_403
The Game of Life (1922 film),0,0.0,41,0,pageviews_http_403
The Games (film),0,0.0,90,2,pageviews_http_403
The Gamesters of Triskelion,0,0.0,99,3,pageviews_http_403
The Gang (film),0,0.0,27,0,pageviews_http_403
The Garden (2006 film),0,0.0,26,0,pageviews_http_403
The Gathering (1977 film),0,0.0,118,1,pageviews_http_403
The Gathering (2003 film),0,0.0,79,1,pageviews_http_403
The General's Daughter (film),0,0.0,193,0,pageviews_http_403
"The Generall Historie of Virginia, New-England, and the Summer Isles",0,0.0,185,1,pageviews_http_403
The Ghost (1963 film),0,0.0,66,1,pageviews_http_403
The Ghost (1982 film),0,0.0,12,1,pageviews_http_403
The Ghost Inside (film),0,0.0,10,1,pageviews_http_403
The Ghost and the Darkness,0,0.0,221,2,pageviews_http_403
The Giants (TV series),0,0.0,6,1,pageviews_http_403
The Gift (The X-Files),0,0.0,76,0,pageviews_http_403
The Giraffe and the Pelly and Me,0,0.0,139,1,pageviews_http_403
The Girl (2012 TV film),0,0.0,268,1,pageviews_http_403
The Girl (2012 independent film),0,0.0,9,0,pageviews_http_403
The Girl (novel),0,0.0,8,0,pageviews_http_403
The Girl in Mourning,0,0.0,82,3,pageviews_http_403
The Girlfriend (film),0,0.0,1,0,pageviews_http_403
The Glee Project,0,0.0,305,3,pageviews_http_403
The Global Interior,0,0.0,7,1,pageviews_http_403
The Glorious Resolve,0,0.0,180,0,pageviews_http_403
The Go-Getter (2007 film),0,0.0,48,1,pageviews_http_403
The God That Never Was,0,0.0,21,0,pageviews_http_403
The Gold,0,0.0,2,0,pageviews_http_403
The Gold-Bug,0,0.0,257,3,pageviews_http_403
The Good Fight,0,0.0,689,4,pageviews_http_403
The Good Guy,0,0.0,99,0,pageviews_http_403
The Good Guy (film),0,0.0,38,0,pageviews_http_403
The Good Heart,0,0.0,48,0,pageviews_http_403
The Good Life (1962 song),0,0.0,200,2,pageviews_http_403
The Good Life (1975 TV series),0,0.0,341,11,pageviews_http_403
The Good Life (The Band Perry song),0,0.0,26,0,pageviews_http_403
The Good Life (Weezer song),0,0.0,136,5,pageviews_http_403
The Good Life (band),0,0.0,105,3,pageviews_http_403
The Good Life (novel),0,0.0,10,0,pageviews_http_403
The Good Life (play),0,0.0,2,0,pageviews_http_403
The Good News (Mad Men),0,0.0,98,0,pageviews_http_403
The Goon Show,0,0.0,826,12,pageviews_http_403
The Goose Girl (novel),0,0.0,21,1,pageviews_http_403
The Gorilla (1927 film),0,0.0,226,0,pageviews_http_403
The Gorilla (1930 film),0,0.0,18,0,pageviews_http_403
The Gospel (film),0,0.0,89,0,pageviews_http_403
The Gospel According to Larry,0,0.0,20,3,pageviews_http_403
The Gospel According to Peanuts,0,0.0,15,0,pageviews_http_403
The Gospel of Gospel,0,0.0,4,0,pageviews_http_403
The Governor (New Zealand TV series),0,0.0,21,0,pageviews_http_403
The Grace of God,0,0.0,36,1,pageviews_http_403
The Grand (film),0,0.0,64,0,pageviews_http_403
The Grave (novel),0,0.0,8,1,pageviews_http_403
The Great Automatic Grammatizator,0,0.0,132,1,pageviews_http_403
The Great Barrier (film),0,0.0,57,1,pageviews_http_403
The Great British Sewing Bee,0,0.0,87,2,pageviews_http_403
The Great British Sewing Bee series 3,0,0.0,14,1,pageviews_http_403
The Great Escape (book),0,0.0,48,1,pageviews_http_403
The Great Fire (TV series),0,0.0,43,5,pageviews_http_403
The Great Missouri Raid,0,0.0,157,0,pageviews_http_403
The Great Outdoors,0,0.0,24,2,pageviews_http_403
The Great Outdoors (Australian TV series),0,0.0,197,0,pageviews_http_403
The Great Outdoors (British TV series),0,0.0,24,1,pageviews_http_403
The Great Outdoors (film),0,0.0,126,2,pageviews_http_403
The Great Perhaps,0,0.0,8,0,pageviews_http_403
The Great Raid,0,0.0,134,0,pageviews_http_403
The Greater Good (Lost),0,0.0,158,4,pageviews_http_403
"The Greater Good, or the Passion of Boule de Suif",0,0.0,19,1,pageviews_http_403
The Greatest (1977 film),0,0.0,281,2,pageviews_http_403
The Greatest (2009 film),0,0.0,51,0,pageviews_http_403
The Greatest Gift (film),0,0.0,15,0,pageviews_http_403
The Greenbrier,0,0.0,393,6,pageviews_http_403
The Ground,0,0.0,20,0,pageviews_http_403
The Guard (1990 film),0,0.0,17,0,pageviews_http_403
The Guard (2001 film),0,0.0,11,0,pageviews_http_403
The Guard (novel),0,0.0,4,0,pageviews_http_403
The Guru (1969 film),0,0.0,79,1,pageviews_http_403
The Guru (2002 film),0,0.0,93,0,pageviews_http_403
The Hand (1960 film),0,0.0,23,0,pageviews_http_403
The Hand (1981 film),0,0.0,85,0,pageviews_http_403
The Hangover,0,0.0,679,9,pageviews_http_403
The Hangover Part II,0,0.0,376,9,pageviews_http_403
The Happy Family (1936 film),0,0.0,92,0,pageviews_http_403
The Happy Family (1952 film),0,0.0,66,2,pageviews_http_403
The Happy Prince (1974 film),0,0.0,24,1,pageviews_http_403
The Happy Road (1936 film),0,0.0,43,1,pageviews_http_403
The Happy Time (musical),0,0.0,97,0,pageviews_http_403
The Hard Way,0,0.0,21,5,pageviews_http_403
The Hard Way (1943 film),0,0.0,102,0,pageviews_http_403
The Harvest Shall Come,0,0.0,11,0,pageviews_http_403
The Haunted Fort,0,0.0,142,0,pageviews_http_403
The Haunting (1999 film),0,0.0,158,1,pageviews_http_403
The Hawk (1935 film),0,0.0,62,1,pageviews_http_403
The Heart (1955 film),0,0.0,48,0,pageviews_http_403
The Helen Morgan Story,0,0.0,254,0,pageviews_http_403
The Helmet (Oceanus Procellarum),0,0.0,6,0,pageviews_http_403
The Hero,0,0.0,17,3,pageviews_http_403
The Hero (opera),0,0.0,40,0,pageviews_http_403
The Heroes (1916 film),0,0.0,4,0,pageviews_http_403
The Heroes (1973 film),0,0.0,97,4,pageviews_http_403
The Heroes (1980 film),0,0.0,17,0,pageviews_http_403
The Heroes (1994 film),0,0.0,71,2,pageviews_http_403
The Highway (Sirius XM),0,0.0,57,0,pageviews_http_403
The Hit,0,0.0,14,3,pageviews_http_403
The Hit (novel),0,0.0,44,3,pageviews_http_403
The Hole (1957 film),0,0.0,54,0,pageviews_http_403
The Hole (2001 film),0,0.0,77,1,pageviews_http_403
The Holy,0,0.0,39,1,pageviews_http_403
The Holy Blood and the Holy Grail,0,0.0,223,8,pageviews_http_403
The Homecoming (film),0,0.0,112,0,pageviews_http_403
The Honeymooners,0,0.0,675,29,pageviews_http_403
The Hoppings,0,0.0,16,0,pageviews_http_403
The Hostage (novel),0,0.0,6,3,pageviews_http_403
The Hour of the Pig,0,0.0,50,2,pageviews_http_403
The House That Jack Built (2013 film),0,0.0,11,1,pageviews_http_403
The House of Bernarda Alba,0,0.0,350,10,pageviews_http_403
The House of Bernarda Alba (disambiguation),0,0.0,1,2,pageviews_http_403
The Houseguest and My Mother,0,0.0,79,1,pageviews_http_403
The Hunger (1983 film),0,0.0,192,0,pageviews_http_403
The Hungry,0,0.0,32,2,pageviews_http_403
The Husband,0,0.0,6,0,pageviews_http_403
The Husband (film),0,0.0,38,0,pageviews_http_403
The Hustlers (film),0,0.0,14,1,pageviews_http_403
The Idea (1932 film),0,0.0,54,0,pageviews_http_403
The Idolmaster,0,0.0,665,20,pageviews_http_403
The Iliac Crest,0,0.0,5,1,pageviews_http_403
The Illusionist,0,0.0,41,5,pageviews_http_403
The Illusionist (1983 film),0,0.0,72,1,pageviews_http_403
The Illusionist (2006 film),0,0.0,177,1,pageviews_http_403
The Impossibility of Reason,0,0.0,31,4,pageviews_http_403
The Impossible (2012 film),0,0.0,247,4,pageviews_http_403
The In-Laws (1979 film),0,0.0,115,1,pageviews_http_403
The In-Laws (2003 film),0,0.0,77,1,pageviews_http_403
The Incident (Lost),0,0.0,176,2,pageviews_http_403
The Incident (Modern Family),0,0.0,41,0,pageviews_http_403
The Information (novel),0,0.0,59,0,pageviews_http_403
The Innocent (1976 film),0,0.0,57,3,pageviews_http_403
The Innocent (1985 film),0,0.0,38,0,pageviews_http_403
The Innocent (1993 film),0,0.0,90,0,pageviews_http_403
The Institute (2013 film),0,0.0,8,0,pageviews_http_403
The Institute (2017 film),0,0.0,49,0,pageviews_http_403
The Institute (2022 film),0,0.0,4,0,pageviews_http_403
The Intended,0,0.0,14,0,pageviews_http_403
The Interior (novel),0,0.0,19,3,pageviews_http_403
The Interruption of Everything,0,0.0,18,0,pageviews_http_403
The Invisible Hand (The Spectacular Spider-Man),0,0.0,61,0,pageviews_http_403
The Iron Woman,0,0.0,28,0,pageviews_http_403
The Island of Desire,0,0.0,32,1,pageviews_http_403
The Isle of Voices,0,0.0,58,0,pageviews_http_403
The Jack of Hearts,0,0.0,151,0,pageviews_http_403
The Jacket,0,0.0,165,2,pageviews_http_403
The Jacket (Seinfeld),0,0.0,211,2,pageviews_http_403
The Jacket (book),0,0.0,4,0,pageviews_http_403
The Jacks (band),0,0.0,12,1,pageviews_http_403
The Jets (Minnesota band),0,0.0,228,13,pageviews_http_403
The Jim Jefferies Show,0,0.0,191,1,pageviews_http_403
The Job (novel),0,0.0,27,1,pageviews_http_403
The Johnsons,0,0.0,31,1,pageviews_http_403
The Journey (1959 film),0,0.0,86,1,pageviews_http_403
The Journey (1995 film),0,0.0,51,0,pageviews_http_403
The Journey (2004 film),0,0.0,30,3,pageviews_http_403
The Karate Kid Part III,0,0.0,199,13,pageviews_http_403
The Key (1965 film),0,0.0,25,2,pageviews_http_403
The Key (Curley novel),0,0.0,9,0,pageviews_http_403
The Key the Secret,0,0.0,36,4,pageviews_http_403
The Kid from the Big Apple,0,0.0,18,0,pageviews_http_403
The Kill List,0,0.0,33,0,pageviews_http_403
The Killer Elite,0,0.0,75,1,pageviews_http_403
The King (1995 film),0,0.0,125,1,pageviews_http_403
The King Is Alive,0,0.0,99,1,pageviews_http_403
The King Is Gone (So Are You),0,0.0,91,1,pageviews_http_403
The King and I (1956 film),0,0.0,615,4,pageviews_http_403
The Kiss (1916 film),0,0.0,46,0,pageviews_http_403
The Kiss (1958 film),0,0.0,10,2,pageviews_http_403
The Kiss of Morning,0,0.0,30,1,pageviews_http_403
The Kite Runner (film),0,0.0,304,5,pageviews_http_403
The Knife,0,0.0,388,4,pageviews_http_403
The Knife (The Knife album),0,0.0,38,1,pageviews_http_403
The Knights,0,0.0,111,1,pageviews_http_403
The Knitting,0,0.0,6,0,pageviews_http_403
The Krypton Factor,0,0.0,119,1,pageviews_http_403
The Lady (1925 film),0,0.0,93,0,pageviews_http_403
The Lady of the Camellias (1925 film),0,0.0,20,1,pageviews_http_403
The Land (1969 film),0,0.0,49,1,pageviews_http_403
The Land of Steady Habits,0,0.0,38,0,pageviews_http_403
The Last Command (short story),0,0.0,7,0,pageviews_http_403
The Last Day (Red Dwarf),0,0.0,96,0,pageviews_http_403
The Last Days (Westerfeld novel),0,0.0,28,0,pageviews_http_403
The Last Fort,0,0.0,59,1,pageviews_http_403
The Last Hawk,0,0.0,30,0,pageviews_http_403
The Last Run (2004 film),0,0.0,19,0,pageviews_http_403
The Last Survivors,0,0.0,21,2,pageviews_http_403
The Last Unicorn,0,0.0,141,11,pageviews_http_403
The Last Unicorn (album),0,0.0,111,0,pageviews_http_403
The Last Valley (film),0,0.0,109,2,pageviews_http_403
The Last Valley (novel),0,0.0,16,1,pageviews_http_403
The Last Word (Greene short story),0,0.0,89,1,pageviews_http_403
The Last Word (Knight short story),0,0.0,8,0,pageviews_http_403
The Late Show (film),0,0.0,96,0,pageviews_http_403
"The Late, Late, Late Show",0,0.0,13,1,pageviews_http_403
The Latimers,0,0.0,34,0,pageviews_http_403
The Latin Recording Academy,0,0.0,533,3,pageviews_http_403
The Law and Jake Wade,0,0.0,83,0,pageviews_http_403
The Lawyer (film),0,0.0,69,0,pageviews_http_403
The Lazarus Effect (2015 film),0,0.0,65,1,pageviews_http_403
The Legend of Walks Far Woman,0,0.0,62,0,pageviews_http_403
The Legend of the Lost Keys,0,0.0,17,0,pageviews_http_403
The Lemon Table,0,0.0,31,0,pageviews_http_403
The Letter (1999 film),0,0.0,154,2,pageviews_http_403
The Lexicon of Love,0,0.0,95,6,pageviews_http_403
The Lie (1914 film),0,0.0,167,0,pageviews_http_403
The Lieutenant,0,0.0,190,1,pageviews_http_403
The Life Scientific,0,0.0,311,1,pageviews_http_403
The Life That I Have,0,0.0,22,1,pageviews_http_403
The Life That I Want,0,0.0,23,2,pageviews_http_403
The Liffey Swim,0,0.0,182,1,pageviews_http_403
The Light Princess,0,0.0,108,0,pageviews_http_403
The Light Princess (musical),0,0.0,121,0,pageviews_http_403
The Light-House,0,0.0,117,0,pageviews_http_403
The Lighthouse (James novel),0,0.0,35,0,pageviews_http_403
The Lighthouse (Moore novel),0,0.0,7,1,pageviews_http_403
The Lightning Thief (musical),0,0.0,119,1,pageviews_http_403
The Lincoln Lawyer (film),0,0.0,183,0,pageviews_http_403
The Line (play),0,0.0,65,0,pageviews_http_403
The Link (game show),0,0.0,17,0,pageviews_http_403
The Lion King (musical),0,0.0,1284,10,pageviews_http_403
The Lion and the Jewel,0,0.0,52,0,pageviews_http_403
The Lion and the Mouse,0,0.0,210,4,pageviews_http_403
The Lion of Judah,0,0.0,42,1,pageviews_http_403
The Listening (film),0,0.0,14,1,pageviews_http_403
The Little Ones,0,0.0,39,0,pageviews_http_403
The Little Ones (band),0,0.0,35,0,pageviews_http_403
The Little Prince (1974 film),0,0.0,295,0,pageviews_http_403
The Little Teacher,0,0.0,5,2,pageviews_http_403
The Little Teacher (1942 film),0,0.0,21,0,pageviews_http_403
The Little White Cloud That Cried,0,0.0,20,1,pageviews_http_403
The Little White Cloud That Cried (film),0,0.0,35,0,pageviews_http_403
The Liver Birds,0,0.0,180,4,pageviews_http_403
The Long Memory,0,0.0,56,0,pageviews_http_403
"The Long, Hot Summer",0,0.0,182,3,pageviews_http_403
The Looming Tower,0,0.0,256,5,pageviews_http_403
The Looming Tower (miniseries),0,0.0,380,3,pageviews_http_403
The Lord Knows I'm Drinking,0,0.0,16,0,pageviews_http_403
The Losers (1970 film),0,0.0,45,2,pageviews_http_403
The Lost (video game),0,0.0,152,0,pageviews_http_403
The Lost Bridegroom,0,0.0,18,0,pageviews_http_403
The Lost Child (video game),0,0.0,20,0,pageviews_http_403
The Lost City (video game),0,0.0,9,0,pageviews_http_403
The Lost Weekend (novel),0,0.0,33,1,pageviews_http_403
The Lottery,0,0.0,262,3,pageviews_http_403
The Lottery (1989 film),0,0.0,46,0,pageviews_http_403
The Lottery (2010 film),0,0.0,26,0,pageviews_http_403
The Loudwater Mystery,0,0.0,0,0,pageviews_http_403
The Loudwater Mystery (film),0,0.0,54,0,pageviews_http_403
The Loudwater Mystery (novel),0,0.0,0,0,pageviews_http_403
The Love Boat,0,0.0,1820,16,pageviews_http_403
The Love Letter (1999 film),0,0.0,62,0,pageviews_http_403
The Love Nest,0,0.0,3,1,pageviews_http_403
The Love Nest (1933 film),0,0.0,77,0,pageviews_http_403
The Lover (1992 film),0,0.0,83,0,pageviews_http_403
The Lovers (1958 film),0,0.0,140,1,pageviews_http_403
The Lovers (1994 film),0,0.0,91,0,pageviews_http_403
The Lovers (2013 film),0,0.0,50,4,pageviews_http_403
The Lucy Show,0,0.0,465,5,pageviews_http_403
The Magic School Bus (TV series),0,0.0,657,0,pageviews_http_403
The Magician (1926 film),0,0.0,103,0,pageviews_http_403
The Mahdi,0,0.0,13,0,pageviews_http_403
The Maker (film),0,0.0,47,0,pageviews_http_403
The Man (1972 film),0,0.0,123,0,pageviews_http_403
The Man (2005 film),0,0.0,74,0,pageviews_http_403
The Man That Might Have Been,0,0.0,5,0,pageviews_http_403
The Man Who Fell to Earth,0,0.0,310,6,pageviews_http_403
The Man Who Killed Don Quixote,0,0.0,200,1,pageviews_http_403
The Man Who Loved Children,0,0.0,37,1,pageviews_http_403
The Man Who Loved Redheads,0,0.0,257,0,pageviews_http_403
The Man Without Desire,0,0.0,40,0,pageviews_http_403
The Man Without Love,0,0.0,63,1,pageviews_http_403
The Man Without Qualities,0,0.0,100,2,pageviews_http_403
The Man in the Fallout Shelter,0,0.0,43,0,pageviews_http_403
The Man in the White Suit,0,0.0,230,2,pageviews_http_403
The Man on the Eiffel Tower,0,0.0,137,1,pageviews_http_403
The Man with the Twisted Lip,0,0.0,83,5,pageviews_http_403
The Man with the Twisted Lip (film),0,0.0,316,0,pageviews_http_403
The Mandarins,0,0.0,47,1,pageviews_http_403
The Manxman (1916 film),0,0.0,27,1,pageviews_http_403
The Marauders (1947 film),0,0.0,128,0,pageviews_http_403
The Marauders (1955 film),0,0.0,17,0,pageviews_http_403
The Marble Index (band),0,0.0,16,0,pageviews_http_403
The Margin (film),0,0.0,26,4,pageviews_http_403
The Marriage (Gombrowicz play),0,0.0,21,8,pageviews_http_403
The Marriage Bond,0,0.0,1,1,pageviews_http_403
The Master (1992 film),0,0.0,84,1,pageviews_http_403
The Master (2009 film),0,0.0,21,0,pageviews_http_403
The Matchmaker (1997 film),0,0.0,70,2,pageviews_http_403
The Matrimony,0,0.0,24,0,pageviews_http_403
The Matrimony (song),0,0.0,161,0,pageviews_http_403
The Media Elite,0,0.0,19,1,pageviews_http_403
The Medical Center of Aurora,0,0.0,38,1,pageviews_http_403
The Meeting (2012 film),0,0.0,40,0,pageviews_http_403
The Meeting (The Office),0,0.0,210,0,pageviews_http_403
The Memorial,0,0.0,39,0,pageviews_http_403
The Memory Keeper's Daughter,0,0.0,39,1,pageviews_http_403
The Meyerowitz Stories,0,0.0,202,4,pageviews_http_403
The Middle Road,0,0.0,49,3,pageviews_http_403
The Midnight Taxi,0,0.0,227,0,pageviews_http_403
The Mighty (1929 film),0,0.0,66,0,pageviews_http_403
The Mighty Quinn (film),0,0.0,70,0,pageviews_http_403
The Milkman,0,0.0,106,1,pageviews_http_403
The Millions,0,0.0,192,0,pageviews_http_403
The Millions (band),0,0.0,9,1,pageviews_http_403
The Mind Benders (1963 film),0,0.0,86,0,pageviews_http_403
The Mind Benders (Vosper book),0,0.0,16,1,pageviews_http_403
The Mind Benders (novel),0,0.0,5,1,pageviews_http_403
The Mind-Benders (1967 film),0,0.0,4,0,pageviews_http_403
The Miracle (1912 film),0,0.0,67,0,pageviews_http_403
The Miracle (1959 film),0,0.0,84,0,pageviews_http_403
The Miracle (1987 film),0,0.0,24,3,pageviews_http_403
The Miracle (1991 film),0,0.0,61,0,pageviews_http_403
The Mirror (1913 film),0,0.0,41,0,pageviews_http_403
The Missing People,0,0.0,279,0,pageviews_http_403
The Missing Star,0,0.0,36,4,pageviews_http_403
The Mocking Program,0,0.0,7,0,pageviews_http_403
The Moment (1979 film),0,0.0,19,1,pageviews_http_403
The Moment (Aaron Yan album),0,0.0,7,0,pageviews_http_403
The Moment (Lisa Stansfield album),0,0.0,89,0,pageviews_http_403
The Moment (New Zealand TV series),0,0.0,8,1,pageviews_http_403
The Money,0,0.0,198,2,pageviews_http_403
The Money Pit,0,0.0,160,0,pageviews_http_403
The Moor (The Borgias),0,0.0,8,0,pageviews_http_403
The Morning Bulletin,0,0.0,978,8,pageviews_http_403
The Morning Sun,0,0.0,468,5,pageviews_http_403
The Morning Sun Shines,0,0.0,31,0,pageviews_http_403
The Mountain (1991 film),0,0.0,68,1,pageviews_http_403
The Movies (film),0,0.0,12,0,pageviews_http_403
The Moving True Story of a Woman Ahead of Her Time,0,0.0,116,0,pageviews_http_403
The Murder Game (novel),0,0.0,47,0,pageviews_http_403
The Museum of Abandoned Secrets,0,0.0,4,0,pageviews_http_403
The Mutants,0,0.0,207,2,pageviews_http_403
The Mutants (film),0,0.0,61,2,pageviews_http_403
The Mystery Man,0,0.0,23,0,pageviews_http_403
The Mystery Man (film),0,0.0,19,0,pageviews_http_403
The Myth of Fingerprints,0,0.0,58,0,pageviews_http_403
The Naked,0,0.0,11,1,pageviews_http_403
The Naked Edge,0,0.0,85,1,pageviews_http_403
The National Stud,0,0.0,174,1,pageviews_http_403
The Near Future,0,0.0,151,2,pageviews_http_403
The Negotiator,0,0.0,163,1,pageviews_http_403
The Neighbors' Window,0,0.0,155,4,pageviews_http_403
The Nest (1980 film),0,0.0,97,2,pageviews_http_403
The Nest (1988 film),0,0.0,50,0,pageviews_http_403
The Nest (2002 film),0,0.0,26,2,pageviews_http_403
The Neverhood,0,0.0,113,11,pageviews_http_403
The New Age,0,0.0,139,3,pageviews_http_403
The New Age (film),0,0.0,46,0,pageviews_http_403
The New Country,0,0.0,15,0,pageviews_http_403
The New Criterion,0,0.0,886,3,pageviews_http_403
The New Frontier (film),0,0.0,28,2,pageviews_http_403
The New Troy,0,0.0,67,4,pageviews_http_403
The New World (2005 film),0,0.0,377,0,pageviews_http_403
The New World (2011 film),0,0.0,9,1,pageviews_http_403
The Night Has Eyes,0,0.0,46,2,pageviews_http_403
The Night Has Eyes (novel),0,0.0,3,0,pageviews_http_403
The Night Has a Thousand Eyes,0,0.0,6,2,pageviews_http_403
The Night Riders,0,0.0,35,0,pageviews_http_403
The Night Riders (1920 film),0,0.0,35,0,pageviews_http_403
The Night They Raided Minsky's,0,0.0,140,0,pageviews_http_403
The Night of the Iguana,0,0.0,268,3,pageviews_http_403
The Nights,0,0.0,112,2,pageviews_http_403
The Nights (band),0,0.0,3,0,pageviews_http_403
The Normal Christian Life,0,0.0,8,0,pageviews_http_403
The Northerners,0,0.0,154,1,pageviews_http_403
The Note,0,0.0,4,1,pageviews_http_403
The Note (film),0,0.0,37,5,pageviews_http_403
The Notebook,0,0.0,610,3,pageviews_http_403
The Notting Hill Mystery,0,0.0,15,0,pageviews_http_403
The Novel,0,0.0,64,1,pageviews_http_403
The Novella,0,0.0,12,1,pageviews_http_403
The Nutcracker in 3D,0,0.0,201,4,pageviews_http_403
The Oath (2010 film),0,0.0,67,0,pageviews_http_403
The Oath (2018 film),0,0.0,35,1,pageviews_http_403
The Obsessed,0,0.0,165,1,pageviews_http_403
The Off-Road Championship,0,0.0,115,5,pageviews_http_403
The Ogden,0,0.0,85,2,pageviews_http_403
The Ogre (1989 film),0,0.0,40,2,pageviews_http_403
The Old Bog Road,0,0.0,9,0,pageviews_http_403
The Old Lady,0,0.0,47,3,pageviews_http_403
The Old Laughing Lady,0,0.0,187,0,pageviews_http_403
The Old Man of Lochnagar,0,0.0,160,0,pageviews_http_403
The One That Got Away (Katy Perry song),0,0.0,287,0,pageviews_http_403
The One Where Rachel Smokes,0,0.0,78,0,pageviews_http_403
The One with the Morning After,0,0.0,45,3,pageviews_http_403
The One with the Rumor,0,0.0,94,7,pageviews_http_403
The Ones (30 Rock),0,0.0,196,0,pageviews_http_403
The Only Woman,0,0.0,156,0,pageviews_http_403
The Order (2001 film),0,0.0,50,1,pageviews_http_403
The Order (2003 film),0,0.0,67,5,pageviews_http_403
The Organ (film),0,0.0,7,0,pageviews_http_403
The Other (1972 film),0,0.0,73,0,pageviews_http_403
The Other (1999 film),0,0.0,78,3,pageviews_http_403
The Other Person,0,0.0,14,2,pageviews_http_403
The Other Place,0,0.0,15,3,pageviews_http_403
The Other Place (collection),0,0.0,59,2,pageviews_http_403
The Other Place (novel),0,0.0,5,0,pageviews_http_403
The Other Place (play),0,0.0,42,0,pageviews_http_403
The Other Place (theatre),0,0.0,150,1,pageviews_http_403
The Other Side of Darkness,0,0.0,13,1,pageviews_http_403
The Other Woman,0,0.0,72,9,pageviews_http_403
The Other Woman (2009 film),0,0.0,57,3,pageviews_http_403
The Other Woman (2014 film),0,0.0,217,1,pageviews_http_403
The Outcast (Jones novel),0,0.0,8,0,pageviews_http_403
The Outdoor Survival Handbook,0,0.0,16,0,pageviews_http_403
The Outfield,0,0.0,199,5,pageviews_http_403
The Outlaw,0,0.0,248,1,pageviews_http_403
The Outsider (Wright novel),0,0.0,16,1,pageviews_http_403
The Oval,0,0.0,3243,18,pageviews_http_403
The Overloaded Ark,0,0.0,57,0,pageviews_http_403
The Overloaded Man,0,0.0,64,0,pageviews_http_403
The Overnight,0,0.0,38,0,pageviews_http_403
The PJs,0,0.0,365,3,pageviews_http_403
The PJs (soundtrack),0,0.0,34,2,pageviews_http_403
The Parents,0,0.0,66,0,pageviews_http_403
The Party's Over,0,0.0,15,4,pageviews_http_403
The Party's Over (1965 film),0,0.0,52,0,pageviews_http_403
The Pastoral Amusements,0,0.0,70,1,pageviews_http_403
The Pelican (film),0,0.0,20,1,pageviews_http_403
The Pelican Brief,0,0.0,101,1,pageviews_http_403
The People Versus,0,0.0,33,1,pageviews_http_403
The People of Juvik,0,0.0,22,1,pageviews_http_403
The Pepsodent Show,0,0.0,82,4,pageviews_http_403
The Perfect Matrimony,0,0.0,26,0,pageviews_http_403
The Pharmacist (1933 film),0,0.0,15,0,pageviews_http_403
The Phone Message,0,0.0,212,2,pageviews_http_403
The Photo,0,0.0,18,1,pageviews_http_403
The Photo Album,0,0.0,69,6,pageviews_http_403
The Photo Atlas,0,0.0,26,0,pageviews_http_403
The Physician (1928 film),0,0.0,101,0,pageviews_http_403
The Physician (2013 film),0,0.0,71,0,pageviews_http_403
The Pianoplayers,0,0.0,50,0,pageviews_http_403
The PickUp,0,0.0,171,0,pageviews_http_403
The Pickup,0,0.0,41,0,pageviews_http_403
The Pink Doll (film),0,0.0,11,0,pageviews_http_403
The Pioneers (1916 film),0,0.0,31,0,pageviews_http_403
The Pioneers (1926 film),0,0.0,49,0,pageviews_http_403
The Pipkins,0,0.0,40,0,pageviews_http_403
The Pirates of Malaysia,0,0.0,38,2,pageviews_http_403
The Plague (1992 film),0,0.0,28,2,pageviews_http_403
The Plague (2006 film),0,0.0,77,1,pageviews_http_403
The Plague Dogs (film),0,0.0,151,3,pageviews_http_403
The Plan (Six Feet Under),0,0.0,69,2,pageviews_http_403
The Plane Makers,0,0.0,140,2,pageviews_http_403
The Planet (film),0,0.0,6,0,pageviews_http_403
The Pocket-knife,0,0.0,47,1,pageviews_http_403
The Pointer,0,0.0,211,0,pageviews_http_403
The Pointer Sisters,0,0.0,1018,3,pageviews_http_403
The Pool Hustlers,0,0.0,35,5,pageviews_http_403
The Post Office (play),0,0.0,114,0,pageviews_http_403
The Present and the Past,0,0.0,15,1,pageviews_http_403
The President (1961 film),0,0.0,156,1,pageviews_http_403
The President (2014 film),0,0.0,69,0,pageviews_http_403
The President Vanishes (film),0,0.0,182,1,pageviews_http_403
The Pretenders,0,0.0,1271,3,pageviews_http_403
The Pretenders (1698 play),0,0.0,13,0,pageviews_http_403
The Pretenders (play),0,0.0,80,1,pageviews_http_403
The Prioress's Tale,0,0.0,99,19,pageviews_http_403
The Prize (1963 film),0,0.0,117,0,pageviews_http_403
The Program,0,0.0,18,4,pageviews_http_403
The Program (novel),0,0.0,28,0,pageviews_http_403
The Promise (1979 film),0,0.0,140,0,pageviews_http_403
The Promise (2011 TV serial),0,0.0,60,2,pageviews_http_403
The Promotion,0,0.0,9,0,pageviews_http_403
The Purchase Price,0,0.0,108,0,pageviews_http_403
The Purple Vigilantes,0,0.0,163,2,pageviews_http_403
The Quarterback (1926 film),0,0.0,62,0,pageviews_http_403
The Quarterback (1940 film),0,0.0,72,0,pageviews_http_403
The Queen Is Dead,0,0.0,378,10,pageviews_http_403
The Queen of Spades (story),0,0.0,131,1,pageviews_http_403
The Queen's Nose,0,0.0,56,4,pageviews_http_403
The Queen's Nose (TV series),0,0.0,61,0,pageviews_http_403
The Quick and the Dead (1995 film),0,0.0,214,3,pageviews_http_403
The Rachel Maddow Show,0,0.0,450,10,pageviews_http_403
The Ragman's Ball,0,0.0,4,0,pageviews_http_403
The Ragman's Daughter,0,0.0,59,0,pageviews_http_403
The Ragman's Son,0,0.0,10,0,pageviews_http_403
The Raid (1954 film),0,0.0,64,0,pageviews_http_403
The Railroad,0,0.0,10,0,pageviews_http_403
The Rain Before It Falls,0,0.0,17,0,pageviews_http_403
The Rain Falls Where It Will,0,0.0,7,1,pageviews_http_403
The Rap Game,0,0.0,168,6,pageviews_http_403
The Raven (1915 film),0,0.0,189,0,pageviews_http_403
The Reader (1988 film),0,0.0,184,1,pageviews_http_403
The Reader (2008 film),0,0.0,370,0,pageviews_http_403
The Rebel (1915 film),0,0.0,9,0,pageviews_http_403
The Rebel (1931 film),0,0.0,27,0,pageviews_http_403
The Rebel (1932 film),0,0.0,187,1,pageviews_http_403
The Rebel (1961 film),0,0.0,129,2,pageviews_http_403
The Rebel (1993 film),0,0.0,21,2,pageviews_http_403
The Reckoning (1970 film),0,0.0,87,1,pageviews_http_403
The Recording Academy,0,0.0,3337,16,pageviews_http_403
The Red Guard (novel),0,0.0,75,1,pageviews_http_403
The Red Hearts,0,0.0,10,1,pageviews_http_403
The Red Squirrel,0,0.0,46,1,pageviews_http_403
The Red Tree (picture book),0,0.0,17,2,pageviews_http_403
The Red Violin,0,0.0,308,4,pageviews_http_403
The Reef,0,0.0,12,2,pageviews_http_403
The Reef (1999 film),0,0.0,69,1,pageviews_http_403
The Reef (2010 film),0,0.0,44,0,pageviews_http_403
The Reflex,0,0.0,210,2,pageviews_http_403
The Rehabilitation Center at Hollywood Hills,0,0.0,3,1,pageviews_http_403
The Rescue (1929 film),0,0.0,195,0,pageviews_http_403
The Rescue (1988 film),0,0.0,42,0,pageviews_http_403
The Resolve,0,0.0,32,0,pageviews_http_403
The Resurrection of Broncho Billy,0,0.0,220,0,pageviews_http_403
The Return (The Office),0,0.0,250,2,pageviews_http_403
The Rev,0,0.0,285,8,pageviews_http_403
The Right Stuff (film),0,0.0,534,4,pageviews_http_403
The Ring (South Park),0,0.0,119,2,pageviews_http_403
The Rising (memorial),0,0.0,129,5,pageviews_http_403
The Rivals,0,0.0,497,4,pageviews_http_403
The River (1929 film),0,0.0,91,0,pageviews_http_403
The Road (2001 film),0,0.0,17,1,pageviews_http_403
The Road Hustlers,0,0.0,12,0,pageviews_http_403
The Rocketeer (film),0,0.0,396,3,pageviews_http_403
The Rockford Files,0,0.0,1091,6,pageviews_http_403
The Rose That Grew from Concrete,0,0.0,114,1,pageviews_http_403
The Rose That Grew from Concrete (poetry collection),0,0.0,112,1,pageviews_http_403
The Roy Rogers Show,0,0.0,191,2,pageviews_http_403
The Royal Conservatory of Music,0,0.0,754,16,pageviews_http_403
The Royal Treatment,0,0.0,1,1,pageviews_http_403
The Royal Treatment (film),0,0.0,26,1,pageviews_http_403
The Rumor (album),0,0.0,14,2,pageviews_http_403
The Runner (1985 film),0,0.0,11,0,pageviews_http_403
The Running Actress,0,0.0,19,0,pageviews_http_403
The SAS Survival Handbook,0,0.0,10,1,pageviews_http_403
The Sacrifice (Higson novel),0,0.0,21,0,pageviews_http_403
The Sale,0,0.0,30,0,pageviews_http_403
The Sale (film),0,0.0,25,0,pageviews_http_403
The Sanguine Fan,0,0.0,125,0,pageviews_http_403
The Scientific Activist,0,0.0,10,0,pageviews_http_403
The Scientific Cardplayer,0,0.0,72,1,pageviews_http_403
The Scientific Monthly,0,0.0,100,4,pageviews_http_403
The Scientific World Journal,0,0.0,70,6,pageviews_http_403
The Sculptress,0,0.0,57,0,pageviews_http_403
The Sea (1933 film),0,0.0,23,2,pageviews_http_403
The Sea (2013 film),0,0.0,46,0,pageviews_http_403
The Sea Wall (film),0,0.0,34,0,pageviews_http_403
The Seamstress (1936 film),0,0.0,104,2,pageviews_http_403
The Search,0,0.0,156,14,pageviews_http_403
The Search (The Office),0,0.0,205,0,pageviews_http_403
The Seasons (Haydn),0,0.0,172,1,pageviews_http_403
The Seasons (poem),0,0.0,46,1,pageviews_http_403
The Second Coming (The Sopranos),0,0.0,283,1,pageviews_http_403
The Second Time Around (1961 film),0,0.0,67,0,pageviews_http_403
The Secret (1974 film),0,0.0,31,1,pageviews_http_403
The Secret (2007 film),0,0.0,127,4,pageviews_http_403
The Secret (Dark Horse Comics),0,0.0,7,0,pageviews_http_403
The Secret Call,0,0.0,31,0,pageviews_http_403
The Secret Diaries of Miss Anne Lister,0,0.0,79,3,pageviews_http_403
The Secret Diaries of Miss Miranda Cheever,0,0.0,22,0,pageviews_http_403
The Secret of The Secret,0,0.0,3,0,pageviews_http_403
The Secrets (film),0,0.0,128,3,pageviews_http_403
The Secrets She Keeps,0,0.0,232,0,pageviews_http_403
The Sentimental Teaser,0,0.0,21,5,pageviews_http_403
The Serf Actress,0,0.0,10,0,pageviews_http_403
The Serpent's Shadow (Riordan novel),0,0.0,84,1,pageviews_http_403
The Servant (band),0,0.0,51,2,pageviews_http_403
The Set Up (Parks and Recreation),0,0.0,145,0,pageviews_http_403
The Set-Up,0,0.0,15,4,pageviews_http_403
The Set-Up (1949 film),0,0.0,121,2,pageviews_http_403
The Seventh Cross (film),0,0.0,124,1,pageviews_http_403
The Shadow (1933 film),0,0.0,51,0,pageviews_http_403
The Shadow in the North,0,0.0,58,1,pageviews_http_403
The Shameless Old Lady,0,0.0,28,1,pageviews_http_403
The Shining (miniseries),0,0.0,588,2,pageviews_http_403
The Shooting Star,0,0.0,159,5,pageviews_http_403
The Shot (TV series),0,0.0,12,1,pageviews_http_403
The Show (1995 film),0,0.0,46,0,pageviews_http_403
The Sidehackers,0,0.0,38,4,pageviews_http_403
The Signal (2007 film),0,0.0,4,0,pageviews_http_403
The Silence (TV series),0,0.0,36,1,pageviews_http_403
The Simpsons opening sequence,0,0.0,1080,25,pageviews_http_403
The Singing,0,0.0,11,1,pageviews_http_403
The Singing Butler,0,0.0,15,0,pageviews_http_403
The Sisters (1914 film),0,0.0,66,0,pageviews_http_403
The Sitter,0,0.0,97,1,pageviews_http_403
The Situation,0,0.0,5,0,pageviews_http_403
The Situation (film),0,0.0,34,0,pageviews_http_403
The Sky Is Everywhere,0,0.0,131,0,pageviews_http_403
The Sleepover Club (TV series),0,0.0,125,6,pageviews_http_403
The Smile (novel),0,0.0,54,1,pageviews_http_403
The Smiths,0,0.0,2414,8,pageviews_http_403
The Smurfs,0,0.0,959,26,pageviews_http_403
The Snowman (2017 film),0,0.0,141,0,pageviews_http_403
The Soldier's Art,0,0.0,37,1,pageviews_http_403
The Soldier's Food,0,0.0,9,0,pageviews_http_403
The Soldier's Lagoon,0,0.0,67,0,pageviews_http_403
The Soldier's Return,0,0.0,11,5,pageviews_http_403
The Son of Man,0,0.0,110,6,pageviews_http_403
The Son of Neptune,0,0.0,188,2,pageviews_http_403
The Song of the Suburbs,0,0.0,55,3,pageviews_http_403
The Sopranos (The Sopranos episode),0,0.0,248,6,pageviews_http_403
The Sorcerer,0,0.0,424,4,pageviews_http_403
The Source,0,0.0,177,2,pageviews_http_403
The Source (retailer),0,0.0,115,13,pageviews_http_403
The South Bank Show,0,0.0,355,4,pageviews_http_403
The Southern Cross (film),0,0.0,11,2,pageviews_http_403
The Space Between,0,0.0,122,4,pageviews_http_403
The Space Between (2010 film),0,0.0,24,0,pageviews_http_403
The Space Between Us (film),0,0.0,115,7,pageviews_http_403
The Spider (1916 film),0,0.0,55,0,pageviews_http_403
The Spider (1931 film),0,0.0,40,0,pageviews_http_403
The Spider (1940 film),0,0.0,177,0,pageviews_http_403
The Spider (1945 film),0,0.0,46,0,pageviews_http_403
The Spine (film),0,0.0,23,0,pageviews_http_403
The Spoilers (1914 film),0,0.0,84,0,pageviews_http_403
The Stag (film),0,0.0,31,1,pageviews_http_403
The Star (1952 film),0,0.0,82,0,pageviews_http_403
The Stars Around Us,0,0.0,13,0,pageviews_http_403
The States (TV series),0,0.0,174,1,pageviews_http_403
The Steve Harvey Show,0,0.0,381,4,pageviews_http_403
The Steve Wilkos Show,0,0.0,172,4,pageviews_http_403
The Stoker (1935 film),0,0.0,17,0,pageviews_http_403
The Stories We Tell Ourselves,0,0.0,31,3,pageviews_http_403
The Storm (2009 film),0,0.0,71,1,pageviews_http_403
The Story Makers,0,0.0,54,4,pageviews_http_403
The Story So Far (band),0,0.0,176,12,pageviews_http_403
The Story of My Life (biography),0,0.0,79,1,pageviews_http_403
The Story of My Life (film),0,0.0,33,2,pageviews_http_403
The Story of an Hour,0,0.0,76,2,pageviews_http_403
The Strange Thing About the Johnsons,0,0.0,37,3,pageviews_http_403
The Stranger (1967 film),0,0.0,75,4,pageviews_http_403
The Stranger (1995 film),0,0.0,34,0,pageviews_http_403
The Stranger (2010 film),0,0.0,32,0,pageviews_http_403
The Street (1976 film),0,0.0,146,0,pageviews_http_403
The Street (story collection),0,0.0,11,0,pageviews_http_403
The Strip (New Zealand TV series),0,0.0,53,1,pageviews_http_403
The Stud (film),0,0.0,107,1,pageviews_http_403
The Stud Farm,0,0.0,15,2,pageviews_http_403
The Substitute (Lost),0,0.0,146,1,pageviews_http_403
The Suburbs,0,0.0,521,18,pageviews_http_403
The Sun Chemist,0,0.0,12,0,pageviews_http_403
The Sun Shines Bright,0,0.0,212,1,pageviews_http_403
The Sun Shines Brighter,0,0.0,17,0,pageviews_http_403
The Super (1991 film),0,0.0,54,0,pageviews_http_403
The Surrey with the Fringe on Top,0,0.0,162,7,pageviews_http_403
The Survival Handbook,0,0.0,18,1,pageviews_http_403
The Survivor (Cain novel),0,0.0,13,0,pageviews_http_403
The Survivor (Herbert novel),0,0.0,25,1,pageviews_http_403
The Survivor (Keneally novel),0,0.0,43,0,pageviews_http_403
The Survivor (Mills novel),0,0.0,7,0,pageviews_http_403
The Suspect (1944 film),0,0.0,103,0,pageviews_http_403
The Suspect (1981 film),0,0.0,23,1,pageviews_http_403
The Suspect (1998 film),0,0.0,46,0,pageviews_http_403
The Swan (1925 film),0,0.0,54,0,pageviews_http_403
The Swan (1956 film),0,0.0,87,0,pageviews_http_403
The Sweeney (2012 film),0,0.0,67,0,pageviews_http_403
The Swiss Family Robinson,0,0.0,237,8,pageviews_http_403
The Sword,0,0.0,250,7,pageviews_http_403
The Sword of Shibito,0,0.0,6,4,pageviews_http_403
The System (1953 film),0,0.0,31,0,pageviews_http_403
The Take (Welsh band),0,0.0,12,0,pageviews_http_403
The Tale of Peter Rabbit,0,0.0,268,4,pageviews_http_403
The Tall Man (2012 film),0,0.0,44,0,pageviews_http_403
The Taming of the Shrew,0,0.0,1820,16,pageviews_http_403
The Tammys,0,0.0,9,1,pageviews_http_403
The Tape,0,0.0,203,2,pageviews_http_403
The Tape (album),0,0.0,9,1,pageviews_http_403
The Tape-beatles,0,0.0,11,2,pageviews_http_403
The Tears (film),0,0.0,7,1,pageviews_http_403
The Teaser,0,0.0,162,1,pageviews_http_403
The Telling,0,0.0,165,0,pageviews_http_403
The Telling (film),0,0.0,22,0,pageviews_http_403
The Temp (film),0,0.0,79,0,pageviews_http_403
The Tender Trap (film),0,0.0,97,1,pageviews_http_403
The Test (1935 film),0,0.0,36,0,pageviews_http_403
The Test (Wright novel),0,0.0,4,0,pageviews_http_403
The Thanksgiving Song,0,0.0,196,0,pageviews_http_403
The The,0,0.0,497,6,pageviews_http_403
The Thief (1952 film),0,0.0,57,0,pageviews_http_403
The Thief and the Cobbler,0,0.0,422,15,pageviews_http_403
The Things We Do for Love (song),0,0.0,140,0,pageviews_http_403
The Third Reich (novel),0,0.0,38,0,pageviews_http_403
The Third Round,0,0.0,3,1,pageviews_http_403
The Third Round (film),0,0.0,94,0,pageviews_http_403
The Third Round (novel),0,0.0,44,0,pageviews_http_403
The Thorn in the Heart,0,0.0,33,4,pageviews_http_403
The Thought Exchange (film),0,0.0,14,2,pageviews_http_403
The Three Masks (1929 film),0,0.0,64,0,pageviews_http_403
The Three Weeks,0,0.0,130,2,pageviews_http_403
The Thunder Rolls,0,0.0,261,1,pageviews_http_403
The Thundermans,0,0.0,724,7,pageviews_http_403
The Tick (2001 TV series),0,0.0,109,4,pageviews_http_403
The Tick (2016 TV series),0,0.0,495,1,pageviews_http_403
The Time Is Right,0,0.0,1,2,pageviews_http_403
The Time Traveler's Wife,0,0.0,246,17,pageviews_http_403
The Times,0,0.0,51148,41,pageviews_http_403
The Tin Drum (film),0,0.0,953,0,pageviews_http_403
The Top of the World (film),0,0.0,107,0,pageviews_http_403
The Torch (novel),0,0.0,9,0,pageviews_http_403
The Tough,0,0.0,86,3,pageviews_http_403
The Toy (1976 film),0,0.0,48,1,pageviews_http_403
The Toy (1982 film),0,0.0,99,0,pageviews_http_403
The Tragically Hip,0,0.0,932,10,pageviews_http_403
The Trail of the Lonesome Pine,0,0.0,20,5,pageviews_http_403
The Trail of the Lonesome Pine (1936 film),0,0.0,214,0,pageviews_http_403
The Train (1970 film),0,0.0,39,1,pageviews_http_403
The Train (short story),0,0.0,47,0,pageviews_http_403
The Trap (1913 film),0,0.0,11,0,pageviews_http_403
The Trap (1919 film),0,0.0,14,1,pageviews_http_403
The Trap (1922 film),0,0.0,112,1,pageviews_http_403
The Trap (1946 film),0,0.0,179,1,pageviews_http_403
The Trap (1966 film),0,0.0,60,0,pageviews_http_403
The Traveler (novel),0,0.0,16,0,pageviews_http_403
The Treatment,0,0.0,8,3,pageviews_http_403
The Treatment (2006 film),0,0.0,31,1,pageviews_http_403
The Treatment (novel),0,0.0,8,0,pageviews_http_403
The Tree (1969 film),0,0.0,10,0,pageviews_http_403
The Tree (1993 film),0,0.0,7,0,pageviews_http_403
The Tree (book),0,0.0,18,0,pageviews_http_403
"The Tree of Life, Stoclet Frieze",0,0.0,50,3,pageviews_http_403
The Trial (1993 film),0,0.0,148,0,pageviews_http_403
The Tribe (1999 TV series),0,0.0,162,4,pageviews_http_403
The Tribute Money (Masaccio),0,0.0,74,0,pageviews_http_403
The True Law of Free Monarchies,0,0.0,25,8,pageviews_http_403
The Trust (1915 film),0,0.0,19,0,pageviews_http_403
The Truth (1998 film),0,0.0,121,1,pageviews_http_403
The Turning Point (1945 film),0,0.0,127,2,pageviews_http_403
The Turning Point (1952 film),0,0.0,122,0,pageviews_http_403
The Twin Dilemma (novel),0,0.0,149,2,pageviews_http_403
The Twist (1976 film),0,0.0,85,1,pageviews_http_403
The Two Pots,0,0.0,127,0,pageviews_http_403
The Unbelievable Truth (film),0,0.0,58,0,pageviews_http_403
The Unforgiving,0,0.0,87,2,pageviews_http_403
The Unguarded Moment (film),0,0.0,60,0,pageviews_http_403
The Universe Around Us,0,0.0,6,0,pageviews_http_403
The Unknown (1927 film),0,0.0,127,1,pageviews_http_403
The Unknown (1946 film),0,0.0,78,1,pageviews_http_403
The Unknown (1963 anthology),0,0.0,10,0,pageviews_http_403
The Unknown Warrior,0,0.0,188,2,pageviews_http_403
The Unlovables,0,0.0,21,1,pageviews_http_403
The Valley (1976 film),0,0.0,40,0,pageviews_http_403
The Valley (2014 film),0,0.0,10,0,pageviews_http_403
The Valley (novel),0,0.0,12,0,pageviews_http_403
The Valley Film Festival,0,0.0,17,1,pageviews_http_403
The Vamp,0,0.0,24,0,pageviews_http_403
The Verdict,0,0.0,317,2,pageviews_http_403
The Verdict (1946 film),0,0.0,86,0,pageviews_http_403
The Very Best Of,0,0.0,6,4,pageviews_http_403
The Very Best of The Smiths,0,0.0,72,1,pageviews_http_403
The Very Hungry Caterpillar,0,0.0,163,6,pageviews_http_403
The Very Things,0,0.0,14,2,pageviews_http_403
The Victim (1916 film),0,0.0,14,0,pageviews_http_403
The Victim (2011 film),0,0.0,24,2,pageviews_http_403
The Victoria Cross (film),0,0.0,20,0,pageviews_http_403
The Vigilantes,0,0.0,11,0,pageviews_http_403
The Vigilantes Return,0,0.0,28,0,pageviews_http_403
The Village (short story),0,0.0,6,0,pageviews_http_403
The Village Teacher (short story),0,0.0,42,0,pageviews_http_403
The Vineyard,0,0.0,11,2,pageviews_http_403
The Vineyard (film),0,0.0,65,0,pageviews_http_403
The Vision (film),0,0.0,16,3,pageviews_http_403
The Visitors (1972 film),0,0.0,45,0,pageviews_http_403
The Visitors (1988 film),0,0.0,5,1,pageviews_http_403
The Voice,0,0.0,202,11,pageviews_http_403
The Voice (poem),0,0.0,4,1,pageviews_http_403
The Voices,0,0.0,70,1,pageviews_http_403
The Void (2001 film),0,0.0,12,0,pageviews_http_403
The Vows,0,0.0,16,1,pageviews_http_403
The Vows of Silence,0,0.0,34,0,pageviews_http_403
The Vows of the Heron,0,0.0,5,1,pageviews_http_403
The WELL,0,0.0,266,4,pageviews_http_403
The Wall (1962 film),0,0.0,96,0,pageviews_http_403
The Wall (1967 film),0,0.0,20,0,pageviews_http_403
The Wall (2011 film),0,0.0,14,4,pageviews_http_403
The Wall (Australian game show),0,0.0,17,0,pageviews_http_403
The Waltons,0,0.0,1053,9,pageviews_http_403
The Warrior (song),0,0.0,57,0,pageviews_http_403
The Warriors,0,0.0,68,4,pageviews_http_403
The Warriors of Spider,0,0.0,7,0,pageviews_http_403
The Wasp Factory,0,0.0,157,1,pageviews_http_403
The Water Margin (film),0,0.0,115,5,pageviews_http_403
The Wave (1981 film),0,0.0,106,1,pageviews_http_403
The Way It Came,0,0.0,8,1,pageviews_http_403
The Way It Is,0,0.0,34,5,pageviews_http_403
"The Way It Was, The Way It Is",0,0.0,23,1,pageviews_http_403
The Way West,0,0.0,226,2,pageviews_http_403
The Way West (film),0,0.0,113,0,pageviews_http_403
The Weakest Link (British game show),0,0.0,355,18,pageviews_http_403
The Weakest Link (Irish game show),0,0.0,27,2,pageviews_http_403
The Wedding (1972 film),0,0.0,76,0,pageviews_http_403
The Wedding (2000 film),0,0.0,35,2,pageviews_http_403
The Wedding (2004 film),0,0.0,63,0,pageviews_http_403
The Wedding (The Wedding album),0,0.0,7,0,pageviews_http_403
The Wedding Director,0,0.0,52,2,pageviews_http_403
The Wedding Plan,0,0.0,103,0,pageviews_http_403
The Wedding!,0,0.0,160,4,pageviews_http_403
The Weight (The Sopranos),0,0.0,137,2,pageviews_http_403
The Well (1951 film),0,0.0,62,0,pageviews_http_403
The Well (Agents of S.H.I.E.L.D.),0,0.0,135,0,pageviews_http_403
The Well (novel),0,0.0,89,0,pageviews_http_403
The Whiskey Ain't Workin',0,0.0,88,0,pageviews_http_403
The White Cliffs of Dover (film),0,0.0,147,1,pageviews_http_403
The White Man's Burden,0,0.0,525,14,pageviews_http_403
The White Suit,0,0.0,18,1,pageviews_http_403
The Wicked (1991 film),0,0.0,60,1,pageviews_http_403
The Wicked (2013 film),0,0.0,17,1,pageviews_http_403
The Wicked Witch of Oz,0,0.0,253,1,pageviews_http_403
The Wife (1995 film),0,0.0,10,0,pageviews_http_403
The Wife of Bath's Tale,0,0.0,250,39,pageviews_http_403
The Wild (novel),0,0.0,19,0,pageviews_http_403
The Wild Boys (novel),0,0.0,88,1,pageviews_http_403
The Wild One (roller coaster),0,0.0,71,2,pageviews_http_403
The Wind in the Willows,0,0.0,649,14,pageviews_http_403
The Wind in the Willows (1983 film),0,0.0,70,0,pageviews_http_403
The Wind in the Willows (band),0,0.0,45,0,pageviews_http_403
The Wire (The Wire episode),0,0.0,86,1,pageviews_http_403
The Wishing Tree (Faulkner book),0,0.0,64,1,pageviews_http_403
The Witches (novel),0,0.0,245,2,pageviews_http_403
The Witches of Eastwick (film),0,0.0,405,0,pageviews_http_403
The Witches' Market,0,0.0,9,0,pageviews_http_403
The Wizard in Wonderland,0,0.0,8,0,pageviews_http_403
The Wolf (1916 film),0,0.0,10,0,pageviews_http_403
The Woman in Red (novel),0,0.0,8,0,pageviews_http_403
The Woman-Identified Woman,0,0.0,156,5,pageviews_http_403
The Wonderland,0,0.0,181,1,pageviews_http_403
The Woods (2006 film),0,0.0,45,0,pageviews_http_403
The Woods (2011 film),0,0.0,16,1,pageviews_http_403
The Woolgatherer,0,0.0,9,1,pageviews_http_403
The Work,0,0.0,4,3,pageviews_http_403
The World Around Us,0,0.0,18,1,pageviews_http_403
The World of Man,0,0.0,7,0,pageviews_http_403
The Worst Years of Our Lives,0,0.0,30,1,pageviews_http_403
The Wrecker (1929 film),0,0.0,202,1,pageviews_http_403
The Wrecker (1933 film),0,0.0,127,0,pageviews_http_403
The Wrecking Crew (2000 film),0,0.0,52,1,pageviews_http_403
The Wrestling,0,0.0,18,1,pageviews_http_403
The Wrestling Channel,0,0.0,71,4,pageviews_http_403
The Yards,0,0.0,109,0,pageviews_http_403
The Yellow Wallpaper,0,0.0,185,6,pageviews_http_403
The Yoko Factor,0,0.0,149,2,pageviews_http_403
The Young Guard (novel),0,0.0,20,0,pageviews_http_403
The Young Ones (1961 film),0,0.0,116,1,pageviews_http_403
The Zoo (New Zealand TV series),0,0.0,15,0,pageviews_http_403
The gospel,0,0.0,969,10,pageviews_http_403
The missing 54,0,0.0,10,0,pageviews_http_403
The pen is mightier than the sword,0,0.0,105,7,pageviews_http_403
The war to end war,0,0.0,99,10,pageviews_http_403
Theakston,0,0.0,7,2,pageviews_http_403
Theatre director,0,0.0,2976,8,pageviews_http_403
Thebaid (Latin poem),0,0.0,301,0,pageviews_http_403
Theme from S.W.A.T.,0,0.0,58,5,pageviews_http_403
Theme from Shaft,0,0.0,515,8,pageviews_http_403
Theobald Butler,0,0.0,5,2,pageviews_http_403
Theobald Butler Barrett,0,0.0,11,0,pageviews_http_403
"Theobald Butler, 1st Viscount Butler of Tulleophelim",0,0.0,19,0,pageviews_http_403
"Theobald II, Count of Champagne",0,0.0,162,8,pageviews_http_403
"Theobald III, Count of Champagne",0,0.0,82,4,pageviews_http_403
"Theobald, Count of Champagne",0,0.0,2,2,pageviews_http_403
Theodora (1921 film),0,0.0,20,1,pageviews_http_403
Theodore Huckle,0,0.0,18,1,pageviews_http_403
Therapy (Fitzek novel),0,0.0,6,0,pageviews_http_403
Therapy (Lodge novel),0,0.0,33,0,pageviews_http_403
There But For The,0,0.0,27,0,pageviews_http_403
There Goes My Baby,0,0.0,12,2,pageviews_http_403
There Goes My Baby (Charlie Wilson song),0,0.0,36,0,pageviews_http_403
There Goes My Baby (Usher song),0,0.0,175,0,pageviews_http_403
There Is No 13,0,0.0,26,1,pageviews_http_403
There Is No Arizona,0,0.0,33,1,pageviews_http_403
There Is a Time,0,0.0,69,1,pageviews_http_403
There Will Be Blood,0,0.0,816,9,pageviews_http_403
There Will Be Time (song),0,0.0,43,0,pageviews_http_403
There but for Fortune,0,0.0,4,3,pageviews_http_403
There but for Fortune (album),0,0.0,58,0,pageviews_http_403
There but for Fortune (song),0,0.0,165,6,pageviews_http_403
There is no alternative,0,0.0,72,1,pageviews_http_403
There's No One Quite Like Grandma,0,0.0,62,1,pageviews_http_403
There's No Place I'd Rather Be,0,0.0,10,1,pageviews_http_403
There's No Smoke Without Fire,0,0.0,127,3,pageviews_http_403
Therefore Repent!,0,0.0,20,0,pageviews_http_403
Therefore sign,0,0.0,149,9,pageviews_http_403
Therese,0,0.0,41,3,pageviews_http_403
Therese Brandl,0,0.0,20,0,pageviews_http_403
Therese Huber,0,0.0,74,0,pageviews_http_403
Thermal cycler,0,0.0,77,6,pageviews_http_403
Thermal death time,0,0.0,35,1,pageviews_http_403
Thermal equilibrium,0,0.0,424,2,pageviews_http_403
Thermal time,0,0.0,0,0,pageviews_http_403
These Green Mountains,0,0.0,158,1,pageviews_http_403
They (2002 film),0,0.0,64,0,pageviews_http_403
They Call Us Misfits,0,0.0,19,1,pageviews_http_403
They Call Us Monsters,0,0.0,7,0,pageviews_http_403
They Call Us Warriors,0,0.0,101,0,pageviews_http_403
They Gave Him a Gun,0,0.0,132,0,pageviews_http_403
Thicker than Water,0,0.0,13,6,pageviews_http_403
Thicker than Water (1935 film),0,0.0,169,0,pageviews_http_403
Thicker than Water (1993 film),0,0.0,34,2,pageviews_http_403
Thicker than Water (1999 film),0,0.0,29,1,pageviews_http_403
Thicker than Water (2000 film),0,0.0,72,3,pageviews_http_403
Thin-film interference,0,0.0,98,4,pageviews_http_403
Things Ain't What They Used to Be,0,0.0,100,1,pageviews_http_403
Things Are Great,0,0.0,30,1,pageviews_http_403
Things Are Swingin',0,0.0,97,0,pageviews_http_403
Things Aren't Simple Any More,0,0.0,49,1,pageviews_http_403
Things Could Be Worse,0,0.0,10,2,pageviews_http_403
Things That Are,0,0.0,12,0,pageviews_http_403
Things That Are (song),0,0.0,44,0,pageviews_http_403
Things We Do for Love,0,0.0,8,6,pageviews_http_403
Things We Do for Love (Kylie Minogue song),0,0.0,128,0,pageviews_http_403
Things We Do for Love (play),0,0.0,87,1,pageviews_http_403
Think Like a Man,0,0.0,171,2,pageviews_http_403
Think Like a Man Too,0,0.0,117,2,pageviews_http_403
Thinkalaazhcha Nalla Divasam,0,0.0,136,1,pageviews_http_403
Thinking man's/woman's crumpet,0,0.0,10,0,pageviews_http_403
Thinking of You (Katy Perry song),0,0.0,169,3,pageviews_http_403
Third Anglo-Afghan War,0,0.0,1956,17,pageviews_http_403
Third Epistle of John,0,0.0,844,15,pageviews_http_403
Third Mainland Bridge,0,0.0,160,1,pageviews_http_403
Thirteen Steps Down (novel),0,0.0,81,0,pageviews_http_403
This Addiction,0,0.0,61,1,pageviews_http_403
This Ain't No Love Song,0,0.0,58,0,pageviews_http_403
This Ain't No Mixtape,0,0.0,35,1,pageviews_http_403
This Fragile Moment,0,0.0,40,0,pageviews_http_403
This Green Hell,0,0.0,19,0,pageviews_http_403
This Is Good,0,0.0,13,1,pageviews_http_403
This Is Hope,0,0.0,5,4,pageviews_http_403
This Is My Country,0,0.0,26,1,pageviews_http_403
This Is My Country (disambiguation),0,0.0,4,1,pageviews_http_403
This Is My Country (film),0,0.0,176,4,pageviews_http_403
This Is Not,0,0.0,34,0,pageviews_http_403
This Is Not America,0,0.0,246,1,pageviews_http_403
This Is Not Art,0,0.0,26,2,pageviews_http_403
This Is the Day...This Is the Hour...This Is This!,0,0.0,42,1,pageviews_http_403
This Is the Sea,0,0.0,114,1,pageviews_http_403
This Is the Sea (film),0,0.0,65,0,pageviews_http_403
This Isn't Love,0,0.0,33,0,pageviews_http_403
This Man in Paris,0,0.0,57,1,pageviews_http_403
This Moment,0,0.0,10,3,pageviews_http_403
This Time I'm Free,0,0.0,32,1,pageviews_http_403
This Time I'm Swingin'!,0,0.0,179,1,pageviews_http_403
This Time I'm in It for Love,0,0.0,13,0,pageviews_http_403
Tholi Muddu,0,0.0,27,1,pageviews_http_403
Tholi Valapu,0,0.0,59,1,pageviews_http_403
Thom,0,0.0,40,1,pageviews_http_403
Thom Beers,0,0.0,74,0,pageviews_http_403
Thom Pace,0,0.0,12,1,pageviews_http_403
Thomas (Jarvis novel),0,0.0,17,0,pageviews_http_403
Thomas Clement Fletcher,0,0.0,115,1,pageviews_http_403
Thomas D. Schall,0,0.0,362,2,pageviews_http_403
Thomas Ewing,0,0.0,442,2,pageviews_http_403
Thomas Forrester,0,0.0,95,1,pageviews_http_403
Thomas Hull (actor),0,0.0,41,0,pageviews_http_403
Thomas Jefferson,0,0.0,11447,42,pageviews_http_403
Thomas Jefferson (film),0,0.0,276,1,pageviews_http_403
Thomas Keith (film director),0,0.0,8,1,pageviews_http_403
Thomas Morris,0,0.0,27,2,pageviews_http_403
Thomas Morris (musician),0,0.0,27,0,pageviews_http_403
"Thomas Nelson, 2nd Earl Nelson",0,0.0,28,0,pageviews_http_403
Thomas O'Brien,0,0.0,41,12,pageviews_http_403
Thomas Park Clement,0,0.0,2,0,pageviews_http_403
Thomas R. Whitney,0,0.0,32,1,pageviews_http_403
Thomas Seaton,0,0.0,10,1,pageviews_http_403
Thomas Seaton Forman,0,0.0,8,0,pageviews_http_403
Thomas Seaton Scott,0,0.0,34,1,pageviews_http_403
Thomas Smith,0,0.0,96,17,pageviews_http_403
Thomas Whitney,0,0.0,3,2,pageviews_http_403
Thorn in the flesh,0,0.0,36,2,pageviews_http_403
Thorup,0,0.0,9,1,pageviews_http_403
Those Happy Days (2006 film),0,0.0,36,2,pageviews_http_403
Those We Love,0,0.0,92,0,pageviews_http_403
Those We Love (radio series),0,0.0,79,1,pageviews_http_403
Those Who Love,0,0.0,3,2,pageviews_http_403
Those Who Love (1926 film),0,0.0,28,1,pageviews_http_403
Those Who Love (1929 film),0,0.0,35,0,pageviews_http_403
Thought,0,0.0,1815,19,pageviews_http_403
Thought experiment,0,0.0,1359,16,pageviews_http_403
Thousands Cheer,0,0.0,253,0,pageviews_http_403
Threads (1984 film),0,0.0,174,1,pageviews_http_403
Threat,0,0.0,471,10,pageviews_http_403
Threat Level Midnight,0,0.0,240,0,pageviews_http_403
Three (2010 film),0,0.0,88,1,pageviews_http_403
Three Came Home,0,0.0,122,0,pageviews_http_403
Three Light Years,0,0.0,135,0,pageviews_http_403
Three Modern Women,0,0.0,22,0,pageviews_http_403
Three Seconds,0,0.0,9,2,pageviews_http_403
Three Sisters (play),0,0.0,1062,10,pageviews_http_403
Three Strong Women,0,0.0,12,2,pageviews_http_403
Three Weeks,0,0.0,6,2,pageviews_http_403
Three Weeks (book),0,0.0,19,0,pageviews_http_403
Three Women,0,0.0,9,2,pageviews_http_403
Three Words (The X-Files),0,0.0,69,0,pageviews_http_403
Three of a Kind (The X-Files),0,0.0,69,1,pageviews_http_403
Three seconds rule,0,0.0,173,6,pageviews_http_403
Through the Dark,0,0.0,2,3,pageviews_http_403
Through the Dark (1924 film),0,0.0,41,0,pageviews_http_403
Through the Dark (2016 film),0,0.0,4,1,pageviews_http_403
Through the Forest (film),0,0.0,18,3,pageviews_http_403
Throw (grappling),0,0.0,697,12,pageviews_http_403
Thunder Bay,0,0.0,2970,16,pageviews_http_403
Thunder in My Heart (song),0,0.0,72,2,pageviews_http_403
Thursday (film),0,0.0,32,2,pageviews_http_403
Thy Name Is Woman,0,0.0,66,1,pageviews_http_403
Thy name is,0,0.0,169,2,pageviews_http_403
Thyrgis lacryma,0,0.0,1,0,pageviews_http_403
Théâtre de Dix-Heures,0,0.0,5,2,pageviews_http_403
TiVo,0,0.0,1375,7,pageviews_http_403
Tibetan Plateau,0,0.0,1862,26,pageviews_http_403
Tibiofibular joint,0,0.0,9,7,pageviews_http_403
Tibiofibular ligament,0,0.0,2,3,pageviews_http_403
Ticker symbol,0,0.0,12941,10,pageviews_http_403
Tickets (film),0,0.0,130,0,pageviews_http_403
"Tickets, Please!",0,0.0,17,2,pageviews_http_403
Tie (cavity wall),0,0.0,18,1,pageviews_http_403
Tiffany,0,0.0,137,6,pageviews_http_403
Tiffany Coyne,0,0.0,129,0,pageviews_http_403
Tiga guérisseur,0,0.0,10,1,pageviews_http_403
Tiger Fafara,0,0.0,26,0,pageviews_http_403
Tiger Schulmann,0,0.0,32,2,pageviews_http_403
Tiger Woods (book),0,0.0,7,0,pageviews_http_403
Tiger bread,0,0.0,29,7,pageviews_http_403
Tiger reserves of India,0,0.0,478,6,pageviews_http_403
Tiger reserves of Maharashtra,0,0.0,59,1,pageviews_http_403
Tigers Tübingen,0,0.0,172,6,pageviews_http_403
Tight (Mindless Self Indulgence album),0,0.0,22,2,pageviews_http_403
Tikkanen,0,0.0,8,1,pageviews_http_403
Til You're Home,0,0.0,24,1,pageviews_http_403
Till Death Us Do Part,0,0.0,297,4,pageviews_http_403
Till We Have Faces,0,0.0,167,5,pageviews_http_403
Tillakaratne Sampath,0,0.0,44,2,pageviews_http_403
Tilson,0,0.0,4,1,pageviews_http_403
Tilt (American band),0,0.0,47,0,pageviews_http_403
Tilt (British band),0,0.0,53,5,pageviews_http_403
Tim (footballer),0,0.0,797,2,pageviews_http_403
Tim Alexander,0,0.0,21,2,pageviews_http_403
Tim Alexander (disambiguation),0,0.0,2,0,pageviews_http_403
Tim Alexander (footballer),0,0.0,9,0,pageviews_http_403
Tim Hoogland,0,0.0,71,1,pageviews_http_403
"Timber, I'm Falling in Love",0,0.0,78,2,pageviews_http_403
Time (2007 film),0,0.0,78,0,pageviews_http_403
Time (musical),0,0.0,43,0,pageviews_http_403
Time (xkcd),0,0.0,74,3,pageviews_http_403
Time After Time,0,0.0,50,17,pageviews_http_403
Time After Time (Alexander novel),0,0.0,154,3,pageviews_http_403
Time After Time (Appel novel),0,0.0,7,2,pageviews_http_403
Time After Time (The Wire),0,0.0,95,3,pageviews_http_403
Time Enough,0,0.0,6,0,pageviews_http_403
Time Out (2001 film),0,0.0,64,3,pageviews_http_403
Time Piece,0,0.0,133,0,pageviews_http_403
Time book,0,0.0,10,1,pageviews_http_403
Time to Come,0,0.0,66,0,pageviews_http_403
Time to Love,0,0.0,17,8,pageviews_http_403
Time to Love (1927 film),0,0.0,83,0,pageviews_http_403
Time to Love (1965 film),0,0.0,20,0,pageviews_http_403
Timeline for the day of the September 11 attacks,0,0.0,361,8,pageviews_http_403
Times Higher Education,0,0.0,2144,21,pageviews_http_403
Times Mirror Company,0,0.0,244,6,pageviews_http_403
Times Mirror Square,0,0.0,246,1,pageviews_http_403
Timestorm 2009–2099,0,0.0,30,3,pageviews_http_403
Timmer,0,0.0,64,1,pageviews_http_403
Timon and Pumbaa,0,0.0,405,16,pageviews_http_403
Tin Bigha Corridor,0,0.0,47,3,pageviews_http_403
Tin soldier,0,0.0,63,4,pageviews_http_403
Tina,0,0.0,47,7,pageviews_http_403
Tina Cole,0,0.0,42,0,pageviews_http_403
Tina!,0,0.0,121,2,pageviews_http_403
Tinker,0,0.0,318,3,pageviews_http_403
Tiny (Once Upon a Time),0,0.0,227,0,pageviews_http_403
Tipping point,0,0.0,102,10,pageviews_http_403
Tipping point (sociology),0,0.0,102,0,pageviews_http_403
Titan (moon),0,0.0,2088,17,pageviews_http_403
Titanic,0,0.0,4689,29,pageviews_http_403
Titanic 2020,0,0.0,43,0,pageviews_http_403
To All the Boys I've Loved Before,0,0.0,44,0,pageviews_http_403
To All the Boys I've Loved Before (film),0,0.0,222,0,pageviews_http_403
To Be or Not to Be (1983 film),0,0.0,305,3,pageviews_http_403
To Die For,0,0.0,195,2,pageviews_http_403
To Die For (1994 film),0,0.0,19,0,pageviews_http_403
To Joy (film),0,0.0,117,3,pageviews_http_403
To Love Ophelia,0,0.0,14,2,pageviews_http_403
To Say Goodbye,0,0.0,16,0,pageviews_http_403
To Spring,0,0.0,23,0,pageviews_http_403
To You I Belong,0,0.0,43,0,pageviews_http_403
To my peoples,0,0.0,656,2,pageviews_http_403
To the West,0,0.0,2,1,pageviews_http_403
Tobacco Road (play),0,0.0,69,0,pageviews_http_403
Tobias,0,0.0,127,6,pageviews_http_403
Tobias (surname),0,0.0,5,0,pageviews_http_403
Tobias Hume,0,0.0,55,0,pageviews_http_403
Tobias Lindholm,0,0.0,139,0,pageviews_http_403
Tobias Mealey,0,0.0,11,1,pageviews_http_403
Toby Barrett,0,0.0,57,0,pageviews_http_403
Toby Stephens,0,0.0,302,3,pageviews_http_403
Tod und Teufel,0,0.0,5,0,pageviews_http_403
Todd,0,0.0,35,2,pageviews_http_403
Todd Demsey,0,0.0,30,0,pageviews_http_403
Todd Sieben,0,0.0,17,0,pageviews_http_403
Todd Verow,0,0.0,36,0,pageviews_http_403
Together (2000 film),0,0.0,67,1,pageviews_http_403
Together Together,0,0.0,39,1,pageviews_http_403
Toilet paper,0,0.0,988,32,pageviews_http_403
Tokhtamysh,0,0.0,262,5,pageviews_http_403
Tokhtamysh–Timur war,0,0.0,125,6,pageviews_http_403
Toki o Kakeru Shōjo (1994 TV series),0,0.0,21,1,pageviews_http_403
Toki o Kakeru Shōjo (1997 film),0,0.0,27,1,pageviews_http_403
Toki o Tomete,0,0.0,75,1,pageviews_http_403
Tokoha Gakuen Junior College,0,0.0,7,0,pageviews_http_403
Tokyo,0,0.0,47368,75,pageviews_http_403
Tokyo (novel),0,0.0,39,3,pageviews_http_403
Tokyo Bay (novel),0,0.0,5,0,pageviews_http_403
Tokyo I'm on My Way,0,0.0,5,0,pageviews_http_403
Tokyo Tokyo,0,0.0,91,0,pageviews_http_403
Tokyo Ueno Station (novel),0,0.0,7,1,pageviews_http_403
Tolerance,0,0.0,190,5,pageviews_http_403
Tolis,0,0.0,4,0,pageviews_http_403
Tolis Voskopoulos,0,0.0,75,0,pageviews_http_403
Tom Amberry,0,0.0,12,2,pageviews_http_403
Tom Kenny,0,0.0,1126,10,pageviews_http_403
Tom Scavo,0,0.0,84,1,pageviews_http_403
Tom Tom Blues,0,0.0,20,0,pageviews_http_403
Tom Tom Magazine,0,0.0,42,0,pageviews_http_403
Tom and Jerry,0,0.0,2700,20,pageviews_http_403
Tom tom,0,0.0,13,3,pageviews_http_403
Tomato,0,0.0,4779,44,pageviews_http_403
Tomato (musician),0,0.0,16,6,pageviews_http_403
Tomb of Balban,0,0.0,67,1,pageviews_http_403
Tommy,0,0.0,261,7,pageviews_http_403
Tommy Battle,0,0.0,34,0,pageviews_http_403
Tommy Boy,0,0.0,234,2,pageviews_http_403
Tommy Ord,0,0.0,87,0,pageviews_http_403
Tomorrow (2001 film),0,0.0,39,1,pageviews_http_403
Tomorrow Is Yesterday,0,0.0,146,4,pageviews_http_403
Tomorrow Tomorrow,0,0.0,2,3,pageviews_http_403
Tomorrow and Tomorrow (film),0,0.0,67,0,pageviews_http_403
"Tomorrow, in a Year",0,0.0,35,2,pageviews_http_403
Tompall &amp; the Glaser Brothers,0,0.0,0,0,pageviews_http_403
Tompall Glaser,0,0.0,220,0,pageviews_http_403
Toms,0,0.0,23,6,pageviews_http_403
Toms River,0,0.0,100,5,pageviews_http_403
Toner,0,0.0,59,1,pageviews_http_403
Tonight the Heartache's on Me,0,0.0,67,0,pageviews_http_403
Tony Bircumshaw,0,0.0,7,0,pageviews_http_403
Tony Gordon,0,0.0,299,1,pageviews_http_403
Tony McCoy,0,0.0,718,8,pageviews_http_403
Tony Oursler,0,0.0,174,0,pageviews_http_403
Tony Shields,0,0.0,10,0,pageviews_http_403
Tony Wagstaff,0,0.0,14,0,pageviews_http_403
Too Late,0,0.0,9,3,pageviews_http_403
Too Late (1996 film),0,0.0,29,2,pageviews_http_403
Too Late (2000 film),0,0.0,54,1,pageviews_http_403
Too Late Now,0,0.0,21,0,pageviews_http_403
Too Late Too Late,0,0.0,22,1,pageviews_http_403
Too Late to Turn Back Now,0,0.0,3,1,pageviews_http_403
Too Late to Turn Back Now (album),0,0.0,28,0,pageviews_http_403
Too Late to Turn Back Now (song),0,0.0,27,0,pageviews_http_403
Too Many,0,0.0,1,1,pageviews_http_403
Too Many Fish in the Sea,0,0.0,58,0,pageviews_http_403
Too Many Parties and Too Many Pals,0,0.0,10,0,pageviews_http_403
Too Many People,0,0.0,143,0,pageviews_http_403
Too Much (Little) Love,0,0.0,24,4,pageviews_http_403
"Too Much, Too Little, Too Late",0,0.0,300,1,pageviews_http_403
Too Young (Adventure Time),0,0.0,134,3,pageviews_http_403
Took,0,0.0,19,1,pageviews_http_403
Took (The Wire),0,0.0,78,1,pageviews_http_403
Tooms,0,0.0,93,2,pageviews_http_403
Toon Brusselers,0,0.0,17,0,pageviews_http_403
Toot It and Boot It,0,0.0,162,1,pageviews_http_403
Toothpick,0,0.0,155,12,pageviews_http_403
Toovey,0,0.0,1,0,pageviews_http_403
Top Chef,0,0.0,896,4,pageviews_http_403
Top Chef Canada,0,0.0,205,0,pageviews_http_403
Top Model,0,0.0,382,8,pageviews_http_403
Top Model India,0,0.0,158,2,pageviews_http_403
Top Secret Drum Corps,0,0.0,23,0,pageviews_http_403
Top Secret!,0,0.0,194,3,pageviews_http_403
Top of the World (1955 film),0,0.0,51,0,pageviews_http_403
Top of the World (1997 film),0,0.0,73,1,pageviews_http_403
Torch,0,0.0,585,4,pageviews_http_403
Torch (novel),0,0.0,5,1,pageviews_http_403
Tornadoes in the United States,0,0.0,186,1,pageviews_http_403
Toronto Marlies,0,0.0,1489,2,pageviews_http_403
"Torquay, Victoria",0,0.0,361,5,pageviews_http_403
Tortug' Air,0,0.0,11,2,pageviews_http_403
Toshihiko Seki,0,0.0,317,1,pageviews_http_403
Total Control (novel),0,0.0,45,0,pageviews_http_403
Totskoye,0,0.0,50,1,pageviews_http_403
Totskoye air base,0,0.0,8,2,pageviews_http_403
Totskoye nuclear exercise,0,0.0,108,2,pageviews_http_403
Touching the Void (film),0,0.0,169,0,pageviews_http_403
Tough,0,0.0,29,4,pageviews_http_403
Tough Guy (film),0,0.0,58,0,pageviews_http_403
"Tough, Tough Toys for Tough, Tough Boys",0,0.0,40,1,pageviews_http_403
Tour d'Egypte,0,0.0,78,1,pageviews_http_403
Touring,0,0.0,14,1,pageviews_http_403
Touring Band 2000,0,0.0,184,0,pageviews_http_403
Tourism in Iceland,0,0.0,250,3,pageviews_http_403
Tourism in Mexico,0,0.0,577,4,pageviews_http_403
Tourism in Paris,0,0.0,366,1,pageviews_http_403
Tours,0,0.0,3176,10,pageviews_http_403
Toute la Lyre,0,0.0,67,0,pageviews_http_403
Tovar,0,0.0,11,1,pageviews_http_403
Tovar (surname),0,0.0,12,0,pageviews_http_403
Tower,0,0.0,2104,3,pageviews_http_403
Tower Homestead and Masonic Temple,0,0.0,11,0,pageviews_http_403
Tower blocks in Great Britain,0,0.0,104,0,pageviews_http_403
"Town Hall, Kaunas",0,0.0,32,4,pageviews_http_403
Townley,0,0.0,9,0,pageviews_http_403
Townley Caryatid,0,0.0,255,0,pageviews_http_403
Tra La La La La,0,0.0,134,1,pageviews_http_403
Trace Adkins,0,0.0,978,5,pageviews_http_403
TrackMania Turbo (2016 video game),0,0.0,31,1,pageviews_http_403
Tracking,0,0.0,83,3,pageviews_http_403
Tracking number,0,0.0,30,5,pageviews_http_403
Trade (film),0,0.0,112,1,pageviews_http_403
Traffic (2011 film),0,0.0,146,2,pageviews_http_403
Tragic Hunt,0,0.0,45,2,pageviews_http_403
Tragic Kingdom,0,0.0,423,7,pageviews_http_403
Trail of the Vigilantes,0,0.0,186,0,pageviews_http_403
Train Tracks (EP),0,0.0,14,0,pageviews_http_403
Train horn,0,0.0,100,5,pageviews_http_403
Training Day (The Office),0,0.0,223,1,pageviews_http_403
Trains of Winnipeg,0,0.0,15,2,pageviews_http_403
Traje de flamenca,0,0.0,210,1,pageviews_http_403
Traje de luces,0,0.0,99,2,pageviews_http_403
Transcension,0,0.0,5,1,pageviews_http_403
Transcension (novel),0,0.0,8,1,pageviews_http_403
Transformer,0,0.0,2818,50,pageviews_http_403
Transformer types,0,0.0,184,12,pageviews_http_403
Transformers (film),0,0.0,1407,9,pageviews_http_403
Transit (2006 film),0,0.0,11,0,pageviews_http_403
Transit Film,0,0.0,9,1,pageviews_http_403
Transport in Chennai,0,0.0,1142,9,pageviews_http_403
Transport in Gibraltar,0,0.0,524,7,pageviews_http_403
Transport in Pakistan,0,0.0,1941,14,pageviews_http_403
Trauma,0,0.0,320,13,pageviews_http_403
Trauma (novel),0,0.0,11,0,pageviews_http_403
Travel visa,0,0.0,3531,57,pageviews_http_403
Travelers (The X-Files),0,0.0,75,1,pageviews_http_403
Travels (book),0,0.0,78,0,pageviews_http_403
Travels in the Congo (book),0,0.0,14,1,pageviews_http_403
Travels with My Cello (book),0,0.0,5,1,pageviews_http_403
Travers,0,0.0,11,1,pageviews_http_403
Travis Demsey,0,0.0,53,2,pageviews_http_403
"Tre, Pol and Pen",0,0.0,24,1,pageviews_http_403
Treasure Fleet,0,0.0,3,0,pageviews_http_403
Treasure Island (1977 TV series),0,0.0,86,3,pageviews_http_403
Treasure Island (1978 TV series),0,0.0,282,5,pageviews_http_403
Treasure Island (2012 TV series),0,0.0,488,5,pageviews_http_403
Treasurer of the United States,0,0.0,472,5,pageviews_http_403
Treatment,0,0.0,125,2,pageviews_http_403
Treaty of Allahabad,0,0.0,96,0,pageviews_http_403
Tree of life,0,0.0,1004,5,pageviews_http_403
Tree-in-bud sign,0,0.0,142,3,pageviews_http_403
Tres Zapotes,0,0.0,79,3,pageviews_http_403
Trevi Fountain,0,0.0,833,6,pageviews_http_403
Trey Anastasio,0,0.0,600,3,pageviews_http_403
TriPod,0,0.0,13,3,pageviews_http_403
Triadica sebifera,0,0.0,216,10,pageviews_http_403
Trial (film),0,0.0,104,2,pageviews_http_403
Trial film,0,0.0,612,4,pageviews_http_403
Tribute,0,0.0,1181,6,pageviews_http_403
Tribute (play),0,0.0,35,0,pageviews_http_403
Trick (1999 film),0,0.0,59,4,pageviews_http_403
Trick film,0,0.0,716,3,pageviews_http_403
Trifonov,0,0.0,1,1,pageviews_http_403
Trimmed,0,0.0,46,0,pageviews_http_403
Trinidad and Tobago,0,0.0,24149,43,pageviews_http_403
Trinity Chapel,0,0.0,16,0,pageviews_http_403
Trinity Chapel Complex,0,0.0,924,2,pageviews_http_403
Triple Crown of Motorsport,0,0.0,512,4,pageviews_http_403
Tripod,0,0.0,361,3,pageviews_http_403
Tripod position,0,0.0,20,1,pageviews_http_403
Trivandrum Lodge,0,0.0,78,0,pageviews_http_403
Trivial Pursuit,0,0.0,667,5,pageviews_http_403
Trobriand Cricket (film),0,0.0,4,1,pageviews_http_403
Trobriand cricket,0,0.0,62,1,pageviews_http_403
Trojan,0,0.0,99,2,pageviews_http_403
Trojan (brand),0,0.0,125,13,pageviews_http_403
Trojan Eddie,0,0.0,111,0,pageviews_http_403
Tropic (disambiguation),0,0.0,7,1,pageviews_http_403
Tropic Moon,0,0.0,93,1,pageviews_http_403
Tropical Storm Washi,0,0.0,335,7,pageviews_http_403
Tropical cyclone forecast model,0,0.0,298,6,pageviews_http_403
Trotter,0,0.0,28,2,pageviews_http_403
Trouble (Heaven 17 song),0,0.0,43,0,pageviews_http_403
Trouble (Sailor album),0,0.0,11,0,pageviews_http_403
Trouble Maker (film),0,0.0,28,0,pageviews_http_403
Troup,0,0.0,10,1,pageviews_http_403
Trout Creek (Lake Tahoe),0,0.0,16,2,pageviews_http_403
Troy (film),0,0.0,633,4,pageviews_http_403
"Troy, New York",0,0.0,3679,13,pageviews_http_403
True Law,0,0.0,63,1,pageviews_http_403
Trumpeter swan,0,0.0,447,5,pageviews_http_403
Trust (1990 film),0,0.0,52,0,pageviews_http_403
Trust (2010 film),0,0.0,57,0,pageviews_http_403
Trust (Revenge),0,0.0,28,1,pageviews_http_403
Trust (novel),0,0.0,222,0,pageviews_http_403
Trust Me,0,0.0,22,8,pageviews_http_403
Trust Me (novel),0,0.0,14,1,pageviews_http_403
Trust Me (short story collection),0,0.0,61,0,pageviews_http_403
Trust Territory (novel),0,0.0,26,0,pageviews_http_403
Trust Your Love,0,0.0,114,0,pageviews_http_403
Truth and Soul,0,0.0,40,1,pageviews_http_403
Truth and Tolerance,0,0.0,57,0,pageviews_http_403
Trying,0,0.0,14,2,pageviews_http_403
Trying (play),0,0.0,19,0,pageviews_http_403
Trying Again,0,0.0,25,2,pageviews_http_403
Tseten Dorjee,0,0.0,12,2,pageviews_http_403
Tskhinvali,0,0.0,908,18,pageviews_http_403
Tsunami,0,0.0,4422,20,pageviews_http_403
Tsutomu,0,0.0,2,0,pageviews_http_403
Tsutomu Seki,0,0.0,95,2,pageviews_http_403
Tsuyoshi Kaneko,0,0.0,10,0,pageviews_http_403
Tu Tu Main Main,0,0.0,74,3,pageviews_http_403
Tuareg rebellion (2007–2009),0,0.0,319,11,pageviews_http_403
Tubal branches of ovarian artery,0,0.0,10,5,pageviews_http_403
Tug (film),0,0.0,14,0,pageviews_http_403
Tug Fork,0,0.0,131,3,pageviews_http_403
Tum Aur Main,0,0.0,2,0,pageviews_http_403
Tummalapalle uranium mine,0,0.0,132,4,pageviews_http_403
Tumuk Humak Mountains,0,0.0,70,3,pageviews_http_403
Tuned amplifier,0,0.0,15,2,pageviews_http_403
Tunnel Mountain,0,0.0,32,0,pageviews_http_403
"Tura, Krasnoyarsk Krai",0,0.0,33,0,pageviews_http_403
Turbidity current,0,0.0,165,8,pageviews_http_403
Turbo (video game),0,0.0,63,0,pageviews_http_403
Turbo Fruits,0,0.0,21,0,pageviews_http_403
Turbo-diesel,0,0.0,829,5,pageviews_http_403
Turf War (The Office),0,0.0,229,0,pageviews_http_403
Turn to You,0,0.0,37,0,pageviews_http_403
Turn to You (Mother's Day Dedication),0,0.0,116,1,pageviews_http_403
Turned On,0,0.0,32,0,pageviews_http_403
Turned on,0,0.0,4,1,pageviews_http_403
Turner,0,0.0,57,1,pageviews_http_403
Turner Falls,0,0.0,31,2,pageviews_http_403
Turning,0,0.0,355,3,pageviews_http_403
Turning Me On,0,0.0,2,1,pageviews_http_403
Turning On,0,0.0,9,0,pageviews_http_403
Turning Point,0,0.0,824,20,pageviews_http_403
Turning Point!,0,0.0,13,0,pageviews_http_403
Turning Tables,0,0.0,189,4,pageviews_http_403
Turning Up and Turning On,0,0.0,50,1,pageviews_http_403
Turning the Tables (film),0,0.0,98,0,pageviews_http_403
Tussen Tunnel,0,0.0,9,3,pageviews_http_403
Tweeter,0,0.0,155,12,pageviews_http_403
Twelve Olympians,0,0.0,2223,24,pageviews_http_403
Twentieth Century (film),0,0.0,249,3,pageviews_http_403
Twenty Twelve,0,0.0,142,22,pageviews_http_403
Twice Upon a Time (Doctor Who),0,0.0,409,4,pageviews_http_403
Twin Thousands,0,0.0,13,0,pageviews_http_403
Twist and Shout,0,0.0,932,6,pageviews_http_403
Twisted,0,0.0,60,10,pageviews_http_403
Twisted (1996 film),0,0.0,87,3,pageviews_http_403
Twisted (2004 film),0,0.0,76,0,pageviews_http_403
Twisted Cyclone,0,0.0,60,1,pageviews_http_403
Twisted Metal,0,0.0,290,12,pageviews_http_403
Twisted Rails,0,0.0,66,0,pageviews_http_403
Two (2002 film),0,0.0,33,1,pageviews_http_403
Two Friends (2002 film),0,0.0,21,1,pageviews_http_403
Two Mothers (1921 film),0,0.0,7,1,pageviews_http_403
Two Mothers (2007 film),0,0.0,27,1,pageviews_http_403
Two Prudential Plaza,0,0.0,530,1,pageviews_http_403
Two Prudential Plaza (Jacksonville),0,0.0,140,0,pageviews_http_403
Two Thousand,0,0.0,9,0,pageviews_http_403
Two Thousand Acres of Sky,0,0.0,41,4,pageviews_http_403
Two Weeks (1920 film),0,0.0,9,0,pageviews_http_403
Two Weeks (2006 film),0,0.0,23,0,pageviews_http_403
Two Weeks Notice,0,0.0,152,4,pageviews_http_403
Two Women (1999 film),0,0.0,19,1,pageviews_http_403
Two of Us (1987 film),0,0.0,20,0,pageviews_http_403
Two of Us (2000 film),0,0.0,515,1,pageviews_http_403
Two of a Kind,0,0.0,26,8,pageviews_http_403
Two weeks,0,0.0,16,7,pageviews_http_403
Two-cent coin,0,0.0,20,3,pageviews_http_403
Two-factor theory of intelligence,0,0.0,10,5,pageviews_http_403
Two-nation theory,0,0.0,1091,17,pageviews_http_403
Tyler Posey,0,0.0,307,4,pageviews_http_403
Typewriter,0,0.0,2350,48,pageviews_http_403
Tyronn Lue,0,0.0,539,7,pageviews_http_403
Tyson Ritter,0,0.0,212,4,pageviews_http_403
Tübingen,0,0.0,2119,11,pageviews_http_403
U Turn (1997 film),0,0.0,141,0,pageviews_http_403
U-571 (film),0,0.0,221,3,pageviews_http_403
U-turn,0,0.0,297,17,pageviews_http_403
U. Srinivas,0,0.0,839,7,pageviews_http_403
U.S. history of alcohol minimum purchase age by state,0,0.0,143,0,pageviews_http_403
U.S. history of tobacco minimum purchase age by state,0,0.0,115,0,pageviews_http_403
U.S.–Canada Air Quality Agreement,0,0.0,82,5,pageviews_http_403
UEFA Super Cup,0,0.0,4314,7,pageviews_http_403
UG,0,0.0,28,8,pageviews_http_403
UG convoys,0,0.0,189,0,pageviews_http_403
UN mediation of the Kashmir dispute,0,0.0,736,32,pageviews_http_403
USA Sevens,0,0.0,360,4,pageviews_http_403
USNS Bruce C. Heezen,0,0.0,22,5,pageviews_http_403
USR,0,0.0,10,1,pageviews_http_403
USR (Guadeloupe football club),0,0.0,54,0,pageviews_http_403
USR PLUS,0,0.0,274,4,pageviews_http_403
USS Abele,0,0.0,59,2,pageviews_http_403
USS Alloway,0,0.0,6,0,pageviews_http_403
USS Bonhomme Richard (1765),0,0.0,112,4,pageviews_http_403
USS Cole bombing,0,0.0,712,21,pageviews_http_403
USS Gato (SS-212),0,0.0,231,1,pageviews_http_403
USS Gerald R. Ford,0,0.0,458,17,pageviews_http_403
USS Langley (CV-1),0,0.0,1010,12,pageviews_http_403
USS Rabaul,0,0.0,50,3,pageviews_http_403
USS S-26,0,0.0,142,3,pageviews_http_403
USS Sangamon,0,0.0,7,0,pageviews_http_403
Udant Martand,0,0.0,9,2,pageviews_http_403
Udo Gurgel,0,0.0,4,0,pageviews_http_403
Ueno Gakuen Junior College,0,0.0,1,0,pageviews_http_403
Ug (book),0,0.0,6,0,pageviews_http_403
Ugarov,0,0.0,0,1,pageviews_http_403
Ugly (film),0,0.0,168,0,pageviews_http_403
Ugocsa County,0,0.0,136,2,pageviews_http_403
Ugueth Urbina,0,0.0,237,4,pageviews_http_403
Ukase,0,0.0,128,0,pageviews_http_403
Ukase of 1799,0,0.0,66,0,pageviews_http_403
Ukase of 1821,0,0.0,83,0,pageviews_http_403
Ulmus minor subsp. minor,0,0.0,481,2,pageviews_http_403
Un-Thinkable (I'm Ready),0,0.0,201,2,pageviews_http_403
Una Rankić,0,0.0,9,1,pageviews_http_403
Una tarde cualquiera,0,0.0,7,0,pageviews_http_403
Una vida por otra,0,0.0,43,0,pageviews_http_403
Uncle Joe's Mint Balls,0,0.0,51,0,pageviews_http_403
Uncle Joe's Spirit House,0,0.0,52,0,pageviews_http_403
Uncle Tom's Cabin,0,0.0,2438,21,pageviews_http_403
Uncle Tom's Cabin (1927 film),0,0.0,133,0,pageviews_http_403
Uncle Tom's Cabin (song),0,0.0,46,0,pageviews_http_403
Under Heaven (novel),0,0.0,29,1,pageviews_http_403
Under Heavy Fire,0,0.0,64,2,pageviews_http_403
Under Paris,0,0.0,28,1,pageviews_http_403
Under the Southern Cross,0,0.0,5,1,pageviews_http_403
Under the Southern Cross (1927 film),0,0.0,7,1,pageviews_http_403
Under the Southern Cross (play),0,0.0,1,0,pageviews_http_403
Under the Southern Cross I Stand,0,0.0,18,1,pageviews_http_403
Underground (Dreyfus book),0,0.0,51,4,pageviews_http_403
Underground (Murakami book),0,0.0,154,5,pageviews_http_403
Underneath,0,0.0,17,5,pageviews_http_403
Underneath (Angel),0,0.0,98,1,pageviews_http_403
Understanding,0,0.0,915,10,pageviews_http_403
Underwood &amp; Underwood,0,0.0,0,0,pageviews_http_403
Underworld (1985 film),0,0.0,90,3,pageviews_http_403
Underworld (film series),0,0.0,426,10,pageviews_http_403
Undo (Sanna Nielsen song),0,0.0,410,0,pageviews_http_403
Unemployment in the United States,0,0.0,825,14,pageviews_http_403
Unexpected (2005 film),0,0.0,3,0,pageviews_http_403
Unexpected (2015 film),0,0.0,19,0,pageviews_http_403
Unexpected Guest (film),0,0.0,132,0,pageviews_http_403
Unicorn,0,0.0,2492,10,pageviews_http_403
United (2011 film),0,0.0,154,2,pageviews_http_403
United (TV series),0,0.0,38,2,pageviews_http_403
United Church in Zambia,0,0.0,189,1,pageviews_http_403
United Federation of Planets,0,0.0,1228,19,pageviews_http_403
United Nations Conference on Sustainable Development,0,0.0,508,9,pageviews_http_403
United Nations peacekeeping,0,0.0,2125,31,pageviews_http_403
United Party (Zambia),0,0.0,44,0,pageviews_http_403
United Russia,0,0.0,3328,10,pageviews_http_403
United States (TV series),0,0.0,20,0,pageviews_http_403
United States Army Combatives School,0,0.0,20,2,pageviews_http_403
United States Capitol,0,0.0,4900,30,pageviews_http_403
United States Capitol cornerstone laying,0,0.0,731,0,pageviews_http_403
United States Conference of Catholic Bishops,0,0.0,1213,12,pageviews_http_403
United States Congress,0,0.0,53724,50,pageviews_http_403
United States Court of Appeals for the Eleventh Circuit,0,0.0,1574,24,pageviews_http_403
United States Court of Appeals for the Ninth Circuit,0,0.0,12664,44,pageviews_http_403
United States Exploring Expedition,0,0.0,1077,14,pageviews_http_403
United States Mission to the United Nations,0,0.0,557,11,pageviews_http_403
United States Post Office–Meriden Main,0,0.0,23,5,pageviews_http_403
United States Post Office–Milford Main,0,0.0,19,4,pageviews_http_403
United States Post Office–Norwich Main,0,0.0,20,6,pageviews_http_403
United States Secret Service,0,0.0,3112,22,pageviews_http_403
United States Secretary of the Air Force,0,0.0,2726,13,pageviews_http_403
United States Under Secretary of the Air Force,0,0.0,2001,11,pageviews_http_403
United States and the United Nations,0,0.0,665,36,pageviews_http_403
United States patent law,0,0.0,788,50,pageviews_http_403
United States twenty-dollar bill,0,0.0,440,32,pageviews_http_403
United States v England (1950 FIFA World Cup),0,0.0,255,18,pageviews_http_403
Universe (1960 film),0,0.0,243,0,pageviews_http_403
Universities' Mission to Central Africa,0,0.0,93,3,pageviews_http_403
University,0,0.0,106930,15,pageviews_http_403
University of Allahabad,0,0.0,1013,9,pageviews_http_403
University of Chicago Crime Lab,0,0.0,9,0,pageviews_http_403
University of Massachusetts Boston,0,0.0,1442,27,pageviews_http_403
University of Memphis,0,0.0,2612,22,pageviews_http_403
University of North Dakota,0,0.0,1896,12,pageviews_http_403
University of North Dakota School of Law,0,0.0,142,0,pageviews_http_403
Unknown (1988 anthology),0,0.0,7,0,pageviews_http_403
Unknown film,0,0.0,3,1,pageviews_http_403
Unmarried Mothers (1953 film),0,0.0,21,1,pageviews_http_403
Uno,0,0.0,166,8,pageviews_http_403
Unreal (short story collection),0,0.0,47,1,pageviews_http_403
Up Till Now,0,0.0,45,3,pageviews_http_403
Up in the Air,0,0.0,124,10,pageviews_http_403
Up in the Air (1940 film),0,0.0,118,0,pageviews_http_403
Up in the Air (2009 film),0,0.0,611,2,pageviews_http_403
Up to Now,0,0.0,101,2,pageviews_http_403
Upper airway resistance syndrome,0,0.0,47,2,pageviews_http_403
Upper middle class,0,0.0,737,5,pageviews_http_403
Upper middle class in the United States,0,0.0,228,1,pageviews_http_403
Upside Down,0,0.0,67,12,pageviews_http_403
Upside Down (Jack Johnson song),0,0.0,99,0,pageviews_http_403
Uptown (The Crystals song),0,0.0,72,2,pageviews_http_403
Urbina,0,0.0,10,0,pageviews_http_403
Uriah,0,0.0,41,8,pageviews_http_403
Uriah Forrest,0,0.0,44,0,pageviews_http_403
Uriah Heep,0,0.0,74,2,pageviews_http_403
Uriah Heep (band),0,0.0,825,6,pageviews_http_403
Uriah Heep (character),0,0.0,54,0,pageviews_http_403
Uriah Heep Live,0,0.0,96,1,pageviews_http_403
Uriah Shelton,0,0.0,73,1,pageviews_http_403
Urinary meatus,0,0.0,412,20,pageviews_http_403
Uruguay,0,0.0,36664,24,pageviews_http_403
Us (1991 film),0,0.0,15,2,pageviews_http_403
Us (novel),0,0.0,34,0,pageviews_http_403
Us Two,0,0.0,3,1,pageviews_http_403
Us Two (film),0,0.0,7,0,pageviews_http_403
Us the Duo,0,0.0,264,3,pageviews_http_403
Usborne Puzzle Adventure series,0,0.0,11,1,pageviews_http_403
Usher,0,0.0,285,1,pageviews_http_403
Usher (album),0,0.0,157,9,pageviews_http_403
"Utah, We Love Thee",0,0.0,10,1,pageviews_http_403
Uur Caleed,0,0.0,5,1,pageviews_http_403
V6 News,0,0.0,171,0,pageviews_http_403
VA loan,0,0.0,58,1,pageviews_http_403
VAST,0,0.0,106,12,pageviews_http_403
VAX,0,0.0,971,6,pageviews_http_403
VITAL (asset management software),0,0.0,3,0,pageviews_http_403
VaMP,0,0.0,88,0,pageviews_http_403
Vachan,0,0.0,45,0,pageviews_http_403
Vachan (1938 film),0,0.0,35,0,pageviews_http_403
Vaillant,0,0.0,4,1,pageviews_http_403
Val McLane,0,0.0,31,0,pageviews_http_403
Valar Dohaeris,0,0.0,167,0,pageviews_http_403
Valente,0,0.0,14,1,pageviews_http_403
Valentin,0,0.0,31,0,pageviews_http_403
Valentin Avrorin,0,0.0,6,1,pageviews_http_403
Valentin Valentin,0,0.0,61,0,pageviews_http_403
Valeri Barsukov,0,0.0,10,2,pageviews_http_403
Valeri Tokarev,0,0.0,54,2,pageviews_http_403
Valeri Zelepukin,0,0.0,80,0,pageviews_http_403
Valeriy Lobanovskyi Memorial Tournament,0,0.0,138,1,pageviews_http_403
Valine,0,0.0,1089,7,pageviews_http_403
Valine decarboxylase,0,0.0,4,2,pageviews_http_403
Valine—tRNA ligase,0,0.0,185,0,pageviews_http_403
Valrico Subdivision,0,0.0,33,1,pageviews_http_403
"Valrico, Florida",0,0.0,208,2,pageviews_http_403
Vamp,0,0.0,147,11,pageviews_http_403
Van Bod,0,0.0,13,0,pageviews_http_403
Van Cleave,0,0.0,70,2,pageviews_http_403
Van Halen,0,0.0,2616,27,pageviews_http_403
Van Halen discography,0,0.0,133,4,pageviews_http_403
Van Lottum,0,0.0,1,0,pageviews_http_403
Vance Joseph,0,0.0,246,2,pageviews_http_403
Vanessa Rousso,0,0.0,218,7,pageviews_http_403
Vani,0,0.0,234,1,pageviews_http_403
Vani Vilasa Sagara,0,0.0,222,5,pageviews_http_403
Vanity,0,0.0,698,6,pageviews_http_403
Vanity (1927 film),0,0.0,67,0,pageviews_http_403
Vanity (1935 film),0,0.0,37,0,pageviews_http_403
Vanity (1947 film),0,0.0,21,1,pageviews_http_403
Vanity (2015 film),0,0.0,14,1,pageviews_http_403
Varför är kärleken röd?,0,0.0,47,8,pageviews_http_403
Variety (1925 film),0,0.0,117,1,pageviews_http_403
Variety (1935 German film),0,0.0,24,0,pageviews_http_403
Variety (1935 film),0,0.0,46,0,pageviews_http_403
Variety Film Reviews,0,0.0,316,2,pageviews_http_403
Various Positions,0,0.0,123,2,pageviews_http_403
Varman dynasty,0,0.0,311,0,pageviews_http_403
Vasili Altfater,0,0.0,11,0,pageviews_http_403
Vasili Mitrokhin,0,0.0,225,6,pageviews_http_403
Vasili Osipanov,0,0.0,8,0,pageviews_http_403
Vasili Penyasov,0,0.0,8,2,pageviews_http_403
Vasilios Efthymiou,0,0.0,13,1,pageviews_http_403
Vasily Kudinov,0,0.0,42,1,pageviews_http_403
Vassili Samarsky-Bykhovets,0,0.0,44,4,pageviews_http_403
Vast,0,0.0,7,3,pageviews_http_403
Vast (novel),0,0.0,8,0,pageviews_http_403
Vax (brand),0,0.0,29,3,pageviews_http_403
Vegas Golden Knights,0,0.0,1796,17,pageviews_http_403
Vehicle registration plates of Ontario,0,0.0,50,6,pageviews_http_403
Vel (film),0,0.0,98,2,pageviews_http_403
Velaiilla Pattadhari 2,0,0.0,112,2,pageviews_http_403
"Velgonda, Karimnagar district",0,0.0,60,2,pageviews_http_403
Vella,0,0.0,106,6,pageviews_http_403
Velvet (film),0,0.0,71,0,pageviews_http_403
Velvet Film,0,0.0,224,1,pageviews_http_403
Vendor,0,0.0,374,6,pageviews_http_403
Venicile Vyapari,0,0.0,51,1,pageviews_http_403
Ventral ramus of spinal nerve,0,0.0,246,8,pageviews_http_403
Ventral root of spinal nerve,0,0.0,161,13,pageviews_http_403
Venus Hum,0,0.0,44,6,pageviews_http_403
Vera Dua,0,0.0,30,0,pageviews_http_403
Verbandsgemeinde,0,0.0,2744,2,pageviews_http_403
Verkh-Inva,0,0.0,276,0,pageviews_http_403
Vermilion,0,0.0,750,23,pageviews_http_403
Vermilion (song),0,0.0,136,15,pageviews_http_403
Vermin Supreme,0,0.0,828,6,pageviews_http_403
Vernon Dalhart,0,0.0,155,1,pageviews_http_403
Verow,0,0.0,0,0,pageviews_http_403
Vert-Vert,0,0.0,86,0,pageviews_http_403
Very Bad Things,0,0.0,119,1,pageviews_http_403
Vestibular fold,0,0.0,72,16,pageviews_http_403
Vestibular schwannoma,0,0.0,260,9,pageviews_http_403
Vete-Katten,0,0.0,1,1,pageviews_http_403
Vicente,0,0.0,19,2,pageviews_http_403
Viceroy (butterfly),0,0.0,78,3,pageviews_http_403
Viceroyalty of New Granada,0,0.0,1455,5,pageviews_http_403
Victim (2011 film),0,0.0,39,0,pageviews_http_403
Victor Erle Nash-Williams,0,0.0,39,1,pageviews_http_403
Victor Halley,0,0.0,14,1,pageviews_http_403
Victor Williams,0,0.0,84,3,pageviews_http_403
Victor Williams (Canadian Army officer),0,0.0,26,5,pageviews_http_403
Victor Williams (disambiguation),0,0.0,3,0,pageviews_http_403
Victoria,0,0.0,1153,23,pageviews_http_403
Victoria (novel),0,0.0,48,0,pageviews_http_403
Victoria Benedictsson,0,0.0,42,5,pageviews_http_403
Victoria Justice,0,0.0,530,6,pageviews_http_403
Victoria River (Victoria),0,0.0,245,0,pageviews_http_403
"Victoria West, Greater Victoria",0,0.0,63,1,pageviews_http_403
Victory,0,0.0,269,5,pageviews_http_403
Victory (1919 film),0,0.0,184,0,pageviews_http_403
Victory (1996 film),0,0.0,106,1,pageviews_http_403
Victory and Peace,0,0.0,100,1,pageviews_http_403
Video game,0,0.0,179603,59,pageviews_http_403
Vidović,0,0.0,7,2,pageviews_http_403
Viena Balen,0,0.0,18,0,pageviews_http_403
Viena expedition,0,0.0,71,0,pageviews_http_403
Vilamoura Old Course,0,0.0,10,0,pageviews_http_403
Villa Amalia,0,0.0,9,0,pageviews_http_403
Villa Amalia (film),0,0.0,52,0,pageviews_http_403
Villa Amalia (novel),0,0.0,16,1,pageviews_http_403
Villa Park,0,0.0,2949,8,pageviews_http_403
Villa del Carbón,0,0.0,162,3,pageviews_http_403
Villanova Wildcats men's basketball,0,0.0,1527,6,pageviews_http_403
Villiers,0,0.0,39,1,pageviews_http_403
Villus,0,0.0,13,2,pageviews_http_403
Vince Gill,0,0.0,2410,9,pageviews_http_403
Vincent (1982 film),0,0.0,195,0,pageviews_http_403
Vincent (1987 film),0,0.0,282,1,pageviews_http_403
Vincent (actor),0,0.0,166,0,pageviews_http_403
Vincent Falter,0,0.0,3,0,pageviews_http_403
Vincetoxicum,0,0.0,74,11,pageviews_http_403
Vincetoxicum rossicum,0,0.0,31,4,pageviews_http_403
Vinci,0,0.0,34,1,pageviews_http_403
Vinci (Golubac),0,0.0,7,1,pageviews_http_403
Vinci (film),0,0.0,28,0,pageviews_http_403
"Vinci, Tuscany",0,0.0,147,3,pageviews_http_403
Vineyard,0,0.0,2824,10,pageviews_http_403
Vineyard Vines,0,0.0,77,0,pageviews_http_403
Violet Jessop,0,0.0,356,1,pageviews_http_403
Violin Concerto (Sibelius),0,0.0,281,3,pageviews_http_403
Vir Chakra,0,0.0,423,2,pageviews_http_403
Virginia Beach City Public Schools,0,0.0,221,24,pageviews_http_403
Virginia Cavaliers,0,0.0,1073,14,pageviews_http_403
Virginia Public Schools,0,0.0,3,1,pageviews_http_403
Virginia Williams,0,0.0,54,0,pageviews_http_403
Virgo Supercluster,0,0.0,841,12,pageviews_http_403
Vis,0,0.0,61,3,pageviews_http_403
Vis medicatrix naturae,0,0.0,31,4,pageviews_http_403
Vis-à-vis,0,0.0,54,12,pageviews_http_403
Visa,0,0.0,180,3,pageviews_http_403
Visa (film),0,0.0,20,0,pageviews_http_403
Viscount Butler of Tulleophelim,0,0.0,13,0,pageviews_http_403
Vision Quest (film),0,0.0,131,2,pageviews_http_403
Visions Of...,0,0.0,8,1,pageviews_http_403
Visions of the Beast,0,0.0,153,1,pageviews_http_403
Visions of the Future,0,0.0,21,0,pageviews_http_403
Visions of the Seeker,0,0.0,8,1,pageviews_http_403
Visions of the Universe,0,0.0,14,2,pageviews_http_403
Visitors (2003 film),0,0.0,34,0,pageviews_http_403
Visitors (2013 film),0,0.0,28,0,pageviews_http_403
Visitors' Gallery,0,0.0,39,2,pageviews_http_403
Visst katten har djuren själ!,0,0.0,23,7,pageviews_http_403
Vitamin B12 deficiency,0,0.0,368,11,pageviews_http_403
Vito Braet,0,0.0,91,0,pageviews_http_403
Vitti,0,0.0,1,0,pageviews_http_403
Vitti Dandu,0,0.0,57,0,pageviews_http_403
Vitālijs Astafjevs,0,0.0,213,1,pageviews_http_403
Viva Zapatero!,0,0.0,38,1,pageviews_http_403
Viña del Mar,0,0.0,1590,12,pageviews_http_403
Vladislav Matviyenko,0,0.0,19,1,pageviews_http_403
Voice of an Angel,0,0.0,46,1,pageviews_http_403
Voice-tracking,0,0.0,180,7,pageviews_http_403
Voices (1973 film),0,0.0,27,0,pageviews_http_403
Voices (1979 film),0,0.0,54,0,pageviews_http_403
Void (film),0,0.0,33,1,pageviews_http_403
Vojvodina,0,0.0,3344,21,pageviews_http_403
Volkswagen New Beetle,0,0.0,371,14,pageviews_http_403
Voskopoulos,0,0.0,0,0,pageviews_http_403
Voyage d'Egypte et de Nubie,0,0.0,15,0,pageviews_http_403
"Voyage, voyage",0,0.0,152,5,pageviews_http_403
Vyacheslav Chadov,0,0.0,9,0,pageviews_http_403
Vyapari (caste),0,0.0,255,0,pageviews_http_403
Vítor,0,0.0,34,1,pageviews_http_403
Vítor Valente,0,0.0,7,1,pageviews_http_403
W (1974 film),0,0.0,81,0,pageviews_http_403
W postcode area,0,0.0,519,36,pageviews_http_403
W. (film),0,0.0,543,9,pageviews_http_403
W. Lister Lister,0,0.0,29,2,pageviews_http_403
WAFU Nations Cup,0,0.0,628,3,pageviews_http_403
WASH,0,0.0,644,12,pageviews_http_403
WGC Match Play,0,0.0,1513,20,pageviews_http_403
WISE,0,0.0,23,1,pageviews_http_403
WIT,0,0.0,20,2,pageviews_http_403
WWE Raw,0,0.0,5525,54,pageviews_http_403
Wachter,0,0.0,5,0,pageviews_http_403
Wagstaff,0,0.0,5,1,pageviews_http_403
Wagstaff prime,0,0.0,125,2,pageviews_http_403
Wah-wah pedal,0,0.0,566,7,pageviews_http_403
Waikiki,0,0.0,496,0,pageviews_http_403
Waite,0,0.0,11,1,pageviews_http_403
Waite Hoyt,0,0.0,1078,2,pageviews_http_403
Waiting for God (TV series),0,0.0,81,2,pageviews_http_403
Waiting for Love,0,0.0,8,3,pageviews_http_403
Waiting for Love (Alias song),0,0.0,20,0,pageviews_http_403
Waiting for Love (Avicii song),0,0.0,107,4,pageviews_http_403
Wake (2009 film),0,0.0,20,0,pageviews_http_403
Wake (cancelled film),0,0.0,12,1,pageviews_http_403
Wake (comics),0,0.0,26,2,pageviews_http_403
Wake Island (film),0,0.0,173,3,pageviews_http_403
Wake Me Up When September Ends,0,0.0,447,6,pageviews_http_403
Wakfu (TV series),0,0.0,72,1,pageviews_http_403
Wakuteka Take a Chance,0,0.0,80,1,pageviews_http_403
Walder,0,0.0,6,0,pageviews_http_403
Wales national rugby sevens team,0,0.0,915,2,pageviews_http_403
Wales women's national rugby sevens team,0,0.0,407,1,pageviews_http_403
Walk It Talk It,0,0.0,104,2,pageviews_http_403
Walk It Talk It (disambiguation),0,0.0,2,0,pageviews_http_403
Walk the Line,0,0.0,1024,4,pageviews_http_403
Walker (film),0,0.0,105,2,pageviews_http_403
Walker Art Gallery,0,0.0,1009,3,pageviews_http_403
Walking After You,0,0.0,136,0,pageviews_http_403
Walking Dead,0,0.0,252,8,pageviews_http_403
Walking Distance,0,0.0,197,1,pageviews_http_403
Walkway over the Hudson,0,0.0,841,7,pageviews_http_403
Wall Street (1929 film),0,0.0,107,1,pageviews_http_403
Wall Street Crash of 1929,0,0.0,1154,0,pageviews_http_403
Wall of Flowers,0,0.0,7,0,pageviews_http_403
Wall of Sound (Grateful Dead),0,0.0,419,0,pageviews_http_403
Wallace rule of nines,0,0.0,30,0,pageviews_http_403
Walls (Kings of Leon album),0,0.0,94,13,pageviews_http_403
Walls (Kings of Leon song),0,0.0,56,1,pageviews_http_403
Walls Come Tumbling Down!,0,0.0,44,1,pageviews_http_403
Walnut Grove,0,0.0,20,6,pageviews_http_403
"Walnut Grove, Minnesota",0,0.0,135,4,pageviews_http_403
Walrus,0,0.0,1900,23,pageviews_http_403
Walt Before Mickey,0,0.0,60,0,pageviews_http_403
Walter,0,0.0,73,5,pageviews_http_403
Walter Gale,0,0.0,1,2,pageviews_http_403
Walter Krivitsky,0,0.0,211,3,pageviews_http_403
Walter Köbel,0,0.0,8,5,pageviews_http_403
Walter Matthau,0,0.0,1134,11,pageviews_http_403
Walter Pfeiffer,0,0.0,18,0,pageviews_http_403
Walter Pfeiffer (footballer),0,0.0,147,2,pageviews_http_403
Walter Pfeiffer (rower),0,0.0,9,0,pageviews_http_403
Walter W. Arndt,0,0.0,23,1,pageviews_http_403
Walter W. Shaw,0,0.0,41,1,pageviews_http_403
Walton,0,0.0,73,6,pageviews_http_403
Waltteri Hopponen,0,0.0,9,0,pageviews_http_403
Waltteri Immonen,0,0.0,18,0,pageviews_http_403
Waltteri Ruuskanen,0,0.0,1,0,pageviews_http_403
Waltz,0,0.0,2504,11,pageviews_http_403
Wand'rin' Star,0,0.0,43,2,pageviews_http_403
Wanda,0,0.0,30,1,pageviews_http_403
Wanda Ventham,0,0.0,139,1,pageviews_http_403
Wanda Wasilewska,0,0.0,79,2,pageviews_http_403
Wang Yaping,0,0.0,64,4,pageviews_http_403
Wanna Be,0,0.0,183,2,pageviews_http_403
Wanna Be a VJ,0,0.0,328,0,pageviews_http_403
Wanna Be with You,0,0.0,153,1,pageviews_http_403
WannaCry ransomware attack,0,0.0,519,75,pageviews_http_403
Wanted (1967 film),0,0.0,51,0,pageviews_http_403
Wanted (2009 film),0,0.0,176,7,pageviews_http_403
Wanted (2011 film),0,0.0,37,2,pageviews_http_403
War Eagle,0,0.0,336,2,pageviews_http_403
War Without End,0,0.0,5,1,pageviews_http_403
War and Peace (1956 film),0,0.0,362,2,pageviews_http_403
War crimes trial,0,0.0,180,5,pageviews_http_403
War of the Succession of Champagne,0,0.0,39,3,pageviews_http_403
Warangal,0,0.0,1045,10,pageviews_http_403
Waring,0,0.0,15,0,pageviews_http_403
Warm Nights,0,0.0,3,0,pageviews_http_403
Warm Nights (album),0,0.0,18,6,pageviews_http_403
Warm Nights on a Slow Moving Train,0,0.0,48,0,pageviews_http_403
Warning (1946 film),0,0.0,95,2,pageviews_http_403
Warning (2013 film),0,0.0,24,1,pageviews_http_403
Warning Sign (film),0,0.0,46,0,pageviews_http_403
Warri,0,0.0,690,9,pageviews_http_403
Warri South,0,0.0,77,0,pageviews_http_403
Warri South West,0,0.0,69,1,pageviews_http_403
Warrior (B.A.P song),0,0.0,38,0,pageviews_http_403
Warrior (Disturbed song),0,0.0,66,0,pageviews_http_403
Warriors of the Wasteland,0,0.0,39,6,pageviews_http_403
Washed Out,0,0.0,149,6,pageviews_http_403
Washed Out (film),0,0.0,111,2,pageviews_http_403
Washington Generals,0,0.0,151,5,pageviews_http_403
"Washington, D.C.",0,0.0,90849,96,pageviews_http_403
"Washington, D.C. (novel)",0,0.0,57,4,pageviews_http_403
Watchers at the Strait Gate,0,0.0,6,0,pageviews_http_403
Water chlorination,0,0.0,377,5,pageviews_http_403
Water fluoridation in the United States,0,0.0,38,0,pageviews_http_403
Waterloo Creek massacre,0,0.0,117,5,pageviews_http_403
Waterworld,0,0.0,560,3,pageviews_http_403
Watery Grave (novel),0,0.0,13,0,pageviews_http_403
Watt (novel),0,0.0,100,0,pageviews_http_403
Wave (Patti Smith Group album),0,0.0,138,5,pageviews_http_403
Wave (T-Square album),0,0.0,31,1,pageviews_http_403
Wave Hill walk-off,0,0.0,338,8,pageviews_http_403
Wave power,0,0.0,1295,22,pageviews_http_403
Wave power in India,0,0.0,6,1,pageviews_http_403
Wavelength (1967 film),0,0.0,83,4,pageviews_http_403
Wavelength (1983 film),0,0.0,39,1,pageviews_http_403
Waves (Charles Lloyd album),0,0.0,12,0,pageviews_http_403
Waves (Waves album),0,0.0,7,0,pageviews_http_403
Waves and shallow water,0,0.0,307,3,pageviews_http_403
Waxworm,0,0.0,165,9,pageviews_http_403
Way Out (film),0,0.0,16,0,pageviews_http_403
Way Up,0,0.0,5,1,pageviews_http_403
Way Up High,0,0.0,7,1,pageviews_http_403
"Way Up, Way Out",0,0.0,4,0,pageviews_http_403
Way...Way Out,0,0.0,115,1,pageviews_http_403
Waybury Inn,0,0.0,81,0,pageviews_http_403
Wayne Cooper,0,0.0,8,2,pageviews_http_403
Wayne Cooper (basketball),0,0.0,164,2,pageviews_http_403
Wayne County Commission,0,0.0,34,1,pageviews_http_403
Wayne Coyne,0,0.0,250,1,pageviews_http_403
Wayne Rigsby,0,0.0,33,0,pageviews_http_403
We All Die Young,0,0.0,11,0,pageviews_http_403
We Are Both,0,0.0,184,0,pageviews_http_403
We Are Not Alone,0,0.0,19,8,pageviews_http_403
We Are Not Alone (1939 film),0,0.0,102,0,pageviews_http_403
We Are Not Alone (1993 film),0,0.0,125,0,pageviews_http_403
We Are Not Alone (2022 film),0,0.0,16,0,pageviews_http_403
We Believe,0,0.0,7,3,pageviews_http_403
We Can Get Together,0,0.0,53,1,pageviews_http_403
We Can't Dance,0,0.0,200,4,pageviews_http_403
We Didn't Have Much,0,0.0,38,1,pageviews_http_403
We Die Young,0,0.0,107,0,pageviews_http_403
We Die Young (film),0,0.0,16,1,pageviews_http_403
We Don't Care Anymore,0,0.0,14,0,pageviews_http_403
We Don't Fight Anymore,0,0.0,75,0,pageviews_http_403
We Don't Talk Anymore,0,0.0,15,2,pageviews_http_403
We Don't Talk Anymore (Charlie Puth song),0,0.0,213,1,pageviews_http_403
We Don't Talk Anymore (Cliff Richard song),0,0.0,204,1,pageviews_http_403
We Go Way Back,0,0.0,25,0,pageviews_http_403
We Hail Thee Carolina,0,0.0,62,1,pageviews_http_403
We Love Disney,0,0.0,24,1,pageviews_http_403
We Made You,0,0.0,314,3,pageviews_http_403
We See,0,0.0,63,0,pageviews_http_403
We Shall Dance,0,0.0,138,1,pageviews_http_403
We Shall See,0,0.0,241,0,pageviews_http_403
We Thank Thee,0,0.0,69,0,pageviews_http_403
We Were Soldiers,0,0.0,255,2,pageviews_http_403
We Were Soldiers Once… and Young,0,0.0,9,0,pageviews_http_403
We Were Young,0,0.0,3,1,pageviews_http_403
We Were Young (film),0,0.0,18,1,pageviews_http_403
We the Curious,0,0.0,9,0,pageviews_http_403
We're Gonna Make It,0,0.0,1,1,pageviews_http_403
We're Talking Serious Money,0,0.0,29,1,pageviews_http_403
Weapon,0,0.0,3532,24,pageviews_http_403
Weapon (novel),0,0.0,11,0,pageviews_http_403
Weather satellite,0,0.0,1097,12,pageviews_http_403
Web (novel),0,0.0,47,3,pageviews_http_403
Web design,0,0.0,2197,34,pageviews_http_403
"Weber City, Virginia",0,0.0,237,3,pageviews_http_403
Wedding Daze (2004 film),0,0.0,16,1,pageviews_http_403
Wedding in White,0,0.0,107,0,pageviews_http_403
Wedding industry in the United States,0,0.0,20,2,pageviews_http_403
Week Ending,0,0.0,111,2,pageviews_http_403
Weekend (novel),0,0.0,18,0,pageviews_http_403
Weekend War,0,0.0,45,1,pageviews_http_403
Weekend at Bernie's,0,0.0,194,3,pageviews_http_403
Weight Loss (The Office),0,0.0,287,1,pageviews_http_403
Weight Loss (novel),0,0.0,12,1,pageviews_http_403
Weight loss,0,0.0,1430,26,pageviews_http_403
Weights and Measures Acts (UK),0,0.0,251,104,pageviews_http_403
Weinstein,0,0.0,12,0,pageviews_http_403
Welbeck Abbey Brewery,0,0.0,7,0,pageviews_http_403
Welcome to Wherever You Are,0,0.0,127,0,pageviews_http_403
Welcome to the Jungle,0,0.0,507,5,pageviews_http_403
Welcome to the Jungle (2013 film),0,0.0,28,1,pageviews_http_403
Welfare state in the United Kingdom,0,0.0,452,10,pageviews_http_403
Well Well Well,0,0.0,5,6,pageviews_http_403
Well-Intended Love,0,0.0,9,0,pageviews_http_403
Wellness Recovery Action Plan,0,0.0,44,2,pageviews_http_403
Wenceslaus IV of Bohemia,0,0.0,695,28,pageviews_http_403
Wendy Toms,0,0.0,37,0,pageviews_http_403
Wes,0,0.0,27,3,pageviews_http_403
Wes Jackson,0,0.0,50,0,pageviews_http_403
Wes Ramsey,0,0.0,95,1,pageviews_http_403
West (song),0,0.0,4,0,pageviews_http_403
West Africa,0,0.0,8336,26,pageviews_http_403
West Bromwich Albion F.C.,0,0.0,7794,22,pageviews_http_403
West Gate Bridge,0,0.0,429,7,pageviews_http_403
"West Omaha, Omaha, Nebraska",0,0.0,177,2,pageviews_http_403
Western Front (World War II),0,0.0,3161,15,pageviews_http_403
Western roll,0,0.0,21,1,pageviews_http_403
Westin Peachtree Plaza Hotel,0,0.0,394,2,pageviews_http_403
Westmoreland,0,0.0,35,5,pageviews_http_403
Westmoreland Parish,0,0.0,340,4,pageviews_http_403
Whale Whores,0,0.0,94,1,pageviews_http_403
What Do You Mean?,0,0.0,450,2,pageviews_http_403
What Does It Feel Like?,0,0.0,47,0,pageviews_http_403
What Does It Take,0,0.0,0,1,pageviews_http_403
What Every Woman Knows,0,0.0,0,0,pageviews_http_403
What Every Woman Learns,0,0.0,58,0,pageviews_http_403
What Every Woman Lives For,0,0.0,1,0,pageviews_http_403
What Every Woman Wants,0,0.0,2,1,pageviews_http_403
What I Was,0,0.0,11,0,pageviews_http_403
What I've Done,0,0.0,288,5,pageviews_http_403
What If I Was Nothing,0,0.0,39,0,pageviews_http_403
What If Nothing,0,0.0,37,12,pageviews_http_403
What Ifs,0,0.0,83,1,pageviews_http_403
What Ifs &amp; Maybes,0,0.0,0,0,pageviews_http_403
What Is This Country?,0,0.0,33,0,pageviews_http_403
What Might Have Been,0,0.0,32,0,pageviews_http_403
What Now,0,0.0,25,7,pageviews_http_403
What Remains,0,0.0,6,1,pageviews_http_403
What Remains (book),0,0.0,17,0,pageviews_http_403
What Remains (novella),0,0.0,11,3,pageviews_http_403
What The--?!,0,0.0,86,2,pageviews_http_403
What Was I Thinkin',0,0.0,97,0,pageviews_http_403
What You Don't Know,0,0.0,10,3,pageviews_http_403
What You Get Is What You See,0,0.0,116,0,pageviews_http_403
What You Give Is What You Get,0,0.0,17,1,pageviews_http_403
What You Make It,0,0.0,5,0,pageviews_http_403
What You See Is What You Get (book),0,0.0,9,1,pageviews_http_403
What You See Is What You Get (disambiguation),0,0.0,16,1,pageviews_http_403
What You See Is What You Get (song),0,0.0,74,0,pageviews_http_403
What a Feeling,0,0.0,7,4,pageviews_http_403
What a Feeling (One Direction song),0,0.0,70,1,pageviews_http_403
What a Life! (novel),0,0.0,12,0,pageviews_http_403
"What a Terrible World, What a Beautiful World",0,0.0,50,2,pageviews_http_403
What the Health,0,0.0,682,1,pageviews_http_403
What the Health magazine,0,0.0,0,0,pageviews_http_403
What's Become of Waring,0,0.0,12,0,pageviews_http_403
What's Happening,0,0.0,25,4,pageviews_http_403
What's Happening!!,0,0.0,263,6,pageviews_http_403
What's the 411?,0,0.0,122,1,pageviews_http_403
Whataya Want from Me,0,0.0,242,5,pageviews_http_403
Wheat production in the United States,0,0.0,292,9,pageviews_http_403
When Ali Came to Ireland,0,0.0,140,0,pageviews_http_403
When Flanders Failed,0,0.0,112,1,pageviews_http_403
When He Came,0,0.0,4,0,pageviews_http_403
When I Fall in Love,0,0.0,860,8,pageviews_http_403
When I Look at You,0,0.0,183,1,pageviews_http_403
When I Look at the World,0,0.0,158,0,pageviews_http_403
When I Met U,0,0.0,83,0,pageviews_http_403
When I Met You,0,0.0,6,2,pageviews_http_403
When I See U,0,0.0,54,1,pageviews_http_403
When Nirvana Came to Britain,0,0.0,139,0,pageviews_http_403
When We Were Young,0,0.0,20,9,pageviews_http_403
When We Were Young (Adele song),0,0.0,270,0,pageviews_http_403
When We Were Young (Take That song),0,0.0,104,0,pageviews_http_403
When We Were Young (film),0,0.0,22,0,pageviews_http_403
When You Come Back,0,0.0,2,0,pageviews_http_403
When You Come Back to Me,0,0.0,4,2,pageviews_http_403
When You Come Back to Me Again,0,0.0,78,0,pageviews_http_403
When the Swallows Come Back to Capistrano,0,0.0,151,0,pageviews_http_403
When the Swallows Fly,0,0.0,104,0,pageviews_http_403
Where I Wanna Be,0,0.0,5,4,pageviews_http_403
Wherever You Are,0,0.0,11,3,pageviews_http_403
Wherever You Are (film),0,0.0,18,2,pageviews_http_403
Wherever You Are Tonight,0,0.0,36,0,pageviews_http_403
While There is Still Time,0,0.0,23,0,pageviews_http_403
While the Sun Shines,0,0.0,1,0,pageviews_http_403
While the Sun Shines (play),0,0.0,77,0,pageviews_http_403
Whiplash,0,0.0,100,7,pageviews_http_403
Whiplash (album),0,0.0,69,11,pageviews_http_403
Whiplash Smile,0,0.0,70,0,pageviews_http_403
Whisker (disambiguation),0,0.0,2,1,pageviews_http_403
Whisky,0,0.0,2897,13,pageviews_http_403
Whisky Mac,0,0.0,90,1,pageviews_http_403
White Cat (novel),0,0.0,26,1,pageviews_http_403
White Christmas (song),0,0.0,2332,2,pageviews_http_403
White Cloud,0,0.0,7,2,pageviews_http_403
White Gold,0,0.0,20,4,pageviews_http_403
White Gold (1927 film),0,0.0,76,0,pageviews_http_403
White Gold (1949 film),0,0.0,37,1,pageviews_http_403
White Gold (2003 film),0,0.0,8,0,pageviews_http_403
White Gold (2010 film),0,0.0,5,0,pageviews_http_403
White Hart Lane,0,0.0,2176,2,pageviews_http_403
White House,0,0.0,16818,25,pageviews_http_403
White House (film),0,0.0,31,0,pageviews_http_403
White House Press Secretary,0,0.0,1609,15,pageviews_http_403
White House Rose Garden,0,0.0,686,5,pageviews_http_403
White House press corps,0,0.0,317,8,pageviews_http_403
White Line Fever (book),0,0.0,111,0,pageviews_http_403
White Line Fever (film),0,0.0,269,0,pageviews_http_403
White Walker,0,0.0,217,2,pageviews_http_403
White Wolf (band),0,0.0,17,0,pageviews_http_403
White line fever,0,0.0,7,2,pageviews_http_403
White sapote,0,0.0,55,4,pageviews_http_403
White wedding,0,0.0,209,3,pageviews_http_403
White-box testing,0,0.0,183,7,pageviews_http_403
Whitney (2015 film),0,0.0,140,0,pageviews_http_403
Whitney (2018 film),0,0.0,154,0,pageviews_http_403
Who Do Ya (Love),0,0.0,39,9,pageviews_http_403
Who Is To Blame?,0,0.0,2,2,pageviews_http_403
Who Is to Blame?,0,0.0,17,1,pageviews_http_403
Who Loves You,0,0.0,88,0,pageviews_http_403
Who is to blame?,0,0.0,0,0,pageviews_http_403
Who's Been Sleeping in My Bed?,0,0.0,67,0,pageviews_http_403
Why Didn't I Think of That,0,0.0,42,0,pageviews_http_403
Why Won't You Date Me?,0,0.0,20,1,pageviews_http_403
Why Won't You Give Me Your Love?,0,0.0,31,0,pageviews_http_403
Wicked (musical),0,0.0,2047,26,pageviews_http_403
Wicked Witch of the East,0,0.0,378,7,pageviews_http_403
Wide Open Spaces (song),0,0.0,200,0,pageviews_http_403
Widows' Peak,0,0.0,70,0,pageviews_http_403
Wiel Motor Magazine,0,0.0,5,1,pageviews_http_403
Wife (film),0,0.0,60,0,pageviews_http_403
Wild Cargo (film),0,0.0,21,1,pageviews_http_403
Wild Geese II,0,0.0,77,1,pageviews_http_403
Wild Kingdom,0,0.0,143,5,pageviews_http_403
Wild Nights – Wild Nights!,0,0.0,32,1,pageviews_http_403
Wild kingdom,0,0.0,5,2,pageviews_http_403
Will Muschamp,0,0.0,453,3,pageviews_http_403
Will Theakston,0,0.0,23,0,pageviews_http_403
Will You Still Love Me?,0,0.0,1,2,pageviews_http_403
Will You Still Love Me? (EP),0,0.0,21,1,pageviews_http_403
Will You Still Love Me? (song),0,0.0,152,1,pageviews_http_403
Will to Power (band),0,0.0,83,1,pageviews_http_403
Willi,0,0.0,6,0,pageviews_http_403
Willi Dansgaard,0,0.0,39,0,pageviews_http_403
Willi Kirsei,0,0.0,95,0,pageviews_http_403
Willi Willi Caves,0,0.0,158,1,pageviews_http_403
Willi Willi National Park,0,0.0,194,0,pageviews_http_403
William Bell,0,0.0,122,10,pageviews_http_403
William Bell Scott,0,0.0,118,0,pageviews_http_403
William Blades,0,0.0,35,1,pageviews_http_403
William Collins (painter),0,0.0,128,0,pageviews_http_403
William Craig,0,0.0,33,7,pageviews_http_403
William David Willson,0,0.0,4,0,pageviews_http_403
William Ewing,0,0.0,4,2,pageviews_http_403
"William FitzGeoffrey de Mandeville, 3rd Earl of Essex",0,0.0,33,0,pageviews_http_403
William Frederick Yeames,0,0.0,66,2,pageviews_http_403
William G. Stewart,0,0.0,75,4,pageviews_http_403
William Hale Thompson,0,0.0,322,4,pageviews_http_403
William Harvey,0,0.0,729,4,pageviews_http_403
William Hay,0,0.0,18,8,pageviews_http_403
William Henry Feldon,0,0.0,9,1,pageviews_http_403
William Henry Ransom,0,0.0,7,0,pageviews_http_403
"William Hickton (cricketer, born 1884)",0,0.0,11,2,pageviews_http_403
William Hoogland,0,0.0,13,1,pageviews_http_403
William J. Lewis,0,0.0,35,0,pageviews_http_403
William Kelly (inventor),0,0.0,41,0,pageviews_http_403
William Lyman,0,0.0,1,2,pageviews_http_403
William Lyman (inventor),0,0.0,9,0,pageviews_http_403
William Marshall,0,0.0,43,8,pageviews_http_403
William Marshall Craig,0,0.0,19,0,pageviews_http_403
William McGonagle,0,0.0,42,3,pageviews_http_403
William Moffitt,0,0.0,18,1,pageviews_http_403
"William Murray, 1st Earl of Mansfield",0,0.0,562,10,pageviews_http_403
"William Nelson, 1st Earl Nelson",0,0.0,54,1,pageviews_http_403
William Ormsby-Gore,0,0.0,5,2,pageviews_http_403
William Perry,0,0.0,70,5,pageviews_http_403
William Perry Hay,0,0.0,25,0,pageviews_http_403
William Ransom,0,0.0,8,0,pageviews_http_403
William Ransom Wood,0,0.0,29,0,pageviews_http_403
William S. Burroughs,0,0.0,1910,15,pageviews_http_403
William Stewart,0,0.0,86,15,pageviews_http_403
"William de Mandeville, 3rd Earl of Essex",0,0.0,57,4,pageviews_http_403
"Williams Fork, Virginia",0,0.0,27,0,pageviews_http_403
"Williams, Virginia",0,0.0,45,0,pageviews_http_403
Willie Colon,0,0.0,16,9,pageviews_http_403
Willie Garson,0,0.0,251,1,pageviews_http_403
Willis R. Whitney,0,0.0,231,3,pageviews_http_403
Willows Gemfields,0,0.0,86,2,pageviews_http_403
Wilson Bethel,0,0.0,82,2,pageviews_http_403
Win Win (film),0,0.0,124,1,pageviews_http_403
Winchester Cathedral,0,0.0,985,2,pageviews_http_403
Winchester Model 70,0,0.0,179,2,pageviews_http_403
Winchester Public Schools (Virginia),0,0.0,7,1,pageviews_http_403
Wind at My Back,0,0.0,119,1,pageviews_http_403
Wind chill,0,0.0,1084,8,pageviews_http_403
Wind power in Australia,0,0.0,351,2,pageviews_http_403
Wind power in Iowa,0,0.0,318,0,pageviews_http_403
Wind speed,0,0.0,459,5,pageviews_http_403
Wind the Bobbin Up,0,0.0,9,1,pageviews_http_403
Windows (song),0,0.0,97,1,pageviews_http_403
Windows Server 2012,0,0.0,446,15,pageviews_http_403
Windsor Court Hotel,0,0.0,52,0,pageviews_http_403
Windy,0,0.0,25,1,pageviews_http_403
Windy (Scarlet Pleasure song),0,0.0,4,0,pageviews_http_403
Windy (The Association song),0,0.0,65,0,pageviews_http_403
Wings (1990 TV series),0,0.0,500,11,pageviews_http_403
Wings of Destiny,0,0.0,19,0,pageviews_http_403
"Winner, South Dakota",0,0.0,193,1,pageviews_http_403
Winnie-the-Pooh (book),0,0.0,437,1,pageviews_http_403
Winnipeg,0,0.0,14933,19,pageviews_http_403
Wino,0,0.0,14,4,pageviews_http_403
Winslow,0,0.0,30,3,pageviews_http_403
Winston,0,0.0,39,1,pageviews_http_403
Winter Wonderland,0,0.0,1031,5,pageviews_http_403
Winter storm naming in the United States,0,0.0,322,5,pageviews_http_403
Wisconsin Death Trip (film),0,0.0,39,0,pageviews_http_403
Wisconsin State Fair,0,0.0,116,0,pageviews_http_403
Wisconsin State Fair Park,0,0.0,367,6,pageviews_http_403
Wise,0,0.0,43,2,pageviews_http_403
Wish I Was Here,0,0.0,95,1,pageviews_http_403
Wish Upon a Star,0,0.0,66,2,pageviews_http_403
Wish You Well,0,0.0,5,2,pageviews_http_403
Wish You Well (film),0,0.0,66,0,pageviews_http_403
Wish You Well (novel),0,0.0,48,0,pageviews_http_403
Wish You Were Here (musical),0,0.0,64,0,pageviews_http_403
Wit (film),0,0.0,168,1,pageviews_http_403
Wit Szostak,0,0.0,15,1,pageviews_http_403
With (novel),0,0.0,4,2,pageviews_http_403
With Me Tonight,0,0.0,46,1,pageviews_http_403
With You I'm Born Again,0,0.0,127,0,pageviews_http_403
With a Little Help,0,0.0,26,0,pageviews_http_403
With a Little Help from Myself,0,0.0,23,2,pageviews_http_403
Without Children,0,0.0,130,1,pageviews_http_403
Without Face,0,0.0,14,0,pageviews_http_403
Without a Face,0,0.0,49,0,pageviews_http_403
Without a Woman,0,0.0,11,1,pageviews_http_403
Witney Carson,0,0.0,212,0,pageviews_http_403
Witt (poetry collection),0,0.0,80,11,pageviews_http_403
Wives (band),0,0.0,20,0,pageviews_http_403
Wives and Other Wives,0,0.0,66,0,pageviews_http_403
Wizards of the Coast,0,0.0,4203,9,pageviews_http_403
Wolek family,0,0.0,19,0,pageviews_http_403
Wolf (band),0,0.0,87,4,pageviews_http_403
Wolf (novel),0,0.0,75,1,pageviews_http_403
Wolfenbarger,0,0.0,0,0,pageviews_http_403
Woman Walks Ahead,0,0.0,94,0,pageviews_http_403
Woman Without a Face,0,0.0,154,2,pageviews_http_403
Woman in Love,0,0.0,292,5,pageviews_http_403
Woman of Straw,0,0.0,103,0,pageviews_http_403
Woman's Hour,0,0.0,988,5,pageviews_http_403
Women Who Work,0,0.0,1,1,pageviews_http_403
Women Who Work (1938 film),0,0.0,62,0,pageviews_http_403
Women Who Work (1953 film),0,0.0,22,0,pageviews_http_403
Women Who Work (book),0,0.0,9,1,pageviews_http_403
Women and Men,0,0.0,27,0,pageviews_http_403
Women in the House of Commons of the United Kingdom,0,0.0,328,2,pageviews_http_403
Women in the United States Senate,0,0.0,574,3,pageviews_http_403
Women's Boat Race,0,0.0,1379,4,pageviews_http_403
Women's Hockey Asia Cup,0,0.0,407,0,pageviews_http_403
Women's shelter,0,0.0,900,17,pageviews_http_403
Women's suffrage in Switzerland,0,0.0,1494,0,pageviews_http_403
Woo woo,0,0.0,109,7,pageviews_http_403
Woo-Woo (song),0,0.0,51,1,pageviews_http_403
Woodland High School (South Carolina),0,0.0,9,0,pageviews_http_403
Woody Woodpecker (2017 film),0,0.0,258,0,pageviews_http_403
Wool bale,0,0.0,120,4,pageviews_http_403
Woolson,0,0.0,4,0,pageviews_http_403
Woolton,0,0.0,343,2,pageviews_http_403
Woolton pie,0,0.0,262,1,pageviews_http_403
Words I Never Said,0,0.0,72,3,pageviews_http_403
Work Experience (film),0,0.0,148,0,pageviews_http_403
Work Work,0,0.0,3,2,pageviews_http_403
Work to Do,0,0.0,141,0,pageviews_http_403
Workplace Hazardous Materials Information System,0,0.0,64,4,pageviews_http_403
World,0,0.0,5153,15,pageviews_http_403
World Aquatics Championships,0,0.0,4078,18,pageviews_http_403
World Figure Skating Championships,0,0.0,3901,13,pageviews_http_403
World Film Report,0,0.0,10,0,pageviews_http_403
World Poker Tour,0,0.0,1030,15,pageviews_http_403
World Premiere (film),0,0.0,41,0,pageviews_http_403
World Rowing Championships,0,0.0,4137,3,pageviews_http_403
World Rowing Junior Championships,0,0.0,343,0,pageviews_http_403
World Trade Organization,0,0.0,6516,19,pageviews_http_403
World War II combatives,0,0.0,29,2,pageviews_http_403
World World World,0,0.0,9,3,pageviews_http_403
World Youth Day,0,0.0,1023,7,pageviews_http_403
World and Time Enough,0,0.0,12,0,pageviews_http_403
World of Dance,0,0.0,133,1,pageviews_http_403
World of Men,0,0.0,4,0,pageviews_http_403
World's Largest Buffalo,0,0.0,26,1,pageviews_http_403
World's Largest Dungeon,0,0.0,12,0,pageviews_http_403
World's largest axe,0,0.0,10,3,pageviews_http_403
World's largest windchime,0,0.0,6,0,pageviews_http_403
Worldwide LHC Computing Grid,0,0.0,133,5,pageviews_http_403
Worse,0,0.0,13,2,pageviews_http_403
Worse Things Waiting,0,0.0,73,0,pageviews_http_403
Worst (manga),0,0.0,108,1,pageviews_http_403
Wow Wow,0,0.0,116,1,pageviews_http_403
Wow! Wow! Wubbzy!,0,0.0,618,17,pageviews_http_403
WrestleMania 34,0,0.0,404,7,pageviews_http_403
Wrong Milanti,0,0.0,1,0,pageviews_http_403
Wu Zhiyang,0,0.0,0,0,pageviews_http_403
Wunder,0,0.0,14,2,pageviews_http_403
Wyclef Jean (song),0,0.0,101,0,pageviews_http_403
Władysław,0,0.0,21,4,pageviews_http_403
Władysław Dziewulski,0,0.0,18,1,pageviews_http_403
Władysław Konstanty Vasa,0,0.0,11,1,pageviews_http_403
Władysław Sławny,0,0.0,3,2,pageviews_http_403
Władysław Taczanowski,0,0.0,343,3,pageviews_http_403
X-15 (film),0,0.0,79,0,pageviews_http_403
X-Factor Investigations,0,0.0,108,1,pageviews_http_403
X-ray telescope,0,0.0,507,8,pageviews_http_403
Xbox 360,0,0.0,8568,37,pageviews_http_403
Xbox 360 controller,0,0.0,246,1,pageviews_http_403
Xennials,0,0.0,224,23,pageviews_http_403
Y. V. Chandrachud,0,0.0,126,7,pageviews_http_403
YBN,0,0.0,5,1,pageviews_http_403
YBN Nahmir,0,0.0,185,3,pageviews_http_403
Yaara,0,0.0,57,3,pageviews_http_403
Yaare Koogadali,0,0.0,66,4,pageviews_http_403
Yael (name),0,0.0,10,1,pageviews_http_403
Yael Naim,0,0.0,131,7,pageviews_http_403
Yael Rom,0,0.0,33,1,pageviews_http_403
Yahudi Ki Ladki,0,0.0,16,1,pageviews_http_403
Yahudi Ki Ladki (1933 film),0,0.0,37,0,pageviews_http_403
Yahudi Ki Ladki (1957 film),0,0.0,18,0,pageviews_http_403
Yakari,0,0.0,51,0,pageviews_http_403
"Yakari, A Spectacular Journey",0,0.0,12,0,pageviews_http_403
Yalta Conference,0,0.0,2516,12,pageviews_http_403
Yamaha,0,0.0,158,2,pageviews_http_403
Yamaha Corporation,0,0.0,2803,23,pageviews_http_403
Yamaha XT250,0,0.0,153,1,pageviews_http_403
Yang Wo,0,0.0,126,0,pageviews_http_403
Yankee Doodle Dandy,0,0.0,553,4,pageviews_http_403
"Yankton, South Dakota",0,0.0,900,7,pageviews_http_403
Yarbrough and Peoples,0,0.0,64,2,pageviews_http_403
Yare Nee Abhimani,0,0.0,53,0,pageviews_http_403
Yasuhiro Higuchi,0,0.0,161,0,pageviews_http_403
Yazawa,0,0.0,3,0,pageviews_http_403
Yazdani,0,0.0,2,1,pageviews_http_403
Yeh Raaste Hain Pyaar Ke,0,0.0,65,0,pageviews_http_403
Yeh Rishtey Hain Pyaar Ke,0,0.0,101,0,pageviews_http_403
Yellow (2006 feature film),0,0.0,24,0,pageviews_http_403
Yellow (2006 short film),0,0.0,23,0,pageviews_http_403
Yellow (2014 film),0,0.0,77,1,pageviews_http_403
Yellow (manga),0,0.0,79,1,pageviews_http_403
Yellow Line (Washington Metro),0,0.0,583,20,pageviews_http_403
Yellow Submarine (film),0,0.0,998,12,pageviews_http_403
Yentl (film),0,0.0,548,0,pageviews_http_403
Yes I Do,0,0.0,1,1,pageviews_http_403
Yesterday Once More,0,0.0,6,2,pageviews_http_403
Yesterday Once More (2004 film),0,0.0,96,0,pageviews_http_403
Yesterday Once More (2016 film),0,0.0,45,1,pageviews_http_403
Yesterday's Hero,0,0.0,42,1,pageviews_http_403
Yesterday's Hero (John Paul Young song),0,0.0,91,0,pageviews_http_403
Yesterday's Hero (disambiguation),0,0.0,1,1,pageviews_http_403
Yetu Microfinance,0,0.0,2,1,pageviews_http_403
Yevgeny Avrorin,0,0.0,62,3,pageviews_http_403
Yinka,0,0.0,7,0,pageviews_http_403
Yinka Ayenuwa,0,0.0,9,0,pageviews_http_403
Yinka Dare,0,0.0,106,0,pageviews_http_403
Yoko Yazawa,0,0.0,26,0,pageviews_http_403
"Yolande II, Countess of Nevers",0,0.0,29,6,pageviews_http_403
Yonglin,0,0.0,16,1,pageviews_http_403
Yoo Sung-je,0,0.0,5,1,pageviews_http_403
Yoo Sung-yeon,0,0.0,28,3,pageviews_http_403
Yoo Yong-sung,0,0.0,449,2,pageviews_http_403
York City F.C.,0,0.0,6210,18,pageviews_http_403
"York, New York",0,0.0,118,4,pageviews_http_403
"York, Upper Canada",0,0.0,494,1,pageviews_http_403
Yosemite Firefall,0,0.0,116,2,pageviews_http_403
Yoshiaki Demachi,0,0.0,9,0,pageviews_http_403
Yoshikawa Akimasa,0,0.0,50,0,pageviews_http_403
"Yoshikawa, Kōchi",0,0.0,9,1,pageviews_http_403
"Yoshikawa, Niigata",0,0.0,65,0,pageviews_http_403
"Yoshikawa, Saitama",0,0.0,140,5,pageviews_http_403
Yoshiki,0,0.0,24,1,pageviews_http_403
Yoshiki Hiraki,0,0.0,15,0,pageviews_http_403
Yoshiki Maeda,0,0.0,9,0,pageviews_http_403
Yoshiki Nakai,0,0.0,12,1,pageviews_http_403
Yoshiki Tonogai,0,0.0,18,0,pageviews_http_403
You Again,0,0.0,105,1,pageviews_http_403
You Again (song),0,0.0,39,3,pageviews_http_403
You Ain't Goin' Nowhere,0,0.0,194,1,pageviews_http_403
You Are,0,0.0,2,2,pageviews_http_403
You Are Free,0,0.0,54,7,pageviews_http_403
You Are Free (film),0,0.0,13,1,pageviews_http_403
"You Are My Music, You Are My Song",0,0.0,25,0,pageviews_http_403
You Are My Sister,0,0.0,52,0,pageviews_http_403
You Are My Starship,0,0.0,27,0,pageviews_http_403
You Are My Sunshine,0,0.0,1004,2,pageviews_http_403
You Are My World,0,0.0,102,1,pageviews_http_403
You Are Someone Else,0,0.0,9,0,pageviews_http_403
You Better Be Sure,0,0.0,13,0,pageviews_http_403
You Can Get It,0,0.0,10,0,pageviews_http_403
You Don't Know What It's Like,0,0.0,20,0,pageviews_http_403
You Don't Love Me,0,0.0,1,2,pageviews_http_403
You Don't Say!,0,0.0,60,2,pageviews_http_403
You Get Me,0,0.0,6,1,pageviews_http_403
You Got It (Diana Ross song),0,0.0,130,0,pageviews_http_403
You Got My Mind Messed Up,0,0.0,13,1,pageviews_http_403
You Got Nothing I Want,0,0.0,67,0,pageviews_http_403
You Just Don't Understand,0,0.0,27,1,pageviews_http_403
You Know I Love You,0,0.0,2,0,pageviews_http_403
You Know You Like It,0,0.0,89,2,pageviews_http_403
You Light Up My Life (song),0,0.0,969,1,pageviews_http_403
You Love You,0,0.0,19,5,pageviews_http_403
You Made Me,0,0.0,130,2,pageviews_http_403
You Make Loving Fun,0,0.0,269,1,pageviews_http_403
You Rock My World,0,0.0,383,1,pageviews_http_403
You Sang to Me,0,0.0,111,1,pageviews_http_403
You Sexy Thing,0,0.0,154,4,pageviews_http_403
You Sexy Thing (book),0,0.0,5,0,pageviews_http_403
You Should Be Mine,0,0.0,3,1,pageviews_http_403
You Should Be Mine (The Woo Woo Song),0,0.0,18,1,pageviews_http_403
You Tell Me,0,0.0,0,1,pageviews_http_403
You Used to Love Me,0,0.0,56,1,pageviews_http_403
You Were Never Really Here,0,0.0,128,0,pageviews_http_403
You Were Never Really Here (soundtrack),0,0.0,20,1,pageviews_http_403
You Won't Find Another Fool Like Me,0,0.0,52,0,pageviews_http_403
You Won't Let Me,0,0.0,76,0,pageviews_http_403
You Won't See Me,0,0.0,208,3,pageviews_http_403
You and I (1938 film),0,0.0,75,1,pageviews_http_403
You and Me,0,0.0,33,14,pageviews_http_403
You and Me (1938 film),0,0.0,188,0,pageviews_http_403
You and Me (2005 film),0,0.0,21,1,pageviews_http_403
You and Me Against the World,0,0.0,31,0,pageviews_http_403
You and Me Against the World (film),0,0.0,34,0,pageviews_http_403
You and Me Against the World (song),0,0.0,71,2,pageviews_http_403
You for Me,0,0.0,49,1,pageviews_http_403
You'd Be Surprised,0,0.0,245,1,pageviews_http_403
You'd Be Surprised (film),0,0.0,76,0,pageviews_http_403
You'd Be Surprised (novel),0,0.0,7,0,pageviews_http_403
You'd Be Surprised!,0,0.0,142,0,pageviews_http_403
You're My Destiny (2017 TV series),0,0.0,15,0,pageviews_http_403
You're My Home (TV series),0,0.0,46,4,pageviews_http_403
You're in the Army Now,0,0.0,120,1,pageviews_http_403
You're in the Army Now (disambiguation),0,0.0,2,0,pageviews_http_403
You're in the Army Now (song),0,0.0,22,1,pageviews_http_403
You're the Cream in My Coffee,0,0.0,59,1,pageviews_http_403
You're the One That I Want,0,0.0,632,8,pageviews_http_403
You've Got Mail,0,0.0,304,2,pageviews_http_403
You've Got Time,0,0.0,65,0,pageviews_http_403
You've Got What Gets Me,0,0.0,113,0,pageviews_http_403
"You, Me and the Apocalypse",0,0.0,294,12,pageviews_http_403
"You, Me and the Windshield",0,0.0,9,1,pageviews_http_403
Young Dracula,0,0.0,432,6,pageviews_http_403
Young Guns (film),0,0.0,226,0,pageviews_http_403
Young People (1940 film),0,0.0,199,0,pageviews_http_403
Young People (1961 film),0,0.0,18,3,pageviews_http_403
Young People (1972 film),0,0.0,69,0,pageviews_http_403
Young at Heart (1955 film),0,0.0,32,0,pageviews_http_403
Your Cheatin' Heart,0,0.0,405,3,pageviews_http_403
Your Cheatin' Heart (film),0,0.0,284,1,pageviews_http_403
Your Hands,0,0.0,4,1,pageviews_http_403
Your Hands on My Body,0,0.0,13,1,pageviews_http_403
Your Love (The Outfield song),0,0.0,267,3,pageviews_http_403
Your Man (Josh Turner song),0,0.0,66,0,pageviews_http_403
Your Safety First,0,0.0,16,1,pageviews_http_403
Youth (2002 film),0,0.0,76,0,pageviews_http_403
Youth incarceration in the United States,0,0.0,150,8,pageviews_http_403
Ys (series),0,0.0,168,7,pageviews_http_403
Yule,0,0.0,2225,18,pageviews_http_403
Yuri,0,0.0,118,11,pageviews_http_403
Yuri Gagarin,0,0.0,1557,28,pageviews_http_403
Yuri Kasahara,0,0.0,15,0,pageviews_http_403
Yuri Koroviansky,0,0.0,19,1,pageviews_http_403
Yuri Kudinov,0,0.0,53,3,pageviews_http_403
Yuryi Liadov,0,0.0,37,1,pageviews_http_403
Yutaka Demachi,0,0.0,30,0,pageviews_http_403
Yvonne von Hartel,0,0.0,11,2,pageviews_http_403
"Yvonne, Prinzessin von Burgund",0,0.0,32,0,pageviews_http_403
Zacharias (surname),0,0.0,18,3,pageviews_http_403
Zacharias Janssen,0,0.0,139,4,pageviews_http_403
Zacharias Werner,0,0.0,63,2,pageviews_http_403
Zachary Macaulay,0,0.0,100,2,pageviews_http_403
Zagreb,0,0.0,14412,94,pageviews_http_403
Zajmi,0,0.0,0,0,pageviews_http_403
Zakhar Prilepin,0,0.0,1181,3,pageviews_http_403
Zanni,0,0.0,237,2,pageviews_http_403
Zapatero (surname),0,0.0,84,0,pageviews_http_403
Zapatero District,0,0.0,81,0,pageviews_http_403
Zapatero government,0,0.0,5,3,pageviews_http_403
Zbigniew Szewczyk,0,0.0,12,0,pageviews_http_403
Zdeněk Ondřej,0,0.0,3,1,pageviews_http_403
Zealandia,0,0.0,690,5,pageviews_http_403
Zealandia vieillardii,0,0.0,7,1,pageviews_http_403
Zeeman effect,0,0.0,374,18,pageviews_http_403
Zeppelin,0,0.0,2428,10,pageviews_http_403
Zero K (novel),0,0.0,46,1,pageviews_http_403
Zeynep's Eight Days,0,0.0,14,1,pageviews_http_403
Zhang Tianxi,0,0.0,128,0,pageviews_http_403
Zhonghua minzu,0,0.0,828,11,pageviews_http_403
Zhuozi (Jin),0,0.0,53,1,pageviews_http_403
Zhuozi County,0,0.0,141,1,pageviews_http_403
Zhuozi East railway station,0,0.0,9,0,pageviews_http_403
Zhuozi Mountain,0,0.0,3,1,pageviews_http_403
Ziddi Dil Maane Na,0,0.0,54,0,pageviews_http_403
Zimmerman,0,0.0,32,1,pageviews_http_403
Zipper,0,0.0,782,11,pageviews_http_403
Zipper (film),0,0.0,28,0,pageviews_http_403
Znamensky (rural locality),0,0.0,3,0,pageviews_http_403
Zoe,0,0.0,152,10,pageviews_http_403
Zoe Boyle,0,0.0,45,0,pageviews_http_403
Zones (band),0,0.0,36,1,pageviews_http_403
Zones (novel),0,0.0,8,0,pageviews_http_403
Zoo (2007 film),0,0.0,29,2,pageviews_http_403
Zookeeper (film),0,0.0,242,1,pageviews_http_403
Zoolander 2,0,0.0,202,5,pageviews_http_403
Zoot Suit Riot (song),0,0.0,58,1,pageviews_http_403
Zoran,0,0.0,29,0,pageviews_http_403
Zoran Krušvar,0,0.0,12,1,pageviews_http_403
Zoran Rankić,0,0.0,9,1,pageviews_http_403
Zoran Šami,0,0.0,13,1,pageviews_http_403
Zosia March,0,0.0,242,2,pageviews_http_403
Zsuzsanna,0,0.0,9,0,pageviews_http_403
Zsuzsanna Németh,0,0.0,10,2,pageviews_http_403
Zsuzsanna Veress,0,0.0,7,0,pageviews_http_403
Zumba,0,0.0,300,7,pageviews_http_403
Zumba He Zumba Ha,0,0.0,31,1,pageviews_http_403
Zvonko Ivezić,0,0.0,52,1,pageviews_http_403
"¡Ay, Señor, Señor!",0,0.0,19,1,pageviews_http_403
"¡Spiritual, Spiritual!",0,0.0,6,0,pageviews_http_403
¡Sí Señor!...,0,0.0,108,5,pageviews_http_403
¡Uno!,0,0.0,236,16,pageviews_http_403
Çakıroğlu,0,0.0,0,1,pageviews_http_403
Édouard Vaillant,0,0.0,52,2,pageviews_http_403
Íngrid Betancourt,0,0.0,479,9,pageviews_http_403
Íngrid Drexel,0,0.0,70,2,pageviews_http_403
Íngrid Martz,0,0.0,46,1,pageviews_http_403
Þorsteinn,0,0.0,5,2,pageviews_http_403
Þorsteinn Bachmann,0,0.0,38,3,pageviews_http_403
Þorsteinn Gylfason,0,0.0,29,3,pageviews_http_403
Þorsteinn Pálsson,0,0.0,127,3,pageviews_http_403
Česká Bříza,0,0.0,105,2,pageviews_http_403
Đurđa Adlešič,0,0.0,77,4,pageviews_http_403
Đurđa Fočić,0,0.0,69,4,pageviews_http_403
Đurđa Ivezić,0,0.0,8,1,pageviews_http_403
Łazienki Park,0,0.0,254,10,pageviews_http_403
Łukasz,0,0.0,20,1,pageviews_http_403
Łukasz Szukała,0,0.0,79,1,pageviews_http_403
Şura,0,0.0,1,0,pageviews_http_403
Žák,0,0.0,3,1,pageviews_http_403
Μ operator,0,0.0,35,0,pageviews_http_403
