query_id,source,query,num_doc_labels,doc_name
ce40d2c4-f403-4736-ace1-7fca9c722aba,popqa,What is John Mayne's occupation?,1,John Mayne
647d126c-564b-46c6-a8a7-6eda23449e10,popqa,What is Kathy Saltzman's occupation?,1,Kathy Saltzman
e8acd86c-e651-47fa-8440-2eb759a5f5ea,popqa,What is Eleanor Davis's occupation?,2,Eleanor Davis
4d5a3c5c-4b7c-4633-a9f9-a39d9e885344,popqa,"What is William Murray, 1st Earl of Mansfield's occupation?",1,"William Murray, 1st Earl of Mansfield"
5bede7e0-5a07-480a-ba01-b2e7adffd4e2,popqa,What is Þorsteinn Bachmann's occupation?,1,Þorsteinn Bachmann
b36e15b4-74a1-433c-8a0b-ad79e29ab837,popqa,What is Jacob Kraemer's occupation?,1,Jacob Kraemer
6c512c5b-f2d6-471f-8984-5672f49f6fb7,popqa,What is Bae Geu-rin's occupation?,1,Bae Geu-rin
da59acd0-881b-42c0-b403-4b39e44a591c,popqa,What is John Floyd's occupation?,1,John Floyd (Georgia politician)
8e7e3452-5510-40d9-ac52-738cb7384ec4,popqa,What is Sachiko Kokubu's occupation?,1,Sachiko Kokubu
68c18f33-3e20-4749-88f1-bb474eb30da0,popqa,What is Akari Hayami's occupation?,3,Akari Hayami
e9a21d20-3a8c-47ee-bae8-2682720ec526,popqa,What is Paris's occupation?,1,Paris (actor under Domitian)
80a1cedb-aec4-468d-81ec-9d3ef02a8145,popqa,What is Fairfax M. Cone's occupation?,1,Fairfax M. Cone
d423a7eb-9ba3-4492-aec2-d47c6a5161f2,popqa,What is Albert Bates's occupation?,1,Albert Bates
f80d260e-da2b-4eeb-b123-4646f089d609,popqa,What is Heath's occupation?,1,Heath (musician)
39576651-e3e0-4925-b6e4-1ca30630ee22,popqa,What is Yoshiki Tonogai's occupation?,1,Yoshiki Tonogai
c005f888-4c96-44f4-875b-a769cbd6e20c,popqa,What is Thomas R. Whitney's occupation?,1,Thomas R. Whitney
83eab852-6fa6-4276-af14-18d778ec1190,popqa,What is Edwin Wallock's occupation?,1,Edwin Wallock
57972309-2b29-48eb-a6c3-cbdaeda41a84,popqa,What is Tsutomu Seki's occupation?,2,Tsutomu Seki
68d9ab39-5f61-4047-83c6-7e07bba03a83,popqa,What is Matthew McKay's occupation?,1,Matthew McKay (politician)
47335a90-c4ce-4bec-9871-a2ed211283cc,popqa,What is Dominick Bellizzi's occupation?,2,Dominick Bellizzi
893ae90f-e924-45eb-a57d-e03bdf1fd1c1,popqa,What is Brendan Canty's occupation?,3,Brendan Canty
0f89c580-f57e-48c8-a9ed-e6f5f8a944dd,popqa,What is María Elena Marqués's occupation?,2,María Elena Marqués
719d5d4b-7781-4db5-8390-f585a00eab5b,popqa,What is Patrick O'Brien Demsey's occupation?,1,Patrick O'Brien Demsey
b9f177c7-ef88-4fa5-83e5-0f8bf4d31fd1,popqa,What is Boutheina Jabnoun's occupation?,1,Boutheina Jabnoun Marai
229ce405-344e-4c96-a78d-1696fbab71c7,popqa,What is Modou Dia's occupation?,1,Modou Dia
b94bc44b-a209-4657-ba3e-7c86c2c3e1a6,popqa,What is Glenn Albrecht's occupation?,1,Glenn Albrecht
eef5462e-ecc7-4ef4-babf-7831fc73c909,popqa,What is Tobias Lindholm's occupation?,2,Tobias Lindholm
5a8d2b67-0d7f-4f54-9108-c6b8dff6434f,popqa,What is Ingrid Martinez's occupation?,1,Íngrid Martz
ce0d1bd7-042f-4503-8ef9-3c0f04e5c433,popqa,What is Tolis Voskopoulos's occupation?,1,Tolis Voskopoulos
056160dd-bd95-45e1-8f7f-c3649ee78e24,popqa,What is Marco Ameglio's occupation?,1,Marco Ameglio
2da6c37b-e4a2-44c2-a6b4-ef9c9b3cc1ef,popqa,What is Mohd Sharkar Shamsudin's occupation?,2,Mohd Sharkar Shamsudin
1d640f82-ac32-43a5-8ccc-8a502fc4f342,popqa,What is Anthony Sharp's occupation?,5,Anthony Sharp
bf96e1b4-b4f7-4c7d-9004-20759bc39f8a,popqa,What is Claire Berlinski's occupation?,1,Claire Berlinski
9fe11d6e-2634-44c3-84ff-35b6873d6750,popqa,What is Russell Stokes's occupation?,1,Russell Stokes
f88e315c-c4d8-47ee-98b0-57b309221aa3,popqa,What is C. E. Webber's occupation?,2,C. E. Webber
38878a2e-ae69-44f2-b606-b72dd15ddf92,popqa,What is Muhammad Ali Luqman's occupation?,2,Muhammad Ali Luqman
094243a1-1a81-4b07-937d-007194798264,popqa,What is Ivo Perilli's occupation?,1,Ivo Perilli
d86e4b65-10ba-44e1-8b17-e4b952e6f8af,popqa,What is Joseph Weydemeyer's occupation?,4,Joseph Weydemeyer
3c4d6443-4cf9-4e03-bbb5-f06281ff7a2b,popqa,What is Ai's occupation?,4,Ai (poet)
0281c798-3494-4ec9-a1ad-1a70e7fcf71c,popqa,What is Rinaldo del Mel's occupation?,3,Rinaldo del Mel
f7f7e3ef-e4f0-418f-b1e2-81164989b876,popqa,What is Annie Beustes's occupation?,1,Annie Beustes
b77a9faa-330e-41a2-b893-b0b98c448a3f,popqa,What is Elisa Bridges's occupation?,1,Elisa Bridges
19183d8e-60a7-4d68-a838-3360e352a774,popqa,What is Domingo Eyzaguirre's occupation?,1,Domingo Eyzaguirre
dc2e63b2-e6eb-462b-8227-30bf82d15704,popqa,What is Suzanne Lilar's occupation?,2,Suzanne Lilar
46744b36-df02-42d9-bc8d-f70a245a83e9,popqa,What is Karen Redman's occupation?,2,Karen Redman
a70ba480-c9fa-49ff-b4df-a68424d4635f,popqa,What is Eduard Looijenga's occupation?,1,Eduard Looijenga
f39724f8-39fd-4fe5-a1db-4c366c2e6988,popqa,What is Petrus Camper's occupation?,1,Petrus Camper
13a90db1-36ec-4707-ad2c-1c0afd34c24a,popqa,What is Jacopo Melani's occupation?,2,Jacopo Melani
dac9ab34-e9a4-43c1-a6c1-299711a25985,popqa,What is Charlotte von Hagn's occupation?,2,Charlotte von Hagn
1a3acc25-e593-4999-8652-612f42aff0f3,popqa,What is Michael Hutchings's occupation?,1,Michael Hutchings (chef)
59ee69b1-f4d6-4cea-bc17-2ec1f066615f,popqa,What is James Alex Msekela's occupation?,1,James Msekela
b7ea0a28-9c7f-469f-a581-845e3ff2b383,popqa,What is Hiroyuki Arai's occupation?,1,Hiroyuki Arai
305e9600-e316-46b0-9e95-2ef5dedd1178,popqa,What is Melinda Mullins's occupation?,1,Melinda Mullins
3e7842a3-416b-4e96-97a4-444e96ff0655,popqa,What is Meyer Lutz's occupation?,5,Meyer Lutz
55d7decd-7a10-4a37-9923-5e970c10be77,popqa,What is Ludwig Lichtschein's occupation?,1,Ludwig Lichtschein
941f7ab7-04dc-495f-822b-6fc8f0cc34b0,popqa,What is Władysław Sławny's occupation?,1,Władysław Sławny
b62518aa-0278-4bbb-823b-bd8c0295b153,popqa,What is Johnson's occupation?,4,Johnson (composer)
4b0ef0af-25f3-464b-a238-80b0f96395d6,popqa,What is Walter Köbel's occupation?,1,Walter Köbel
0b334104-8268-40d9-9ad7-05dbbe9bd30a,popqa,What is Debbie Johnson's occupation?,1,Debbie Johnson
89aeefef-73f0-4da1-88e0-b0e381475595,popqa,What is Kekko Fornarelli's occupation?,2,Kekko Fornarelli
08e79974-675c-4ce5-9e1d-952c088522d1,popqa,What is Adil Shamoo's occupation?,1,Adil Shamoo
2b1cbd52-01d8-4798-aac4-3893c05a368d,popqa,What is Patrick Mulvany's occupation?,1,Patrick Mulvany
0b23b2b2-5736-4599-a0f5-da43bee2461b,popqa,What is Gerard Kennedy's occupation?,1,Gerard Kennedy (actor)
27dd4b34-cfc2-4cfd-97be-1fe008e3cdcc,popqa,What is Giora Godik's occupation?,1,Giora Godik
6e1c9f55-c77a-4527-8170-e98a869f0f30,popqa,What is Lillian Lawrence's occupation?,2,Lillian Lawrence
8f4c2f14-b410-42f9-9855-843cc57c5771,popqa,What is Philip Rosenberg's occupation?,1,Philip Rosenberg
075fcad0-3d05-449c-b372-a07ebbe3d334,popqa,What is Mariana Vicente's occupation?,1,Mariana Vicente
d5a55717-ccfd-4ef7-95a5-dc6bf0ad65cf,popqa,What is Huntington Wilson's occupation?,1,Huntington Wilson
f723e4d6-b608-43ec-8f46-b0c6ce85bd15,popqa,What is Bala's occupation?,3,Bala (director)
d2e16cd5-565e-443a-b0a1-4a830d981bce,popqa,What is Steve Tom's occupation?,1,Steve Tom
38cbff2d-02dc-4190-b053-d00e63654a23,popqa,What is Ilja Rosendahl's occupation?,2,Ilja Rosendahl
a93e7f40-30ad-45f7-a3cd-19ee5d5dc492,popqa,What is Thanasis Pafilis's occupation?,2,Thanasis Pafilis
af740e63-89a7-42e0-8590-798437f7490d,popqa,What is Christopher Butson's occupation?,1,Christopher Butson (priest)
c36868e1-21bd-435d-a51b-e5c0f6b86306,popqa,What is Hate Man's occupation?,2,Hate Man
c9d7b764-40e1-4090-a025-b06c50f1d6a0,popqa,What is Rich Brightman's occupation?,1,Rich Brightman
8adda8ac-2a34-457c-8f8d-df128285da7b,popqa,What is Edward Norton's occupation?,1,Edward Norton (MP)
055869b8-82e0-4321-94cb-6dcc0a3933c0,popqa,What is Jonathan Le Billon's occupation?,3,Jonathan Le Billon
3061dbd0-d2ff-4692-94a0-e1e24bd09987,popqa,What is Eliza Lawrence's occupation?,1,Eliza Lawrence
4d70a67d-9ada-4426-9735-919c642953cf,popqa,What is Charles Combe's occupation?,1,Charles Combe
667eb8fb-d529-42e9-aae1-4f47c5fc14f2,popqa,What is GQ's occupation?,2,GQ (actor)
ada03f12-0d44-450b-b662-54ac89504269,popqa,What is John D. Maurice's occupation?,1,John D. Maurice
344b2a80-0461-485e-ab1a-aec252145cff,popqa,What is Harvey Benge's occupation?,1,Harvey Benge
967cdb76-b6e2-4d81-bd92-d1e4508fc827,popqa,What is Alan Huckle's occupation?,1,Alan Huckle
aa42b71d-d091-4982-8230-745b4352154e,popqa,What is Sylwester Braun's occupation?,1,Sylwester Braun
69891229-9313-405d-a4b7-2d8d9edbad4d,popqa,What is Jack Mackenzie's occupation?,1,Jack Mackenzie
9d5dad3e-14d6-47d1-89b2-febf0d64403e,popqa,What is Ernst Theodor Echtermeyer's occupation?,1,Ernst Theodor Echtermeyer
b713f4e2-8589-478f-9641-10592d6adccb,popqa,What is Felicia Chateloin's occupation?,1,Felicia Chateloin
7a987b7d-4618-407f-aba4-f400d076c2f6,popqa,What is Bedřich Feigl's occupation?,1,Bedřich Feigl
e1fe9412-6c1c-4a1f-b358-9b8fddb37ad5,popqa,What is Björn Böhning's occupation?,1,Björn Böhning
23a40595-4d16-4bae-a06d-90782f3c5d3d,popqa,What is Stanley Peiris's occupation?,1,Stanley Peiris
e523314a-995c-4a27-9ba1-0774e1f160bd,popqa,What is J. Da Silva's occupation?,1,J. Da Silva
d5fb047c-589f-428b-a708-ae2c6b69930d,popqa,What is Carsten Carlsen's occupation?,1,Carsten Carlsen
f78f8e3c-a0b8-4a3f-ba6c-75118e124a9b,popqa,What is Shiva Nageswara Rao's occupation?,2,Siva Nageswara Rao
3eda1b15-51e0-40c8-be10-f4f137d38239,popqa,What is Fritz Goos's occupation?,1,Fritz Goos
71380afc-fd03-410f-a6e2-69ccd15f720c,popqa,What is Alexander Gadolin's occupation?,1,Alexander Gadolin
66df9bc5-b665-4eaa-9a55-c43ca060ce1f,popqa,What is Kamya Panjabi's occupation?,2,Kamya Panjabi
6c15cc08-fa1a-44af-a4f4-6e527d830c3e,popqa,What is John Strange's occupation?,1,John Strange (diplomat)
d7d68e34-2f36-4a12-88d5-6162f8495d32,popqa,What is Everley Gregg's occupation?,3,Everley Gregg
1eecd927-ec6a-4f73-b208-1cf87dddaffa,popqa,What is Meg McCall's occupation?,1,Meg McCall
20d6d164-7b97-4160-83a3-a333f657364b,popqa,What is Todd Verow's occupation?,1,Todd Verow
988d764d-5cb4-4063-9841-b2a10498f8d8,popqa,What is Kyaw Swe's occupation?,2,Kyaw Swe (actor)
c45d06c7-db3c-427a-bdb3-a2d96cc14f19,popqa,What is Edwin H. Knopf's occupation?,1,Edwin H. Knopf
93d2366a-c962-48d0-a1f1-af84f4dc50cf,popqa,What is Tatiana Doronina's occupation?,2,Tatiana Doronina
88642e64-82a7-4ca3-b5a2-28d3c2863d4d,popqa,What is Marina Baker's occupation?,1,Marina Baker
afe555c5-8337-44b0-8afb-b9258593717d,popqa,What is Giuseppe Demachi's occupation?,1,Giuseppe Demachi
505bb088-b4f1-443d-81d8-39c23e83c98b,popqa,What is Atsushi Kaneko's occupation?,1,Atsushi Kaneko
81a21fc0-8876-4144-bc17-256dac1a34a3,popqa,What is Richard Faith's occupation?,5,Richard Faith
beac4a2f-8b22-4ba2-a581-eff46c834bb8,popqa,What is E. David Redwine's occupation?,1,E. David Redwine
d383abfb-8bdb-4729-add7-15646a2e002c,popqa,What is Chiara Zanni's occupation?,2,Chiara Zanni
f54d10e2-3f25-4f65-91f1-07f412bd4e24,popqa,What is P. J. Moloney's occupation?,1,P. J. Moloney
c616000d-04f4-446e-9d2e-29a663dc18e4,popqa,What is Andreas Rüdiger's occupation?,1,Andreas Rüdiger
bf950026-be37-40bc-8a5f-b00aaa0079ce,popqa,What is Guillem Ramon de Gironella's occupation?,1,Guillem Ramon de Gironella
51adf3b1-00f5-4de1-b6d3-6f584af23c39,popqa,What is Dima Grigoriev's occupation?,2,Dima Grigoriev
1703f7c5-12a1-44c4-9b5d-494842810951,popqa,What is Paddy Mullins's occupation?,1,Paddy Mullins
951f835e-6473-4947-88f0-e3ded9270ff0,popqa,What is Alan Mauritz Swanson's occupation?,1,Alan Mauritz Swanson
2761b804-c889-4bd6-be5d-a24285588d3a,popqa,What is Harvey William Burk's occupation?,1,Harvey William Burk
92d80130-47ff-410f-a6fc-4ea6c979d0d6,popqa,What is Richard Sandrak's occupation?,1,Richard Sandrak
ad50bd8b-05a6-460f-9d70-5cd2b4eff870,popqa,What is Jim Boyd's occupation?,3,Jim Boyd (newscaster)
64f15482-9f18-4b97-a13a-f349936a2481,popqa,What is Nosrat Karimi's occupation?,3,Nosrat Karimi
60121f60-46df-4137-b3cc-2d6c3a706c2c,popqa,What is Jörg A. Eggers's occupation?,1,Jörg A. Eggers
a2d3653e-388f-4a22-8655-db90c407cee1,popqa,What is Duilio Forte's occupation?,2,Duilio Forte
5f611ba0-0624-4d64-b66d-53978f9edaea,popqa,What is Giovanni Grasso's occupation?,1,Giovanni Grasso
4c39f148-8215-4015-b721-8d1976c22a36,popqa,What is Adam Darr's occupation?,2,Adam Darr
b148fb30-aa7c-4a80-8a1b-923ebca0add3,popqa,What is Paul Lieber's occupation?,1,Paul Lieber
157c3c0a-d614-4437-9b11-66ba60533505,popqa,What is Keiko Aizawa's occupation?,1,Keiko Aizawa
8049a209-1c8f-4c04-87ac-578f5acf1eb5,popqa,What is Petros Efthymiou's occupation?,2,Petros Efthymiou
691eaef5-3cd5-4866-824f-47aaf2735de1,popqa,What is Isobel Pravda's occupation?,1,Isobel Pravda
60fd8745-ca21-4159-b5c6-2a732e4658fc,popqa,What is Seungri's occupation?,3,Seungri
1714727f-aec8-438a-b9b6-ad7d77cfcfde,popqa,What is DM Sevilla's occupation?,1,DM Sevilla
41b26e08-614b-4957-9fcb-ed99f1870429,popqa,What is Carlo Giustini's occupation?,1,Carlo Giustini
d9a5a587-a6a5-4121-8c8c-001dd81dc6c0,popqa,What is Hugo Becker's occupation?,3,Hugo Becker (actor)
0846600f-fc75-405c-8acc-53f0e32cfade,popqa,What is Per Risvik's occupation?,1,Per Risvik
f7b700cb-4b59-4ff2-afeb-04241078870b,popqa,What is Eleanor Yule's occupation?,1,Eleanor Yule
67cf1847-e02d-4b85-b6f5-5f7a3759e8d7,popqa,What is Claire Adams's occupation?,2,Claire Adams
93df4fe9-827b-413c-a6be-f96f46be0f08,popqa,What is Lothrop Stoddard's occupation?,2,Lothrop Stoddard
fe185fbe-17c2-4a4e-8716-bad69a237d53,popqa,What is Chris Lang's occupation?,1,Chris Lang
699626ff-f911-4cbb-b305-afc74fa30dd7,popqa,What is Pamela Winslow's occupation?,1,Pamela Winslow
4f36b3fe-d47b-4d8b-bb44-0773ad84143d,popqa,What is Zoran Rankić's occupation?,1,Zoran Rankić
24d2e8bb-34e2-4a16-9bf6-3205e37724cc,popqa,What is George Minor's occupation?,1,George Minor
2d972621-0292-43d0-abb0-7d527d13e97b,popqa,What is Anjali Sudhakar's occupation?,1,Anjali Sudhakar
cafde594-c04e-48a1-b6b4-2457f05cb8ea,popqa,What is Jean Gabriel Marie's occupation?,2,Jean Gabriel Marie (1907–1970)
85358eaa-05b8-40fa-85dc-25ec1c6bc95b,popqa,What is George Birnie Esslemont's occupation?,1,George Esslemont
d344ff04-9124-4fa1-b3f6-31fc96e8ba19,popqa,What is Ajay Kumar Parida's occupation?,1,Ajay Kumar Parida
7cb6c94f-8a47-4afc-b2f3-d8438103babc,popqa,What is A. Lawrence Kocher's occupation?,2,A. Lawrence Kocher
ab70a3f6-2d7c-4c9e-bd63-8f1cd8fe1a07,popqa,What is John Andrew Martin's occupation?,1,John Andrew Martin
cca0c511-41d0-470a-9bcc-0055fdc70e08,popqa,What is Maurice Le Boucher's occupation?,1,Maurice Le Boucher
a86ac8d7-a883-4c93-89cf-c024144e219e,popqa,What is Martin Shapiro's occupation?,2,Martin Shapiro
9ca34add-2de5-4d7e-aebe-5e1f25cc1629,popqa,What is Lewis J. Rachmil's occupation?,1,Lewis J. Rachmil
70f2d97b-0fee-4340-9bf2-f9d71db39063,popqa,What is René Bégin's occupation?,1,René Bégin
917fec3c-28c4-4168-8d8e-d3368ff66b12,popqa,What is Louis O'Dea's occupation?,1,Louis O'Dea
8685d979-9d97-4c13-825d-db1a449cd7d3,popqa,What is Guo Gengmao's occupation?,2,Guo Gengmao
7c59593d-e306-4956-abca-4c1b908316a6,popqa,What is Jacques Monasch's occupation?,1,Jacques Monasch
b4ec3927-afb1-4643-b557-078ba717cf11,popqa,What is Robert Antoine's occupation?,1,Robert Antoine
a7c240c5-c90b-4f98-a1ea-8aaf2da66095,popqa,What is Howard Fowles's occupation?,1,Howard Fowles
ede1fef9-7f4d-474c-926d-459437779e7e,popqa,What is Đurđa Ivezić's occupation?,1,Đurđa Ivezić
3f3f444d-9f3e-45f0-8b73-13c351ff82f3,popqa,What is Jeet Ganguly's occupation?,3,Jeet Gannguli
836849ac-8328-4f0c-a3d6-32bb1451d5f0,popqa,What is Akimasa Nakamura's occupation?,1,Akimasa Nakamura
d595b916-f9b5-441b-92d3-9df795b1ea53,popqa,What is Jean-Marie-Victor Viel's occupation?,1,Jean-Marie-Victor Viel
bedb37f6-4af5-4a54-876c-5a0ff4b86858,popqa,What is Eckart von Hirschhausen's occupation?,3,Eckart von Hirschhausen
884adc87-8f38-4dc7-b673-94821d318857,popqa,What is Val McLane's occupation?,1,Val McLane
5a434341-c21d-49bd-8c01-856f8a45f041,popqa,What is Edwin N. Hubbell's occupation?,1,Edwin N. Hubbell
0687ac2a-fed5-48ea-8a00-ae126998736a,popqa,What is Mariví Bilbao's occupation?,3,Mariví Bilbao
62a6190c-0143-4e60-bb6f-493db96e2422,popqa,What is Dick Rude's occupation?,1,Dick Rude
f9bf75eb-decf-4344-817d-8b145bd2cbf1,popqa,What is Harding of Bristol's occupation?,1,Harding of Bristol
0a462baa-bb91-4313-8f97-ee0537435c3a,popqa,What is Gina Krog's occupation?,1,Gina Krog
1760d430-11c2-4556-ab5e-4b0a6438c9fd,popqa,What is Petr Mlsna's occupation?,1,Petr Mlsna
c95da384-b781-47fd-ac4c-a46a3bdb760b,popqa,What is Neville Ashenheim's occupation?,1,Neville Ashenheim
ec959bcf-9ced-489e-b3b4-f5f7498cfd46,popqa,What is Lorena Corona Valdés's occupation?,1,Lorena Corona Valdés
23f2d026-9a4a-4d54-b0e8-436db2f130e3,popqa,What is Honor Harger's occupation?,2,Honor Harger
4ad5a7dc-1f68-4a40-8647-cd2072befa82,popqa,What is Clement Baker's occupation?,1,Clement Baker
05c2e5a4-28c6-42db-833d-e08b890cf49a,popqa,What is Alleppey Vincent's occupation?,2,Alleppey Vincent
705d4665-fc05-4356-b257-51e38dd6d398,popqa,In what city was Belarmino Mario Chipongue born?,1,Mário Belarmino
b7ab868f-e437-428a-b63a-36845d087ab1,popqa,In what city was Raju Kaji Shakya born?,1,Raju Kaji Shakya
fbc540d2-3774-420c-89cb-64016ab7dc68,popqa,In what city was Alastair Heathcote born?,1,Alastair Heathcote
a164f20c-6794-48fe-a0d0-19dbdb771586,popqa,In what city was William Marshall Craig born?,1,William Marshall Craig
d349e1e9-3296-4cb9-a8e5-2480925cf25a,popqa,In what city was Philipp Crone born?,1,Philipp Crone
f4d76401-b38a-41de-ace2-2fb9b1fe448a,popqa,In what city was Danie Mellor born?,2,Danie Mellor
edc627f6-2667-43bf-ad03-1aed2e691c01,popqa,In what city was Endre Bálint born?,1,Endre Bálint
336464c2-53fd-4fbb-b4a6-eb25e2915513,popqa,In what city was Aleksandr Nekrasov born?,1,Aleksandr Nekrasov
fb00a45d-574a-411c-b4d6-2d80641dfff4,popqa,In what city was Charles Joseph Bonaparte born?,1,Charles Joseph Bonaparte
4311fd7c-d35f-4553-98cd-baed1bd3a8e5,popqa,In what city was Louis François Antoine Arbogast born?,1,Louis François Antoine Arbogast
ae40a1dd-0bb4-42ab-9432-961e7e3ab6af,popqa,In what city was Austin Cuvillier born?,1,Austin Cuvillier
12bcdf27-de08-42ac-aedf-11843ca2ac54,popqa,In what city was Bert Myers born?,1,Bert Myers
a43cd5a1-1e22-4ea4-bb03-29b154aca319,popqa,In what city was Scott Fraser born?,1,Scott Fraser (orienteer)
1f04f297-3769-417d-9d9c-a0648b850ce7,popqa,In what city was Giuseppe Castelli born?,1,Giuseppe Castelli (footballer)
05d9172d-3bdb-4bd5-b8a4-051d4fca663d,popqa,In what city was Jacob Duck born?,1,Jacob Duck
d5ca5e89-912e-454a-84e8-990982dd5a12,popqa,In what city was Parnelli Jones born?,1,Parnelli Jones
7466e908-1c91-4165-9ad1-9e1f504fe8af,popqa,In what city was Fernand Cornez born?,1,Fernand Cornez
2df7e93b-4e8b-413b-a2a6-3aabffc28d80,popqa,In what city was Yinka Ayenuwa born?,1,Yinka Ayenuwa
78e901ac-d5b0-41db-bdaa-96b6b303b9c9,popqa,In what city was Phil Williams born?,1,"Phil Williams (footballer, born 1958)"
2c41e0ed-312c-42cd-b9ce-1b9dafd2f740,popqa,In what city was James M. Bingham born?,1,James M. Bingham
ac3f3d38-c6a0-4fd8-ae2d-273569c8c365,popqa,In what city was Jack Kachkar born?,1,Jack Kachkar
862ea239-d3e1-455a-854d-4f4f8d4e9198,popqa,In what city was Gustavo Grondona born?,2,Gustavo Grondona
c06babd1-3f46-46c9-9300-e542a7abe671,popqa,In what city was Bastien Lecouffe-Deharme born?,1,Bastien Lecouffe-Deharme
cc5ee0c7-bb74-4930-8e9b-58b5c7ea2257,popqa,In what city was Betty Francisco born?,1,Betty Francisco
3eed2e16-01c1-47e9-834c-a04244d93910,popqa,In what city was Hans-Jörg Voigt born?,1,Hans-Jörg Voigt
c74dc0db-77c7-4988-9134-2c4372a4021b,popqa,In what city was Charlie Davis born?,1,Charlie Davis (basketball)
0735a70f-90c7-40f6-9a3e-79904f20465e,popqa,In what city was Marnus Labuschagne born?,1,Marnus Labuschagne
b4560cec-dcf9-47ff-9372-b78bb6b5eedc,popqa,In what city was Leslie Douglas Jackson born?,2,Leslie Douglas Jackson
e606a81b-ba46-421b-b4e8-f65d3e8c902b,popqa,In what city was Ricardo Maliandi born?,1,Ricardo Maliandi
f6c2af2a-5370-4187-aef9-b3ae7062888d,popqa,In what city was Alfred Jefferis Turner born?,1,Alfred Jefferis Turner
d01d1064-692d-4d9e-8fa8-dcd6b8b6f78e,popqa,In what city was Ernest Willows born?,1,Ernest Willows
275f5228-7d5b-46f6-9f24-35680eaf3acd,popqa,In what city was Andranik Migranyan born?,1,Andranik Migranyan
a008bcee-e15a-4e23-bc01-88867dc0156c,popqa,In what city was Suad Nasr born?,1,Suad Nasr
16c96382-f867-4645-aa74-534f0e255fd7,popqa,In what city was Jason Bourque born?,1,Jason Bourque
0eb330a2-a92a-4380-84eb-58cc2b358e0a,popqa,In what city was Kurt Baschwitz born?,1,Kurt Baschwitz
c060da8c-fe2d-44ed-9d5e-981e015d3493,popqa,In what city was Tim Alexander born?,1,Tim Alexander (footballer)
11f0e217-1625-4371-a9dd-59fc6b7579d3,popqa,In what city was Léopold Robert born?,1,Louis Léopold Robert
db843ea3-dcaf-46d8-8fcf-f59de4bb3723,popqa,In what city was Wang Yaping born?,1,Wang Yaping
4fcf9a01-5b65-4993-91e8-3d97a36190d1,popqa,In what city was Bob Cremins born?,1,Bob Cremins
9d0df2ef-d04b-4f64-92a6-0d8b0dc0a070,popqa,In what city was David Oppenheim born?,1,David Oppenheim (poker player)
a5b4b053-7cde-4605-b615-284952e77f2f,popqa,In what city was Luis Reece born?,1,Luis Reece
039bc7c9-dc17-4834-809d-11eebcd031cd,popqa,In what city was Eduardo Gudiño Kieffer born?,1,Eduardo Gudiño Kieffer
dc753547-47f4-47c2-9e04-d77ba90fcf11,popqa,In what city was Greg Windsperger born?,1,Greg Windsperger
29225af5-56b5-457e-8b51-c149cb78f89c,popqa,In what city was Matt Moralee born?,1,Matt Moralee
8dc3258a-bf6b-4569-82cd-a98cda8a1fc0,popqa,In what city was Petar Stambolić born?,1,Petar Stambolić
a2f0c20e-b86d-4a30-a87f-c570b1ff8f8a,popqa,In what city was Jorge Betancourt born?,1,Jorge Betancourt
8a91b87a-3b1e-4e23-b318-4c8fc1ae9891,popqa,In what city was Paul Humphries born?,1,Paul Humphries
bedfe4d9-ce82-4be3-aaa8-2fb45d599d6c,popqa,In what city was Barbara Engel born?,1,Barbara Engel
6d387481-7b37-46aa-8be0-9c51a2e68f06,popqa,In what city was Elena Romagnolo born?,1,Elena Romagnolo
e7428ecb-22dc-4337-b95c-4693d6c9e964,popqa,In what city was Joris Delle born?,1,Joris Delle
d4b36b99-8f97-4f6e-bdfa-7ad64c275eea,popqa,In what city was Stone born?,1,Stone (singer)
4fb2658d-3249-4f55-b872-c172fa0c7fc7,popqa,In what city was Maarten van Severen born?,1,Maarten van Severen
71725311-14db-4825-adfc-7da10ce4900e,popqa,In what city was Clarence Beck born?,1,Clarence Beck
8fc8fd2c-da90-40b8-a282-18f104cec7e3,popqa,In what city was Aloïs Boudry born?,1,Aloïs Boudry
467ace09-ba8b-45bf-bb9d-bdc562aa74a9,popqa,In what city was Tony Shields born?,1,Tony Shields
d403039e-f922-404c-a0d4-26acdcd09130,popqa,In what city was Amoene van Haersolte born?,1,Amoene van Haersolte
0ffd2d5e-ba53-43ce-a224-4af034d77d1d,popqa,In what city was Jim Baker born?,1,Jim Baker (footballer)
554e16dc-c491-4398-a766-642858fc99fc,popqa,In what city was Piotr Balcerzak born?,1,Piotr Balcerzak
dcbcf3a5-f665-45d8-9fdd-22719ce672e5,popqa,In what city was John Edgerton born?,1,John Edgerton
bc834aeb-ce68-4287-8036-aa4198dd2efa,popqa,In what city was Gustavo A. Madero born?,1,Gustavo A. Madero
6f96a2b8-4241-4c77-a6c5-6157e8ac1d25,popqa,In what city was Andrea di Alessandro born?,1,Andrea di Alessandro
6cc32ff2-2c49-486b-8f88-7af99ca8cc8d,popqa,In what city was Francisco Maldonado born?,1,Francisco Maldonado
e402c272-4f0e-4ebe-badf-aeee76ea5b02,popqa,In what city was Roy A. Roberts born?,1,Roy A. Roberts
982b2d7e-018a-4c4a-bd7d-eea0090587af,popqa,In what city was Donald De Lue born?,1,Donald De Lue
6bad1644-6595-485e-8303-c71502e08827,popqa,In what city was Tameem Al-Kubati born?,1,Tameem Al-Kubati
076f3925-a948-4d93-a516-1febeed37cb3,popqa,In what city was August Brand born?,1,August Brand
f79c48dd-e597-4956-abf7-4369bd38840e,popqa,In what city was Aina Kusuda born?,1,Aina Kusuda
b806793e-abf5-44f7-b7b1-b7ce20f0fef8,popqa,In what city was Giovanni Speranza born?,1,Giovanni Speranza
551c2437-4d79-4714-a4b6-b79336a87fbc,popqa,In what city was William Collins born?,1,William Collins (painter)
4cfa329e-18ab-42cf-bcea-09324fb5402d,popqa,In what city was Anton Lui born?,1,Anton Lui
8266d224-3f31-43b2-bde5-3fff0c723bef,popqa,In what city was Paul Walker born?,1,"Paul Walker (footballer, born 1977)"
2f75d38a-4101-465f-9141-215b84d8e6e6,popqa,In what city was Margaret Coit born?,1,Margaret Coit
a375bcfb-f4e0-49fb-b536-2a747610adf4,popqa,In what city was Belly born?,2,Belly (rapper)
3cdf7760-52d9-4f69-8ef3-82e7e7f638b3,popqa,In what city was Thomas D. Schall born?,1,Thomas D. Schall
2063f3b8-eee5-4013-a0be-70fbfdbb1d92,popqa,In what city was Johann Heinrich Roos born?,1,Johann Heinrich Roos
7ab268d1-6fba-449e-84d9-8225928cdff3,popqa,In what city was Antigoni Goni born?,1,Antigoni Goni
c23d1bb3-19a0-487a-94ee-85c5ceab3401,popqa,In what city was Emil Marschalk von Ostheim born?,1,Emil Marschalk von Ostheim
72edfecb-92c2-491b-be30-3518bf92166e,popqa,In what city was Esau Tjiuoro born?,1,Esau Tjiuoro
d8d37b09-40c9-49ba-8247-dad5bfd8a472,popqa,In what city was Leena Peisa born?,1,Leena Peisa
207979bf-794c-4dd8-ba5d-62c6d0d82a82,popqa,In what city was Robert Creamer born?,1,Robert Creamer
953e79d9-74d3-4617-9d28-af3cdc2bbb4f,popqa,In what city was Lois Bancroft Long born?,1,Lois Long
6cd73223-c7b3-47a3-8e4f-5555e99022f3,popqa,In what city was Manon born?,1,Manon (artist)
733af1a2-47fa-4821-906d-1d4976ca4a29,popqa,In what city was Dilson Torres born?,1,Dilson Torres
5fdf835f-2e30-4e74-af74-ebc8f9058280,popqa,In what city was Vera Dua born?,1,Vera Dua
55ad6a04-54a7-44f9-8264-fc33c730e5bb,popqa,In what city was John A. Shaud born?,1,John A. Shaud
3046c000-30c5-45f5-81d6-0a835a1ff3d9,popqa,In what city was Paris born?,1,Paris (rapper)
992e099f-cc53-4632-a7a2-823eafd333f2,popqa,In what city was Martyn Liadov born?,1,Martyn Liadov
3102049e-5005-48ec-a5a2-29e59039918c,popqa,In what city was Edgar Manas born?,1,Edgar Manas
eef9a778-125e-4bae-ab95-4676167467f1,popqa,In what city was Simon Callery born?,1,Simon Callery
967aec47-24ed-4b5c-aa36-214378e7a15a,popqa,In what city was Doc Parker born?,1,Doc Parker
8bd455ca-9caa-45d2-bded-df51af2f807d,popqa,In what city was William Perry Hay born?,1,William Perry Hay
24241c48-90a8-4841-a21e-8414c83cf526,popqa,In what city was Kirk O'Bee born?,1,Kirk O'Bee
742f34d8-c3ed-49b1-acbe-455378b1f328,popqa,In what city was Joachim Olsen born?,1,Joachim B. Olsen
1c98c7b7-c51a-4fd4-bf9b-ba446cae5b47,popqa,In what city was John Robinson born?,1,John Robinson (judge)
287bf522-418f-4ef6-b6f7-6cfe566cc084,popqa,In what city was Monster born?,1,Monster (musician)
82bc7697-cf09-4891-8b01-92331b443a9f,popqa,In what city was Anders Orvin born?,1,Anders K. Orvin
081fe9c1-0708-477b-84cf-ac9e87070fa6,popqa,In what city was Florence Marie Harsant born?,1,Florence Harsant
e942c148-0e85-445c-b513-b8a95b3650a2,popqa,In what city was Steve McDonald born?,1,Steve McDonald (cricketer)
cd78e214-7b45-4a04-819b-60ce2683c8a9,popqa,In what city was Harry W. Kvebæk born?,1,Harry W. Kvebæk
f627a834-8aa9-4435-8fb5-1af7efe5aabc,popqa,In what city was Rose Bampton born?,1,Rose Bampton
1f73ebf3-bc79-4ce5-9c92-9fe9d0febd03,popqa,In what city was Geert Brusselers born?,1,Geert Brusselers
21042758-0361-4f84-b50b-3bf22dfa5bc1,popqa,In what city was Grant Bramwell born?,1,Grant Bramwell
e4d9a58e-bc7d-49d9-8710-f5dba507fa63,popqa,In what city was Valentin Avrorin born?,1,Valentin Avrorin
8df3cb2f-c1fb-4a2d-860f-d8d80344b403,popqa,In what city was Alfred Frank Hardiman born?,1,Alfred Frank Hardiman
d81ef840-2143-4c10-92cd-59da59ef7e7e,popqa,In what city was Baptiste Lecaplain born?,1,Baptiste Lecaplain
0958d079-fb71-4b6d-b193-a41d6f8fadf9,popqa,In what city was Zsuzsanna Németh born?,1,Zsuzsanna Németh
d4323185-59dd-46dd-a20d-373cd8f746be,popqa,In what city was Joel Johnson born?,1,Joel Johnson (communications strategist)
cd3870e4-9c29-4f16-889a-4105c9909df4,popqa,In what city was John Anderson born?,1,John Anderson (racing driver)
d9839230-715a-44cd-98ee-4a440442d785,popqa,In what city was Wayne Cooper born?,1,Wayne Cooper (basketball)
481a41d0-64f2-491e-bcaf-47368a3125de,popqa,In what city was David Ogrin born?,1,David Ogrin
62997318-115d-477a-9412-5f8c1ffd011c,popqa,In what city was Amir Syamsuddin born?,1,Amir Syamsuddin
645d19b2-4da4-491c-a881-cff611a473c4,popqa,In what city was Jürgen W. Falter born?,1,Jürgen W. Falter
ed7e0ec2-bd87-4a5c-9cfb-7ec9202fb197,popqa,In what city was Blair Bush born?,1,Blair Bush
95e2a997-c980-4a75-a5a4-08e5bc1d0174,popqa,In what city was Spartaco Schergat born?,1,Spartaco Schergat
5b8e3812-6ecb-40eb-9e40-a7fdf22db8e7,popqa,In what city was H. Hugh Bancroft born?,1,H. Hugh Bancroft
feda58e0-f7e3-4e79-bde8-d7cee59faaac,popqa,In what city was Heinrich August Jäschke born?,1,Heinrich August Jäschke
0ce595d9-81b8-4a03-85fb-73b8de3add40,popqa,In what city was Julia Jones born?,1,Julia Jones (conductor)
73f54f90-2d59-4c93-bbf8-d4ca27e179b5,popqa,In what city was Gary Freear born?,1,Gary Freear
512ea79c-ce68-4e2b-9661-bfe81f12fcf4,popqa,In what city was Thomas Seaton Scott born?,1,Thomas Seaton Scott
425fff84-549b-4657-a769-743aa56b3f75,popqa,In what city was Alfredo Ramos Martínez born?,1,Alfredo Ramos Martínez
02d06b89-b291-474b-b040-673e431008a3,popqa,In what city was Andrew Carnie born?,1,Andrew Carnie
3951ea90-2801-4af2-829b-8553243acbef,popqa,In what city was Julee Cruise born?,1,Julee Cruise
670bc9f6-6aea-4d06-b296-572836b7ed72,popqa,In what city was Irving Amen born?,2,Irving Amen
fbc5ad36-a6e0-42b0-80e2-a211cac64d33,popqa,In what city was Paweł Blehm born?,1,Paweł Blehm
ca9e33f4-508e-46b4-844f-949851e8c0f0,popqa,In what city was Keri Lees born?,1,Keri Lees
1bd35f3d-ee80-4bcd-b3e6-c9ac896f8cb2,popqa,In what city was Robin Williams born?,1,Robin Williams (mathematician)
ba34f75b-9ec2-40fa-8e8e-b5903fd6d27e,popqa,In what city was John Keating born?,1,John Keating (Australian politician)
aa1a944e-fef5-4028-bd56-e2b01059ed26,popqa,In what city was John O'Brien born?,1,John O'Brien (hurler)
4590ae44-f622-4751-81f5-a2bf25fb8814,popqa,In what city was Ralph Campney born?,1,Ralph Campney
f56735c2-0080-4fbb-8f27-cdb448a877ad,popqa,In what city was Din Joe Crowley born?,1,Din Joe Crowley
a78e0704-51e1-4cf7-985b-0d00b48c1bae,popqa,In what city was Jakob Kaiser born?,1,Jakob Kaiser
4d61d73f-a439-427b-a6d2-fa29d59e6803,popqa,In what city was Emmanuel Biron born?,1,Emmanuel Biron
bac2ed05-7cd6-4866-b191-3c8bfccca037,popqa,In what city was Percy Scholes born?,1,Percy Scholes
6ce0bb89-5623-448c-a5e8-fabdddbc9f60,popqa,In what city was Nicholas French born?,1,Nicholas French
af99d1a3-d047-4d5e-8fb3-297e98737ae7,popqa,In what city was David Harris Willson born?,1,David Harris Willson
cf90d212-d07e-434f-9c73-cc8e91e035ae,popqa,In what city was Ed Parker Jr. born?,1,Ed Parker Jr.
e5a55273-fc63-4341-b804-3c3054508ce6,popqa,In what city was Alois Rašín born?,1,Alois Rašín
97f467c9-5f9a-4f34-997f-9e7ab04e5ce2,popqa,In what city was Joseph Moncure March born?,1,Joseph Moncure March
fbd0eab5-85f9-46bf-8913-edc789d7ffe7,popqa,In what city was Juha Jokela born?,1,Juha Jokela
fe0019a5-2ab1-4d44-a90f-3617068d7909,popqa,In what city was Juan Manuel Montero Vázquez born?,1,Juan Manuel Montero Vázquez
282d0d9e-7d1d-45cc-9a4b-2cf416542903,popqa,In what city was Evan Abraham born?,1,Evan Abraham
416a5518-ea91-4185-9872-a85cf5a77304,popqa,In what city was Teri DeSario born?,1,Teri DeSario
5396f871-0b73-4c51-9125-8123d4e48e8e,popqa,In what city was Bianca Guaccero born?,1,Bianca Guaccero
051bd1ff-49b8-439f-ac6c-9362d989f9e1,popqa,In what city was Dennis Havig born?,1,Dennis Havig
30d4b97d-ffdd-43d2-9f26-91b3e2381cee,popqa,In what city was Petros Tabouris born?,1,Petros Tabouris
9d86753d-2a7b-43b0-b542-bd842e24ef76,popqa,In what city was Szymon Kataszek born?,1,Szymon Kataszek
e7151810-c3f9-416e-9613-7e5c17bba502,popqa,In what city was John Mant born?,1,John Mant
285a2e52-b192-4da1-bf9b-6290c2e9e343,popqa,In what city was Marilyn Ferguson born?,1,Marilyn Ferguson
8fd3766f-7ab4-4a24-92ec-7829e94a97c4,popqa,In what city was Andrea Magi born?,1,Andrea Magi
f6887229-a32a-49e3-8602-20b3afccc4c0,popqa,In what city was Joe English born?,1,Joe English (loyalist)
59933cc5-aabf-4930-be33-630951605391,popqa,In what city was Renato Bartilotti born?,1,Renato Bartilotti
0d52599a-9fd5-4a40-96b0-2b2b9478881b,popqa,In what city was Sam Storey born?,1,Sam Storey
251b4b07-6beb-465c-8a31-d654524cffdb,popqa,In what city was Everett Glass born?,1,Everett Glass
093227dc-e229-463e-b56a-5d4f2e133edc,popqa,In what city was Shagari Mohammed born?,1,Shagari Mohammed
6d480737-35d8-4796-aac0-e7ce751f8885,popqa,In what city was Frederick Mackenzie born?,1,Frederick Mackenzie (Quebec politician)
8e59598b-a90c-4272-9c54-b6ab4358326f,popqa,In what city was Brian Kerwin born?,1,Brian Kerwin
60fee1ed-1c6a-452d-a81f-024a6c1888e2,popqa,In what city was Louis Renault born?,1,Louis Renault (jurist)
ab4a7f84-9665-4c48-87da-23d9c5e8b23a,popqa,In what city was Walter W. Arndt born?,1,Walter W. Arndt
12c90d6d-b94b-499d-b5aa-8eb60bf2cf41,popqa,In what city was Jörg Bergmeister born?,1,Jörg Bergmeister
f13ef1c0-1bc4-4189-8b78-288aeb1426d3,popqa,In what city was Karim Ojjeh born?,1,Karim Ojjeh
35be31a7-fcc4-4ac9-ae60-e37260652fe3,popqa,In what city was Édouard Vaillant born?,2,Édouard Vaillant
8c9ee319-1c93-452d-a36c-70c1c7a492e4,popqa,In what city was Gerhard Ludwig born?,1,Gerhard Ludwig
0ae7d75e-5dbd-426a-aae2-04006e6f8db1,popqa,In what city was Gaston-François de Witte born?,1,Gaston-François de Witte
d005190a-7ea4-48f5-abc3-91c46b67f4b2,popqa,In what city was Farman Behboud born?,1,Farman Behboud
8da8236a-befa-41ec-a07f-d6a7a1e3989a,popqa,In what city was Francisco María Oreamuno Bonilla born?,1,Francisco María Oreamuno Bonilla
e2a2ec1f-2f83-43e7-9c3c-45c6df182182,popqa,In what city was Martin Simonson born?,1,Martin Simonson
53ea02b2-6ad6-4f4f-81fe-27ac49a729a2,popqa,In what city was Hittman born?,1,Hittman
88b99beb-4ef0-47f3-9936-4a18976fb081,popqa,In what city was William Bell Scott born?,1,William Bell Scott
38d0640e-f341-44d3-9a46-1e538e34dc32,popqa,In what city was Karl Bartholomaeus Heller born?,1,Karl Bartholomaeus Heller
697da988-0d30-45ec-853c-2c6a8f8daafe,popqa,In what city was Richie Ashburn born?,1,Richie Ashburn
f636d858-7199-4259-a2cc-da2b74683b59,popqa,In what city was Domenico Bologna born?,1,Domenico Bologna
117bcaca-a5bc-45f4-ada0-8c9bbf4eab3c,popqa,In what city was Bruce Charles Heezen born?,1,Bruce C. Heezen
3c1a5346-99c3-4e47-a5e1-9c36ca43098b,popqa,In what city was Alexandros Matsas born?,2,Alexandros Matsas
5c21004f-189a-4876-a6ef-711ce0e92609,popqa,In what city was Hans Tikkanen born?,1,Hans Tikkanen
496cc508-4412-420e-80e6-436eb08fd0d3,popqa,In what city was Kazuhiro Suzuki born?,1,Kazuhiro Suzuki
afe16ebf-3599-4049-b682-7b2a71e2bd7d,popqa,In what city was Gino Bianco born?,1,Gino Bianco
75e3aaaa-1372-4143-b6a1-3451f1d82460,popqa,In what city was Pieter van Laer born?,1,Pieter van Laer
1aedbc12-571e-43fe-a617-1e851b524897,popqa,In what city was Gösta Eriksson born?,1,Gösta Eriksson (rowing)
f3efc588-e040-4742-8306-a133a5e9de5c,popqa,In what city was Todd Sieben born?,1,Todd Sieben
81d87ad7-957b-4f58-a9ca-408de7ed96b1,popqa,In what city was John Edward Campbell born?,1,John Edward Campbell
32746711-fbf1-4007-bac4-f2175938b9b2,popqa,In what city was Klaus Wunder born?,1,Klaus Wunder
97f15d7a-840f-4034-abcb-9954f5792533,popqa,In what city was Norbert Grund born?,1,Norbert Grund
65226e9c-a366-468f-8772-65460a560c2f,popqa,In what city was Jaakko Laakso born?,1,Jaakko Laakso
6feb59eb-adbc-43f6-bb07-c7e412f4f141,popqa,In what city was Mikael Eriksson born?,1,Mikael Eriksson (ice hockey)
b203434e-cf2f-4077-a3de-dda918e830ab,popqa,In what city was Cooper Smeaton born?,1,Cooper Smeaton
2f178cb8-cf66-4ebb-af1a-3c22b23c269f,popqa,In what city was Liam Carroll born?,1,Liam Carroll (hurler)
69c004e4-7f43-42e2-9370-031f2b54c060,popqa,In what city was George Chambers born?,1,"George Chambers (cricketer, born 1884)"
f552f031-9825-4c5d-8fff-4731d4ea6ca1,popqa,In what city was Cloe Elmo born?,1,Cloe Elmo
eb13a23f-617e-48ff-978a-68a949a0cf8d,popqa,In what city was Marie-Hélène Aubert born?,1,Marie-Hélène Aubert
3623cc21-e689-40c4-9151-481f9306aa3b,popqa,In what city was Juan Landázuri Ricketts born?,1,Juan Landázuri Ricketts
93d3a92a-384b-4970-9c08-fa7e992b9e27,popqa,In what city was hamza koudri born?,1,Hamza Koudri
a387f642-c1d3-4e22-9dea-b1c1fcdc2f71,popqa,"In what city was Francisco Fernández de la Cueva, 10th Duke of Alburquerque born?",1,"Francisco Fernández de la Cueva, 10th Duke of Alburquerque"
877155e6-4c28-4d27-8c95-e9a92b9ce895,popqa,In what city was Stig Kleven born?,1,Stig Kleven
313bb4b3-c2b6-4a23-a3c4-7ef67ab7c189,popqa,In what city was María Milagros Véliz born?,1,María Milagros Véliz
cc46fb62-0276-47df-b2ae-778165535391,popqa,In what city was Bill Fellowes born?,1,Billy Fellowes
8995bfb4-de83-49d0-a59f-cd65e37b555c,popqa,What genre is Black President?,2,Black President (band)
222bda09-9202-49c3-a8b3-b093a96b3ed0,popqa,What genre is Technology?,1,Technology (band)
c5acbae1-6db7-46f8-ad9b-554ea36fb4f2,popqa,What genre is The Details?,1,The Details
4cfa1032-d64d-4a86-bb1b-58c78de439f6,popqa,What genre is The Cross?,1,The Cross (2009 film)
d5d6cf6b-feec-4e99-a088-a255e56e1392,popqa,What genre is Organisation?,1,Organisation (band)
bd8e1d16-d5aa-412d-8bcb-15d450d5bf9e,popqa,What genre is Intersect?,1,Intersect (video game)
b4e17b86-30a1-4ac3-ba0c-8c8c6d0d2719,popqa,What genre is At This Moment?,1,At This Moment
c5df20d6-a0c8-4c58-8e47-8b9cb502ad91,popqa,What genre is All About Them?,1,All About Them
699f1765-0f1b-4e4b-9b5f-7710239ae50e,popqa,What genre is Removal?,1,Removal (band)
acfdd5b9-7082-4973-9e27-be4c59cae61e,popqa,What genre is Celebration?,1,Celebration (1970s band)
7a2e3ae5-8aaf-4275-af0c-6501bb5e9f25,popqa,What genre is Terri?,1,Terri (film)
1b9eb295-e4b8-4165-940a-686660d9f1f4,popqa,What genre is The Void?,2,The Void (2001 film)
b2d27335-13e4-4bfd-98f7-c65f82f6a24d,popqa,What genre is 2001?,1,2001 (Dr. Dre album)
2bf9a453-edec-4d4b-a7b0-1b5027dc48b7,popqa,What genre is Unknown?,2,Unknown (1988 anthology)
39f760b5-b426-4fa5-90ef-9db8b7921057,popqa,What genre is Tomato?,1,Tomato (musician)
56d72f39-44e1-437b-a700-bfa5ccb8f4a7,popqa,What genre is Roper?,1,Roper (band)
54604cb8-9f4c-4283-99aa-5c58be679ea9,popqa,What genre is Erin Beck?,1,Erin Beck
b5127cfa-42e6-4e5c-bc8c-880e58d1849b,popqa,What genre is Ark?,1,Ark (novel)
4f1588a1-8abf-4336-b948-39d23dc5b4a6,popqa,What genre is Infinity?,3,Infinity (Guru Josh album)
e2e8959b-4930-4c76-b00e-3d49832f63af,popqa,What genre is Reach?,2,Reach (Meredith Edwards album)
eb23d0e5-7582-42d8-9440-a873474cb379,popqa,What genre is Zoo?,4,Zoo (2007 film)
1287e5a4-85ca-4f71-a0d2-a606b96c8e48,popqa,What genre is No Man Friday?,1,No Man Friday
75972d3b-7fb0-470b-aedd-443dabbbea59,popqa,What genre is Troy?,1,Troy (film)
9ded19cb-5f60-4aad-b1af-810ba0fc00b5,popqa,What genre is The Gang?,2,The Gang (film)
e6eeda3d-6376-4d73-8c62-83254ad69c67,popqa,What genre is The Complex?,2,The Complex (band)
548fb8b5-9a01-4807-92ea-9ab715a52f26,popqa,What genre is Passenger?,1,Passenger (Mnemic album)
f4cbdb97-0ab5-4599-8b6f-51c4ffa7d012,popqa,What genre is The Thorn in the Heart?,1,The Thorn in the Heart
89f30838-e702-462a-862b-cdf60bc3a2a3,popqa,What genre is Bryan Spring?,1,Bryan Spring
ac77c0ed-f049-456c-8587-e2f652c66e82,popqa,What genre is Arthur William Devis?,1,Arthur William Devis
a0d1f96b-6c40-4f09-a2d2-254130df9a49,popqa,What genre is Operation Sabotage?,1,Operation Sabotage
7a21ee95-5567-4225-915c-822bca14c76f,popqa,What genre is Rides?,1,Rides (American TV series)
e7663556-7ed5-4d48-89a5-e9becb70ef4d,popqa,What genre is Rain?,1,Rain (British band)
345e9cb8-e50d-4aa7-870e-b10c272df883,popqa,What genre is The Amazing Catfish?,1,The Amazing Catfish
a3d730c9-3b70-4f5c-8f48-8bf2644c831e,popqa,What genre is Executioner's Song?,1,Executioner's Song (album)
d8adc9a5-de54-4a2f-8c96-95c687166406,popqa,What genre is Chaotic?,1,Chaotic (novella)
2e130706-240b-4963-a3ee-ff3424350552,popqa,What genre is A Brokedown Melody?,1,A Brokedown Melody
8ed6a725-37cb-4ad4-8c8a-0ab2e7f359b1,popqa,What genre is Brain Slaves?,1,Brain Slaves
8749b1cc-d864-4268-af43-51c1f378a38d,popqa,What genre is Addicted to Beauty?,1,Addicted to Beauty
9f6b4432-5cb0-4d1b-b743-3ff3b84753d5,popqa,What genre is The New World?,1,The New World (2011 film)
c00a37c4-6db1-46fb-8014-ba9178f45c52,popqa,What genre is Never Better?,4,Never Better
834be6a9-7451-44bf-a7e8-891a23e1474b,popqa,What genre is McKendree Long?,1,McKendree Long
0d21452b-53ba-4bcf-b8e4-40c127fc8397,popqa,What genre is Settle?,1,Settle (band)
d7e63ed1-166c-4db9-9ddc-a10ad3c36af1,popqa,What genre is A Taste of Honey?,2,A Taste of Honey (band)
bbdd0b1e-544e-49a1-8644-c2af4a299ac0,popqa,What genre is Target?,1,Target (1952 film)
1110591c-961d-49e6-bc79-ce28d1e7e601,popqa,What genre is Champion?,3,Champion (Nicki Minaj song)
f21e1414-fa9c-44a8-b8a8-119a4d89f5b4,popqa,What genre is Pioneer?,1,Pioneer (film)
e3d2078d-d516-41d6-8fbe-445ee96b0f2b,popqa,What genre is Bullet?,2,Bullet (novel)
f8909bae-79eb-4fca-8bfa-afeb4a0461cc,popqa,What genre is The Lost?,1,The Lost (video game)
176998fd-61e0-42c7-b104-b25d2e9fd051,popqa,What genre is Discount?,2,Discount (band)
6f0d9822-9311-4a91-b214-5d639c3d6ab8,popqa,What genre is Marty Marsala?,1,Marty Marsala
fe53ffb0-4030-4787-a9df-ff7ff5303787,popqa,What genre is Brand New?,1,Brand New (band)
0f967525-8077-4607-ac6c-56c0734f204e,popqa,What genre is Really Me?,1,Really Me
feadb274-2d51-420e-8ad9-275ef3d0c371,popqa,What genre is C. L. Blast?,1,C. L. Blast
35154903-3d77-4d3c-be5c-6133d38fd576,popqa,What genre is Million Dollar Baby?,1,Million Dollar Baby (1941 film)
ed2c4ebf-8793-4388-8edb-715934fd9f18,popqa,What genre is Jacks?,1,Jacks (band)
d5957b15-956a-4bb4-a555-d5ada7e0ec74,popqa,What genre is 22?,5,22 (Taylor Swift song)
f03c1d31-0398-4209-bbf8-673218fb901d,popqa,What genre is Worse Things Waiting?,1,Worse Things Waiting
601f643a-d98f-4b30-9b0f-ddbb5eb09046,popqa,What genre is Protocol?,1,Protocol (band)
bbc1fd3d-8783-4ff1-9c73-59e5bc0ba29a,popqa,What genre is Corrupted?,1,Corrupted (band)
a03a1448-c571-4984-8892-83f7b9b4b7b6,popqa,What genre is Mercy?,1,Mercy (2000 film)
445adb27-c8eb-4d68-bf52-eb8220394288,popqa,What genre is The Millions?,1,The Millions (band)
d5b9a0c1-845b-4d13-8709-14954e5ad60b,popqa,What genre is Driven?,1,Driven (video game)
fb9b7db1-eff9-40a5-94cc-d9490ca1325f,popqa,What genre is Gasoline?,1,Gasoline (film)
6213ab28-cc72-452c-8041-c1bb20c2e680,popqa,What genre is Pictures from an Institution?,1,Pictures from an Institution
18ab52db-c774-4617-8041-2ebd309af4a6,popqa,What genre is Charles Hayter?,1,Charles Hayter
64f84cfb-33f4-4f06-9648-46680b86398a,popqa,What genre is Irwin Goodman?,1,Irwin Goodman
cbdf59d4-fcd5-4180-bb10-f3a547498682,popqa,What genre is You Again?,1,You Again (song)
cfb6e472-45c9-4216-bf53-9726c0696e6e,popqa,What genre is The Song of the Suburbs?,1,The Song of the Suburbs
5f205815-474a-48c9-abab-3c3a0bffb6cc,popqa,What genre is Shaping Up?,1,Shaping Up
5170cf91-d937-4be8-aeb9-84811d0418ca,popqa,What genre is The Club?,3,The Club (2010 TV series)
c2056b10-5bc0-4786-b51c-89bc512903b6,popqa,What genre is Marble?,1,Marble (band)
f8fea95b-fc39-43b4-a1d6-05d0950682a8,popqa,What genre is Nely?,1,Nely
5089e4fc-eae3-4462-8e32-1c12daea385d,popqa,What genre is Results?,2,Results (film)
d7aaaec5-53f8-41e0-b5a4-c710fb67a872,popqa,What genre is Waves?,1,Waves (Charles Lloyd album)
bd0f9a7b-30ca-4b96-8c69-f2b8cc8e251b,popqa,What genre is Cut?,1,Cut (EP)
9c3be7a2-6c9c-4ac0-9572-d6ebda2f5a62,popqa,What genre is Stories?,1,Stories (Mayumi Iizuka album)
8ef7d4f6-a851-46f0-96dd-304c150ca78b,popqa,What genre is MASH?,1,M*A*S*H (film)
c84a726f-50bd-4a2a-9762-2ec7df349a2c,popqa,What genre is Most of Me?,1,Most of Me
849526f0-7ac7-43fa-aba0-84505c2ca6bc,popqa,What genre is New Favorite?,1,New Favorite
f1499ff7-523a-4fcb-a412-356a46c539d8,popqa,What genre is Pulse?,1,Pulse (video game)
e7885e66-9cef-47ec-8d35-237d274fee9d,popqa,What genre is Positive?,1,Positive (1990 film)
9c22ddb0-7641-43f5-afa0-8432c80e0eb2,popqa,What genre is Sly?,1,Sly (band)
7b28abac-cb93-4c5a-b9a3-c210e8b30611,popqa,What genre is Eve?,1,Eve (South Korean band)
cd86dbb9-b840-41fc-aad9-217117039389,popqa,What genre is Wave?,1,Wave (T-Square album)
69c32115-120e-4a58-91fc-c68c942d2d65,popqa,What genre is Pre?,1,Pre (band)
0af6a489-675f-4107-ab0d-c6f16302c21f,popqa,What genre is Deivos?,1,Deivos (band)
318bcf9f-5a5c-455d-bb88-13a6011ac691,popqa,What genre is The Wall?,2,The Wall (2011 film)
9bd933a7-0e94-49ca-a20a-8580d6e73f81,popqa,What genre is Something Near?,1,Something Near
0ab0d496-dc0d-4adf-9e66-7a11ff4b9d83,popqa,What genre is Slow?,1,Slow (DJ)
b89fb8d3-e77e-457b-8485-7c4285fd350e,popqa,What genre is Normal Life?,1,Normal Life (TV series)
df1ab393-f56e-4f29-a1ab-3fda0b825ea3,popqa,What genre is Chariot Race?,1,Chariot Race
c2fd0b6d-ec0b-40d0-a7a6-2e16e4857a9c,popqa,What genre is United States?,1,United States (TV series)
4930afff-811a-4215-b8fa-90e8884d62cf,popqa,What genre is In My Life?,1,In My Life (Cilla Black album)
0ad42207-8433-42cb-96af-751cff310c85,popqa,What genre is Ef?,1,Ef (band)
fc733a08-fc69-4f90-9bd5-aa6cce9732ec,popqa,What genre is The Take?,1,The Take (Welsh band)
84642642-c875-417d-825e-bbca372a68ab,popqa,What genre is Agboola Shadare?,1,Agboola Shadare
40776496-13cd-469e-a4cf-481a998cd568,popqa,What genre is Mystery Date?,1,Mystery Date
aa26eff7-d928-4fbd-b133-685fb792db0b,popqa,What genre is Second Time Around?,1,Second Time Around (TV series)
c51d4dc9-2170-41e0-b701-e7d3924c4f1e,popqa,What genre is The Unlovables?,1,The Unlovables
1928d3ca-293c-4f35-806e-9ae96743b22f,popqa,What genre is With a Little Help?,1,With a Little Help
e798253c-3733-486d-a0f0-3185897f5cd2,popqa,What genre is Satanic Slaughter?,1,Satanic Slaughter
94ffe3af-cb69-47fd-b1ca-2e7e3544b048,popqa,What genre is David Cobb?,1,David Cobb (artist)
0de02215-f275-4d6e-a034-1ff7a3b74a13,popqa,What genre is Love in Magic?,1,Love in Magic
a46435ba-4aa4-425b-b371-4ebdac290595,popqa,What genre is Q?,1,Q... (TV series)
81c986e7-2ef6-4cb0-95a3-ca71a9a879d7,popqa,What genre is Chocolate?,2,Chocolate (band)
e90d520e-0ff4-4d5a-bb78-7237c044c6b8,popqa,What genre is Mars?,1,Mars (1968 film)
d45479a4-f2ca-4a94-8e80-63f27bbd8db7,popqa,What genre is Spiral?,1,Spiral (2014 film)
b12d49ad-b856-4f52-a769-82e365e7417c,popqa,What genre is Return?,1,Return (1985 film)
5e66d8a3-37c4-4ba9-b481-fac0e4703405,popqa,What genre is Morning?,1,Morning (magazine)
1731f468-4169-45bc-92d5-4ac2b87eb430,popqa,What genre is Gone?,2,Gone (Kelly Clarkson song)
541e8ea1-2f48-4e32-b79a-a747054c02ea,popqa,What genre is Early B?,2,Early B
cd09736a-9a55-4823-9871-eed158f796ef,popqa,What genre is Overseas?,1,Overseas (band)
f345de14-4861-4fb9-8a5b-68a8d9ecdc0a,popqa,What genre is Rest?,1,Rest (band)
e009836b-1ed1-40e7-b149-723c9dd89fcf,popqa,What genre is Hamilton?,1,Hamilton (1998 film)
34bc539f-20cb-4b3c-b5cc-dfdd93c00852,popqa,What genre is Se Amar Mon Kereche?,1,Se Amar Mon Kereche
b5867ac1-adfc-4dd4-b911-981ea6d05d76,popqa,What genre is Tempting Danger?,1,Tempting Danger
9e50b3f2-8e26-49e7-91e3-17124f0d4e7c,popqa,What genre is Amen?,1,Amen (TV series)
c93b2532-a736-4095-9089-c827feab4c64,popqa,What genre is TEEN?,1,Teen (band)
1fa5debc-d58c-4c90-ba2b-96cb2ee8e355,popqa,What genre is Quick?,2,Quick (2011 film)
d5f792ff-9758-4f90-ab6a-eee3465d7381,popqa,What genre is The Sea?,1,The Sea (1933 film)
607aa191-6aa8-40ad-a4b4-3bfc24b0a728,popqa,What genre is Asa Higuchi?,1,Asa Higuchi
703f6420-caf1-4356-a851-6fbc8c403285,popqa,What genre is The Good Guy?,1,The Good Guy (film)
11bec764-b7f9-436f-b511-fd0c7a5d9887,popqa,What genre is Paris?,1,Paris (1994 TV series)
0bb4af1c-8f08-4397-bd5f-18bc733a38c5,popqa,What genre is Brown Sugar?,1,Brown Sugar (1922 film)
8a01cffa-842b-42ca-a19c-4005529ddd94,popqa,What genre is Drama?,1,Drama (Aaron Yan EP)
95a0ac98-e181-43d2-b9d0-b7f4fe2626e2,popqa,What genre is 58?,1,58 (band)
8a4e5001-9196-4256-b860-21e84ee479b5,popqa,What genre is Snow?,1,Snow (1963 film)
e97725de-6d88-4b38-8559-966d86718037,popqa,What genre is Prestige?,3,Prestige Records
1f936fa4-53f9-453a-8b5f-b94fc2838acb,popqa,What genre is Punishment?,1,Punishment (TV series)
2c13d9c1-c817-4414-989c-7dab0b84c82d,popqa,What genre is Deep End?,1,Deep End (short story)
37cbac94-e2ef-4188-880a-d24e4f617566,popqa,What genre is Chambers?,1,Chambers (series)
d704ac53-fdad-4f7c-ba73-1d3a08ce232d,popqa,What genre is Wake?,1,Wake (2009 film)
52d12d53-7ea2-4987-8fc4-6594b42dc25e,popqa,What genre is Compass?,1,Compass (Simpson)
cf788199-e4ca-4820-ac38-fc87a51c3a64,popqa,What genre is A Little More Love?,1,A Little More Love (Vince Gill song)
789f55b9-66ae-4935-af5a-63a0bdfb3bdf,popqa,What genre is Nine?,1,Nine (band)
d4b8c473-bb43-4d73-84d3-93d16b17ddf7,popqa,What genre is Masterpiece?,1,Masterpiece (Mami Kawada song)
d305fce6-449f-413f-b597-bddac6185ae0,popqa,What genre is Hot Cop?,2,Hot Cop
1fe7ca9f-40b7-4f86-91d9-9296fc472fe3,popqa,What genre is Servant?,3,Servant (band)
94813fae-4cf7-47db-b988-01550f3ae389,popqa,What genre is Off the Black?,1,Off the Black
388e9586-84d4-4424-98c5-bf78a1ea2f19,popqa,What genre is Idaho?,1,Idaho (1943 film)
d4d0f138-1234-4a0e-865b-321fa4aa424d,popqa,What genre is Creatures?,1,Creatures (1990 video game)
a100cedf-ef90-4c8b-bd6c-09b757056fff,popqa,What genre is Nova?,1,Nova (Dutch band)
84412101-d6fc-4a9e-be32-bddab978dc0c,popqa,What genre is Ruth Berman Harris?,1,Ruth Berman Harris (harpist)
2f635d19-84ce-4804-9a70-4fce5b9aef40,popqa,What genre is This Is Not?,1,This Is Not
6544e18c-5c50-4067-b41a-6905bea78364,popqa,What genre is Mario Talavera?,1,Mario Talavera
f99e2fcd-70aa-4d0e-8bd1-d7fb68f8f266,popqa,What genre is The Attack?,1,The Attack (band)
3c847cdf-10c8-49e1-b0b2-2d22f6289d9d,popqa,What genre is Ordeal in Space?,1,Ordeal in Space
88842946-7c8f-4b84-b837-dacdad4b7d39,popqa,What genre is Just a Matter of Time?,1,Just a Matter of Time (novel)
1134c5c6-ac89-4360-81f5-d6ad2dad1eb1,popqa,What genre is Shin?,1,Shin (band)
23c4680f-8599-4f32-b076-c5ab69670543,popqa,What genre is The Fashion?,1,The Fashion
e06eaa5a-a6aa-43e8-8070-df1581ec34b7,popqa,What genre is Sripada Pinakapani?,1,Sripada Pinakapani
68b1cd57-68b5-4494-869b-fce93bedfb22,popqa,What genre is Children Without?,1,Children Without
3f2ac1d5-d792-4cd5-a870-5e02c32b9ade,popqa,What genre is For a Friend?,1,For a Friend
ca313cf5-a896-46d6-b236-66cf4d4713ec,popqa,What genre is Eight Days?,1,Eight Days
6e23db59-2843-4b5f-9209-0c7fbff0b342,popqa,What genre is Surgery?,1,Surgery (band)
1fedb316-5837-43ec-a64c-906130db1efe,popqa,What genre is El honorable Señor Valdez?,1,El honorable Señor Valdez
b3022f2c-5b28-4e2d-89ea-4e8307ece8eb,popqa,What genre is Piel?,3,Piel (TV series)
11baa045-5386-4d3f-948f-bbf079f9acf3,popqa,What genre is Wolf?,3,Wolf (band)
631743eb-1e98-4a41-aea8-e5e1562d2ef9,popqa,What genre is Thomas Morris?,1,Thomas Morris (musician)
5e4508c9-5d7a-46b6-bb8a-7fadcd9d6778,popqa,What genre is Collaboration West?,1,Collaboration West
5aa9c3a6-2720-4c4e-bba6-bc8e7448d8d5,popqa,What genre is 7B?,1,7B (band)
2c3317c8-7849-41a6-999f-9bd8caccc294,popqa,What genre is Joe Mooney?,2,Joe Mooney (musician)
0231b184-35a8-44b5-8a18-0e4d9bcef94f,popqa,What genre is Still Life?,2,Still Life (1970s UK band)
eee8e9d9-6cae-4592-82f8-6c33c41312ce,popqa,What genre is The Candidate?,1,The Candidate (1980 film)
a6fca1c0-ee41-4b39-95c1-fde3606854d4,popqa,What genre is The Prize?,1,The Prize (1963 film)
f61b1923-7b24-4d8c-9175-aa774573b0e0,popqa,What genre is Caught?,1,Caught (1996 film)
bef7d90c-0bdd-42bb-8f43-9dbb9e3ffbad,popqa,What genre is Coral Records?,1,Coral Records
6ad55f4a-f074-4d73-95cb-927e996dfa11,popqa,What genre is Foxy Brown?,1,Foxy Brown (singer)
d3d5b094-d2d5-4372-a987-4853447b4822,popqa,What genre is Zones?,1,Zones (novel)
6d44f75f-f875-465e-9ff5-2330291a0e10,popqa,What genre is Options?,1,Options (novel)
1232c071-970d-47ae-acdf-88c32a285920,popqa,What genre is Disturbed?,1,Disturbed (film)
85bfcfd3-fd1b-4bb3-af3a-b71b504a4641,popqa,What genre is Eating?,1,Eating (film)
67af6597-8e73-448c-88ec-1a76943029e5,popqa,What genre is The Dive?,1,The Dive (1990 film)
4a1530f2-5ca5-4f88-8c49-236b9086b3a3,popqa,What genre is White House?,1,White House (film)
628aa151-34ff-495d-96c3-de19477c112f,popqa,What genre is Ripped Off?,1,Ripped Off
5d3e6ebf-24de-4a7f-9e24-42950a6ee913,popqa,What genre is Motor?,1,Motor (Australian magazine)
7e523961-d57b-452a-87e9-1fc96a1dd0f5,popqa,What genre is Tug?,1,Tug (film)
057c6c18-7f95-4db1-9599-7dab9edf9d3a,popqa,What genre is Gene?,1,Gene (novel)
0862263e-e153-4eba-879f-8075bed8910d,popqa,What genre is The Institute?,1,The Institute (2013 film)
03a8c72a-aabb-4093-bcfc-158e05306a9e,popqa,What genre is Bone Eater?,1,Bone Eater
c85ba63e-f021-4e4a-a7c3-ef75a35e98a3,popqa,What genre is World of Men?,1,World of Men
c08341b4-2e06-4d5c-8eaf-ea7d13022556,popqa,What genre is You Are Free?,1,You Are Free (film)
46fc95be-74d6-4806-b543-ae4fd902a3a9,popqa,What genre is Puzzle Series?,1,Puzzle Series
1b046691-451a-4aef-97a2-666bd7a8b3cc,popqa,What genre is Omen?,1,Omen (Blutengel album)
a1a3333f-d99e-4df9-a505-445301732c3c,popqa,What genre is Storm Master?,1,Storm Master
ebdb7c73-94d2-4dcb-9151-837e0c64a533,popqa,What genre is The Expert?,1,The Expert (album)
10c9e8cb-a706-4c93-9304-59b29189b8b4,popqa,What genre is Shark Monroe?,1,Shark Monroe
b90ba09d-64ef-4b60-8b3b-9cabd98c168d,popqa,What genre is The Unknown?,1,The Unknown (1946 film)
dad37376-34bb-4e41-a6c4-17fb0cb0b8b6,popqa,What genre is The Storm?,1,The Storm (2009 film)
35d74a4c-7064-45f3-b1bc-7580d1f9715e,popqa,What genre is About Us?,1,About Us (song)
1749d174-45d3-4563-8caf-18a2b50349b3,popqa,What genre is Minnesota?,1,Minnesota (band)
448256e6-4c08-496b-b6e5-880b51b50d84,popqa,What genre is Zipper?,1,Zipper (film)
5a3ba67c-6190-453a-9947-1ebda176d033,popqa,What genre is Hunter?,1,Hunter (video game)
511ba024-e5ac-495f-afa4-e502d1591c14,popqa,What genre is Motherland?,3,Motherland (2010 film)
83d1aa42-d9dd-46d0-a655-0acefd623a16,popqa,What genre is Maximiano de Sousa?,1,Maximiano de Sousa
41f9fee3-c0d2-4988-ba2a-bdc92c16bf4f,popqa,What genre is Culture?,1,Culture (band)
f9ae2d21-9f7f-4b52-88be-41a5690ddb78,popqa,What genre is Hellgate?,1,Hellgate (1952 film)
4e8d15a4-3bfb-4a15-85c2-dc77ea78b8f5,popqa,What genre is Strength?,1,Strength (Japanese band)
3acb6e20-a6a4-4415-9724-7bef4c9ea678,popqa,What genre is The City?,1,The City (1999 TV series)
81e370a9-dc70-4d11-ad83-6ff153bfe7f1,popqa,What genre is Deadline?,1,Deadline (band)
1070dc63-572d-455a-9823-7f55dc33fb03,popqa,What genre is Touring Band 2000?,1,Touring Band 2000
09a01180-7209-43b8-9048-c099026dcdf5,popqa,What genre is Good News?,1,Good News (novel)
df815310-04be-4a22-afdb-7e44c82cb6df,popqa,What genre is The Firm?,1,The Firm (album)
702df064-c417-4f0f-bf82-487b9a175518,popqa,What genre is The Marauders?,2,The Marauders (1955 film)
ffe67eee-12f1-4e03-b356-3b3dcbe9e258,popqa,What genre is Stranger?,1,Stranger (video game)
356292c8-890e-4cd6-bcd9-b93041505913,popqa,What genre is Trouble?,1,Trouble (Heaven 17 song)
8ebe894c-eae6-47a8-a832-a13d0c786819,popqa,What genre is Let It Go?,1,Let It Go (Fe song)
29029d95-212d-4b97-a9bc-26db57d7cc51,popqa,What genre is The Body?,2,The Body (Sapir novel)
ed3f1e97-bf9a-49bf-9aad-ff333dcf6969,popqa,What genre is The Congress?,1,The Congress (1988 film)
f5322638-bfb0-4dbc-8a36-24116ebf9d5b,popqa,What genre is Junction?,1,Junction (video game)
988574a2-c703-433f-9254-aa2826ff9c43,popqa,What genre is Caught?,1,Caught (1931 film)
9f229582-04f7-494c-b0dc-ea3d068e6d82,popqa,What genre is Cover You?,1,Cover You
90640f17-69b9-4174-a952-53edc1b4a0c2,popqa,What genre is Right of Way?,1,Right of Way (album)
ca9d2e7c-184c-4d8a-9a7e-6c9556e8216a,popqa,What genre is Oni?,2,Oni (video game)
2c50b32b-940c-4baf-b452-9f041758082b,popqa,What genre is Will to Power?,2,Will to Power (band)
2b1155d5-e913-4319-b824-3a28ee1d7b1b,popqa,What genre is Proof?,1,Proof (1991 film)
a068b8c1-b41e-44d4-a45f-a96a658d576d,popqa,What genre is Enzo Pietropaoli?,1,Enzo Pietropaoli
da50a2b0-6db4-4606-b3ab-f0d35176eebd,popqa,What genre is Betrayal?,1,Betrayal (1932 film)
3094dc94-e390-439f-ad27-71a2ac3ee01e,popqa,What genre is Look Around You?,1,Look Around You
d7bd05bb-d322-491d-a87d-438b90261d63,popqa,What genre is Discount?,1,Discount (film)
d0e59490-a557-4a02-88ca-e9d25400ac89,popqa,What genre is Colors?,1,Colors (film)
283e4199-324f-4f60-9536-76cd34a4028f,popqa,What genre is HiM?,1,HiM (American band)
0e8896fe-1f5c-4811-9f75-184dc8428a11,popqa,What genre is The Shot?,1,The Shot (TV series)
2daf6f14-2e85-46f3-bca4-bc138fd07497,popqa,What genre is ID A?,1,ID A
05cb7326-41a4-47f8-902a-eca637014fbb,popqa,What genre is Incorporated?,3,Incorporated (Grip Inc. album)
6d26bea5-44c2-438a-bfbe-2263ca37fab1,popqa,What genre is The Governor?,1,The Governor (New Zealand TV series)
10ddd320-fab9-43b1-8934-9f4c64e134f1,popqa,What genre is Jeffrey?,1,Jeffrey (1995 film)
aa52dc4a-3be2-4018-85bf-cd0fcfafc754,popqa,What genre is Francesco Guardi?,3,Francesco Guardi
9f13a4bc-bfb1-46d0-98f7-9fe22f9d08f9,popqa,What genre is Right There?,1,Right There (film)
69c452e3-984a-43f9-9c90-5718e02a12f0,popqa,What genre is El usurpador?,1,El usurpador
8d06cfb8-7616-46ad-83e5-2327a9821e78,popqa,What genre is The Moment?,1,The Moment (Aaron Yan album)
699fc939-90d8-4796-84da-898d0ed057eb,popqa,What genre is El Aura?,1,The Aura (film)
50be69b6-00a2-412e-a1e7-e918bc20b735,popqa,What genre is Symbolic?,2,Symbolic (Death album)
7d6ce844-7386-466e-8b4c-5d84e55b68ab,popqa,What genre is The Secret?,1,The Secret (2007 film)
9a051df3-02e8-4877-9583-d85a83299b9f,popqa,What genre is Being There?,4,Being There
8b0737b5-85a7-4df0-aed6-8e44c385cbdb,popqa,What genre is The Great Outdoors?,1,The Great Outdoors (British TV series)
ad5f7b36-7ef5-43ed-a347-2c30a440b2d3,popqa,What genre is Info?,1,Info (band)
2352ce16-c20f-4f4a-a1a2-4d3dc7c33a4e,popqa,What genre is Niall Toner?,1,Niall Toner
c650c500-425b-4846-a450-13f034803a68,popqa,What genre is Tilt?,1,Tilt (American band)
7b8e0821-e3dc-48d2-a3d6-dee4e8a34b5a,popqa,What genre is Ben Branch?,1,Ben Branch
56b542d5-06a7-4140-b802-b2c4c31aaef1,popqa,What genre is Background?,1,Background (1973 film)
6fc0de71-dd1d-475d-b62c-c83a2505dfe7,popqa,What genre is Node?,1,Node (band)
110d5634-5668-49a5-8daa-11024a9d53ad,popqa,What genre is THC?,1,T.H.C. (band)
7e57fc4c-d09a-4049-8901-f2effae215da,popqa,What genre is Snake River Conspiracy?,2,Snake River Conspiracy
8f79cdfc-2a75-4bf7-8e93-76211965af2c,popqa,What genre is La nudité toute nue?,1,La nudité toute nue
30d05772-ad85-4fd6-9ab7-2b898ef56d4b,popqa,What genre is Lagoon?,1,Lagoon (video game)
f9bcd73a-b803-4285-93b5-53e3c472b816,popqa,What genre is The Planet?,1,The Planet (film)
179a63fe-6e98-4df7-824a-2949d4860448,popqa,What genre is The Fifth Wheel?,1,The Fifth Wheel (film)
5de5d6d1-e5a8-43d0-b1b5-8d10ad20fc82,popqa,What genre is Light Years?,2,Light Years (band)
aa7978ac-e8ca-4df7-8ecc-a32c10fffd4c,popqa,What genre is Turbo?,4,Turbo (video game)
406864d8-3c91-4639-b53c-a12b5e74fd3b,popqa,What genre is Fishing?,1,Fishing (sculpture)
aee3d7f9-d739-4b0a-93c8-ab20c9caa46b,popqa,What genre is Pur?,1,Pur (band)
a8f6af0f-ea22-4903-b492-3166a728493c,popqa,What genre is How to Deal?,1,How to Deal
6167e9ee-519e-4c6e-9334-2c5df1e90cd3,popqa,What genre is The Rev?,2,The Rev
c9f9a8c6-dd0d-45ec-ae72-aadfb2e7e342,popqa,What genre is Plus?,3,Plus (band)
47d62e6e-112f-4014-b0f9-146f78a80dc9,popqa,What genre is The Arab?,1,The Arab (1915 film)
564fd452-6080-42ee-af73-12d3bb62f8fb,popqa,What genre is Angel?,1,Angel (1960 TV series)
c682e5e5-d42e-47e3-ac01-2a767dcedda4,popqa,What genre is West?,1,West (song)
4afd6629-2388-4d71-8343-416d1a1b24d5,popqa,What genre is All Over Me?,3,All Over Me (Josh Turner song)
b7e5b18f-b4e5-4e55-918d-6ed9434fda11,popqa,What genre is Speak?,1,Speak (band)
106b69cc-ef67-44cd-a008-bb6a730272fb,popqa,What genre is Glass?,1,Glass (1958 film)
7d4428a6-3ca4-4ca6-b3bd-6ca2b4b47888,popqa,What genre is The Very Things?,1,The Very Things
257c2397-a683-467f-94e0-28c613001e95,popqa,What genre is LETTERS?,1,LETTERS
1e664ad5-dbf3-497a-94f5-980368f9d287,popqa,What genre is The Good Life?,1,The Good Life (band)
94e26ab9-530b-4750-9bc9-15d6ac0e9f7c,popqa,What genre is SIG?,1,SIG (band)
6d5cd0ca-9626-4462-80fc-ee1428f83b51,popqa,What genre is Together?,2,Together (2000 film)
1ff02486-f403-4e04-8dbb-351249d391f3,popqa,What genre is The Copper?,2,The Copper (1958 film)
7bdbb78d-67c3-462e-b20b-8800e25ba88d,popqa,What genre is Brave?,1,Brave (1994 film)
0bdd6104-9cb4-48df-9a38-971590d0871e,popqa,What genre is The Blue Aura?,1,The Blue Aura
f2208e24-4bb3-4fbb-99be-b386846e1165,popqa,What genre is The Well?,1,The Well (1951 film)
cc6876e7-e288-45fb-b8ce-e824d5e6ae18,popqa,What genre is Silence?,1,Silence (1931 film)
ef0a2967-6d8b-4b62-8f91-08f64ed1d18a,popqa,What genre is Close to Home?,5,Close to Home (1989 TV series)
477ccb15-2097-49dc-b236-99fb4ec9c280,popqa,What genre is Delete Yourself!?,1,Delete Yourself!
81f66898-bd78-4be7-b6e2-34672a5e672f,popqa,What genre is Royal Journey?,2,Royal Journey
2e41b453-78a2-456a-93eb-dba14f0f058d,popqa,What genre is Between God?,1,"Between God, the Devil and a Winchester"
040adbfa-c293-4c6f-9c71-aa67d9ba2f5b,popqa,What genre is Report?,1,Report (film)
4a64104c-4669-4119-b00b-ca7eb79a94a3,popqa,What genre is Alexander Beggrov?,1,Alexander Beggrov
d7a34fef-e4f2-4f9f-9d4d-ac6d699bd5c1,popqa,What genre is Wives?,1,Wives (band)
77fd2d88-8fae-4b66-b99b-f1fb5bffd3d0,popqa,What genre is Signal?,1,Signal (band)
57ed956a-399c-4735-8035-17b80d90cc30,popqa,Who is the father of Remco Campert?,2,Remco Campert
b29e65d5-724f-49cb-8cec-abb03b2a3e6d,popqa,Who is the father of Isaac II Angelos?,1,Isaac II Angelos
4440c399-ebce-4ac9-acec-84c1ae9ed152,popqa,Who is the father of Hampton?,1,Hampton (horse)
f8677a56-a1b0-4f1c-8776-64c71ab0ea73,popqa,Who is the father of Huw Edwards?,1,Huw Edwards
a8064131-f501-40c7-9f3e-3f52bd3f82ee,popqa,Who is the father of MacGregor Knox?,1,MacGregor Knox
9ecf27d6-7086-47de-b8f6-a81d15b36109,popqa,Who is the father of Alexander?,1,Alexander (son of Polyperchon)
fce97fdd-c14e-4720-90ca-e763638ed362,popqa,Who is the father of Shi Jian?,1,Shi Jian
6cb457d7-866b-4441-8317-e84dafd90f2e,popqa,Who is the father of Carl Valentin Falsen?,1,Carl Valentin Falsen
2cb3c9ef-24c0-4769-8b2a-bf07470d8e45,popqa,Who is the father of Sune Sik?,1,Sune Sik
7e544f8f-6e3b-483b-8f37-104ada6b98e5,popqa,Who is the father of Radim Gaudentius?,1,Radim Gaudentius
47ee4926-2275-48a3-b2ac-691294e1f1bf,popqa,Who is the father of George Washington?,2,George Washington (horse)
0aa37313-2a01-4b30-a2e3-046798e21be7,popqa,Who is the father of Carlo de' Medici?,1,Carlo de' Medici (cardinal)
656a2f85-2924-471f-92f8-8dc6e1819416,popqa,Who is the father of Sally Aw?,1,Sally Aw
bf7a048f-ff16-477d-a37b-410b52f5924b,popqa,Who is the father of Meleager?,1,Meleager (king)
986856c2-a14c-4912-8ac9-218cdfa88e79,popqa,Who is the father of Kebek?,1,Kebek
8bd87dd3-e039-4a01-a63d-8d83068be6fd,popqa,Who is the father of Eleanor Beaufort?,1,Eleanor Beaufort
70b978a5-266e-42cd-a56e-685cd8899ad3,popqa,Who is the father of Efficient?,1,Efficient (horse)
8f38a4f8-62ae-406d-aa41-7c0399f43df0,popqa,Who is the father of Sophie of Legnica?,1,Sophie of Legnica
747ba60c-3c58-48bc-abc5-45ccf8260639,popqa,Who is the father of Reveal?,1,Reveal (rapper)
5909fc35-184f-4bdd-93af-6c9998e351d1,popqa,Who is the father of Li Xian?,3,Prince Zhanghuai
091fef53-7f77-4e05-b51e-b2e4b0854ae8,popqa,Who is the father of Abby Rockefeller?,1,Abby Rockefeller (ecologist)
e8e56c41-07fd-4818-b197-958134998088,popqa,Who is the father of Ariarathes V of Cappadocia?,1,Ariarathes V of Cappadocia
2b042f4a-cc44-4451-b598-8ff3fb81bdd4,popqa,Who is the father of Goi?,1,Goi of Baekje
024876b0-2c20-4cf3-8b94-d6a605497842,popqa,Who is the father of Natalia Kukulska?,1,Natalia Kukulska
384ba587-858f-42ef-812d-23787b01ab37,popqa,Who is the father of Sebastian Asch?,1,Sebastian Asch
0a235b6e-de89-4c48-8561-a6b33e067c07,popqa,"Who is the father of Johann VII, Duke of Mecklenburg?",1,"John VII, Duke of Mecklenburg-Schwerin"
b39ce86c-4319-4d41-ad7c-23601ad3b67e,popqa,Who is the father of Erwin Neutzsky-Wulff?,1,Erwin Neutzsky-Wulff
f2c63071-98fc-41c6-945f-b6cde35fb055,popqa,Who is the father of Zhang Tianxi?,1,Zhang Tianxi
9017e734-b3ff-4d46-85b2-7dcc0fc46dba,popqa,"Who is the father of Ermengarde, Viscountess of Narbonne?",1,"Ermengarde, Viscountess of Narbonne"
203055a5-8783-4d0c-ae95-9c5d37faee77,popqa,Who is the father of Rajshree?,1,Rajshree
f63d68a6-0484-442a-867a-cf00e5cc097b,popqa,Who is the father of Blue Peter?,1,Blue Peter (American horse)
705b0382-b401-41b1-9526-cfbb7c5c2a03,popqa,Who is the father of Iorwerth Drwyndwn?,2,Iorwerth Drwyndwn
dcef9193-3c5c-4562-93bf-f404be179d96,popqa,Who is the father of Brad Armstrong?,1,Brad Armstrong (wrestler)
5501c302-3f32-470f-b5b6-01335c7111e8,popqa,Who is the father of Frederick Converse Beach?,1,Frederick Converse Beach
12a3bc9f-3bd2-47ba-882b-afb6b53bd08a,popqa,Who is the father of Archduchess Assunta of Austria?,1,Archduchess Assunta of Austria
a1c4e5c7-eeca-4b1e-aa24-afafd0d7eac6,popqa,Who is the father of Abbot Oliba?,1,Abbot Oliba
00e67f3c-dd68-4322-8467-5840f5592467,popqa,Who is the father of George II of Brieg?,1,George II of Brieg
2fc5577b-707e-4629-9258-177e03f53aa1,popqa,Who is the father of Princess Maria of Greece and Denmark?,5,Princess Maria of Greece and Denmark
07313beb-eaeb-43fa-8359-1f974b8b8958,popqa,"Who is the father of Theobald Butler, 1st Viscount Butler of Tulleophelim?",2,"Theobald Butler, 1st Viscount Butler of Tulleophelim"
2416ff87-d6c8-4168-996f-091cb60bd9bc,popqa,Who is the father of Arjun Sarja?,2,Arjun Sarja
b95f4238-1411-4e83-b265-81c538df9a73,popqa,Who is the father of Alexander Graham Bell?,1,Alexander Graham Bell
eac44ba1-c3c5-4401-9e37-a7897ce0bdc9,popqa,Who is the father of Frans Pourbus the Elder?,1,Frans Pourbus the Elder
80ccb4eb-b6e6-464f-a7bb-4ad952418b7c,popqa,Who is the father of Jitendra Narayan?,1,Jitendra Narayan
8911b153-23b9-42f6-a2f1-c96943c0319b,popqa,Who is the father of Melora Hardin?,1,Melora Hardin
1fb56573-02f6-41ee-a7dd-eb67326cbe3b,popqa,"Who is the father of Richard Somerset, 2nd Baron Raglan?",1,"Richard Somerset, 2nd Baron Raglan"
12d548ac-ba46-43fd-b1f3-952d4b89adb0,popqa,Who is the father of Arvinder Singh Lovely?,1,Arvinder Singh Lovely (Deoli MLA)
0dbc05bc-ac4a-4125-807b-1a729999baff,popqa,Who is the father of Zhuozi?,1,Zhuozi (Jin)
da34e4ee-0ea9-4a27-bd12-3a6232333562,popqa,Who is the father of Eudamidas III?,1,Eudamidas III
36659075-a811-469c-a162-f20bf69a8420,popqa,Who is the father of Joan of Arc?,1,Joan of Arc
cb036dcf-6d57-40dd-b0af-f97cf9b057fa,popqa,Who is the father of Charites?,2,Charites
9a0a54b9-17b2-4455-a918-be98526aa4ed,popqa,Who is the father of Skyline?,1,Skyline (horse)
b26efb75-ec73-4f11-8fe1-c2cba842ea92,popqa,Who is the father of Prized?,1,Prized
e9f8edcc-753c-421d-b571-3ac3c2e676b1,popqa,"Who is the father of Emma Portman, Viscountess Portman?",1,"Emma Portman, Baroness Portman"
3316bb3a-90c8-4046-8cbd-5a2aa752dc20,popqa,Who is the father of Anagarika Dharmapala?,1,Anagarika Dharmapala
212aab96-4130-4853-99bf-17c950318984,popqa,Who is the father of Regal Embrace?,1,Regal Embrace
0c519264-f5e1-4ec3-ba2d-52cdb1d0a2cb,popqa,Who is the father of Brew?,1,Brew (horse)
58445000-aa4d-4808-8672-5fd53c618f6f,popqa,Who is the father of Liu Ruyi?,2,Liu Ruyi
3e418d46-5e8e-45af-b7a1-7a39619b9c6a,popqa,Who is the father of Susan Landau Finch?,1,Susan Landau Finch
403e94cc-7553-4de7-ba72-4a8c3db0770b,popqa,Who is the father of Colcu mac Domnaill?,1,Colcu mac Domnaill
cf2cbaa7-717d-4573-aaf2-8f396e2e5b25,popqa,Who is the father of Daud Khan Karrani?,1,Daud Khan Karrani
366330a1-6f62-4405-8e20-2c61ca8a2672,popqa,Who is the father of Isaac B. Desha?,2,Isaac B. Desha
f8f1d30b-f8af-41e5-99ce-881aab69423a,popqa,Who is the father of Yang Wo?,4,Yang Wo
f0b64112-4432-407a-9ec1-e9b05ea870e1,popqa,Who is the father of Bal Thackeray?,2,Bal Thackeray
06671f60-e552-4d84-9f9e-9023aec4115e,popqa,Who is the father of Dagobert III?,1,Dagobert III
d07f8399-91c9-4924-9316-990923167b03,popqa,Who is the father of Lee Baxter?,1,Lee Baxter
2bb1c4f3-a008-44f1-8992-efa21f11943a,popqa,Who is the father of Ki?,1,Princess Ki
e2ce66a2-c1fa-4607-80d8-f3b22fb17a5b,popqa,Who is the father of Corbin Bleu?,1,Corbin Bleu
e6a34f30-ce34-478c-ad51-ae846bbac91a,popqa,Who is the father of Michael II Apafi?,1,Michael II Apafi
9142a188-f162-4a24-a96d-22c88d48b4dc,popqa,Who is the father of Levan Gruzinsky?,1,Levan Gruzinsky
8bfab0ec-18c4-451a-9051-15f4efdab7b6,popqa,Who is the father of Dahyabhai Patel?,1,Dahyabhai Patel
16e06e27-b857-4eb4-8c49-dbf84f8f4876,popqa,Who is the father of Came Home?,1,Came Home
2c900438-b1e9-47e7-875f-53e7557f4dfd,popqa,Who is the father of Count Palatine Joseph Charles of Sulzbach?,2,Count Palatine Joseph Charles of Sulzbach
161078af-0183-4b5e-bd4c-008c7f1758f8,popqa,Who is the father of Clem Michael?,1,Clem Michael
9d4f9599-1805-4af7-9429-f82f08dfe7e5,popqa,Who is the father of Konstanty Władysław Filip Sobieski?,2,Konstanty Władysław Sobieski
7140315f-eb78-4dfa-9002-2a453b71d553,popqa,Who is the father of Eric Anundsson?,2,Eric Anundsson
dfde1354-ef78-48ad-aa86-5493b5ff54d4,popqa,Who is the father of Dance in the Dark?,1,Dance in the Dark (horse)
c91c5bf3-6b75-4c20-ac1b-3bb084ce9700,popqa,Who is the father of Pierre Joxe?,2,Pierre Joxe
0d98c2fd-2375-40e6-b6ec-429e23b54bba,popqa,Who is the father of Susan Crown?,1,Susan Crown
804229f0-41fd-46b0-a4a4-72af6c960d25,popqa,Who is the father of Sybilla of Normandy?,1,Sybilla of Normandy
eee77486-7b3c-463b-812f-fad8b6a14089,popqa,Who is the father of Stephen Lee?,2,Stephen Lee (chemist)
171786e4-3b59-425a-aaee-665728733748,popqa,Who is the father of Seol Chong?,1,Seol Chong
782ea1c4-b572-48fd-8c47-e3013c51eac1,popqa,Who is the father of Aun?,1,Aun
c4cfc672-341a-41b1-af10-efe56f5f0a60,popqa,Who is the father of But Why Not?,1,But Why Not
f47f5287-40be-4037-bc3d-0ce0c1067bed,popqa,Who is the father of Match II?,1,Match II
e19eb04e-d05e-4bf6-89df-23cc46031c4c,popqa,Who is the father of Concern?,1,Concern (horse)
31842763-c058-474d-9d7b-1d29824dc22b,popqa,Who is the father of Amenemopet?,1,Amenemopet (prince)
33d728c9-889a-464d-9d6f-290fc048138f,popqa,Who is the father of Hormizd II?,3,Hormizd II
9c43cf53-548b-491e-9042-05b7ef7fe368,popqa,Who is the father of Reset?,1,Reset (horse)
a684772c-0932-4982-b31a-b91e0db97704,popqa,"Who is the father of Frederick IV, Elector Palatine?",1,"Frederick IV, Elector Palatine"
2f23d61f-8848-4b3c-a0d0-fd507f2ed525,popqa,Who is the father of Court Martial?,1,Court Martial (horse)
7d2c576b-1d92-4d04-8c26-e137da812e46,popqa,Who is the father of Isaac Bowman?,1,Isaac Bowman
bca161ed-85d7-4707-9843-d26a86ef445b,popqa,Who is the father of Caveat?,1,Caveat (horse)
0e2f4379-78ab-4aa8-95eb-f35003be1e3c,popqa,Who is the father of Anton II of Georgia?,2,Anton II of Georgia
a5daf8b1-ddea-4804-8d79-449364585645,popqa,Who is the father of Leir of Britain?,1,Leir of Britain
e82659fd-c366-4917-a7d0-7cf0a13f747e,popqa,Who is the father of Salmon?,1,Salmon (biblical figure)
ea44a7ff-0e5e-4a00-95d5-3778c4646706,popqa,Who is the father of Charismatic?,1,Charismatic (horse)
c2530eb6-e357-4847-9621-4b32a8e8302c,popqa,Who is the father of Mojmir II?,1,Mojmir II of Moravia
7de29d65-1b40-4f5a-ae5a-f6db58c17f87,popqa,Who is the father of Dixie Union?,1,Dixie Union (horse)
9b756ead-11c5-4447-ae8d-b023b2473519,popqa,Who is the father of Herbert Richmond?,1,Herbert Richmond
4861e7d8-765d-4277-b8e0-f804c8e397fa,popqa,"Who is the father of Edward Lloyd-Mostyn, 2nd Baron Mostyn?",1,"Edward Lloyd-Mostyn, 2nd Baron Mostyn"
7b229bc0-abe5-45e1-88e8-9288f2746458,popqa,Who is the father of Djer?,1,Djer
f65a12f4-edbf-46bc-acb1-e46e17985382,popqa,Who is the father of Proud Clarion?,1,Proud Clarion
27183d3a-92b4-47a1-9d46-6eb829246755,popqa,Who is the father of Marvell Thomas?,1,Marvell Thomas
1ec3c072-081f-4385-b6ac-810dbf386ed7,popqa,Who is the father of Manila?,1,Manila (horse)
c4e97309-86f2-4137-a979-061edc119397,popqa,Who is the father of Ragnall mac Gofraid?,2,Ragnall mac Gofraid
06a611c7-2f03-4db3-b79d-7658fd359c7c,popqa,Who is the father of John Shaw-Lefevre?,1,John Shaw Lefevre
14634096-5602-4170-a35d-dab6bb40af41,popqa,Who is the father of Ghazan Marri?,1,Ghazan Marri
035a7277-c37a-4b91-bd8e-e4624cd0d50e,popqa,Who is the father of Azazel Jacobs?,1,Azazel Jacobs
50a39ea8-2f12-4765-a55f-8674b8c5f3e4,popqa,Who is the father of Now What?,1,Now What (horse)
1a5ba143-af97-40bf-99bb-4ccb896c71a1,popqa,Who is the father of Robert?,1,"Robert, Count of Clermont"
b3dc8b4f-7538-453d-91dc-54687e9a57ec,popqa,Who is the father of Charlotte Napoléone Bonaparte?,1,Charlotte Bonaparte
f40b9d8d-20d9-4694-92ef-f011f70ffda7,popqa,"Who is the father of William de Mandeville, 3rd Earl of Essex?",1,"William de Mandeville, 3rd Earl of Essex"
044398c2-d3eb-448a-8364-6ad4d727d4a6,popqa,Who is the father of Ludwig Feuerbach?,1,Ludwig Feuerbach
aaca6f79-3096-424d-8c32-896213013b9a,popqa,Who is the father of Therese Huber?,1,Therese Huber
4c21f108-4186-43e8-a056-a2150effc4df,popqa,"Who is the father of Sir Capel Molyneux, 3rd Baronet?",1,"Sir Capel Molyneux, 3rd Baronet"
099b1265-4713-4faf-8444-f7b247ffb05f,popqa,Who is the father of Emperor Saga?,1,Emperor Saga
6c287bc9-f031-4dcd-81fd-95807db52ddf,popqa,Who is the father of Jeremy Howard?,1,Jeremy Howard (actor)
748f6dfa-9ed3-4f15-ae6c-7e25d42ac85d,popqa,Who is the father of John?,1,"John, Count Palatine of Neumarkt"
13f904b3-9ef6-4df4-b429-a1a164a891f2,popqa,Who is the father of Karyn Kupcinet?,1,Karyn Kupcinet
e5d93a0b-8f84-4060-98b7-1abef3eae750,popqa,Who is the father of John Donkin?,1,John Donkin
227d5e5e-1b41-487f-8edf-451c8bdc870b,popqa,Who is the father of One Count?,1,One Count
abbf4cf6-545a-46fd-a550-8e15ff5faae4,popqa,Who is the father of Ours?,1,Ours (singer)
d4678178-4045-4193-bb30-fa7605e0d444,popqa,Who is the father of Searching?,1,Searching (horse)
ecb3d36d-882e-4746-8a20-9a6427639f3c,popqa,"Who is the father of Hedwig of France, Countess of Nevers?",1,"Hedwig of France, Countess of Nevers"
1bcbe36a-af56-4035-b7ae-73e4620b7cf9,popqa,Who is the father of Yonglin?,1,Yonglin
96b8d1c5-971b-4a73-8a04-5c526f81575d,popqa,Who is the father of Coastal?,1,Coastal (horse)
bb51fe51-1674-4528-9a76-e42758bde4f1,popqa,Who is the father of Yoko Yazawa?,1,Yoko Yazawa
3a512ec3-8c4e-4691-833b-65daf0f57e94,popqa,Who is the father of Armed?,1,Armed
0a645c81-80e3-414a-9cf5-8e4d6bc134c2,popqa,Who is the father of Smile?,2,Smile (horse)
a1688bee-3440-4355-bee2-76d89c38e553,popqa,Who is the father of Eunomia?,1,Eunomia
85280b6c-ebda-4004-92e5-4dbfd1232a25,popqa,Who is the father of Tanya?,1,Tanya (horse)
b6e8dad6-6c5f-465e-826f-dfe423c48831,popqa,In what country is Ago?,1,"Ago, Mie"
8c1ead1e-86c3-4292-9817-3800d4ae4f8f,popqa,In what country is Dublin?,1,"Dublin, North Carolina"
82776041-467c-4777-aaab-c06ca2222b7c,popqa,In what country is Footes?,3,"Footes, New York"
de54b516-0c8d-44e2-8698-d25645a8bc2d,popqa,In what country is Seishi Ursula Gakuen Junior College?,5,Seishi Ursula Gakuen Junior College
0e2aa2bc-b9f1-44dc-a795-5c646b43a620,popqa,In what country is Kawahigashi Station?,5,Kawahigashi Station (Fukushima)
f2faf0e7-d3a3-409b-8fd4-786891b3a95e,popqa,In what country is Genoa?,1,"Genoa, Minnesota"
b7f87840-c2f5-4329-92a8-8a6e463029d5,popqa,In what country is Lent?,1,"Lent, Ain"
f82a4561-fc8f-4d2a-8ae1-d8f33bfa2e02,popqa,In what country is Lambertz Open by STAWAG?,3,Lambertz Open by STAWAG
26ee72fc-a2aa-4ece-af53-d22c6f0f8796,popqa,Who was the producer of Maari?,2,Maari (film)
3dcb4bcb-9d64-4a55-8645-d88c677c7c46,popqa,Who was the producer of The Master?,1,The Master (1992 film)
f4c7eb3f-9377-48df-86fe-a4a4eebee04c,popqa,Who was the producer of Game?,1,Game (2011 film)
928588d5-8d41-4c49-9a0c-c96dc6e38afc,popqa,Who was the producer of The Formula?,1,The Formula (1980 film)
711add0d-95ed-443b-99af-5315b9df5cd5,popqa,Who was the producer of Hero?,1,Hero (1992 film)
ded67595-19b2-4667-8c48-0bab40df8afc,popqa,Who was the producer of Hell?,1,Hell (1994 film)
3cad03c9-ad2e-4547-beb0-a9cb9a618c09,popqa,Who was the producer of Money?,1,Money (1993 film)
e0adae82-7563-4705-81c5-47af85f56935,popqa,Who was the producer of Alice?,1,Alice (2005 film)
2f86df4b-7a30-416b-8ff8-4467ff5d7096,popqa,Who was the producer of Lanka?,1,Lanka (2011 film)
086c7b6c-83c5-4436-a78f-6a79bbc39cc0,popqa,Who was the producer of Peck's Bad Girl?,1,Peck's Bad Girl
bc1a4afe-ce77-4dbb-806c-d256327c6b5d,popqa,Who was the producer of Power?,1,Power (2014 Telugu film)
baa85135-eb2a-4694-85b1-bff33abe3e04,popqa,Who was the producer of Be Cool?,1,Be Cool
4b1d76bf-873a-4ace-8bb9-27ae8dfba207,popqa,Who was the producer of Jane?,1,Jane (1915 film)
99498223-7c6b-49d2-bc05-f1beb1828cf9,popqa,Who was the producer of Flame?,1,Flame (1996 film)
9ba44206-019f-4dd0-a3ac-be5aac64b894,popqa,Who was the producer of Rehab?,3,Rehab (Amy Winehouse song)
bce35de4-575f-4b3b-9809-eb6e115deb8c,popqa,Who was the producer of Hen Hop?,1,Hen Hop
4769114c-493e-494a-bf2b-595766a75023,popqa,Who was the producer of Episode?,1,Episode (film)
d41d3c3f-c286-43ba-b92b-08b06f173000,popqa,Who was the producer of Day After Day?,2,Day After Day (Badfinger song)
4e810ca5-f626-41a4-8fb5-219caeab735a,popqa,Who was the producer of A Better Place?,1,A Better Place
77f8a19c-8f36-4d37-9a11-712a679575f2,popqa,Who was the producer of Billions?,1,Billions (film)
3347aff7-57f8-46f2-a43c-f42e06adfd7b,popqa,Who was the producer of D?,1,D (film)
c5420a11-3019-4d56-bec6-088577f7d1b0,popqa,Who was the producer of Five Children and It?,2,Five Children and It (film)
63604051-92c9-45c3-ac0c-d1384defdfaa,popqa,Who was the producer of The Bait?,1,The Bait (1921 film)
6ffc3fd2-3f4b-47df-a188-dae1376f254f,popqa,Who was the producer of RV?,1,RV (film)
9debeac4-6fe5-40ef-96c1-a15584a79466,popqa,Who was the producer of Mission Kashmir?,1,Mission Kashmir
34ee00e8-567b-42eb-930d-fbe1d07787ee,popqa,Who was the producer of LOL?,1,LOL (2006 film)
da5c6439-5b02-40e1-ba42-e212e75d1795,popqa,Who was the producer of Most?,1,Most (2003 film)
9c7b32c8-34d2-47eb-ab69-fb4f0504ad3f,popqa,Who was the producer of Criminal?,1,Criminal (2004 film)
fe4c91d2-c156-4326-a5de-fae1ac32f893,popqa,Who was the producer of The Drum?,1,The Drum (1938 film)
09373a07-5f0b-4069-944f-63315057e50a,popqa,Who was the producer of Q?,1,Q (1982 film)
d6c39607-8d06-450f-8d0f-041f863be85f,popqa,Who was the producer of The Lost Bridegroom?,1,The Lost Bridegroom
49d3618c-872d-4492-b93a-40b815d94561,popqa,Who was the producer of Numbers?,1,Numbers (TV series)
f1604f17-e726-4328-948f-39e10fa57056,popqa,Who was the producer of The Situation?,1,The Situation (film)
d622eb05-aebb-49fe-8e8d-5faa55b75bfe,popqa,Who was the producer of Da?,1,Da (film)
cd09ce76-100d-49b6-876f-f5f71891c30d,popqa,Who was the producer of The Meeting?,1,The Meeting (2012 film)
d159a349-9938-4b13-810f-1d30c900f86e,popqa,Who was the producer of The Little Prince?,2,The Little Prince (1974 film)
f51cda02-c385-4e89-bdf8-071796397dbe,popqa,Who was the producer of Circus?,1,Circus (2009 film)
ff1c809c-75ef-42d7-8d9d-06cd5a6aeb26,popqa,Who was the producer of The Gorilla?,1,The Gorilla (1927 film)
f450ff77-fe0d-4987-9b56-1d9d1c0d1150,popqa,Who was the producer of Bush?,2,Bush (album)
5a94e11d-bd28-4203-87bc-9f6358134051,popqa,Who was the producer of Taken?,1,Taken (miniseries)
196b835f-f48a-40bf-ae3a-1f98cdfbebcb,popqa,Who was the producer of The Pioneers?,1,The Pioneers (1916 film)
68a1f58b-754d-4c23-985c-77e307807ec6,popqa,Who was the producer of Jay?,1,Jay (album)
3089c906-eb1a-42eb-a645-d8131ca07c7d,popqa,Who was the producer of Another Year?,1,Another Year (film)
8f84590b-b13c-44b0-aca4-9cb5d03080ab,popqa,Who was the producer of Storms?,1,Storms (Nanci Griffith album)
6ecbafdf-5d6d-4bcd-afd2-a38fea1ff855,popqa,Who was the producer of Let America Laugh?,1,Let America Laugh
e77de2d3-d18f-47b4-8b46-9c2ea6874409,popqa,Who was the producer of The Trial?,1,The Trial (1993 film)
13c78dbc-d869-40e1-80c6-8b2bebcc2ba5,popqa,Who was the producer of Trick?,1,Trick (1999 film)
2162ad66-7914-400f-b1d3-399ed508ae70,popqa,Who was the producer of The Promise?,1,The Promise (1979 film)
b333dc96-0aeb-40be-9c5c-87b2213a885b,popqa,Who was the producer of Arena?,1,Arena (1989 film)
802d7102-076d-411b-b55f-360d1949deb5,popqa,Who was the producer of The Baby on the Barge?,1,The Baby on the Barge
fca66536-043b-4b0f-a446-c46b37f836b4,popqa,Who was the producer of Skyline?,1,Skyline (Yann Tiersen album)
a8971099-f3ae-4b69-9018-882f9729f24b,popqa,Who was the producer of Dawn?,1,Dawn (1928 film)
038ac98f-13c5-40a1-b341-ba08dc3b1786,popqa,Who was the producer of Fear?,1,Fear (1996 film)
27893327-ac2b-49be-9be5-666acef56e34,popqa,Who was the producer of New?,1,New (Paul McCartney song)
63dae63a-d74f-45bf-849f-e374462d8473,popqa,Who was the producer of The Cocoanuts?,1,The Cocoanuts
32629157-d9a7-4147-a6ba-9021094bc22c,popqa,Who was the producer of Swan Lake?,1,Swan Lake (1981 film)
83ac166d-fe33-4c8e-a9ef-5e4b0a1f3cac,popqa,Who was the producer of Smart People?,1,Smart People
682b7b49-648e-4325-8eb3-03621c3faa78,popqa,Who was the producer of Rain?,1,Rain (1929 film)
d6cfe6aa-ab85-42c7-a37b-3dbea3aa722f,popqa,Who was the producer of The Trap?,1,The Trap (1913 film)
def6a4a5-3488-4c54-aaab-d6c37a9136cd,popqa,Who was the producer of Evidence?,1,Evidence (1929 film)
1752a690-7689-41f9-8e9c-4c108f21b9e9,popqa,Who was the producer of Brothers?,1,Brothers (2007 film)
596aaa75-c7df-4bbf-b744-b2e54eaa7d8f,popqa,Who was the producer of Dil?,1,Dil (2003 film)
ea3bf5f0-9c0a-49df-80c6-13e94bea6960,popqa,Who was the producer of Pumpkin?,1,Pumpkin (film)
2e4e0d05-6859-4231-93a7-c8aa9cade0ff,popqa,Who was the producer of Cracks?,1,Cracks (film)
52e96ca6-0b81-4a28-85e5-a09c08bd0766,popqa,Who was the producer of Restless?,2,Restless (2011 film)
6acce71d-52c9-4a04-b121-2dab841a9c4f,popqa,Who was the producer of Tenure?,1,Tenure (film)
1b36cc7f-28fc-4ced-8b87-68e9c6cc1527,popqa,Who was the producer of About Face?,1,About Face (album)
9766faae-fd41-41c0-a483-672376e7d7cc,popqa,Who was the producer of Wave?,2,Wave (Patti Smith Group album)
ae1b61d3-2fa6-4d98-894e-fa45d6874137,popqa,Who was the producer of The Cheyenne Social Club?,1,The Cheyenne Social Club
19f06ac1-f627-40a6-8cf0-68d0f4a39dff,popqa,Who was the producer of Family Law?,1,Family Law (film)
cf5400ee-5a34-4372-b3f2-85d0474d9afe,popqa,Who was the producer of Chrome?,1,Chrome (Trace Adkins album)
3831b700-e6d4-48fb-858c-2a0cdc28c217,popqa,Who was the producer of Daddy?,1,Daddy (2001 film)
41df5805-9385-4b32-93b0-8a16f75c7d14,popqa,Who was the producer of 76?,1,76 (album)
c0795ce9-f08d-4e83-8894-30c09950826b,popqa,Who was the producer of The Harvest Shall Come?,1,The Harvest Shall Come
7c4aa34b-f7e0-4b3a-a1fc-b9460b87c1ad,popqa,Who was the producer of Red Light?,2,Red Light (film)
97adc258-02ec-4b5c-b9c3-71aeb62692cc,popqa,Who was the producer of PK?,1,PK (film)
5fee4059-c4c2-4f69-a430-2192519d853c,popqa,Who was the producer of Run?,2,Run (2004 film)
0b722b1a-bc07-434d-aa22-986bb5f8e933,popqa,Who was the producer of Jeans?,2,Jeans (film)
4fc4e478-942a-4a6a-b70c-7a1e81537cec,popqa,Who was the producer of Ugly?,1,Ugly (film)
855dd981-54db-4106-accb-9e8313ca8796,popqa,Who was the producer of From Now On?,1,From Now On (film)
5228478f-eee9-498b-967a-71108dd78a85,popqa,Who was the producer of Ondu Kshanadalli?,1,Ondu Kshanadalli
586a068e-5dbb-4ece-bebd-417e69736880,popqa,Who was the producer of Ekkees Toppon Ki Salaami?,1,Ekkees Toppon Ki Salaami
f37722a0-d70d-4160-81b9-7523545732ac,popqa,Who was the producer of Little Man?,1,Little Man (2006 film)
5e521d2f-1552-45f9-b8d1-a8d82c92477c,popqa,Who was the producer of Northern Lights?,1,Northern Lights (1978 film)
75aa5ce0-2352-4660-add7-9580f3f4e928,popqa,Who was the producer of Les Girls?,1,Les Girls
6aaf6d28-4ba8-4d17-b9ea-20e0057c4bfd,popqa,Who was the producer of Squeeze?,3,Squeeze (Squeeze album)
5d3988cd-d4c6-40d0-b76e-44a603870713,popqa,Who was the producer of Green?,2,Green (Steve Hillage album)
27f75b72-de5d-4a22-86ba-91f1baf1dbb7,popqa,Who was the producer of Hurt?,2,Hurt (Christina Aguilera song)
b6b88426-546c-4358-9325-8ca9cd324b44,popqa,Who was the producer of Epic?,1,Epic (1984 film)
87690a5b-a434-4e97-9a12-21448aec4760,popqa,Who was the producer of L?,1,L (Steve Hillage album)
6f5313c7-a1e1-4124-a577-6f356daea020,popqa,Who was the producer of Persona?,1,Persona (1966 film)
7c629d26-07aa-4033-892b-55650242498c,popqa,Who was the producer of Vachan?,1,Vachan
df24d7da-2a64-4b25-acf3-8091ab111fbc,popqa,Who was the producer of Glorifying the American Girl?,1,Glorifying the American Girl
33fb653c-4d3b-43c1-973c-3f6882693e99,popqa,Who was the producer of Compromise?,1,Compromise (film)
31279730-dc17-4bb2-b0ae-8dc8432432ef,popqa,Who was the producer of Freak?,2,Freak (Estelle song)
9b0dfe3b-e9de-4db8-ba77-eeb7f855225b,popqa,Who was the producer of Jab We Met?,1,Jab We Met
f4896c75-384c-4f32-858d-f997fcd50bf7,popqa,Who was the producer of The Best Man?,1,The Best Man (1999 film)
fb428543-e298-4dc0-bee2-1f21bd704d6f,popqa,Who was the producer of Skin?,1,Skin (1995 film)
f457b7e8-6256-4739-bb65-84d4b32de657,popqa,Who was the producer of Leaving?,1,Leaving (EP)
d244f177-6dff-4798-ae31-6e466afe10d1,popqa,Who was the producer of The Lovers?,1,The Lovers (1994 film)
a0fe5719-4d6f-4227-b5f7-995005b0c6d2,popqa,Who was the producer of The Rescue?,1,The Rescue (1988 film)
ee102669-cfe5-4fd9-9de7-85f9976844dd,popqa,Who was the producer of Metro?,1,Metro (1997 film)
0c6a6edf-dc9e-45f0-aff9-5cef3b2617be,popqa,Who was the producer of 3 Minutes?,1,3 Minutes
2207299e-a2ab-434f-bbad-7675f55e570d,popqa,Who was the producer of Hoffmeyer's Legacy?,1,Hoffmeyer's Legacy
97a430ce-8685-422d-b09d-5d59ee3d0331,popqa,Who was the producer of Go for Broke!?,1,Go for Broke! (1951 film)
125f82f9-d602-4daf-af77-b6afc7f09327,popqa,Who was the producer of The Swan?,1,The Swan (1956 film)
fb2e0893-5796-479b-933f-8912957c40b6,popqa,Who was the producer of Sing?,1,Sing (1989 film)
09d0dc2f-1d13-4bb4-9d10-71682bb366b6,popqa,Who was the producer of Elsewhere?,1,Elsewhere (2001 film)
3bfdfb97-f13f-44aa-84cb-c2d9ebef1338,popqa,Who was the producer of Nuremberg Trials?,1,Nuremberg Trials (film)
ec74adb9-feb6-4017-936d-804d905c8060,popqa,Who was the producer of We Were Young?,1,We Were Young (film)
a3136571-7463-4693-8a33-54deec4de820,popqa,Who was the producer of Privilege?,1,Privilege (film)
d350322e-0ae0-462f-851b-810965f8e1ce,popqa,Who was the producer of Hero?,1,Hero (1983 film)
51ac1287-1afa-49a6-81ca-4d34f6ed10cf,popqa,Who was the producer of Victim?,1,Victim (2011 film)
f43aca5a-bff3-40f5-bd29-340262652647,popqa,Who was the producer of Les Retrouvailles?,1,Les Retrouvailles
5f0a36aa-d86d-425e-b10f-7e12fac7eac9,popqa,Who was the producer of Accident?,1,Accident (2009 film)
06e47aea-d87e-4c79-94ec-b2bb4887cbed,popqa,Who was the producer of 21st Century?,1,21st Century (Blue System album)
0949e8b4-4d7f-44be-bda9-12e7038ec7a1,popqa,Who was the producer of Don't Forget?,2,Don't Forget
0055e39a-cde5-4c17-85c4-4538a4bfb01f,popqa,Who was the producer of Tarzan and the Great River?,1,Tarzan and the Great River
7034d630-9c8b-4302-9f7c-ae258b016afa,popqa,Who was the producer of Grounds for Marriage?,1,Grounds for Marriage
9b1ce1b7-01fd-4304-a668-b795ae3e7e4b,popqa,Who was the producer of Friday?,1,Friday (2012 film)
de0827d6-0df4-40c4-86b3-36154b4d31f8,popqa,Who was the producer of A Son of Satan?,1,A Son of Satan
6d213c26-2455-4562-be2f-089a0bd882de,popqa,Who was the producer of The Plague?,2,The Plague (2006 film)
1b5a4f22-51fb-4524-bad8-a8b6fe36b2f3,popqa,Who was the producer of The Railroad?,1,The Railroad
0f7955d5-48fa-4b5c-9eab-01288de6401f,popqa,Who was the producer of The Moment?,2,The Moment (Lisa Stansfield album)
c53d5690-aab0-45f1-8185-7ea0f835d5c6,popqa,Who was the producer of The Sale?,1,The Sale (film)
f3128e52-08e4-472f-a352-c4f7cc7de063,popqa,Who was the producer of Clerk?,1,Clerk (1989 film)
e1f8ed15-a5cc-465a-a26f-67ad57c435c7,popqa,Who was the producer of Vitti Dandu?,1,Vitti Dandu
815e2657-665b-4872-a66f-fbaee5bd3dd9,popqa,Who was the producer of Breaking Point?,1,Breaking Point (1976 film)
eb94152f-9196-4c55-a2bc-4c413b10c427,popqa,Who was the producer of In the Room?,1,In the Room (film)
6a77d052-13ba-402a-ae82-c4b77067802d,popqa,Who was the producer of Good Vibrations?,1,Good Vibrations (film)
4825c575-0dc6-409c-99e1-5e1027f71d69,popqa,Who was the producer of Intense?,2,Intense
28855744-5879-4a3d-b655-1f1192f180dc,popqa,Who was the producer of Jennifer?,1,Jennifer (album)
7fb1b7d5-ab4d-457f-859a-132599e70b3f,popqa,Who was the producer of Handel's Last Chance?,1,Handel's Last Chance
eff2c6a5-c512-4e0e-8cb0-4b7918b7ee8a,popqa,Who was the producer of Monster?,1,Monster (Lady Gaga song)
429b97e7-3ddd-4e28-a175-351f3ed5bbcb,popqa,Who was the producer of Girlfriend?,1,Girlfriend (2004 film)
0385a103-2002-47da-a461-46188c43172b,popqa,Who was the producer of The Mind Benders?,1,The Mind Benders (1963 film)
47fb52eb-ffc8-419f-a91a-ac38717db3ae,popqa,Who was the producer of Fuel?,1,Fuel (film)
e560fae7-b1e2-4739-aa7d-77f2d334f772,popqa,Who was the producer of One Way?,1,One Way (2006 film)
7569e454-ea3f-4f75-b73b-49c9b0769138,popqa,Who was the producer of One of Those?,1,One of Those
bef7e1b0-9d44-41e7-8f0a-4dff1378a775,popqa,Who was the producer of Positive?,1,Positive (2007 film)
86610816-aea6-423d-8205-b88527bd4d5e,popqa,Who was the producer of Seeking Justice?,1,Seeking Justice
792b7f7f-70a8-4396-b508-03e569d0e53a,popqa,Who was the producer of Us Two?,1,Us Two (film)
9ce04829-26bb-46d0-b7a8-6ae0e3ad8a2a,popqa,Who was the producer of Threads?,2,Threads (1984 film)
99bc521b-b40b-47e8-8ffc-cc8b0a90e043,popqa,Who was the producer of Happy?,1,Happy (2006 film)
a6c0f43c-7059-466e-a4d6-58afd0dd6e0c,popqa,Who was the producer of They?,1,They (2002 film)
58d45ec8-1568-4e15-aab3-c6a60c9a3298,popqa,Who was the producer of Nell?,1,Nell (film)
5e4ad34a-7e28-4a45-9f6c-d1f8bdabcf0a,popqa,Who was the producer of Buzz?,1,Buzz (Guardian album)
19a1188c-ccb7-467f-ab21-50c45fb832ee,popqa,Who was the producer of Thinking of You?,2,Thinking of You (Katy Perry song)
02bc0be9-219d-4507-888b-ff2b3bbe6f68,popqa,Who was the producer of Love Story 2050?,1,Love Story 2050
9d15c0a7-5679-4ef2-9f6d-7cf7339c2096,popqa,Who was the producer of Love?,1,Love (2011 film)
d5250d6f-5626-4ec9-88d5-b750777e3460,popqa,Who was the producer of Set Up?,1,Set Up (2005 film)
11cb0159-0786-4a26-8ae6-a3f6f7cb6899,popqa,Who was the producer of Desire?,1,Desire (1936 film)
1fc4acce-57ac-4bfc-891f-f7e77b3118a7,popqa,Who was the producer of Mickey?,1,Mickey (1918 film)
45dc66e3-7189-4d34-8c35-7e86dab1ba4c,popqa,Who was the producer of Trade?,1,Trade (film)
4506f2ca-44a1-4607-ac76-ac9411ea13e5,popqa,Who was the producer of Aag?,2,Aag (1948 film)
83090f41-e7b4-4273-a525-f9f7ea0dd1f5,popqa,Who was the producer of Lucky?,1,Lucky (2012 Kannada film)
82fdd987-0f8b-4af7-8529-4c7427910e5f,popqa,Who was the producer of The Boss?,1,The Boss (1915 film)
11461b43-798c-4fc4-9241-952ee7c37a42,popqa,Who was the producer of Enthiran?,1,Enthiran
6bc6b3cb-c2f2-4fc7-b9d2-d44391c803d7,popqa,Who was the producer of Jungle?,1,Jungle (2000 film)
3c980dba-aa47-401f-a4da-6a773debf120,popqa,Who was the producer of Turn to You?,1,Turn to You (Mother's Day Dedication)
dac51b90-d2df-4365-b13c-5d69bd6cecb8,popqa,Who was the producer of Da Game of Life?,1,Da Game of Life (film)
04bdd318-cf5c-426c-88d3-bd45c55e021a,popqa,Who was the producer of Of the People?,1,Of the People
4aa0fc17-e586-4cb5-9940-6e4317dae39a,popqa,Who was the producer of The Lady?,1,The Lady (1925 film)
5be260dd-f4a2-4373-baa9-6d9ca5ed8246,popqa,Who was the producer of Junior?,1,Junior (1994 film)
039f0018-73bf-4574-92cc-96f86d11f546,popqa,Who was the producer of Marc?,1,Marc (TV series)
a83b4872-6f73-4315-a702-4a5cb871be3a,popqa,Who was the producer of Warning?,1,Warning (2013 film)
a0b8d543-af77-483d-83c5-d2949fb3d614,popqa,Who was the producer of The Reach?,1,Beyond the Reach
1df97040-1eef-45ff-b669-16e762134520,popqa,Who was the producer of Wall Street?,1,Wall Street (1929 film)
bac45771-5eb5-4b5d-a0f7-2b34073566bd,popqa,Who was the producer of No Problem?,1,No Problem (2010 film)
cb028d81-106a-4581-9001-b1e39aa297a4,popqa,Who was the producer of The Miracle?,1,The Miracle (1912 film)
f7860883-8db9-4a67-ad36-073bc2d23925,popqa,Who was the producer of The Darling of Paris?,1,The Darling of Paris
082212bd-e820-46fa-a8d9-90633cc583b9,popqa,Who was the producer of Condition?,1,Condition (film)
a20b0b68-8f75-44c4-afdd-45f8a7d24a7b,popqa,Who was the producer of Master?,1,Master (1997 film)
504968a4-061b-4494-b3d2-8547da8b915c,popqa,Who was the producer of Go?,1,Go (2007 film)
f703f046-3eb8-4bd1-8834-cf538e283a96,popqa,Who was the producer of The Exile?,2,The Exile (1947 film)
b9c8f2f8-610c-4d3c-abce-0191d0c24fb4,popqa,Who was the producer of A Night to Remember?,1,A Night to Remember (1958 film)
3114a2a8-057f-4b91-8d15-767332950e3d,popqa,Who was the producer of Never Give Up?,1,Never Give Up (1978 film)
d2cb426e-199f-4a59-a1c9-2a206645ed53,popqa,Who was the producer of Vinci?,1,Vinci (film)
d45b3929-c557-4224-9ab2-71b58456caa9,popqa,Who was the producer of Holiday?,1,Holiday (2006 film)
ff0ac1e1-10f9-446e-a1db-8bf240d3ef80,popqa,Who was the producer of Cro?,1,Cro (TV series)
9faf69e9-a731-4dcb-a3fb-cb53a681061d,popqa,Who was the producer of A Moment?,1,A Moment
4ee42f74-1696-416a-81bb-376f160132c5,popqa,Who was the producer of The Journey?,1,The Journey (1959 film)
b6acfae7-c8f2-4a8b-9c01-63355d44f78e,popqa,Who was the producer of H?,1,H (1990 film)
e854a30c-619f-4854-b611-f1d18402eeec,popqa,Who was the producer of The Treatment?,1,The Treatment (2006 film)
1ede2a46-06cb-4bbb-96d9-1fd3909768ec,popqa,Who was the producer of Leader?,1,Leader (1964 film)
5647c9aa-e335-45a5-b698-e088b5a25dc2,popqa,Who was the producer of Kaaka Muttai?,1,Kaaka Muttai
a23811b2-053a-4659-8570-ae6f56b9ed5e,popqa,Who was the producer of Night in Paradise?,2,Night in Paradise (1946 film)
f5cf9166-2263-4bfa-98e6-242ee71b6eb7,popqa,Who was the producer of Sailor?,1,Sailor (album)
67f7a8a1-b7a2-4dae-adea-c1e065181428,popqa,Who was the producer of Time Piece?,2,Time Piece
a6289953-8e8e-4111-9fe6-a784ed967c2f,popqa,Who was the producer of Candy?,1,Candy (2006 film)
1bd68b9e-85ac-45a0-9c8b-cbbafd8556e0,popqa,Who was the producer of Mass?,1,Mass (2004 film)
b0a47e03-3f90-4391-84c4-7ecff2940cd4,popqa,Who was the producer of Paid?,1,Paid (1930 film)
8513dcef-5858-41f2-8bc2-7651550dcbef,popqa,Who was the producer of Magica?,1,Magica (album)
7c4977b0-6398-440c-b841-23099e70d8ce,popqa,Who was the producer of Parade of the Award Nominees?,1,Parade of the Award Nominees
071ae0df-f32a-44af-ac33-d681b6eabe35,popqa,Who was the producer of Cinderella?,1,Cinderella (1914 film)
80ee7c93-2be4-46a4-9a03-071f1fb9964a,popqa,Who was the producer of Jesus?,2,Jesus (1979 film)
9b32fe77-604c-4f39-96c5-d2cbf2bab932,popqa,Who was the producer of The Best of Everything?,1,The Best of Everything (film)
1c2e119c-e0f1-40c8-ad69-e17ef473137e,popqa,Who was the producer of Expectations?,1,Expectations (Keith Jarrett album)
2aef6e9e-775b-4327-9211-0f517174ab9a,popqa,Who was the producer of Onaayum Aattukkuttiyum?,2,Onaayum Aattukkuttiyum
166537a0-a2c8-49c9-abb5-7ccd5151df9f,popqa,Who was the producer of The Lover?,1,The Lover (1992 film)
0d4a8ad3-368e-4d90-9f62-ba67223ba10e,popqa,Who was the producer of Airport?,1,Airport (2009 film)
5deb71e1-39f9-4ec2-8fe8-e1fad2466adb,popqa,Who was the producer of Rendu?,1,Rendu
34743d8f-d27c-4ec3-b3ce-a77d3e05f1ae,popqa,Who was the producer of Cocktails?,1,Cocktails (album)
df84b3c0-1fe9-4b73-b452-23b0f717754a,popqa,Who was the producer of The Train?,1,The Train (1970 film)
a5e276d1-7d09-4ef0-b396-f9eea62db8d5,popqa,Who was the producer of Baba?,1,Baba (2002 film)
6f89e78a-fb1e-4ca4-bda5-0ab6f7c8d863,popqa,Who was the producer of The Pointer?,1,The Pointer
23874002-833e-4408-966b-a4c2db4ffe15,popqa,Who was the producer of Peter Gabriel?,2,Peter Gabriel (1978 album)
94f42380-e900-410a-8255-b7c3675f4462,popqa,Who was the producer of Star?,1,Star (1982 film)
2a94f2df-c44f-4f5b-a3c1-5c31ee3b85de,popqa,Who was the producer of Perfect Day?,1,Perfect Day (Lou Reed song)
4b62b5c5-5da9-4faa-b652-45aff509162b,popqa,Who was the producer of The Assault?,1,The Assault (1986 film)
055bbee2-d802-4fa8-85be-7768e1890ee2,popqa,Who was the producer of Shaft?,1,Shaft (2000 film)
149c5ca1-c4ff-4261-8727-f876f3022562,popqa,Who was the producer of September?,1,September (2007 film)
8c7c6ece-fba0-47d1-bab7-0a8f5367d714,popqa,Who was the producer of Butterfly?,1,Butterfly (2004 film)
1f1f83ff-f5a9-4312-a3c6-2f0de24259eb,popqa,Who was the producer of Waterworld?,2,Waterworld
6e70e022-fce3-4db8-a8f8-d6ab544ac973,popqa,Who was the producer of Through the Dark?,1,Through the Dark (1924 film)
20ed5952-ca5a-44ad-8ba7-20db76f3d045,popqa,Who was the producer of I Am?,1,I Am (2010 American drama film)
1a9b443e-5d14-4808-9535-b5a8060c8439,popqa,Who was the producer of The Man Without Desire?,1,The Man Without Desire
452d873c-2cc3-4be9-b247-c9a9ad6e8794,popqa,Who was the producer of The Test?,1,The Test (1935 film)
d95bb455-6a3f-41a4-9b42-0c3ff7f9b76a,popqa,Who was the producer of One Love?,3,One Love (David Guetta album)
d675b3b9-f31f-4958-9d35-ae5c5ccc479a,popqa,Who was the producer of W?,1,W (1974 film)
890b7046-2238-40c2-955d-48441ade1499,popqa,Who was the producer of Backstage?,1,Backstage (2000 film)
449fad9f-bda2-4321-9665-7d86f91df6a0,popqa,Who was the producer of Less Than the Dust?,1,Less Than the Dust
da100c16-8826-4581-9b98-5f8652806c2a,popqa,Who was the producer of Evergreen?,2,Evergreen (film)
eb15a40b-79b0-4c9a-8cdb-e0067196ae7c,popqa,Who was the producer of Michael?,1,Michael (2011 Indian film)
b679290b-202a-49ca-a864-8b3fcfb56598,popqa,Who was the producer of Shock?,2,Shock (2006 film)
ad455f71-de3f-44d5-be26-37b7fd0e06a3,popqa,Who was the producer of Ride?,1,Ride (2009 film)
834a05eb-7a67-4959-8dcb-227b118d5139,popqa,Who was the producer of The Woods?,1,The Woods (2011 film)
210fb5c6-0cdb-4137-adc4-9d98e5f6c054,popqa,Who was the producer of The Overnight?,1,The Overnight
5c49a99e-0ac1-4c38-a449-14afeaade3db,popqa,Who was the producer of Healers of the Dead Sea?,1,Healers of the Dead Sea
60536d74-d729-46f7-b7d0-475af744e51d,popqa,Who was the producer of Shine?,1,Shine (Trey Anastasio song)
ea5645f1-34fc-488a-b819-4faaa8fcbb90,popqa,Who was the producer of The Little Teacher?,1,The Little Teacher
30ef6611-f3d1-425f-9a6e-7b65c2fe2419,popqa,Who was the producer of Morning Sun?,1,Morning Sun (film)
36f5a8e6-258a-4bf5-9129-0f7bcdfaf2b2,popqa,Who was the producer of Teeth?,1,Teeth (2007 film)
b8a1c210-1dac-4096-8153-e2d2f70d5611,popqa,Who was the producer of Nuclear Tipping Point?,1,Nuclear Tipping Point
cd845ccc-a60c-45ad-94b2-04884233a407,popqa,Who was the producer of Jump?,1,Jump (2009 film)
0c555e4a-a7f3-427f-876f-a65f7269c3f5,popqa,Who was the producer of Show Me?,2,Show Me (Kid Ink song)
f32f712c-8066-4231-826c-67678068b004,popqa,Who was the producer of Harvest?,1,Harvest (1967 film)
be51cbdb-eb05-445c-92eb-047f11b08bac,popqa,Who was the producer of Believe in Me?,1,Believe in Me (1971 film)
73561ca2-2107-47f5-939e-0fa34e268424,popqa,Who was the producer of Yellow?,1,Yellow (2014 film)
750143ed-9152-41e3-a386-3035d8b628f5,popqa,Who was the producer of Angel?,1,Angel (2011 film)
d94eaba5-cdcb-4973-bfe4-e2c8126ac32b,popqa,Who was the producer of Hero?,1,Hero (1985 film)
82c0e22a-8e73-4014-83ba-40bd70a14d5e,popqa,Who was the producer of Fresh?,1,Fresh (1994 film)
c807cdf4-67d9-4f76-8db8-7484b179d16a,popqa,Who was the producer of On Record?,1,On Record (film)
cb7a378e-4e6a-4641-96b3-661f8421bcb2,popqa,Who was the producer of Arrive Alive?,1,Arrive Alive
0b55a5ae-b646-4088-9c6d-d53364b0d123,popqa,Who was the producer of The Late Show?,2,The Late Show (film)
39c24b7a-2e84-4e9e-bba2-b3c42f560dca,popqa,Who was the producer of Trains of Winnipeg?,1,Trains of Winnipeg
c9628135-56f1-4f2a-a15e-6bb2f288f5db,popqa,Who was the producer of Menu?,1,Menu (film)
b45e4a17-8275-4c50-837f-b46a489ceee8,popqa,Who was the producer of Getting Acquainted?,1,Getting Acquainted
6fef2e7b-530a-4915-84a9-2b0f325f5667,popqa,Who was the producer of The Rescue?,1,The Rescue (1929 film)
21c3ea83-0184-4010-9025-d6f77f370e44,popqa,Who was the producer of Cinema?,1,Cinema (Elaine Paige album)
136c2440-95bc-4c4c-ad22-5fd924c12953,popqa,Who was the producer of The Bond?,1,The Bond
5582335c-bc0f-4cb1-975f-512d74a1a6fd,popqa,Who was the producer of Homeland?,1,Homeland (Laurie Anderson album)
5f634888-acc6-4688-92e1-34bdba83fe5f,popqa,Who was the producer of The Victim?,1,The Victim (2011 film)
6e2f7014-0519-468c-b3b7-6bf011fadd35,popqa,Who was the producer of The King and I?,1,The King and I (1956 film)
a85b8c2c-833b-4808-b0cf-a5d07fe95aee,popqa,Who was the producer of The Crew?,1,The Crew (2000 film)
8e692e53-b650-4098-96f5-404835ac145d,popqa,Who was the producer of Boy?,1,Boy (2010 film)
0b22b06e-2d02-48e0-ad1e-560c46d5cfa2,popqa,Who was the producer of M?,2,M (1951 film)
72225f79-e5d2-43bc-a504-99c51e0bb6b9,popqa,Who was the producer of Cops and Robbers?,2,Cops and Robbers (1951 film)
3d06da5e-f250-4995-ac39-5a2f13994191,popqa,Who was the producer of Vincent?,1,Vincent (1982 film)
6696b6ad-19cd-4574-b604-85c13ca5bc41,popqa,Who was the producer of Legion?,1,Legion (1998 film)
bcfa3880-4738-4919-aa76-d9836e146f5f,popqa,Who was the producer of Contract?,1,Contract (2012 film)
69ee30cb-bb92-41bf-9e33-05449109b6dd,popqa,Who was the producer of Changes?,1,Changes (1969 film)
d68dafad-271d-47f5-bd1f-7817ec81ecbe,popqa,Who was the producer of Highway?,1,Highway (1995 film)
5f719054-fc6d-4d45-8ba7-7622b9619549,popqa,Who was the producer of Dirty?,2,Dirty (Sonic Youth album)
0ea4a84b-3770-4618-a040-2e59c0e24c03,popqa,Who was the producer of Genre?,1,Genre (1996 film)
b7049ad5-7600-4b28-9f87-a58667e4da9a,popqa,Who was the producer of Breathe?,2,Breathe (Taylor Swift song)
5e6a9a29-9360-46c2-a357-f3279e71df74,popqa,Who was the producer of The Cup?,1,The Cup (1999 film)
4e211a73-bb60-48ba-9686-b02e04f77574,popqa,Who was the producer of The Distance?,1,The Distance (Taylor Hicks album)
4f82c40a-a985-42bc-8cc8-2ac8bc2f0ef7,popqa,Who was the producer of Saanch Ko Aanch Nahin?,1,Saanch Ko Aanch Nahin
5c185abe-60a4-4772-b314-49832fa304c9,popqa,Who was the producer of Drift?,1,Drift (2013 Australian film)
deac837c-69f9-4f3c-8094-554b5a64cd34,popqa,Who was the director of The Road?,1,The Road (2001 film)
2f500ba7-d54f-4de5-ac30-b9dbbf12b474,popqa,Who was the director of Wedding in White?,1,Wedding in White
3344fa6a-a8cf-4847-b049-5890e2fb669a,popqa,Who was the director of The Island of Desire?,1,The Island of Desire
1d98ab7d-9e39-4b98-9d57-dfea83e7544b,popqa,Who was the director of Desperate?,1,Desperate (film)
5ec74244-604c-4bae-9d9a-edfe584b00ed,popqa,Who was the director of Anybody's Woman?,1,Anybody's Woman
6e0e2f64-1a6c-467b-979c-2ec87d3efd53,popqa,Who was the director of Elena Undone?,1,Elena Undone
0d1a4509-adcb-4e50-b625-c71bd67747a1,popqa,Who was the director of Passion?,5,Passion (2012 film)
e6f698ac-90eb-4f43-821f-c440ede8db1c,popqa,Who was the director of Number Our Days?,1,Number Our Days
99df4048-a377-48b6-a4e6-da336c32fd9d,popqa,Who was the director of Only People?,1,Only People (film)
a90e31cb-e995-4a4e-8fed-02a84482cea6,popqa,Who was the director of By Indian Post?,1,By Indian Post
65c23a48-a0e5-456b-b177-06a86d022c4a,popqa,Who was the director of Go Go Amigo?,1,Go Go Amigo
45a7441a-3615-4619-b929-fa0295035d82,popqa,Who was the director of Treasure Island?,1,Treasure Island (2012 TV series)
11ba59db-5fd5-4540-bb98-907728fbdf41,popqa,Who was the director of Red Rose?,1,Red Rose (1980 film)
27ad19a7-feed-4145-afaa-4042523bbacc,popqa,Who was the director of Bhoopathi Ranga?,1,Bhoopathi Ranga
f35441b4-51c7-48ba-9bdf-6692c7e2f51d,popqa,Who was the director of Hunger?,1,Hunger (1973 film)
92924e61-0897-4101-8c7a-291eaccc31f3,popqa,Who was the director of Thomas Jefferson?,1,Thomas Jefferson (film)
6a4fffc1-acd3-4de0-a2ef-527dab59bf6a,popqa,Who was the director of The Idea?,2,The Idea (1932 film)
5991a130-7515-4a18-b341-19796cabdb60,popqa,Who was the director of Iris and the Lieutenant?,1,Iris and the Lieutenant
1993acaf-910b-4146-ad6e-49d88faca9df,popqa,Who was the director of No Limit?,2,No Limit (1935 film)
b3c79c68-e563-4811-84cb-6a86b8bc1cf9,popqa,Who was the director of More?,1,More (1998 film)
d48b8a78-26fe-4880-9bb8-32e2409f68d7,popqa,Who was the director of The King?,1,The King (1995 film)
46b22909-9356-471f-b2a2-08417db93c5b,popqa,Who was the director of The Mutants?,1,The Mutants (film)
19e497cc-19d0-44a1-9737-7b3a850822d5,popqa,Who was the director of Love Letter?,1,Love Letter (1953 film)
9339a09f-3d04-45ca-bcbe-7b0c32a39d8b,popqa,Who was the director of The Sisters?,1,The Sisters (1914 film)
1fae49f4-1d94-4b4c-8ccb-ee2b2a851bf6,popqa,Who was the director of Washed Out?,1,Washed Out (film)
ad0bf1cf-2df5-46fb-935a-09d22568d0b8,popqa,Who was the director of College?,1,College (1927 film)
c36f0a2d-c9d7-416c-8483-424d91bcff64,popqa,Who was the director of Abandoned?,1,Abandoned (Lost)
bf6921a6-f73e-40d4-b3c3-6875dbb4f68f,popqa,Who was the director of Lovers?,1,Lovers (1983 film)
1a6e97f8-8a22-421c-8b30-46d22f936d34,popqa,Who was the director of The Gathering?,1,The Gathering (1977 film)
ef80cc87-0eea-41f9-ab2a-dedcbb47779f,popqa,Who was the director of A Matter of Honor?,1,A Matter of Honor
380cc99c-0afa-438a-aac0-7331347d8817,popqa,Who was the director of AK-47?,1,A. K. 47 (1999 film)
cae17f93-57da-4107-a8e1-2b96d81c095a,popqa,Who was the director of Perfect Understanding?,1,Perfect Understanding
f8d88e73-c246-47d7-b63f-249b5eb45a33,popqa,Who was the director of Trail of the Vigilantes?,1,Trail of the Vigilantes
d8fb2606-cd32-47d3-8867-2cedbc638255,popqa,Who was the director of Making Angels?,2,Making Angels
44b1fb21-f921-4f32-b7dd-fa5ea185b0bb,popqa,Who was the director of The Clinic?,1,The Clinic (1982 film)
8daed7f9-2881-44c5-8f5c-d1d50abd1820,popqa,Who was the director of Those Who Love?,1,Those Who Love (1929 film)
b86cc2d3-7dab-4e7e-a3d8-edae37e64571,popqa,Who was the director of What Every Woman Learns?,1,What Every Woman Learns
8bd72646-9b78-45a7-a219-75db5b5f1b4e,popqa,Who was the director of Traffic?,2,Traffic (2011 film)
3e0d93bf-dfc0-4b98-b614-a8901a8413cd,popqa,Who was the director of Stepping Out?,1,Stepping Out (1931 film)
c0c49f1a-e2c4-4043-898d-043215defb01,popqa,Who was the director of Chairman George?,1,Chairman George
05c409e1-9399-4771-bd0f-a80b646b7506,popqa,Who was the director of Asphalt?,1,Asphalt (1964 film)
4bd6b5d9-39e8-4c6a-b7e0-0ce8154569fa,popqa,Who was the director of The White Suit?,1,The White Suit
b98f0c4a-4b9a-4e73-8d6a-46697e329c85,popqa,Who was the director of The Happy Family?,1,The Happy Family (1936 film)
0ac9f559-a2e3-463a-869b-eda6b1d89207,popqa,Who was the director of The Challenge?,1,The Challenge (1938 film)
244e4b3a-105b-475c-bc63-9b66b56639b8,popqa,Who was the director of Pilot?,2,Pilot (Touch)
1df340ae-bc40-45da-8279-f306c9148f6c,popqa,Who was the director of Hawaii?,2,Hawaii (Modern Family)
801ba683-9bd3-464e-b4d0-c65d4b4c0e07,popqa,Who was the director of Wanted?,1,Wanted (1967 film)
a8fee773-a399-4b76-9394-23e6cdba66c6,popqa,Who was the director of In the Money?,1,In the Money
53f8212e-cc2f-4b6b-aeed-cdd86cb91748,popqa,Who was the director of The Greatest?,1,The Greatest (1977 film)
2bbd8159-d244-40f4-9997-abebfa8a5b1e,popqa,Who was the director of Tears of April?,1,Tears of April
ef7d85cc-4d42-434a-a50c-e811cc44d2cb,popqa,Who was the director of Little 'Tinker?,1,Little 'Tinker
e015d86c-e196-4c65-8aab-fd846d441025,popqa,Who was the director of Kitchen?,1,Kitchen (1997 film)
9f2e7739-b495-4430-92d6-4a87e81cd27d,popqa,Who was the director of The African Woman?,1,The African Woman
3a4cd466-2fcb-4b7a-8592-6f23fd3fb9e8,popqa,Who was the director of The Truth?,1,The Truth (1998 film)
572402a2-7101-4cea-ad7f-a5db41ca704e,popqa,Who was the director of Cycle?,1,Cycle (2008 film)
460fc569-4a71-4fad-9b19-8f4c02669085,popqa,Who was the director of I Love You?,1,I Love You (1981 film)
b9c8a634-5d84-41c0-866d-44f386e36fec,popqa,Who was the director of The Lie?,2,The Lie (1914 film)
e4556e4c-f9de-408b-805b-9cb5b322c65d,popqa,Who was the director of The Secret?,1,The Secret (1974 film)
544304d6-4328-4bce-bd41-9ff0921dbddf,popqa,Who was the director of The Trust?,1,The Trust (1915 film)
6249d092-e087-43a1-ad73-4683505c8bc3,popqa,Who was the director of Get Well Soon?,1,Get Well Soon (film)
f1d4518f-f29d-4805-8cd0-ca1b1508ad87,popqa,Who was the director of Like You Know It All?,1,Like You Know It All
c87e8dcd-a0bb-4413-b936-7b2f3089351a,popqa,Who was the director of Christopher?,1,Christopher (The Sopranos)
632720c7-d1bd-41b7-90bc-ef15672a7d83,popqa,Who was the director of Goodbye?,2,Goodbye (Grey's Anatomy)
1ad1e412-2b2c-4183-bc3c-a98dcbc9b33f,popqa,Who was the director of Normal Life?,4,Normal Life
5d391f46-8f04-44db-a3bc-eaeca3444cb6,popqa,Who was the director of Porky's Duck Hunt?,1,Porky's Duck Hunt
b1cdc146-81c0-4c7c-a7b4-d70dc62f8995,popqa,Who was the director of Youth?,1,Youth (2002 film)
064967bf-ff06-4216-97b7-385e05a6bafe,popqa,Who was the director of Female?,2,Female (1933 film)
80da2a54-400b-4818-b65d-afc8612a89ce,popqa,Who was the director of The Only Woman?,1,The Only Woman
05828fc1-5e34-4594-afa9-0b6decc960cb,popqa,Who was the director of Look?,2,Look (2007 film)
60451d5c-c863-401f-9f0b-7d3d0600ac81,popqa,Who was the director of The Note?,2,The Note (film)
709803ef-2bfd-4f35-936e-9889cab6e731,popqa,Who was the director of Allow Me?,1,"Allow Me, Daddy!"
be70f35d-ecc6-4769-9602-a373f96d9130,popqa,Who was the director of Thicker than Water?,1,Thicker than Water (2000 film)
f6f867c3-9440-43dd-ba88-181bad3efb68,popqa,Who was the director of Pilot?,1,Pilot (Grimm)
8d4c823c-a781-4bb3-8238-194e18f0a211,popqa,Who was the director of Drive?,1,Drive (The X-Files)
c7f104c6-a4b1-423b-b563-defd4946cbe8,popqa,Who was the director of The Signal?,1,The Signal (2007 film)
302fea13-058d-4ed3-b06d-3ee056bed715,popqa,Who was the director of The Suspect?,1,The Suspect (1998 film)
63a551c2-fff2-4f19-ab83-1e203cd59d0f,popqa,Who was the director of American Gothic?,1,American Gothic (1988 film)
5eb7ea95-006e-4bee-9d14-53bb6d1dd5a6,popqa,Who was the director of Crazy?,1,Crazy (2000 film)
7bbd0167-ef31-4cb6-abe0-d11b3daa0aad,popqa,Who was the director of Mahjong?,1,Mahjong (film)
558ce6a8-aba1-4723-b10e-b2f9253592fe,popqa,Who was the director of The First Time?,1,The First Time (1969 film)
1738435f-304f-4b36-af05-6e32635d1b97,popqa,Who was the director of Pirates of Malaysia?,1,Pirates of Malaysia
f44872a7-2c6e-4000-ad0c-6730eb68fe56,popqa,Who was the director of Avatar?,1,Avatar (1916 film)
e1eceefb-7c78-42ee-adcf-fe13e295263e,popqa,Who was the director of Restless?,1,Restless (2000 film)
d0f5667b-257e-4a78-ba88-46af9e85cfda,popqa,Who was the director of The Dream?,1,The Dream (1985 film)
6ba27860-4173-41c6-bf51-92b35a119231,popqa,Who was the director of Animal Crackers?,1,Animal Crackers (2017 film)
db0ad4db-0371-4a55-8ce1-b6726470a200,popqa,Who was the director of The System?,1,The System (1953 film)
531cfc0f-e435-44a5-9bcb-6be5abe1d189,popqa,Who was the director of Champions?,1,Champions (1984 film)
1c562b39-a8ce-4022-b925-e49495bb2a85,popqa,Who was the director of Monte Carlo Madness?,1,Bombs on Monte Carlo (1931 film)
9d30f7fb-272c-4afd-8cfc-4eb4f627ec85,popqa,Who was the director of The Heart?,1,The Heart (1955 film)
ad49d7c5-f104-4d8f-a555-5e312c6753ac,popqa,Who was the director of No Good Deed?,2,No Good Deed (Parenthood)
1573db00-a9d2-4410-99bb-ab817a802c3f,popqa,Who was the director of Salvage?,1,Salvage (The X-Files)
4c54d7e4-43df-42cd-911b-c922c9729a5a,popqa,Who was the director of Gudachari No.1?,2,Gudachari No.1
d8e0e230-0004-437a-92eb-dcea02791407,popqa,Who was the director of Intruder?,3,Intruder (1993 film)
bcd89eed-2776-4043-b39c-61525d656cbd,popqa,Who was the director of Homecoming?,1,Homecoming (1928 film)
93b907e3-75e9-474f-b89e-cb00d91e7587,popqa,Who was the director of Life Story?,2,Life Story (film)
aafeeb8e-0897-443f-8ced-a122c0d7ab35,popqa,Who was the director of R?,1,R (film)
05e7bb35-11f1-41e9-9588-8ba9b5eb1b4e,popqa,Who was the director of Festival?,1,Festival (2005 film)
ac8c21b8-2a3e-40bb-826a-5b29288937df,popqa,Who was the director of Revelations?,2,Revelations (The X-Files)
b91fd2d7-92cc-4da1-91c4-70097104ebc7,popqa,Who was the director of Pilot?,1,Pilot (Revenge)
a3c66711-4e49-42e1-b077-1edce0a363b3,popqa,Who was the director of The Distance?,1,The Distance (The Walking Dead)
0ea5ea12-bbe9-4c0c-9a6a-45c21dfdf1f5,popqa,Who was the director of Choices?,1,Choices (1986 film)
382357ea-c17e-4289-ae27-cede46804b43,popqa,Who was the director of Silver?,1,Silver (film)
a50c874e-5c50-4611-8942-699face8330f,popqa,Who was the director of all things?,1,All things
1628ce31-8d18-45b6-8ef6-7fb4f7dba443,popqa,Who was the director of Safety First?,1,Safety First
71d15e67-68cc-4d2e-9a47-c54e8d5e33fc,popqa,Who was the director of Marina's Destiny?,1,Marina's Destiny
a69c0fb2-ad21-4793-950c-4a4d77667d01,popqa,Who was the director of Impulse?,2,Impulse (1954 film)
7c0fcc5b-9881-44a2-adfb-4f75d1405c5f,popqa,Who was the director of The Valley?,1,The Valley (1976 film)
f5cc72c9-e072-4290-b851-8b8a4f694abd,popqa,Who was the director of Out of Control?,1,Out of Control (2002 film)
8744b567-dd56-43dc-a6e4-0448a6861b28,popqa,Who was the director of Green Tea?,1,Green Tea (film)
d06633a0-84d8-4d4c-9c98-d2da423474e0,popqa,Who was the director of Sunset Limousine?,1,Sunset Limousine
1215dc61-a276-4c7f-b2f5-f7b99e48894a,popqa,Who was the director of Dolls?,2,Dolls (2002 film)
8d0b51e7-ae1a-4905-be9a-8820602deeb0,popqa,Who was the director of The Wave?,1,The Wave (1981 film)
8f6632ed-6758-46a8-a850-877a0df30b38,popqa,Who was the director of Masks?,1,Masks (1987 film)
ca703755-84a6-498b-9603-6212a70bf30f,popqa,Who was the director of The Hard Way?,2,The Hard Way (1943 film)
eb9f4234-cbf3-4041-aa4c-9e8c1837033a,popqa,Who was the director of The Incident?,2,The Incident (Modern Family)
b0e3b32c-30cc-4ddf-bad5-f9f33ba2fc9b,popqa,Who was the director of No Name on the Bullet?,1,No Name on the Bullet
06b1d919-c967-4d36-8e66-aa5b5db10316,popqa,Who was the director of Tomorrow?,1,Tomorrow (2001 film)
ffc20b85-e41c-4ac9-98bc-e5bf1629beec,popqa,Who was the director of Milan?,1,Milan (1995 film)
24e901bb-4d8f-47bc-ac53-70fdc75b1270,popqa,"Who was the director of Goodbye, Toby?",2,"Goodbye, Toby"
60dedcce-6e3b-461c-be56-4db38231eb34,popqa,Who was the director of Regeneration?,3,Regeneration (1997 film)
0125fabf-83fd-4546-8d9f-e280d29a99cf,popqa,Who was the director of Gunahon Ka Faisla?,1,Gunahon Ka Faisla
a0100b66-4313-4a30-be02-b34d93a2367f,popqa,Who was the director of Chicken Party?,1,Chicken Party
470fa0ec-e84e-4820-bd57-02bfc1c220a2,popqa,Who was the director of La renzoni?,1,La renzoni
2796a033-1081-41a2-a660-7f89665659bf,popqa,Who was the director of Safe?,2,Safe (Fringe)
48a38448-7dfd-4160-b5c6-7ead5988c9aa,popqa,Who was the director of The Cardinal?,1,The Cardinal (1936 film)
a2dbd50b-7e31-4881-8f9b-de60774e7e15,popqa,Who was the director of Second Thoughts?,1,Second Thoughts (1983 film)
a675e558-fb6e-477d-b9ff-09da3f10ad0f,popqa,Who was the director of Pirivom Santhippom?,1,Pirivom Santhippom
3960d160-7ceb-440e-84d6-1fdc31bed0c4,popqa,Who was the director of The Order?,2,The Order (2001 film)
aa5b190e-18f7-4d81-89d9-8ed981ffb143,popqa,Who was the director of Helen?,1,Helen (2009 film)
6e6315cb-afbd-41ad-bbb9-6ed4540e3d09,popqa,Who was the director of One Life?,1,One Life (1958 film)
154b1f3f-5d2f-4ef6-87fa-407e813b941b,popqa,Who was the director of Pilot?,2,Pilot (Hawaii Five-0)
5cabe5fb-2e9c-40e6-8df0-e570437d4b9c,popqa,Who was the director of Les Palmes de M. Schutz?,1,Les Palmes de M. Schutz
d7d86320-f9d1-4641-a4b4-58dfb9bc2081,popqa,Who was the director of Flame?,1,Flame (1975 film)
1d46dcd3-95f5-495b-91a8-a67caa5bf669,popqa,Who was the director of Took?,1,Took (The Wire)
f96c9267-ee0a-434f-a0ee-8acacd7ceaa5,popqa,Who was the director of The Doll?,1,The Doll (1919 film)
64abaa72-f175-4a94-8243-2671b1646089,popqa,Who was the director of Shiki-Jitsu?,1,Shiki-Jitsu
4642589d-ede5-4e6c-85fe-f89535246145,popqa,Who was the director of Out to Win?,1,Out to Win (2015 film)
9ddbfe9a-1384-4d98-b5ad-a7185cff2e77,popqa,Who was the director of Chicago?,1,Chicago (Prison Break)
f445b095-dc1a-4f5b-84dd-9d833b1ed236,popqa,Who was the director of Temple Tower?,1,Temple Tower
77740dfb-bddc-4a8a-ae91-37913bae73b4,popqa,Who was the director of I Love You?,3,I Love You (2002 film)
32e49143-a679-41e5-b5d1-4b2df2302b2a,popqa,Who was the director of The Clairvoyant?,1,The Clairvoyant (1935 film)
32153e20-0d67-45c5-84f1-ccf3c7e92e0c,popqa,Who was the director of Angel on the Right?,1,Angel on the Right
a99182c6-7643-478e-9a68-dced3da19180,popqa,Who was the director of Rails?,1,Rails (film)
df034d40-1d95-48ea-b2d2-7f8a86f85406,popqa,Who was the director of Commissioner?,1,Commissioner (film)
22afe8bb-5669-40e0-bb52-cfc75c59a33c,popqa,Who was the director of Homework?,1,Homework (1991 film)
d76295d5-2570-4a34-b0d6-b1b525c50b55,popqa,Who was the director of Army?,2,Army (1944 film)
41b723a3-df70-4b52-b867-49d40328dfb8,popqa,Who was the director of The Mountain?,1,The Mountain (1991 film)
1475fe43-230a-4312-8a26-743c2f48b7f5,popqa,Who was the director of The Other Person?,1,The Other Person
f4585bfd-77bb-4c95-89aa-7bdb01a66ae3,popqa,Who was the director of Here?,1,Here (2003 film)
e1102530-1111-48c2-92c8-d669760c4382,popqa,Who was the director of Encounter?,1,Encounter (2013 film)
114ebe5e-9af2-4fcc-8577-7e99e73b0bf1,popqa,Who was the director of Broke?,2,Broke (The Office)
c17cd24d-f065-4f6b-b9b6-dc3405e3fb39,popqa,Who was the director of Day One?,1,Day One (1989 film)
bb346d42-860f-4efb-bca8-47dd8d67ca37,popqa,Who was the director of The Reef?,1,The Reef (1999 film)
bf06d335-c644-4586-87a3-8ccc941cd3f5,popqa,Who was the director of Josh?,2,Josh (2010 film)
22da4fc5-78da-4a8b-b301-73ddc87ea7e9,popqa,Who was the director of The Silence?,1,The Silence (TV series)
47999c18-0d46-4a5e-8ac9-85a197c9a16f,popqa,Who was the director of Sagina?,1,Sagina (film)
46300044-052d-4d70-8c5a-524ebaa888cd,popqa,Who was the director of Occupation?,1,Occupation (Battlestar Galactica)
06db0a44-2c7d-41ec-a9b0-726154195c84,popqa,Who was the director of Love You More?,1,Love You More (film)
b73b2bdf-462e-4163-8e51-e6bf5a0deedb,popqa,Who was the director of No Pressure?,1,No Pressure (film)
28018fc0-93db-46bd-8db5-222b2ceb9495,popqa,Who was the director of Control?,1,Control (2013 film)
62598693-9ec3-46e5-a857-7b0f26a7d79d,popqa,Who was the director of Mohini 9886788888?,1,Mohini 9886788888
6c1cf9e7-758b-46ef-915c-cce1f63a3626,popqa,Who was the director of The Heroes?,1,The Heroes (1980 film)
b12669a1-2e92-4fdd-9047-d7476cbd8e73,popqa,Who was the director of The Circle?,2,The Circle (1925 film)
c8f6f468-c8b6-4dcf-9192-15dcdcfd9774,popqa,Who was the director of Berlin Calling?,1,Berlin Calling (2014 film)
5abc492a-17c2-4518-b8e0-1632d4a0447d,popqa,Who was the director of The Collective?,1,The Collective (2008 film)
8dae8539-ddde-47ef-b86b-fa5df904414b,popqa,"Who was the director of Thank You, Madame?",1,"Thank You, Madame"
52c40c50-3be1-460a-9b55-074ba9ecc52a,popqa,Who was the director of Freedom?,2,Freedom (1982 film)
7869cc80-f921-499c-9160-52d2eae36ac7,popqa,Who was the director of Endurance?,1,Endurance (film)
109af386-020e-4484-a5be-7b5351e4ee53,popqa,Who was the director of Pilot?,1,Meet the Neighbors
0c4bfe0e-7d28-4ef9-acd9-8773947ca0b3,popqa,Who was the director of Relentless?,2,Relentless (1989 film)
efdec442-9baf-4a1c-82b4-2d52229024ba,popqa,Who was the director of The Christmas Tree?,1,The Christmas Tree (1969 film)
feea80e3-9c83-4803-9989-9fe928b79c42,popqa,Who was the director of The Commissioner?,1,The Commissioner (film)
38af65b0-5b41-45ff-924b-de7d6d16dbdc,popqa,Who was the director of All the Way Up?,1,All the Way Up
f6c312a9-5e7b-4d11-ad98-70b41853d344,popqa,Who was the director of The Child?,1,The Child (1940 film)
fa20d8de-24e2-4b3e-8060-acaa3eb34a9c,popqa,Who was the director of The Den?,1,The Den (2013 film)
0937480b-6576-42b2-991f-c34b1c2660e7,popqa,Who was the director of Essence?,1,Essence (The X-Files)
aeb2eb3f-02e1-4435-9c28-f38735fba3e6,popqa,Who was the director of On Guard?,2,On Guard (1997 film)
1e607464-495c-40ce-a60a-0100c5e09113,popqa,Who was the director of The Mighty?,1,The Mighty (1929 film)
9d5d4301-e00a-4689-9e58-bb90f3e4fc60,popqa,Who was the director of The Forest?,1,The Forest (2009 film)
261bb500-f387-4998-a655-ba7e179ba9f4,popqa,Who was the director of Festival?,2,Festival (1996 film)
fbd7c63e-c6b4-4aab-ab06-239064c4f597,popqa,Who was the director of Sara?,1,Sara (2015 film)
37d0ab9c-8c4e-4a5d-8115-ceab995874c9,popqa,Who was the director of D?,2,D (video game)
660cfe34-2f91-455a-942d-b2b50fdef4a9,popqa,Who was the director of Days of Tomorrow?,1,Days of Tomorrow
0085a069-c8c1-4a78-9074-0f17d2073f9c,popqa,Who was the director of Home?,1,Home (1915 film)
b8f456a1-b3dd-417d-ba1c-eefd552f693d,popqa,Who was the director of Eggs?,1,Eggs (film)
b5edf106-d919-4de5-bdaf-bd5d72159027,popqa,Who was the director of Lady Bouvier's Lover?,2,Lady Bouvier's Lover
720d0504-42b0-4454-a2d5-9c018bee5967,popqa,Who was the director of Fortuna?,1,Fortuna (film)
c0573ed4-d70b-40e3-85dc-76da74599e50,popqa,Who was the director of Escape to Victory?,1,Escape to Victory
1562fcb0-5e10-4a77-88eb-07f246cac1fa,popqa,Who was the director of The Moor?,1,The Moor (The Borgias)
072a349f-9388-4dc0-b174-b0d5a0b9044d,popqa,Who was the director of Alarm?,1,Alarm (1938 film)
4995e8e5-6228-4447-8313-83868e445f10,popqa,Who was the director of College?,1,College (1984 film)
2e0d54c9-0661-4084-a96d-0f27b5cbee7b,popqa,Who was the director of The Boys?,1,The Boys (1962 Finnish film)
1f6634ec-5b09-4feb-a257-52c9e2db7b25,popqa,Who was the director of The Ring?,2,The Ring (South Park)
d0908acb-553c-47f4-8215-157594dddeb0,popqa,Who was the director of Distant Trumpet?,1,Distant Trumpet
ae6e7677-db30-48ff-a7a4-79fe834355ab,popqa,Who was the director of Practical Jokers?,1,Practical Jokers
b0414c59-880c-4c75-968b-1b3072b84dcb,popqa,Who was the director of Blessed?,1,Blessed (2009 film)
3cd02695-9e93-43ee-85ab-875f6dda6005,popqa,Who was the director of Crossing the Bridge?,1,Crossing the Bridge
afa8183a-ed7b-4728-b72c-dc60830e754a,popqa,Who was the director of Possessed?,2,Possessed (1931 film)
4bf95087-740f-4f3c-b5cd-7944fcda02f2,popqa,Who was the director of The Family?,1,The Family (1987 film)
a279e898-2062-47f1-b477-54ff9f73ea26,popqa,Who was the director of The Scientific Cardplayer?,1,The Scientific Cardplayer
4df862da-06e4-4d88-9842-fd576a7d5a95,popqa,Who was the director of The Best Man?,1,The Best Man (1998 film)
eb43bab6-0a4e-49a4-9ad0-c6fab163137d,popqa,Who was the director of Molon Labe?,1,Molon Labe (Falling Skies)
9d0b3dfd-afad-4769-a424-81cf4bd81487,popqa,Who was the director of Love You?,1,Love You (film)
9ad26bb9-dd66-4d5e-abc2-42f0ee27e87c,popqa,Who was the director of Innocent?,1,Innocent (1921 film)
300d0b9e-c2ae-477f-a468-9dbd71152633,popqa,Who was the director of New World?,1,New World (1995 film)
6efc3a4e-e4b7-4753-b3cb-3ff9e0f5e46f,popqa,Who was the director of Top of the World?,1,Top of the World (1997 film)
5970d0d1-63e3-4ef6-9400-d10f6a5d3a3f,popqa,Who was the director of The Tree?,1,The Tree (1993 film)
91cb632c-d049-4b41-a73b-f1b3bae6b3e6,popqa,Who was the director of Live and Learn?,1,Live and Learn (Falling Skies)
bb5f761a-f255-4f3d-8c8d-36a42ca71874,popqa,Who was the director of Kadal Kadannoru Mathukkutty?,1,Kadal Kadannu Oru Maathukutty
8e6cc156-5501-444e-9ed1-7fb8cd4f8865,popqa,Who was the director of Big Time?,1,Big Time (1929 film)
b2953571-d8d7-468c-8dcb-44eb0c55b283,popqa,Who was the director of Stepping Out?,1,Stepping Out (1991 film)
0bfadff5-eee9-4fdc-9f09-a9cc3010e50d,popqa,Who was the director of California?,1,California (1977 film)
75e7fab3-df46-4723-9357-8947e6275eee,popqa,Who was the director of Driven?,1,Driven (1916 film)
df3875d3-ffd3-4d65-a302-8b7e9d4bffc8,popqa,Who was the director of Hide and Q?,2,Hide and Q
ce0efa9c-b139-42eb-bb31-3994a154384c,popqa,Who was the director of The Emerald City?,1,The Emerald City (Boardwalk Empire)
a459958a-87e4-4624-924b-f23b9ef3e32a,popqa,Who was the director of Remains to Be Seen?,1,Remains to Be Seen
cd19e533-eeb9-4364-9efd-523ee4967660,popqa,Who was the director of Rudeness?,1,Rudeness (film)
1918de45-437d-4ab3-833d-e1b2b8ad9541,popqa,Who was the director of Funk?,1,Funk (Glee)
3649e22f-866d-481b-a6e5-ddc92492e2ad,popqa,Who was the director of In the City?,1,In the City (film)
73b1fd3e-22a1-4f86-8cc1-f4755962ba32,popqa,Who was the director of Skull Heads?,1,Skull Heads
c43bee81-4aa5-4740-ba00-3769fb143e56,popqa,Who was the director of The Little Ones?,1,The Little Ones
8a9c3192-24aa-4df2-aae7-bef272fea1e3,popqa,Who was the director of Recon?,1,Recon (Lost)
590b7038-bdfa-451d-9a39-cfc60dd4d822,popqa,Who was the director of The Easy Way?,1,The Easy Way (film)
29446c22-2a93-421a-bae4-8931ca9bbab8,popqa,Who was the director of Friends?,1,Friends (1938 film)
c107b1f2-08c5-4e4b-a2ef-4c7822abb6b2,popqa,Who was the director of The Man in the Fallout Shelter?,1,The Man in the Fallout Shelter
96e0b824-4634-44bf-b612-65ffff95f26f,popqa,Who was the director of Il bandito dagli occhi azzurri?,1,The Blue-Eyed Bandit
a44bfc11-9f3d-49af-b3f3-b57f7c711f66,popqa,Who was the director of Gotti?,1,Gotti (1996 film)
de8fbd7f-cdc0-4f67-b22a-c18a0e82cadf,popqa,Who was the director of Sons?,2,Sons (1996 film)
b56973cd-b88e-4e70-9c55-34dd36bdb787,popqa,Who was the director of Son contento?,1,Son contento
3c2afb4f-91e2-47c8-9515-ee5571761d25,popqa,Who was the director of Rocky?,1,Rocky (2013 film)
32aa97e0-5cc1-4ad2-a647-77266eceb917,popqa,Who was the director of Taxi at Midnight?,1,Taxi at Midnight
40af6c31-1672-4909-9fd1-fb8b4977f05d,popqa,Who was the director of Pitch?,1,Pitch (film)
cf4fd34e-2fca-4f19-bc96-e559f6f5e3a2,popqa,Who was the director of Lifted?,1,Lifted (2010 film)
bc910db7-4601-442c-ab51-9d2122e0f605,popqa,Who was the director of The Other?,1,The Other (1999 film)
82121498-cc39-4041-a1b3-9ae9780b73dc,popqa,Who was the director of Turf War?,2,Turf War (The Office)
5b61d0e9-4e89-44d9-9f99-24ea4bd925cc,popqa,Who was the director of The Old Lady?,1,The Old Lady
582ddb12-b1b6-4e1b-8535-5379a4e85427,popqa,Who was the director of The Gorilla?,1,The Gorilla (1930 film)
f1994d07-0ddc-4817-ae4d-b6cf0b86e745,popqa,Who was the director of Max?,2,Max (The X-Files)
339df3cc-9edc-479a-b9ff-993b205c07b2,popqa,Who was the director of Serial?,1,Serial (1980 film)
d3a73b91-1fc0-4b07-a2e3-6c29a67240e8,popqa,Who was the director of Going Away?,1,Going Away
512047c3-cf2d-4969-9a1a-15c2046c1786,popqa,Who was the director of Mela?,1,Mela (1971 film)
f4d2cec8-d8e9-41cd-8649-3f9e4a8fe66b,popqa,Who was the director of The Knitting?,1,The Knitting
36d00daf-bc58-4de0-a797-8405367b8c88,popqa,Who was the director of The First Time?,1,The First Time (1952 film)
6e044933-daab-48f8-97da-b0db092ad825,popqa,Who was the director of A Boy... a Girl?,1,A Boy... a Girl
529986e1-1c96-487e-bbdd-e66e32f86677,popqa,Who was the director of A?,1,A (1965 film)
13674f81-db6c-4808-bf28-507e944c4ab9,popqa,Who was the director of Family Life?,3,Family Life (1971 British film)
6a9664df-0629-4ae3-a304-3398dddac74f,popqa,Who was the director of La liceale al mare con l'amica di papà?,1,La liceale al mare con l'amica di papà
e10a3080-ef38-4a5a-b1e2-0b6654c8884d,popqa,Who was the director of The Nest?,1,The Nest (2002 film)
837c7398-2701-4795-bb99-8b7fca690a3e,popqa,Who was the director of Five?,1,Five (2003 film)
cc17337b-0eff-4d49-86a1-6478f97d1f18,popqa,Who was the director of Album?,1,Album (2002 film)
8dc3012f-57af-4fa2-9594-dca34141a6c7,popqa,Who was the director of Love Letter?,1,Love Letter (1985 film)
5ceb9b1c-11ed-4601-96e2-4e3a5abeedf4,popqa,Who was the director of Bang?,2,Bang (Desperate Housewives)
21fc50ce-0077-4c56-a04a-0ba52f0de356,popqa,Who was the director of Private Life?,1,Private Life (1982 film)
5571d9b0-98a1-49c6-a189-b65b87bb1e94,popqa,Who was the director of The New Age?,1,The New Age (film)
a4d66563-acb8-4ea2-87ce-273c8f9bfe5d,popqa,Who was the director of Cousin Bobby?,1,Cousin Bobby
06b75563-c49a-47a2-ab80-52f17ce91ed3,popqa,Who was the director of Fame?,1,Fame (2009 film)
f5751017-830d-44cf-8a46-9b57a37e18f9,popqa,Who was the director of Balance?,1,Balance (1983 film)
4884e540-b207-459a-856b-2f6319610034,popqa,Who was the director of The Pioneers?,2,The Pioneers (1926 film)
4fe48df1-059b-4773-b1a2-6987d6ce7498,popqa,Who was the director of So Young?,2,So Young (film)
af55d57f-2117-40a1-aa22-b4412ace5741,popqa,Who was the director of New Frontier?,1,New Frontier (film)
40d9502d-3fa0-477c-b910-feaf14e1a461,popqa,Who was the director of You for Me?,1,You for Me
5c964bf0-0232-4020-8582-ae5bc35a626a,popqa,Who was the director of Fashions in Love?,1,Fashions in Love
a44263c2-0e57-48d3-b09a-e91ea6ff8bf1,popqa,Who was the director of Wings of Destiny?,1,Wings of Destiny
ee0f9ce5-98b0-43ef-9559-bfcfd06f4598,popqa,Who was the director of The Show?,1,The Show (1995 film)
f632cfb6-64de-41d7-9586-330aacbabd66,popqa,Who was the director of Local Ad?,2,Local Ad
443f72fb-9e55-459d-8d24-4293f76830a9,popqa,Who was the director of Champion?,1,Champion (2003 film)
547546d1-0226-40b4-883f-15598e0fe21d,popqa,Who was the director of Nelson?,1,Nelson (1926 film)
d7684cd0-9ed3-4a54-8d15-0ae1dfd1a2c5,popqa,Who was the director of Le tue mani sul mio corpo?,1,Your Hands on My Body
ce94ff97-32ba-45f8-8612-12fde2341b88,popqa,Who was the director of Faith?,1,Faith (1916 film)
faa8993c-190d-465c-aa68-ab10699e3f3c,popqa,Who was the director of Redemption?,1,Redemption (2012 film)
dababfaa-ffd7-410c-a90b-d97b1517c9f9,popqa,Who was the director of Don?,1,Don (2007 film)
5416b206-2f68-4a73-beaf-187e6952f2b0,popqa,Who was the director of On the Run?,1,On the Run (1958 film)
bb2489a7-95a3-4e31-80b6-82083a5a85f0,popqa,Who was the director of Sky West and Crooked?,1,Sky West and Crooked
041a9c25-822e-4ae7-a217-df0e44858bc2,popqa,Who was the director of Inspector Pink Dragon?,1,Inspector Pink Dragon
2431d3a3-4241-4757-a99c-8de1e2fd4c1f,popqa,Who was the director of Little Malcolm?,1,Little Malcolm
a34d7dba-ec0c-45de-9d62-a395064e52a9,popqa,Who was the director of Rang Milanti?,1,Rang Milanti
5f7f17e9-6b03-4a72-b746-4ab12b9bbb01,popqa,Who was the director of The Illusionist?,1,The Illusionist (1983 film)
1bbef5a9-d5ab-4446-92f6-6e890c80be49,popqa,Who was the director of The Affair?,1,The Affair (2004 film)
2c1b76c2-fe51-4438-a31a-35d332febdf7,popqa,Who was the director of Weekend War?,1,Weekend War
fb706ef5-c8ad-4e6f-ae4e-23e021f610ed,popqa,Who was the director of Nightmare?,1,Nightmare (1942 film)
61908455-1b5c-431e-a67e-5c59297ac5a4,popqa,Who was the director of Fix?,2,Fix (film)
ad2e3685-7e30-4840-96ef-1ccfb9615c9a,popqa,Who was the director of The Return?,2,The Return (The Office)
45c40f6e-d328-469b-855e-1f4b09765cc4,popqa,Who was the director of Trust?,2,Trust (Revenge)
c4714b68-032e-4a40-aad5-9d057399de2e,popqa,Who was the director of The Plan?,1,The Plan (Six Feet Under)
53fab661-0fcb-4d3e-83f6-d5c2aba4f056,popqa,Who was the director of August?,1,August (1996 film)
aff228b8-3941-4abc-8c0d-dcabeaa98189,popqa,Who was the director of Protagonist?,1,Protagonist (film)
30f7d8ab-30d3-4e81-a3a4-9a04e85e5b35,popqa,Who was the director of The Cost?,1,The Cost (The Wire)
cc4f31f1-a57d-4648-b1f7-12e90d1151e6,popqa,Who was the director of Seek?,3,Seek (NCIS)
07e1eae3-d2a1-4851-a60b-0774156100e7,popqa,Who was the director of Grand Slam?,1,Grand Slam (1967 film)
0d65fee0-79ab-4595-802e-886b820b342c,popqa,Who was the director of Hustle?,2,Hustle (2004 film)
8cfa88a6-5814-453c-b1f3-2660bca21ae1,popqa,Who was the director of The Wicked?,1,The Wicked (1991 film)
1a91bf08-d810-49e7-ba53-7e399a716209,popqa,Who was the director of Beating Heart?,1,Beating Heart (film)
d4c42eeb-2a51-4768-8534-d82d38713673,popqa,Who was the director of Variety?,1,Variety (1935 film)
ab8c0a05-6a58-429a-837a-d550f813c7c0,popqa,Who was the director of Falling in Love?,1,Falling in Love (1984 film)
783f48cd-d87b-479b-b128-163bb99d81c6,popqa,Who was the director of Nelson?,1,Nelson (1918 film)
b6573ee9-84b4-4d2f-95fd-c741f0032b27,popqa,Who was the director of The Intended?,1,The Intended
b83bc51b-820f-4538-9fe9-a728ded0ac0f,popqa,"Who was the director of My Sister, My Sitter?",2,"My Sister, My Sitter"
0c3066a5-c02d-40ce-b053-400fb47a1e94,popqa,Who was the director of Bread?,1,Bread (1924 film)
9e515bb8-ff60-44bf-8937-d6ea6e275f4f,popqa,Who was the director of Nuclear Strike?,1,Nuclear Strike (Spooks)
bee75ebe-b707-4215-b231-d1043b414fb1,popqa,Who was the director of The Night Riders?,1,The Night Riders (1920 film)
3a6e0e49-0239-4286-9503-857063c5f826,popqa,Who was the director of K-9000?,1,K-9000
510025d4-95c4-438b-9f82-6c9b450dc5ce,popqa,Who was the director of You and I?,1,You and I (1938 film)
4b9d41d7-03c3-4dbd-bc73-74c81ed2c0d3,popqa,Who was the director of Breath?,1,Breath (2007 film)
db91b6dc-77e6-45df-82f4-0683a9eae827,popqa,Who was the director of Fighter?,1,Fighter (2011 film)
647ada0d-0498-4c4e-b89c-b1d280f82d69,popqa,Who was the director of We Shall See?,1,We Shall See
3a9a3e73-5db9-4388-9cad-c454465a2f60,popqa,Who was the director of A Slave of Fashion?,1,A Slave of Fashion
4206dbea-a492-4d75-8ee4-9856b30bbce7,popqa,Who was the director of A New World?,1,A New World (Angel)
8f02c0a4-9004-4224-b948-48f9159c6ae2,popqa,Who was the director of Evidence?,1,Evidence (1988 film)
0aec3852-dba6-4c26-b942-b202de21b6a4,popqa,Who was the director of Listening?,1,Listening (film)
c0dffa11-daeb-4b0e-8a37-b01d1a7457d9,popqa,Who was the director of In My Life?,1,In My Life (1978 film)
07c9c7a9-4ca4-452c-acef-57c2c396bd9f,popqa,Who was the director of La cruz?,1,La cruz (film)
722c0742-c946-4d1f-b2c3-74d68479e078,popqa,Who was the director of Three of a Kind?,1,Three of a Kind (The X-Files)
c35c9697-a433-4726-bfdf-50e6d0b7290a,popqa,Who was the director of Say It Again?,1,Say It Again (film)
125d5114-becf-4c80-a539-6cee27d5b455,popqa,Who was the director of Submission?,1,Submission (1976 film)
04a9322b-760c-4268-9f6a-9ca185982ba7,popqa,Who was the director of Desirable?,1,Desirable (film)
4e11bea4-f976-46ab-a6d7-a8c8e91e5181,popqa,Who was the director of Wherever You Are?,1,Wherever You Are (film)
0d14b465-ccc3-4828-a8e7-bca7688c0eee,popqa,Who was the director of Deep Breath?,1,Deep Breath (film)
3adb2725-e714-4a5c-ad64-c9a9c3c4dd72,popqa,Who was the director of The Guard?,1,The Guard (1990 film)
483da0fa-4edf-40db-b081-cf183d8c133a,popqa,Who was the director of Low Life?,1,Low Life (film)
6c8e8fc1-73ea-4400-bf70-8ac86eeb209c,popqa,Who was the director of Up in the Air?,1,Up in the Air (1940 film)
80ca0c24-b7dd-40bd-8551-4e7faa8c42b9,popqa,Who was the director of The Answer?,1,The Answer (film)
069d0822-9164-4d38-8000-2c2a2296a647,popqa,Who was the director of Run for Money?,1,Run for Money
8768eaf0-c9cf-40dd-b5dc-428d2a5e1a58,popqa,Who was the director of St. Patrick's Day?,1,St. Patrick's Day (The Office)
881c5494-78cf-4821-8203-6f33dd9a9bbc,popqa,Who was the director of The Oath?,2,The Oath (2010 film)
ab4d61ea-ca44-443a-af6b-3ea28230fa6c,popqa,Who was the director of Busted?,1,Busted (film)
a692ba90-a2ef-4220-92a6-6fae7d7765e0,popqa,Who was the director of The Movies?,1,The Movies (film)
c3d5d3af-54ef-49d6-bb09-93ccc7c81fdc,popqa,Who was the director of 15 Maiden Lane?,1,15 Maiden Lane
316a75cb-297a-461b-9661-6498d25edc10,popqa,Who was the director of Normal?,2,Normal (2003 film)
8cb42c03-1356-46ca-91e5-aa8b19c0745e,popqa,Who was the director of The Love Nest?,1,The Love Nest (1933 film)
4a35b5f5-e344-4366-92bb-71a3e48f2622,popqa,Who was the director of The Runner?,1,The Runner (1985 film)
8288ca58-fd39-4306-a5f7-4a7e4bb56770,popqa,Who was the director of The Resolve?,1,The Resolve
05bb75ab-902d-445d-a0ac-b0c60848c609,popqa,Who was the director of The Missing Star?,1,The Missing Star
14be855a-7569-4920-bac3-ec07432e3df1,popqa,Who was the director of Christian?,1,Christian (1989 film)
a4f1db21-7be5-48c8-ae1d-73aa920b42ed,popqa,Who was the director of Out?,1,Out (1957 film)
572ecc06-7347-403c-8fdd-787ef9065dac,popqa,Who was the director of Pilot?,1,Pilot (Gilmore Girls)
4043dbaf-c8a0-48cc-91f7-0170f0858e29,popqa,Who was the director of The Letter?,1,The Letter (1999 film)
9dba1cd7-d89b-4a42-ae88-dbb047d790d2,popqa,Who was the director of Face?,1,Face (1997 film)
927f5d14-663b-414d-af3e-674c7694fdb3,popqa,Who was the director of Black and White?,1,Black and White (2008 Italian film)
12a3d1dd-602f-47b6-aba7-7da3462eb1bf,popqa,Who was the director of Stuff?,1,Stuff (film)
79983f65-829d-4e63-ac83-26c8866386d3,popqa,Who was the director of Confession?,1,Confession (1955 film)
1af51da1-e6ed-4fec-863b-16884147dc73,popqa,Who was the director of While There is Still Time?,1,While There is Still Time
e92c6d7b-5fce-40a7-a758-59d592200f35,popqa,Who was the director of Take a Chance?,1,Take a Chance (1937 film)
c00c9921-ec1c-4d53-802e-f6858f832465,popqa,Who was the director of Den store gavtyv?,1,Den store gavtyv
a03a7520-662f-4cda-9a0b-778f44be0058,popqa,Who was the director of Whitney?,1,Whitney (2015 film)
f1ad1812-fbc8-4ddf-b552-8698dc81fd07,popqa,Who was the director of The Night Has Eyes?,2,The Night Has Eyes
030d7481-c11e-4286-8898-581c982eb339,popqa,Who was the director of Too Much (Little) Love?,1,Too Much (Little) Love
f296b175-3a6d-49d8-bd66-e21cb734aa08,popqa,Who was the director of Hitlerjunge Quex?,2,Hitlerjunge Quex (film)
ad038e13-5c21-426b-a52a-b1f0d8c51ac7,popqa,Who was the director of The Great Outdoors?,1,The Great Outdoors (film)
1e5ccf10-458c-403c-bf3e-7551465745c4,popqa,Who was the director of Skinner's Dress Suit?,1,Skinner's Dress Suit
6a93ff3e-ce2e-44f8-a801-b3bbe795f1c5,popqa,Who was the director of Riders of the Purple Sage?,1,Riders of the Purple Sage (1941 film)
bb5c4f64-291a-4239-ac50-250e393e4fce,popqa,Who was the director of The Physician?,1,The Physician (1928 film)
32d27a8f-f5b1-4a91-b639-74439d3f755f,popqa,Who was the director of Gentleman's Intermission?,2,Gentleman's Intermission
2b1ed0b9-dfe7-45ba-813d-f30774512a81,popqa,Who was the director of El Último perro?,1,El Último perro
6043143d-514b-4ee8-ab56-e44dc80b8968,popqa,Who was the director of Holi?,2,Holi (1984 film)
1e056f0e-300a-4a6c-ab63-59ca7bcf081a,popqa,Who was the director of Delivering?,1,Delivering (film)
e6037e0a-c8bc-4eee-9eeb-041a0db49070,popqa,Who was the director of Christmas Comes But Once a Year?,2,Christmas Comes But Once a Year (Mad Men)
5b13d4db-d9ec-4bc5-91fb-28b83b69608a,popqa,Who was the director of Super Star?,1,Super Star (2002 film)
8aa0f2d6-e603-4f9b-ac84-a6e518311440,popqa,Who was the director of Mother?,1,Mother (1991 film)
1fe7f0aa-f968-41ab-ba41-4fa7299d0fd1,popqa,Who was the director of Mary?,1,Mary (2005 film)
65b5571d-f51b-4059-ade8-223995a410cc,popqa,Who was the director of Student?,1,Student (film)
a1f6b654-f839-4d7f-b0fe-75edb22a9f2c,popqa,Who was the director of Revenge?,1,Revenge (1985 film)
621ac8b4-235d-43a3-96ee-9897e1956ed9,popqa,Who was the director of Eva?,1,Eva (1948 film)
980552db-9541-44a6-9919-dc594f830ab3,popqa,Who was the director of Lovely?,1,Lovely (1979 film)
3b12dcb5-0121-402a-8a47-52e62450f925,popqa,Who was the director of Easy Money?,1,Easy Money (2010 film)
27f96445-c93f-4d9f-a7ba-dbe01946cc87,popqa,Who was the director of The East is Red?,1,The East Is Red (1993 film)
3589974b-2e30-4d27-916e-be3302f346ea,popqa,Who was the director of Beggar on Horseback?,2,Beggar on Horseback (film)
a522be2c-f6d8-4d69-9127-ef699420e6da,popqa,Who was the director of The Delivery?,2,The Delivery (The Office)
8f65ab28-311a-426f-907b-4256e1cfa32f,popqa,Who was the director of Las Vegas?,1,Las Vegas (Modern Family)
9a807417-af8c-4266-98ac-14f656f652bf,popqa,Who was the director of Two Women?,1,Two Women (1999 film)
b21fa6b8-1c5a-43ae-902b-e7b38f229a23,popqa,Who was the director of By Design?,2,By Design
4dd057ca-65fb-45ec-9eb5-0bb83fd14779,popqa,Who was the director of Sagar Sangamey?,1,Sagar Sangamey
9d34cd48-f68b-4dd0-9974-44cade03697c,popqa,Who was the director of The Guru?,1,The Guru (1969 film)
242a672e-03f8-4162-8d1e-64839a44b802,popqa,Who was the director of Late Last Night?,1,Late Last Night (film)
58cc3bfb-f92f-4c6e-af3e-66a354eff4a8,popqa,Who was the director of Love Don't Cost a Thing?,1,Love Don't Cost a Thing (film)
c86aaeba-9b0d-4b66-bb13-3fa68fc51f35,popqa,Who was the director of Click?,1,Click (2010 film)
8fa0a87d-02e3-4175-bdc3-aad1e4c8ceca,popqa,Who was the director of Say My Name?,2,Say My Name (Breaking Bad)
875929ba-043f-459e-b550-94958b8ec8b0,popqa,Who was the director of P?,1,P (film)
803ef551-9f80-441b-a2b1-02dcd9115c08,popqa,Who was the director of The Butterfly?,1,The Butterfly (1914 film)
f09d4ac5-ab51-4327-b5e7-b4f4f2bd0684,popqa,Who was the director of The Cottage?,1,The Cottage (film)
991f9325-47ad-4656-a016-6f52bd90c7cf,popqa,Who was the director of Goodbye?,2,Goodbye (Glee)
0f9c4386-c0d0-48a9-a96c-e8f07ffeced7,popqa,Who was the director of Green Hell?,3,Green Hell (film)
127a38ca-2391-4672-9eb9-f6f55c19eaf8,popqa,Who was the director of Sacrifice?,1,Sacrifice (1917 film)
bc50e6b3-7a98-4b50-bd8e-ba9f6ea2c7b7,popqa,Who was the director of Women Who Work?,1,Women Who Work (1938 film)
fc74ea20-0c25-4579-ae1e-07ab83991cae,popqa,Who was the director of Weight Loss?,2,Weight Loss (The Office)
98018d12-8adc-4bd6-bc18-4d55dd2094a6,popqa,Who was the director of Sun?,1,Sun (film)
161c2b9f-c232-465b-92c9-f321af95e9d3,popqa,Who was the director of Hollywood?,1,Hollywood (1923 film)
27ea0009-7e65-4212-a2a3-87bda315e7c6,popqa,Who was the director of Trail?,1,Huella
131a1f6d-cb69-4a37-83ca-6c952b39c22b,popqa,Who was the director of The Bat?,2,The Bat (1959 film)
74c4ad0b-bbcc-430b-bac5-576925497a68,popqa,Who was the director of Crime Zone?,2,Crime Zone
ba39f489-28ff-488a-9938-ec5b4f08aa84,popqa,Who was the director of Another Life?,1,Another Life (2013 film)
c7d1eef2-c6ee-4930-a786-a66af4b5b03e,popqa,Who was the director of The Promotion?,3,The Promotion
f95bd214-2adc-4028-baf7-29beaba70353,popqa,Who was the director of Basement?,1,Basement (2014 film)
38e0d9e4-5e6f-4d10-889d-7cd23262fc57,popqa,Who was the director of Sunday?,1,Sunday (1997 film)
0c9e77ff-6b1f-4524-94ef-daa8433f9dc5,popqa,Who was the director of Trojan Eddie?,1,Trojan Eddie
85e54926-7155-44e3-a374-d2a65e80a6f9,popqa,Who was the director of The Reader?,1,The Reader (1988 film)
a6ae1d40-0ea2-440c-afdc-36a8aa49c458,popqa,Who was the director of My House?,1,My House (film)
4da8b8db-ffb2-4cca-a6ca-b59d37056f68,popqa,Who was the director of The Good News?,1,The Good News (Mad Men)
45de38ef-c9eb-4711-8b5d-16b7e12c19b2,popqa,Who was the director of Mute?,1,Mute (2005 film)
dfc10540-fcf1-4629-a2e3-c4ca226c5631,popqa,Who was the director of The Ancestor?,1,The Ancestor
1a6d354d-9e5c-4250-a76f-3706c547b181,popqa,Who was the director of The Well?,2,The Well (Agents of S.H.I.E.L.D.)
af5a940b-789e-4ef5-98f3-b2a2db865ad9,popqa,Who was the director of Parking?,3,Parking (1985 film)
5dbf1a72-8ccb-49f7-a94b-e629831d0377,popqa,Who was the director of Day Off?,1,Day Off (film)
3bd7a9d7-afaf-411f-becf-cffab9303d8b,popqa,Who was the director of Fear?,1,Fear (1946 film)
3655a63f-47e1-4067-bf49-38f45a178d6c,popqa,Who was the director of Framed?,1,Framed (1930 film)
42176a8d-39f1-4d31-bd3b-38a20f847de7,popqa,Who was the director of The Bad Bunch?,1,The Bad Bunch
cc110fa2-5e7d-4d5c-8d3e-f9a301f3926d,popqa,Who was the director of Prag?,1,Prague (2006 film)
e0cbeb79-fb92-4790-bad1-1d1ceb0ab21c,popqa,Who was the director of Det var paa Rundetaarn?,1,Det var paa Rundetaarn
c381a052-02a5-4148-8df0-93bcd6b2e367,popqa,Who was the director of Detective?,1,Detective (2007 film)
883c75e5-231c-4c76-9405-f25c6e129326,popqa,Who was the director of The Fossil?,1,The Fossil (film)
77d0a8bd-b40b-4924-9100-0a1f93487ed8,popqa,Who was the director of Voices?,1,Voices (1973 film)
c1549e34-66ce-4c8c-a2ac-6cd354c578b4,popqa,Who was the director of A Self-Made Failure?,1,A Self-Made Failure
6d2d4aa6-d374-4559-9cf9-b8157ccd8922,popqa,Who was the director of The Wedding?,1,The Wedding (2004 film)
9d56911b-25f8-4873-ae5c-9ef383e492f5,popqa,Who was the director of The Barrier?,1,The Barrier (1937 film)
dc7d96eb-0812-43ef-b0db-f771e9d7b0a6,popqa,Who was the director of Singapore?,1,Singapore (1960 film)
75c5b93f-fda9-410e-829b-92a13d8adc0c,popqa,Who was the director of I Do?,2,I Do (Glee)
3f2b353d-395a-4b9b-afc5-4bdc5ff3223f,popqa,Who was the director of Small Town?,1,Small Town (Sports Night)
5c002edd-5ce4-4c16-84a4-9f5ca03f9afb,popqa,Who was the director of Ginger?,1,Ginger (2013 film)
f9ae12e3-2ed0-441f-84b9-edbff40e2e6f,popqa,Who was the director of The Canadian?,1,The Canadian (film)
6e1e40c1-0430-4206-929c-f04c1c4c92dd,popqa,Who was the director of Destiny?,1,Destiny (1938 film)
a4b341ca-efbe-4f3c-83ce-7caa1ccbced5,popqa,Who was the director of Sacrifice?,1,Sacrifice (The Following)
e989de34-9813-4cb5-a052-bc0b95af32a4,popqa,Who was the director of Pip?,1,Pip (South Park)
a3595b66-fcc0-47df-9d27-cea2dca8eced,popqa,Who was the director of The Stranger?,1,The Stranger (1967 film)
c97404a5-c1d4-40b5-97a2-1f1a072a51e8,popqa,Who was the director of Flying?,2,Flying (film)
a215bbe1-438a-4be8-b0e2-7bb4bda5766a,popqa,Who was the director of Action?,1,Action (1921 film)
fa3ed8e3-4c05-4e8b-aa01-93e73062ee7d,popqa,Who was the director of Marriages?,1,Marriages (1998 film)
f423a954-cb01-4933-9867-89e64167ddb3,popqa,Who was the director of Empire?,1,Empire (1986 film)
707f91a6-2e7b-4c0a-bb98-1e1ea78708e5,popqa,Who was the director of Noise?,2,Noise (2007 American film)
6c131dfd-64e8-4f6b-bc0d-b697f1a8a1e4,popqa,Who was the director of Family Tree?,1,Family Tree (2010 film)
b816de1e-e338-46c6-afaa-4d5f4cda5883,popqa,Who was the director of Shapes?,1,Shapes (The X-Files)
6f3a369a-ac79-4a3b-ab68-c8fd95137be9,popqa,Who was the director of Ready?,1,Ready (2008 film)
7308579d-c21c-4664-b911-579c291f7961,popqa,Who was the director of Boys?,1,Boys (1977 film)
57cddb93-5850-4173-9d9d-f81dfebed7d0,popqa,Who was the director of Sold?,1,Sold (1915 film)
179df085-0bf6-46c2-8b76-c54bd2b3d0fa,popqa,Who was the director of The Lawyer?,2,The Lawyer (film)
dbbbae3d-bbe5-40bf-ac71-a83eb7eecf50,popqa,Who was the director of Berlin?,1,Fall of Berlin – 1945
97d495d6-2131-4a63-b8fb-c90c2b568d41,popqa,Who was the director of A New Day?,1,A New Day (The Wire)
ce1af7b0-0438-42b6-bcdc-63fe623a55ee,popqa,Who was the director of Hotel?,1,Hotel (2004 film)
bae05dee-84b4-4753-8f63-03d1863312ca,popqa,Who was the director of To Spring?,1,To Spring
32b89691-9ba7-48b1-9144-af401333a335,popqa,Who was the director of The Billionaire?,1,The Billionaire
ce500469-6ba8-40ce-89a2-11e789df98c5,popqa,Who was the director of Job Fair?,2,Job Fair (The Office)
a2bc9911-9017-497a-9ca1-bfd922059f7f,popqa,Who was the director of Way Out?,1,Way Out (film)
b5125f37-b4b7-4d60-a4de-db4a5400a3a5,popqa,Who was the director of Broadway Jones?,1,Broadway Jones (film)
1ac011a3-f56a-4355-8989-2d7f6c578568,popqa,Who was the director of Framed?,1,Framed (1990 film)
709a7250-691b-4f81-a1cb-81db0e41b19a,popqa,Who was the director of Abel?,1,Abel (1986 film)
761d35e4-65ed-4cd9-8e8d-1f52f2bbdf91,popqa,Who was the director of The Buster Keaton Story?,1,The Buster Keaton Story
0991f0ed-34c8-4d0b-af9c-afe557654ace,popqa,Who was the director of Emergency Landing?,1,Emergency Landing (1952 film)
15c8eee2-d080-4802-9266-6c160dfaec31,popqa,Who was the director of The Moment?,1,The Moment (1979 film)
d1ef5ea7-a5a0-4490-8ff2-710bb377ac7d,popqa,Who was the director of L'ultima chance?,1,Stateline Motel
db02c742-cf21-4cae-8b63-48df47279810,popqa,Who was the director of Phoenix?,4,Phoenix (2014 film)
1e4ba109-d411-48db-a0ac-eae1442d9619,popqa,Who was the director of Echo?,1,Echo (2001 film)
4f5c122d-b4dd-4b47-9797-5acd46b43a5e,popqa,Who was the director of Ji?,2,Ji (film)
09a3289f-a8be-400f-809b-adfc58ddcb62,popqa,Who was the director of Genesis?,1,Genesis (1986 film)
e8f314a5-eace-4b9a-b335-b585eb5323c4,popqa,Who was the director of Tomorrow Is Yesterday?,1,Tomorrow Is Yesterday
e8273933-f985-40b3-a3fd-40dde17d042d,popqa,Who was the director of The Trap?,1,The Trap (1919 film)
8697aee9-c6f2-443c-85ab-cd5bad160e0e,popqa,Who was the director of Sunday?,1,Sunday (2002 film)
f68420db-c483-4c52-8a8b-f212a58953f2,popqa,Who was the director of Party?,1,Party (1984 film)
a2bd5d91-c155-4528-b797-30460b67b1f0,popqa,Who was the director of Independence Day UK?,1,Independence Day UK
93fa014d-c563-4aa6-b58b-561ef4ee11e1,popqa,Who was the director of Rainbow?,1,Rainbow (1944 film)
61640135-5434-48b7-9af2-5519ad051f38,popqa,Who was the director of Mist in the Valley?,1,Mist in the Valley
e64e7908-7335-48b4-8ccf-5492bd3e0b85,popqa,Who was the director of Pedar?,1,The Father (1996 film)
618c2484-dcc3-4910-88b3-67cba1da9545,popqa,Who was the director of Mother and Child?,1,Mother and Child (1934 film)
73128a7b-2945-47ce-82bc-2eabf0235794,popqa,Who was the director of The Trap?,1,The Trap (1922 film)
6c324548-3303-48ac-889b-99843a4f4dde,popqa,Who was the director of Normal?,1,Normal (New Girl)
46249ec7-d5ea-4a9e-9222-7994d39a72a4,popqa,Who was the director of Birthday?,1,Birthday (Angel)
dee3e656-92f2-452c-8a8d-33b4974053d0,popqa,Who was the director of Barricade?,1,Barricade (2007 film)
92afc777-597f-41bd-9d7e-26b747484389,popqa,Who was the director of Our Time?,2,Our Time (1974 film)
b3d1ce00-da78-41e0-84d7-6698398f4d8b,popqa,Who was the director of 15?,2,15 (film)
ed876963-5bbf-4008-8344-0b1395d5a391,popqa,Who was the director of Shiva?,1,Shiva (2008 film)
b783f4b5-5ab2-4e62-a01c-a813709849f2,popqa,Who was the director of Public Opinion?,1,Public Opinion (1916 film)
afe1a919-9020-4fa2-89fd-db195ab83d69,popqa,Who was the director of Jack?,1,Jack (2013 film)
710b8f9c-1167-4674-a032-1f3538d3009e,popqa,Who was the director of Break Up?,1,Break Up (1965 film)
af957962-fc17-41a3-a3fc-bd28f8de5952,popqa,Who was the director of The Band?,1,The Band (film)
6bdf57dd-0ab2-425e-b356-158a8ea9138a,popqa,Who was the director of Hungry?,2,Hungry (The X-Files)
716bcaac-daa4-475e-861d-f39e85c7a093,popqa,Who was the director of Only You?,1,Only You (1992 film)
e9f03686-9837-40e5-930e-034ae8e92915,popqa,Who was the director of Pilot?,2,Pilot (Nikita)
41f3f3aa-aff6-42b6-82db-d6f67d2d34ce,popqa,Who was the director of The Confession?,1,The Confession (1999 film)
efc62aae-c946-40c8-8b3b-7ceda52d5eaa,popqa,Who was the director of Song of Nevada?,1,Song of Nevada
757771ac-474e-40ff-bac6-7ebcd1f52819,popqa,Who was the director of Marked for Murder?,1,Marked for Murder
883bc392-d837-4de2-b790-d5cccb234eb3,popqa,Who was the director of Rebellion?,1,Rebellion (2009 film)
82a33ea1-0195-46b3-99c0-b35f2f6b656d,popqa,Who was the director of Lakshmana Rekha?,1,Lakshmana Rekha (film)
dd9770e4-f4a8-41c0-a2f4-19eead257759,popqa,Who was the director of Enclosure?,1,Enclosure (film)
6ef0c0c6-cd15-4282-88fe-98748da6be5b,popqa,Who was the director of The Ogre?,2,The Ogre (1989 film)
fcfa0aaf-558a-4991-8f09-9a53507e0898,popqa,Who was the director of The Delta?,1,The Delta (film)
a9d279f0-d595-435c-8fdb-6aff655f99f3,popqa,Who was the director of Another Toothpick?,1,Another Toothpick
7adfa62c-bda4-4d18-964d-e4e6389fe116,popqa,Who was the director of My Past?,1,My Past
cde52dbb-ecd5-4184-a880-ea4611f9ec44,popqa,Who was the director of Isolation?,2,Isolation (2005 film)
3a2f6e76-6b89-49bd-92d5-916fc3ed70e0,popqa,Who was the director of Stronger Than Desire?,1,Stronger Than Desire
d0201698-58ad-4c2a-b3d6-025333762373,popqa,Who was the director of Day by Day?,1,"Day by Day, Desperately"
e0c72b18-6698-42b6-9487-ed8c577052d6,popqa,Who was the director of The Jacket?,2,The Jacket (Seinfeld)
2f537d61-0d32-4ba1-9f31-87eef0f70307,popqa,Who was the director of The Debt?,1,The Debt (2014 film)
19b397cf-fcc4-4301-9543-739b22fff8e5,popqa,Who was the director of Heaven?,1,Heaven (1987 film)
285dc1a2-4d2a-4898-a7f4-7db349e11365,popqa,Who was the director of Amy?,1,Amy (1981 film)
b1bd1b1c-3f3a-40a7-b0cf-b897ac7a497d,popqa,Who was the director of Irresistible?,2,Irresistible (The X-Files)
4eec7e54-ad9c-4bab-a34f-bd8f3c810258,popqa,Who was the director of Sanguinarium?,1,Sanguinarium
19687904-d602-4c7b-960e-6b0bf319175e,popqa,Who was the director of The Plague?,1,The Plague (1992 film)
ac88b206-627c-4921-a141-65d25c608aab,popqa,Who was the director of The Day?,1,The Day (1914 film)
46c5d926-2ffa-4814-aee9-1fd7b4ba080d,popqa,Who was the director of Devotion?,1,Devotion (1946 film)
5cc1e049-8e56-4dfc-ae7a-0054c4be15e8,popqa,Who was the director of Pilot?,1,Pilot (One Tree Hill)
d8268354-39f0-400e-8889-99936685f07f,popqa,Who was the director of Atlantic?,1,Atlantic (film)
68e33f72-3a4b-4695-89fa-468ba8dea089,popqa,Who was the director of The Girl?,1,The Girl (2012 independent film)
1d9a59fc-07a8-405b-a70e-c4fdda588ea8,popqa,Who was the director of Le Guérisseur?,1,Le Guérisseur
b1f78dda-86ea-4ecf-88dd-008383bf09fe,popqa,Who was the director of The Brotherhood?,2,The Brotherhood (2001 film)
fc96ea3c-b0c7-433d-923f-7da2d1a60880,popqa,Who was the director of Terry?,2,Terry (film)
b9f139b3-2e86-487a-ac9f-508144ae8832,popqa,Who was the director of Forever?,1,Forever (2003 film)
2280562f-d8e3-4ac7-a79b-f54b6e92a050,popqa,Who was the director of Compass?,1,Compass (Falling Skies)
ad1afaca-e035-484c-be71-547dd49e12cf,popqa,Who was the director of The Ghost?,1,The Ghost (1982 film)
a2106cdf-33cf-4284-be03-215b5788ad90,popqa,Who was the director of The Photo?,1,The Photo
bf3a775c-8069-4582-99d8-ff92055937e5,popqa,Who was the director of Open House?,2,Open House (Breaking Bad)
c553abbd-ce6b-44b4-94f7-d8480c1ba7c7,popqa,Who was the director of Premiere?,1,Premiere (1938 film)
b72b67e7-34c9-4094-99fb-bbc291dc0a0a,popqa,Who was the director of The Forest?,1,The Forest (2002 film)
07827be7-aca8-4d09-85cf-e0ff99498121,popqa,Who was the director of Mac?,1,Mac (film)
612ad3a6-8613-43d0-89b9-7101a4b60e31,popqa,Who was the director of Hotel Noir?,1,Hotel Noir
423eb102-191d-42c0-84cb-3ae55449c953,popqa,Who was the director of Side by Side?,2,Side by Side (1975 film)
848ae5e9-439f-4c5c-8cf4-3ba6c97ca515,popqa,Who was the director of Final?,1,Final (film)
3752af64-296e-44ce-8963-731cf1c81c4f,popqa,Who was the director of Bingo?,1,Bingo (1974 film)
4d561b83-01d6-4535-a587-196ff2b4a414,popqa,Who was the director of The Hand?,1,The Hand (1960 film)
de7792f4-3d70-40d4-9b46-a083c0f848e6,popqa,Who was the director of Head?,1,Head (American Horror Story)
9f2215a4-840f-4f7e-9694-ea71e6f8f4cc,popqa,Who was the director of Rocky?,1,Rocky (1981 film)
07da9804-07ce-465b-864b-603ce797d965,popqa,Who was the director of Never Look Back?,1,Never Look Back (film)
5aae860a-c5cc-4f1b-9046-7c267829d805,popqa,Who was the director of Big Dreams Little Tokyo?,1,Big Dreams Little Tokyo
f35e0ad6-1025-4391-b796-328f4a00b92e,popqa,Who was the director of Hilde Warren und der Tod?,1,Hilde Warren und der Tod
bf36678e-98b2-47ad-9669-4738413dca86,popqa,Who was the director of Plastic?,2,Plastic (2014 film)
1444ceb1-8d31-451b-8693-9c6f3902ce99,popqa,Who was the director of Chemistry?,1,Chemistry (2009 film)
7fc27951-dad8-4633-afac-8456b299e1ab,popqa,Who was the director of Crash 'n' Burn?,1,Crash 'n' Burn (1977 film)
97ecf33b-28c9-4bc2-b31f-8b1178ceeeeb,popqa,Who was the director of Going Places?,1,Going Places (1938 film)
7ae09198-01f9-4a3c-910b-1aede9f32a9f,popqa,Who was the director of Monday?,2,Monday (The X-Files)
23fc79cc-1b6f-4ab8-b77e-e94b9fad6b26,popqa,Who was the director of Interview?,1,Interview (1973 film)
ee08570a-5255-4778-82f0-2f5be48b4263,popqa,Who was the director of First Love?,3,First Love (1977 film)
4079cfe5-bcc9-4124-9589-6390a0c1d0ea,popqa,Who was the director of Free Love?,1,Free Love (film)
2b9e7766-72ac-4b2c-a53d-b4e3ff23ff88,popqa,Who was the director of The Rebel?,1,The Rebel (1993 film)
9f6ee4b0-5b59-4272-bc70-e4df46a94b7d,popqa,Who was the director of Invasion?,2,Invasion (Grey's Anatomy)
805ca555-f26f-475c-bb9f-aaa9839799f7,popqa,Who was the director of Puzzle?,1,Puzzle (1974 film)
85b209ae-5854-4e95-b5da-f2e3305c1697,popqa,Who was the director of One Night?,1,One Night (2012 film)
f5a7a87f-8310-48b8-99f9-decee39768c3,popqa,Who was the director of The Ragman's Daughter?,1,The Ragman's Daughter
0af740d9-2c53-44f8-a84a-aca786664de6,popqa,Who was the director of Hell on Wheels?,1,Hell on Wheels (Hell on Wheels episode)
5bb5e076-ac0f-453c-9e90-a0bcbb03f900,popqa,Who was the director of An Event?,1,An Event
c7bb6761-989f-4acc-811f-02b2d9554398,popqa,Who was the director of The Con?,1,The Con (film)
0c45a5b4-8ef5-4145-b971-82589c678c81,popqa,Who was the director of London?,1,London (2005 Indian film)
1f972fac-8639-495f-9b34-7d05268330b6,popqa,Who was the director of The Land?,1,The Land (1969 film)
13d41335-aae4-4aa4-a2b9-e2ade11e853c,popqa,Who was the director of The Exchange?,1,The Exchange (2011 film)
a9a66dd0-e5b4-4f42-aa64-613e6afa9518,popqa,Who was the director of 2002?,1,2002 (film)
020907fa-adb4-494c-9339-e4dae5cf6ec2,popqa,Who was the director of New Mexico?,1,New Mexico (film)
ebe4b93a-d879-4feb-8c3a-2ab56426508f,popqa,Who was the director of Geordie?,1,Geordie (film)
bf9a2132-1795-4746-8773-dbcb2b5461b6,popqa,"Who was the director of Stupid, But Brave?",1,"Stupid, But Brave"
e9871466-513b-4be1-9526-d0cc116db364,popqa,Who was the director of Century?,1,Century (film)
975d5bd9-30e9-4cb7-baae-5f92bd7cae12,popqa,Who was the director of Young People?,1,Young People (1961 film)
0d416ae7-7822-428a-9eaf-ae275a63d4d5,popqa,Who was the director of Crave?,2,Crave (film)
7655e5be-8fa2-4818-ad4a-4933b9cea0df,popqa,Who was the director of The Spider?,1,The Spider (1940 film)
aeec9df1-3c11-4f3a-852a-c7458a832f3f,popqa,Who was the director of Careers?,1,Careers (film)
dde794f6-ec7e-4307-a225-c168a8aa4754,popqa,Who was the director of A Place to Go?,2,A Place to Go
2be876fd-eb4f-4299-b2f6-50ea41bc8299,popqa,Who was the director of The Kiss?,1,The Kiss (1916 film)
93777e81-6964-441d-b9f2-dd7343a3ee85,popqa,Who was the director of Indizienbeweis?,1,Circumstantial Evidence (1929 film)
e6fbf7b5-7419-4b32-8859-330c50bd5743,popqa,Who was the director of News Night 2.0?,1,News Night 2.0
1acb5c38-f157-4f0f-a936-13925d13678d,popqa,Who was the director of The Alliance?,1,The Alliance (The Office)
e2855f91-9bfd-40de-91bd-c8292d87655b,popqa,Who was the director of Pump?,1,Pump (film)
3c7bf2f2-bc03-4537-a615-395625dbf068,popqa,Who was the director of The Vineyard?,1,The Vineyard (film)
d9377dd8-1041-4edc-82b2-66087189d390,popqa,Who was the director of The Rebel?,1,The Rebel (1932 film)
ced640ab-8b00-4f3a-b088-18d8ce9f797a,popqa,Who was the director of Marie?,1,Marie (1985 film)
4b92becb-4267-4223-9618-0cb30e0db43e,popqa,Who was the director of Destiny?,2,Destiny (1944 film)
5f4e7a4d-794a-4d10-b7c5-bf3e90a86fcf,popqa,Who was the director of Providence?,3,Providence (The X-Files)
93f3fd18-c9a3-4de8-89ca-f0860a2359b0,popqa,Who was the director of The Eternal?,1,The Eternal (film)
d0cd8c45-f516-4ed3-a439-f42252237612,popqa,Who was the director of Career?,1,Career (1959 film)
ed69417b-ddac-4542-88ff-93013f0f6c3b,popqa,Who was the director of The Long Memory?,3,The Long Memory
dae337a4-e101-492b-8b46-52b4d5a42495,popqa,Who was the director of Beneath?,1,Beneath (2013 film)
a48a85fd-61cf-45ff-9f99-c5c60f97c8e4,popqa,Who was the director of Barabbas?,1,Barabbas (2012 film)
73a7633a-30b1-4cbc-8290-63b2d755dc9f,popqa,Who was the director of The President?,1,The President (2014 film)
cc2d43cd-1411-4042-8d2d-199e69ed17d2,popqa,Who was the director of Glass?,1,Glass (1989 film)
788b6d72-9cdf-46d2-80a6-ebdb834a8036,popqa,Who was the director of Changes?,1,Changes (1991 film)
8a95e9be-6249-4e6d-a506-31b21582baa2,popqa,Who was the director of The City?,1,The City (1926 film)
519250fc-4559-45ff-ac15-df507edbc46a,popqa,Who was the director of Anna Christie?,2,Anna Christie (1930 German-language film)
dd462d5b-72cd-4d41-a284-3c143deaf9b8,popqa,Who was the director of Go Now?,1,Go Now (film)
ce75b82b-caf3-4f5f-a0eb-6c4e154f7a79,popqa,Who was the director of North of Hudson Bay?,1,North of Hudson Bay
f9fa2fd4-a107-4f50-8d7b-36ff8d9f521d,popqa,Who was the director of Accident?,1,Accident (1976 film)
6af51d22-81e4-41f4-99a2-6286d395a801,popqa,Who was the director of Under Heavy Fire?,1,Under Heavy Fire
ff5eb4d0-1990-409e-b1ea-af554d64ec13,popqa,Who was the director of Chance?,1,Chance (2002 film)
95dc6a9c-3704-4156-a45a-4899db5698f9,popqa,Who was the director of Daddy?,1,Daddy (1989 film)
788bcc52-305e-473d-b14a-6ee7e22dc256,popqa,Who was the director of The Brat?,1,The Brat
c7bf3d8a-411a-4ca4-89aa-24217b9d8e6d,popqa,Who was the director of Experience?,1,Experience (1921 film)
6d8fb66a-7df8-4740-8871-21a9c13d7809,popqa,Who was the director of On Tour?,1,On Tour (1990 film)
1de17bae-6cc9-4f6e-9e48-ffa379fa51db,popqa,Who was the director of Some Like It Hot?,1,Some Like It Hot (1939 film)
f34f097f-dd74-4720-8f6b-8cfff3eac620,popqa,Who was the director of Victory?,1,Victory (1996 film)
6ae5da66-5e03-4f2e-9c96-67fd73ab9052,popqa,Who was the director of Fingers?,1,Fingers (1941 film)
1c5a491d-4494-4ea9-8525-71fa849a05ec,popqa,Who was the director of The Gift?,1,The Gift (The X-Files)
496360f9-85de-46e9-bb96-a3a8cfb4af03,popqa,Who was the director of The Girl in Mourning?,1,The Girl in Mourning
6ac357a0-d63a-4bc1-8347-639443200224,popqa,Who was the director of Swamp Woman?,1,Swamp Woman
10b714a3-6bef-462b-aa3d-75460710f3d2,popqa,Who was the director of Ned?,1,Ned (film)
1d52b042-0259-4492-a820-979e421a8597,popqa,Who was the director of Make a Wish?,1,Make a Wish (1937 film)
b431ff57-cdb1-4fca-9d5d-e224204e3b42,popqa,Who was the director of Love Story?,1,Love Story (1942 film)
61c70190-5311-4751-b0f2-2e7ff032a40b,popqa,Who was the director of The Mirror?,1,The Mirror (1913 film)
366bef69-6112-46af-9c5a-ed4b4b6c3966,popqa,Who was the director of Liam?,1,Liam (2000 film)
2701340a-5fa0-4971-a175-cae1f7ab4785,popqa,Who was the director of My Man?,1,My Man (2014 film)
f58f3d62-7d26-4772-a402-905345802851,popqa,Who was the director of Johnny?,3,Johnny (1980 film)
71bc8d43-cabd-4111-b038-318566cfdcd2,popqa,Who was the director of First Love?,1,First Love (2000 film)
55a0d5e9-0d20-47b2-9004-45ba4adf2069,popqa,Who was the director of Sam?,1,Sam (1967 film)
797f4146-77d8-4abd-b1d9-e0d985a5c754,popqa,Who was the director of Target?,1,Target (1995 film)
1d7675e7-e55d-4c03-9b62-e72ad3ab0b88,popqa,Who was the director of Georgia?,1,Georgia (1988 film)
6117ad7f-f248-47f4-9b84-d22658f77eab,popqa,Who was the director of Contract?,1,Contract (2008 film)
7559f30e-4d08-4a19-b69a-5d1842a12106,popqa,Who was the director of Two?,1,Two (2002 film)
1bcff912-dd9d-4e65-b7c2-479115d6635d,popqa,Who was the director of Secrets?,1,Secrets (1924 film)
afb59ba2-e435-411a-806f-ee9b0946ced7,popqa,Who was the director of The Pocket-knife?,1,The Pocket-knife
99018e92-a729-4e17-8b40-08f55bb72523,popqa,Who was the director of Cell Phone?,2,Cell Phone (film)
318fe47a-5e22-40dc-a1c4-046823665e39,popqa,Who was the director of Manhattan?,1,Manhattan (Once Upon a Time)
40c7061b-d4a2-4b68-b8c1-2f34b9ca94c4,popqa,Who was the director of Lan?,1,Lan (film)
5b590d99-a099-4253-bbe3-0ee7eeccaeeb,popqa,Who was the director of Crisis?,1,Crisis (1946 film)
3da1eed7-7fab-447e-b847-0011936e5d7b,popqa,Who was the director of Burning Man?,1,Burning Man (film)
1e52c9b6-19de-4e52-ba8c-915429b58adf,popqa,Who was the director of Sunny?,1,Sunny (2008 film)
808c97d2-9353-45d7-abd2-e0c4d0175191,popqa,Who was the director of Tested?,2,Tested (Glee)
6fb02bc6-b987-4003-90ef-1b7f3ffb120a,popqa,Who was the director of Tears?,1,Tears (film)
26506497-446d-4717-8ff9-13889c2b8a0f,popqa,Who was the director of Visitors?,1,Visitors (2013 film)
17de956b-6425-4332-bafb-8671c4d41c48,popqa,Who was the director of The Husband?,1,The Husband (film)
b19b3e4e-5225-4865-ab53-52546e112d83,popqa,Who was the director of Come Undone?,1,Come Undone (film)
79f12693-88a1-4edb-b76d-b96f67284dff,popqa,Who was the director of September?,2,September (1984 film)
63a3b769-c36c-4dfe-a11e-8d39ffd5a31a,popqa,Who was the director of Lost?,1,Lost (1983 film)
479fe610-a7b8-456e-84a3-6423b0da39e2,popqa,Who was the director of Reducing?,1,Reducing (film)
4bc7ed0c-68b0-4358-989d-400708501236,popqa,Who was the director of Beautiful Ohio?,1,Beautiful Ohio (film)
0535ba63-941f-4ec9-b13e-47ab00928f3c,popqa,Who was the director of Il Boss?,1,Il Boss
b490b6bf-ddaf-4f4d-b456-8057fa2a8bb3,popqa,Who was the director of Premi?,1,Premi
2b211175-0010-4f5e-a1dd-1f2a5342d5b6,popqa,Who was the director of Turning the Tables?,1,Turning the Tables (film)
9c6be7a2-eb8e-4b6c-969e-2e689f821d67,popqa,Who was the director of Gone?,2,Gone (NCIS)
f0273d7f-f476-4cfa-ba50-2880d9261d20,popqa,Who was the director of Overnight Delivery?,2,Overnight Delivery
f420bfc0-d1ca-47f0-a17a-44daad374670,popqa,Who was the director of Mata?,2,Mata (2006 film)
7b23ea6d-c180-46cc-bae4-0fd818f863ea,popqa,Who was the director of Nazrana?,1,Nazrana (1987 film)
b2dcd1fe-62d0-4e72-899b-e2e4987d3bb9,popqa,Who was the director of 100?,2,100 (Glee)
6943f455-4c76-4dbc-828e-a7833835b376,popqa,Who was the director of Vanity?,1,Vanity (1935 film)
84f8ca2e-bfee-45af-8fe6-a0cdbf526240,popqa,Who was the director of Early Spring?,1,Early Spring (1986 film)
561d4510-0ed1-4ef5-8892-4bb6174c7da3,popqa,Who was the director of Election?,1,Election (2013 film)
b1c924e9-e5dc-4525-a5dc-8653e81181a4,popqa,Who was the director of Run?,2,Run (Scandal)
ea1b826f-bcd4-493e-876f-092755f1eb23,popqa,Who was the director of Detective?,1,Detective (1954 film)
ae1f1220-e7ab-43d7-a575-121fc21b7858,popqa,Who was the director of Mypods and Boomsticks?,1,MyPods and Boomsticks
5f62b577-2323-4840-ab32-f02fd5ee8286,popqa,Who was the director of Gada Meilin?,1,Gada Meilin (film)
8c73fc57-c8bc-43ca-8a5f-862612fc48a6,popqa,Who was the director of Masks?,1,Masks (1929 film)
5af8eebf-5a73-456a-9885-d7d54d709f9c,popqa,Who was the director of The Houseguest and My Mother?,1,The Houseguest and My Mother
5f2cdfba-70a5-4628-b089-3c5fe6ed7a6a,popqa,Who was the director of La gorilla?,1,La gorilla
c8419bdb-8ea9-4edd-b1ac-dff22f425d8c,popqa,Who was the director of Charlotte?,1,Charlotte (1981 film)
a5fe7c77-7903-4aac-9468-1b77b9e66ae7,popqa,Who was the director of The Tough?,1,The Tough
0f7ee887-0285-45da-8406-9357a553d8aa,popqa,Who was the director of Che?,1,Che (2014 film)
7f06483b-caac-47b5-806a-3f59e07d1dd2,popqa,Who was the director of Go Further?,1,Go Further
c6c02456-9a95-4a1f-92e7-8ff6dfb16e3f,popqa,Who was the director of The Key?,1,The Key (1965 film)
0b1b21cf-87c5-4862-b76e-7c04dc5817df,popqa,Who was the director of The Stranger?,1,The Stranger (2010 film)
fda69a01-9c11-4076-855f-8a8ce70c4b1c,popqa,Who was the director of Technological Threat?,1,Technological Threat
13bbf087-aa6d-4876-b27a-c03b2ec75830,popqa,Who was the director of Nurse?,1,Nurse (film)
80150a99-7548-4193-9898-3bb86c672e4f,popqa,Who was the director of The Man with the Twisted Lip?,1,The Man with the Twisted Lip (film)
18826244-f56c-41df-81c3-7c3653041f3b,popqa,Who was the director of Country Life?,1,Country Life (film)
bb4d2ead-5b14-4333-a80e-66769b3043b4,popqa,Who was the director of Desire?,1,Desire (2000 film)
fbb26866-e22a-4ba8-aace-e7d6a5fd32df,popqa,Who was the director of Blake?,1,Blake (film)
6c1570f3-a34f-4468-bac1-990403278d00,popqa,Who was the director of Home?,2,Home (2008 Swiss film)
6f9ffc61-46e7-485c-9c1d-b51cfca23a66,popqa,Who was the director of Allen?,1,Allen (Prison Break)
a3344729-cc74-4329-afa6-97d647e673bc,popqa,Who was the director of Transit?,1,Transit (2006 film)
1b47777d-961a-4363-8f72-53bed507a27d,popqa,Who was the director of Pilgrimage?,1,Pilgrimage (1933 film)
7906b679-7a54-4f95-93b5-26fcb8664797,popqa,Who was the director of Guns?,1,Guns (film)
e8c52f3d-2963-4277-9239-fcffd79235e3,popqa,Who was the director of Number One?,1,Number One (1969 film)
0c06f6e9-4f98-43f9-9869-ef5445a0e680,popqa,Who was the director of Too Late?,1,Too Late (1996 film)
34b61f07-e917-4236-9315-724059e1530d,popqa,Who was the director of Man of the Year?,1,Man of the Year (1995 film)
937dc874-3ef0-4c9a-bffb-3df42739e8e1,popqa,Who was the director of The First Man?,1,The First Man (film)
5a474cbc-38fb-4184-ac39-09b833f9cc55,popqa,Who was the director of Superstar?,1,Superstar (2012 film)
c8486841-18b1-4384-8e3a-186217ff554c,popqa,Who was the director of English?,4,English (2013 film)
fca88362-c554-4178-88e0-4e2ea6925180,popqa,Who was the director of Live?,1,Live (2014 film)
83a328f2-7ff7-416c-9aa6-f60a43a38e6f,popqa,Who was the director of Richard?,1,Richard (film)
e78ff9ea-79d2-428c-8286-27e9f494577b,popqa,Who was the director of Not Quite Paradise?,1,Not Quite Paradise
19042823-881c-4c97-94f1-e9cb92323318,popqa,Who was the director of Makeover?,1,Makeover (Glee)
6e10bd7c-c95a-4874-8fb2-fea07c8fde4a,popqa,Who was the director of Katherine?,1,Katherine (film)
c688c277-3583-4524-9f94-e289a94d5adc,popqa,Who was the director of The Vision?,1,The Vision (film)
db10c8ef-4fe5-432b-bee4-778978f7cb34,popqa,Who was the director of Backstage?,1,Backstage (1988 film)
fb0238a0-8a96-4d40-ac63-f87c9422f208,popqa,Who was the director of Love Song?,1,Love Song (2000 film)
e586f688-0dd4-4c45-8df3-73bd054f6988,popqa,Who was the director of Visa?,1,Visa (film)
06a47c65-bbc7-4a99-9270-7ea36ab2dd6a,popqa,Who was the director of Aba?,1,Aba (film)
e003a2ba-a1a9-4d29-818e-558d7c2ad02b,popqa,Who was the director of The Mystery Man?,1,The Mystery Man (film)
cb66c048-2a97-4092-92b4-7af3a552fa2b,popqa,Who was the director of Party?,1,Party (1996 film)
012a108e-880a-4f22-ad82-cfcbd3e9bfce,popqa,Who was the director of The Secret Call?,1,The Secret Call
0c4808e3-45d0-412f-8583-bc4e1d5257b2,popqa,Who was the director of Forgive?,1,Forgive (The Following)
4d466e36-aee5-4c6c-b97c-1b2e0957c676,popqa,Who was the director of Happiness?,1,Happiness (2007 film)
93a79c7d-b363-4cd5-b357-5680ee8b40bf,popqa,Who was the director of Mother?,1,Mother (1914 film)
f0aec067-271f-41b9-b648-352b38d1e077,popqa,Who was the director of The Wolf?,1,The Wolf (1916 film)
195cee34-6380-4c86-a27a-188a255e632f,popqa,Who was the director of The Gamesters of Triskelion?,1,The Gamesters of Triskelion
00bdf3e8-1e81-4fe8-8564-0043a56cec48,popqa,Who was the director of Style?,1,Style (2006 film)
a5755dec-8d10-4162-910a-f19acbb9e2d3,popqa,Who was the director of Italy?,2,Italy (Everybody Loves Raymond)
cfd88d37-e63b-4afd-8142-d9753033b9ce,popqa,Who was the director of Fire?,1,Fire (The X-Files)
1a30e42f-5a94-43c1-9056-4c596f8ba418,popqa,Who was the director of Mates?,1,Mates (film)
12ca7154-68a6-4303-87d4-ec59db63527f,popqa,Who was the director of Apartment?,1,Apartment (film)
dbb9c8f1-466d-4eb3-a4c6-74fad0e7ed01,popqa,Who was the director of Outing Riley?,1,Outing Riley
e65451bb-a6f5-49c4-9d06-4d4cb4459ed0,popqa,Who was the director of Bedroom?,1,Bedroom (film)
0c2498d6-9620-4f17-901c-e57ec9328084,popqa,Who was the director of The Valley?,1,The Valley (2014 film)
c35b7f45-a125-449d-a6d4-2cb6322c2c79,popqa,Who was the director of Per amare Ofelia?,1,To Love Ophelia
f3685c4f-6a3f-4a16-8327-8ba859213038,popqa,Who was the director of The Hole?,1,The Hole (1957 film)
f67e4865-e571-4ad1-bb69-10164eb5b425,popqa,Who was the director of The Loudwater Mystery?,2,The Loudwater Mystery (film)
799875fb-e00c-48a4-acbd-cea0f3981924,popqa,Who was the director of Poor Boy's Game?,2,Poor Boy's Game
61dd4ea2-9ed9-4da5-a6c7-8815a425d143,popqa,Who was the director of Tickets?,1,Tickets (film)
ace045ac-cbe0-4da7-9d1a-c5f859d8dd7f,popqa,Who was the director of We Are Both?,2,We Are Both
969b51dd-bac2-4ac2-a229-161c8459bf47,popqa,Who was the director of Le cousin?,1,Le cousin
63fa9c2d-51d0-4850-b877-771f3311bdac,popqa,Who was the director of China?,3,China (1943 film)
6f038c1f-9859-4625-a849-734c1ecaf1cc,popqa,Who was the director of First Person?,1,First Person (2000 TV series)
67633a94-27b5-45f9-8abb-786c30722317,popqa,Who was the director of Us?,1,Us (1991 film)
65521eb9-3cf7-446e-b480-4b43b63e47b9,popqa,Who was the director of You and Me?,2,You and Me (2005 film)
195aebb4-1bb2-4af5-9604-f99c53d0136d,popqa,Who was the director of Conspiracy?,2,Conspiracy (1939 film)
9909a339-e8d5-49de-a190-29c68474d456,popqa,Who was the director of Comedy of Power?,1,Comedy of Power
a1b32fb4-0f2c-4c74-a7b4-8acf37951b9f,popqa,Who was the director of Pilot?,1,Pilot (Life on a Stick)
6877f817-d6dc-4894-b396-36c647635d3a,popqa,Who was the director of The Assassin?,1,The Assassin (1961 film)
d4e4453c-0d1f-433d-9c43-6daf9d640f16,popqa,Who was the director of Special?,2,Special (Lost)
10342c45-a9b9-4acd-8f68-0f643d6577b1,popqa,Who was the director of The Telling?,1,The Telling (film)
794209bb-3bc5-4bdc-95a0-3fcf3114ccbf,popqa,Who was the director of Pilot?,2,Pilot (Missing)
7ca9b0bf-f57f-4828-a2e6-f0a2fb76b715,popqa,Who was the director of Time Out?,1,Time Out (2001 film)
5e518c80-3fa7-475a-897b-eb5e9e3d377f,popqa,Who was the director of The Red Squirrel?,1,The Red Squirrel
1d8bca3b-7fcf-41fc-a516-96338beb34b0,popqa,Who was the director of Mother?,2,Mother (1952 film)
9373229c-1cbc-4a17-8daa-eedcabbfb204,popqa,Who was the director of Warm Nights on a Slow Moving Train?,1,Warm Nights on a Slow Moving Train
ba621201-d55d-40be-b170-7a429ef0897f,popqa,Who was the director of Bazaar?,1,Bazaar (1982 film)
00a596f6-8823-48d1-9dc5-4364118bbbe0,popqa,Who was the director of The Turning Point?,1,The Turning Point (1945 film)
fdab8c29-58f4-4a72-9f4d-9de7c228fa70,popqa,Who was the director of Boots?,1,Boots (film)
1d0cdd97-196b-4389-a6a3-2fbbbba1f45a,popqa,Who was the director of Honest?,1,Honest (film)
9f84df2e-7be3-4373-a27f-555e9843a5cc,popqa,Who was the director of The Incident?,1,The Incident (Lost)
09795e55-ed52-4fad-8a4f-51f237619dff,popqa,Who was the director of Those We Love?,1,Those We Love
2232ee6a-b46f-4eb2-a694-505635be522f,popqa,Who was the director of The Ghost?,2,The Ghost (1963 film)
5fa90b51-f5ac-4702-9faf-46aaef05ea8d,popqa,Who was the director of Colony?,1,Colony (The X-Files)
ba0373de-dfd0-48a7-ae7c-1bd65ffdd509,popqa,Who was the director of Passport?,1,Passport (1990 film)
4aefbd10-ac69-45df-acc6-315328efafb9,popqa,Who was the director of The Lottery?,1,The Lottery (1989 film)
6c6ccfa6-23a6-46c6-9115-18196448fe46,popqa,Who was the director of The Star?,1,The Star (1952 film)
50226bb5-c2d0-4578-8aa9-d0b7be922bee,popqa,Who was the director of Desires?,1,Desires (film)
42373b62-2e52-4562-ab2d-25469d9ee61f,popqa,Who was the director of The Verdict?,2,The Verdict (1946 film)
4df6356f-b457-4e2f-a6f8-d3d4e3b4124a,popqa,Who was the director of Panic?,1,Panic (1928 film)
6f90bec5-6f17-4654-9f65-52509ade8061,popqa,Who was the director of Amy?,1,Amy (1997 film)
fb20be99-97ba-43f9-b007-5a1c6d249c17,popqa,Who was the director of Test the Store?,2,Test the Store
bffd9f91-5e95-49d6-92b1-aa29c4401942,popqa,Who was the director of Noise?,2,Noise (2007 Australian film)
d96f61b6-cbf9-4591-a05e-641c49132852,popqa,Who was the director of A Lover's Return?,1,A Lover's Return
25234eb8-4acf-4cd8-ae04-0b42ac27a29e,popqa,Who was the director of California?,1,California (1947 film)
ab366e4d-88bd-4e67-b249-988929391945,popqa,Who was the director of Family?,1,Family (2006 film)
c10122f3-449d-4321-895b-226f8cc32893,popqa,Who was the director of Guru?,1,Guru (2012 film)
ffe5af62-4332-4ddc-8000-0494636398a6,popqa,Who was the director of The Cool Ones?,1,The Cool Ones
edd2c0db-509e-4dcb-bdb7-48a144d637fb,popqa,Who was the director of The Grand?,1,The Grand (film)
f2ea072c-c71c-4d56-9c73-587e33fdc223,popqa,Who was the director of Jigsaw?,3,Jigsaw (1962 film)
d69003b2-24c2-417b-9798-75246d11d278,popqa,Who was the director of Così parlò Bellavista?,1,Così parlò Bellavista
bf29a087-18e2-4a0c-bc89-22f9c96ef77d,popqa,Who was the director of Desire?,1,Desire (1982 film)
7b2e7be0-225f-4de1-8c61-a0a70b7d8663,popqa,Who was the director of Marte Dam Tak?,1,Marte Dam Tak
48eecab1-fb87-48a9-8009-1b9b91ed0d7d,popqa,Who was the director of Department?,1,Department (film)
5e5ac300-bd57-475d-aa21-127aafc8e1bd,popqa,Who was the director of Organ?,2,Organ (film)
c9ceda95-a9a6-4051-ab56-326b2fe4244b,popqa,Who was the director of Wavelength?,1,Wavelength (1983 film)
2b4d1f21-5190-45d4-9589-29c346e21837,popqa,Who was the director of The Spine?,1,The Spine (film)
5cb43bb5-07c0-4599-b8b0-41f21c42caca,popqa,Who was the director of Guru?,1,Guru (1997 film)
4eb7cce0-868f-417c-9996-d8610c4677e3,popqa,Who was the director of How I Spent My Summer Vacation?,1,How I Spent My Summer Vacation (1997 film)
f29adcf7-cb88-4f4f-af1e-6625d90c6f80,popqa,Who was the director of The Sidehackers?,1,The Sidehackers
75d3a0fe-9bad-4b62-8eab-47487d5b7fe5,popqa,Who was the director of Pilgrimage?,1,Pilgrimage (2001 film)
6f5e97c2-756b-41f5-8f05-73965c00bc49,popqa,Who was the director of Tattoo?,1,Tattoo (1967 film)
3d41c2d8-3abe-415b-b33a-3714ad3c694c,popqa,Who was the director of Passenger?,1,Passenger (2009 film)
aaef57c8-2d14-4ce9-968e-79abbe00d16b,popqa,Who was the director of Unexpected?,1,Unexpected (2015 film)
0509c124-7173-4e74-8d3b-80e4ffdc840c,popqa,Who was the director of One Night?,1,One Night (2005 film)
259cfb75-9be7-45c0-87a3-bc5c9f359e17,popqa,Who was the director of Reno?,2,Reno (1939 film)
816c38b0-f434-4e7b-8bed-f5c44f28ed51,popqa,Who was the director of Not So Long Ago?,1,Not So Long Ago
7bfb3a6e-f6a6-4f48-ba07-db803848b2e5,popqa,Who was the director of Laptop?,1,Laptop (2008 film)
49d302a4-5169-45f6-aaf8-484747f26925,popqa,Who was the director of Midnight?,1,Midnight (1998 film)
00e6518d-0dc2-4893-8877-d1961c2ba127,popqa,Who was the director of Happy End?,1,Happy End (2003 film)
cd863204-19ef-4ad6-86e8-531b29ca2f73,popqa,Who was the director of The River?,1,The River (1929 film)
2d163557-4486-4799-99da-22ea65800581,popqa,What is Frederick the capital of?,3,"Frederick, Oklahoma"
4099c3b1-8120-4897-a441-8906becb6764,popqa,What is San Bernardo the capital of?,1,"San Bernardo, Chile"
c560944e-8fd5-4396-9a35-7fd0cbc8ec83,popqa,What is Kaberamaido the capital of?,2,Kaberamaido
831495c4-70f4-46f4-8c5d-4399b58ba457,popqa,What is Busia the capital of?,1,"Busia, Uganda"
5018d201-9dcc-4def-8f58-de42b35464f0,popqa,What is Minneapolis the capital of?,1,"Minneapolis, Kansas"
9d0b9b3d-4413-483c-ba01-37bd43d2e240,popqa,What is Montana the capital of?,1,"Montana, Bulgaria"
37a28624-8c38-428d-bf5f-ad62350612cd,popqa,What is Tura the capital of?,1,"Tura, Krasnoyarsk Krai"
1eda0b70-25c8-4abe-a154-1d18a1f6bda4,popqa,What is Totskoye the capital of?,1,Totskoye
38faf578-eba3-4125-89b2-7f7babe03a65,popqa,What is Mati the capital of?,3,"Mati, Davao Oriental"
3d17982e-752e-4fe5-9827-7cf6acd51c33,popqa,What is Winner the capital of?,1,"Winner, South Dakota"
8936386e-5e50-44fa-8603-91455ef30916,popqa,What is Kingisepp the capital of?,2,Kingisepp
a957b244-e55b-4a2a-95a7-f4d3790be5e1,popqa,What is Kozan the capital of?,1,"Kozan, Adana"
d15fa2d8-3531-4335-bdb0-9f818ec68cff,popqa,What is Tours the capital of?,1,Tours
330018ae-55a4-4f31-8a87-14b0de4d2f33,popqa,What is Syracuse the capital of?,1,"Syracuse, Sicily"
098cef2a-b215-4464-8388-6aba73fc6c10,popqa,What is Leningradskaya the capital of?,1,Leningradskaya (rural locality)
3aebf6d0-0852-45cd-95f6-06753ebf2106,popqa,What is Otuzco the capital of?,1,Otuzco
7e8ae255-7540-44ea-b611-9a072360a5a3,popqa,What is Spas-Demensk the capital of?,1,Spas-Demensk
1a576506-e77d-48ff-9136-dbf9aecf9207,popqa,What is Houston the capital of?,1,Houston
c7b7f34f-e9f4-4ea4-8728-6c41512a28ec,popqa,What is St. George the capital of?,1,"St. George, Utah"
287cc5d2-20ce-4a9e-8179-1b18a61e53eb,popqa,What is Portland the capital of?,1,"Portland, Oregon"
802bce6d-3cea-44e4-adb7-ccca1e596775,popqa,What is Manga the capital of?,1,"Manga, Burkina Faso"
f6586236-1dbc-4e27-8230-53f6e6b9ac4a,popqa,What is Dallas the capital of?,1,Dallas
480cc0df-16e4-42ba-aba5-5a332794c675,popqa,"What is Shibin Al Kawm, Al Minufiyah the capital of?",1,Shibin El Kom
2ef18347-0b40-4edb-827f-ab837e55a783,popqa,What is Cambridge the capital of?,1,"Cambridge, Maryland"
4f19b162-5000-4b0f-bd0a-ea24ecd94a7b,popqa,What is Madison the capital of?,1,"Madison, South Dakota"
afe6381c-e26f-4394-977e-527dc9ec93b7,popqa,Who was the screenwriter for Havoc?,1,Havoc (1972 film)
cb914c8c-b445-4ef0-b473-fddcce92e07f,popqa,Who was the screenwriter for The Temp?,2,The Temp (film)
55e6603d-4fb5-475d-82ee-81286669184d,popqa,Who was the screenwriter for The Blade?,1,The Blade (film)
0b895e7f-aec0-48b4-8080-b3b9f893acd1,popqa,Who was the screenwriter for The Chairman?,2,The Chairman (1969 film)
f8fac906-5755-4664-942a-af70e73e9295,popqa,Who was the screenwriter for At the Movies?,2,At the Movies (Rugrats)
3d6a356b-05cd-4a09-9a35-172f94d386b0,popqa,Who was the screenwriter for The Bet?,1,The Bet (1992 film)
5662ca5d-fd52-4271-9ddc-142d6e51f0e9,popqa,Who was the screenwriter for Home?,2,Home (Glee)
9f2d92ce-5e42-4b9c-88cd-4f47c2cd1f00,popqa,Who was the screenwriter for Fears?,2,Fears (Modern Family)
3a932713-dccf-46b3-9097-051904940244,popqa,Who was the screenwriter for Democracy?,1,Democracy (Numbers)
8ad64126-9193-4b54-a35c-f2fcecbc3250,popqa,Who was the screenwriter for Diane?,1,Diane (1956 film)
935aba62-b268-44b9-ac80-1b4635c63ebe,popqa,Who was the screenwriter for Buyout?,1,Buyout (Breaking Bad)
42d4675e-87ad-4156-bc44-ba5f092ace9b,popqa,Who was the screenwriter for Staten Island?,1,Staten Island (film)
9f2a9d40-cd89-4f90-8895-4dfd768ff711,popqa,Who was the screenwriter for Numbers?,1,Numbers (Lost)
a76896d9-245d-4a17-8a9e-d80cc263aaf2,popqa,Who was the screenwriter for Time After Time?,1,Time After Time (The Wire)
3997e708-5991-4e0a-a436-4dae3694efa5,popqa,Who was the screenwriter for Seven Songs for Malcolm X?,1,Seven Songs for Malcolm X
a49801db-6bd9-4eaa-88f3-192f5cdc8fe2,popqa,Who was the screenwriter for Three?,1,Three (2010 film)
5ec81d02-9865-4987-aa15-c6c58b005e2e,popqa,Who was the screenwriter for Death of a Batman?,1,Death of a Batman
c43f483c-6e62-4caf-b81a-64a9fe635f36,popqa,Who was the screenwriter for A Short Story About Love?,2,A Short Story About Love
e9daba15-0633-4324-bc09-667f04eb1e2a,popqa,Who was the screenwriter for To Be or Not to Be?,1,To Be or Not to Be (1983 film)
f4d732b5-9191-4f9a-b500-c4d12f6c5d78,popqa,Who was the screenwriter for I Do?,2,I Do (Lost)
26f62609-ed69-4c2f-898a-1778bd82f1f9,popqa,Who was the screenwriter for Conflict?,1,Conflict (1945 film)
a5b87769-6644-4aa5-8219-95a6f3985ade,popqa,Who was the screenwriter for The New Country?,1,The New Country
2be940e7-f686-4df4-ad60-4cbcaa078202,popqa,Who was the screenwriter for Lifetime Supply?,1,Lifetime Supply
4e035de5-9094-4b81-b40d-67081efb96af,popqa,Who was the screenwriter for Eve?,2,Eve (The X-Files)
4e93fe7f-1423-4539-9fa8-9e9f240685f5,popqa,Who was the screenwriter for The Great Fire?,1,The Great Fire (TV series)
bcc187f1-226a-4e6e-bdbd-9ac1b27151a9,popqa,Who was the screenwriter for ...Y mañana serán mujeres?,1,...Y mañana serán mujeres
6dba11b7-e299-4900-9fd5-719e38e2aade,popqa,Who was the screenwriter for Las Meninas?,1,Las Meninas (film)
3c5e7239-5474-4af6-a679-67bdf6a337ed,popqa,Who was the screenwriter for One Son?,1,One Son
79f47c40-a29e-4e9a-8d60-588dfcf9239c,popqa,Who was the screenwriter for Bad News Bears?,1,Bad News Bears
d29aac8b-22a9-4faa-932f-6e3b655dd33b,popqa,Who was the screenwriter for While the Sun Shines?,2,While the Sun Shines
6afb611f-af59-4690-92b2-bd8e0bf11255,popqa,Who was the screenwriter for Interference?,1,Interference (film)
391fb235-03b1-478a-b0e5-83326cf93ece,popqa,Who was the screenwriter for The Miracle?,1,The Miracle (1991 film)
9e30e739-34eb-4b70-acf8-244871d11b46,popqa,Who was the screenwriter for Yellow?,2,Yellow (2006 short film)
3732cdec-cb42-44c2-afe9-1e310eacd336,popqa,"Who was the screenwriter for I, Mudd?",1,"I, Mudd"
06b5b880-943b-4ac9-90a9-0679ca01506c,popqa,Who was the screenwriter for Sundown?,1,Sundown (1924 film)
cf8f4591-4cae-4a0f-8a9c-71212338fbca,popqa,Who was the screenwriter for The Convention?,2,The Convention (The Office)
a20915fc-edd9-4e89-be41-e61b94a53895,popqa,Who was the screenwriter for Opening Night?,1,Opening Night (Smash)
62148d9b-aa35-4204-84e6-4e2ad0ce1112,popqa,Who was the screenwriter for To Die For?,1,To Die For (1994 film)
323bf8cc-969e-4fd7-93da-95e621f3bb00,popqa,Who was the screenwriter for Os?,2,Os (Fringe)
e171fb5d-de8d-4c8b-881e-f0635be1006a,popqa,Who was the screenwriter for Survival Island?,1,Survival Island
b6c28569-f6a8-47fb-be46-ef93026870b0,popqa,Who was the screenwriter for Nada?,1,Nada (1974 film)
4fb1fbb3-488c-4022-ac6e-637350f49efc,popqa,Who was the screenwriter for The Super?,1,The Super (1991 film)
4975b01d-e664-4592-9b9b-a37b11bdcb74,popqa,Who was the screenwriter for Die Jungfrau auf dem Dach?,1,Die Jungfrau auf dem Dach
6486622e-606f-4b97-96dc-556fcceeb8e8,popqa,Who was the screenwriter for Cocktails?,3,Cocktails (The Office)
1d3b103d-9f86-460b-9ce6-dec11fb3eee8,popqa,Who was the screenwriter for The Crossing?,1,The Crossing (2000 film)
342f5fb8-be46-42cc-8a22-b0457d27398d,popqa,Who was the screenwriter for Cargo?,1,Cargo (2006 film)
496fbb2d-3c24-4667-8357-99d501227ef9,popqa,Who was the screenwriter for Sense and Sensibility?,3,Sense and Sensibility (2008 TV series)
93e08233-9fd8-4ca3-ad66-951a2791f9b4,popqa,Who was the screenwriter for Broken Lullaby?,1,Broken Lullaby
144c3ec2-dff2-4512-863e-913676a3b77a,popqa,Who was the screenwriter for Josh?,1,Josh (2000 film)
e5431a96-9a85-45c8-a219-0d9a84a601be,popqa,Who was the screenwriter for Second Best Bed?,1,Second Best Bed
c1201e80-9d33-4769-afb6-4af9762ab090,popqa,Who was the screenwriter for Going All the Way?,1,Going All the Way
9b80f932-2157-4441-b053-50b4e7c125fa,popqa,Who was the screenwriter for Choke?,2,Choke (Glee)
f7028285-1794-4f46-a404-08f239fe0a67,popqa,Who was the screenwriter for Pilot?,2,Pilot (White Collar)
5346b922-6b06-452c-917d-515ef323de30,popqa,Who was the screenwriter for Isolation?,1,Isolation (The Walking Dead)
cfc8a042-82e3-4faa-a27f-0a5cee444ef9,popqa,Who was the screenwriter for Help Wanted?,2,Help Wanted (SpongeBob SquarePants)
10718057-51d4-4687-8c8c-46e25a4fe3d2,popqa,Who was the screenwriter for Exit the Vamp?,1,Exit the Vamp
625593ec-4b33-4668-8c45-4f23fa32958e,popqa,Who was the screenwriter for Send Out the Clowns?,1,Send Out the Clowns
2aa50b99-4c14-4023-b0f2-bef513815762,popqa,Who was the screenwriter for Props?,2,Props (Glee)
bbd0633a-9e3e-4f35-b8de-8d3284f815ec,popqa,Who was the screenwriter for The Moving True Story of a Woman Ahead of Her Time?,1,The Moving True Story of a Woman Ahead of Her Time
e5a3c01f-f278-43b8-8cf7-25db2907b96c,popqa,Who was the screenwriter for Mary's Ankle?,1,Mary's Ankle
ec226980-f750-487e-810d-5c284562d1e6,popqa,Who was the screenwriter for Are You Now or Have You Ever Been?,2,Are You Now or Have You Ever Been
3f2b9de6-1431-4a4b-8aee-d1129e229495,popqa,Who was the screenwriter for Travelers?,1,Travelers (The X-Files)
34dcab97-2683-40a1-bc86-7863241a8bc8,popqa,Who was the screenwriter for Teenage Exorcist?,1,Teenage Exorcist
3cc4f341-29f2-48b5-9134-17a260fc7007,popqa,Who was the screenwriter for The Firm?,2,The Firm (1989 film)
6ba413f5-f7c7-492a-9aa4-612727dd6ec9,popqa,Who was the screenwriter for We Are Not Alone?,1,We Are Not Alone (1939 film)
046145de-543d-4fe9-8257-e36883b471e9,popqa,Who was the screenwriter for Home?,1,Home (Boardwalk Empire)
d4293f4b-a994-4445-a3f1-2f401f40f35f,popqa,Who was the screenwriter for The Ballad of Narayama?,1,The Ballad of Narayama (1958 film)
aa8146ed-33b9-408d-8953-1d99cba0a99e,popqa,Who was the screenwriter for Training Day?,2,Training Day (The Office)
542d90cb-e045-4d69-8e86-a1bc1f73a7ae,popqa,Who was the screenwriter for Three Modern Women?,1,Three Modern Women
30645f47-689c-4874-aed2-458db744551f,popqa,Who was the screenwriter for Fighting?,1,Fighting (2009 film)
d173efdd-6623-475f-9f3f-b329dd721f49,popqa,Who was the screenwriter for Escape?,2,Escape (1948 film)
194f1459-7d0f-4281-9714-fc63ca53dfa6,popqa,Who was the screenwriter for The Stud?,1,The Stud (film)
b10b9cbb-d22a-46ba-98e2-775eaa05dbe3,popqa,Who was the screenwriter for Boxes?,1,Boxes (film)
deeb7706-a375-4575-a694-94a475c4250d,popqa,Who was the screenwriter for Sea Legs?,1,Sea Legs (film)
c8b2c35a-14e3-4fa0-a424-15e0b8d72e52,popqa,Who was the screenwriter for The Sweeney?,3,The Sweeney (2012 film)
15316461-e654-49f8-90c2-c25b1d79e862,popqa,Who was the screenwriter for The Stag?,1,The Stag (film)
7967146c-68ed-4cb6-8f70-779228a66b92,popqa,Who was the screenwriter for The Innocent?,1,The Innocent (1993 film)
ad629789-2f28-46eb-898f-24259c1a211b,popqa,Who was the screenwriter for United?,3,United (2011 film)
39cd28a8-3643-4074-9acb-60a31c67ab3e,popqa,Who was the screenwriter for Donsol?,1,Donsol (film)
e32a9a5a-e023-4f8a-9ad4-84bab5f96bed,popqa,Who was the screenwriter for The Myth of Fingerprints?,3,The Myth of Fingerprints
b9f83349-948b-440f-a0ba-2808b51db449,popqa,Who was the screenwriter for Ending It?,1,Ending It
edbfa517-0c81-4f82-b06a-5982843795e3,popqa,Who was the screenwriter for Victory and Peace?,1,Victory and Peace
962022d3-f7e3-4f76-9965-7b5a7e30ebaf,popqa,Who was the screenwriter for The Collection?,1,The Collection (30 Rock)
f07330f6-6cb5-4887-bdc0-b903c6fd9721,popqa,Who was the screenwriter for The Quarterback?,1,The Quarterback (1926 film)
d7a12612-8cc5-4680-874d-d7e583e01a28,popqa,Who was the screenwriter for The Purchase Price?,1,The Purchase Price
7c0b50c1-956a-4385-9fc4-d60290087354,popqa,Who was the screenwriter for Lava Kusha?,1,Lava Kusha (2007 film)
f87c6c0f-984e-48ea-a05a-0ed132f4a9cc,popqa,Who was the screenwriter for The Man?,1,The Man (2005 film)
78760362-5a13-44ef-896d-cbd85141c4eb,popqa,Who was the screenwriter for Slam?,1,Slam (1998 film)
39c00682-679f-4d67-9c06-cd82bc7ea70a,popqa,Who was the screenwriter for Hoppa högst?,1,Hoppa högst
86f8c7a2-a257-4284-8c51-ee3f90457772,popqa,Who was the screenwriter for Wit?,2,Wit (film)
e4e419c6-866c-47ec-846b-841c73894263,popqa,Who was the screenwriter for Hero?,1,Hero (Angel)
16a11017-4870-4a6a-a561-2cdc43de779b,popqa,Who was the screenwriter for The Department?,1,The Department (play)
ded126dd-da5d-4e04-89ad-6e78694409af,popqa,Who was the screenwriter for The Meeting?,2,The Meeting (The Office)
04d55718-bb69-4d49-9d51-3c2d1a9b72be,popqa,Who was the screenwriter for Prime?,1,Prime (film)
6d05844a-aa53-404b-8484-8f3a7add4b0e,popqa,Who was the screenwriter for The Command?,1,The Command (1954 film)
521c223f-1973-47b9-ac0a-b51971136d60,popqa,Who was the screenwriter for Woman Without a Face?,1,Woman Without a Face
dfeb9eb4-be3f-4080-8859-0f70615d1de7,popqa,Who was the screenwriter for The Margin?,1,The Margin (film)
0f547412-2bf5-4857-aa9e-5d40d8979b31,popqa,Who was the screenwriter for Link?,2,Link (film)
377bb82d-c0c4-43c7-af70-c86c48d8c1dd,popqa,Who was the screenwriter for Exposed?,1,Exposed (1983 film)
d3e7bdf9-25b2-4ec4-8084-299b6c16336e,popqa,Who was the screenwriter for The Box?,2,The Box (Fringe)
0d2407f6-7dda-44ad-acb2-0072153ad946,popqa,"Who was the screenwriter for Brutti, sporchi e cattivi?",1,Down and Dirty (film)
b9d9f3b4-fcca-46e7-8c88-20b7c24e6400,popqa,Who was the screenwriter for To Joy?,1,To Joy (film)
e90778b0-b8a2-43f1-924f-748e292ee773,popqa,Who was the screenwriter for Parlami d'Amore?,1,Parlami d'amore
79d42c8b-0ef7-4996-bab8-e83c97acaed7,popqa,Who was the screenwriter for The Second Coming?,1,The Second Coming (The Sopranos)
26e87f97-ae78-4557-a04d-6b49000336d7,popqa,Who was the screenwriter for Recreation?,1,Recreation (film)
1c68073c-efce-4852-99ed-870f8da60869,popqa,Who was the screenwriter for The Substitute?,1,The Substitute (Lost)
eb7091ef-6ba7-4d01-840d-caf96d95eb22,popqa,Who was the screenwriter for Rangeela?,1,Rangeela (1995 film)
6e5bd4f8-d3c0-4edc-84fa-a7b4540dbd3f,popqa,Who was the screenwriter for U-571?,1,U-571 (film)
e47c964d-f109-43b1-8239-aadac7845425,popqa,Who was the screenwriter for The Maker?,1,The Maker (film)
4d3fb7cb-4cff-4e7b-840d-0572c5175365,popqa,Who was the screenwriter for The Club?,1,The Club (1980 film)
22447ed3-6ddd-49bb-9d9d-37c626b104c0,popqa,Who was the screenwriter for The Notebook?,1,The Notebook
e9814e15-6fba-40d4-90dd-d8f08167d4fb,popqa,Who was the screenwriter for The Sea?,2,The Sea (2013 film)
06444c20-be9a-4d35-8e01-e06512751ada,popqa,Who was the screenwriter for The Man?,2,The Man (1972 film)
1f801a01-0b70-4267-89de-a7c3a77a87d2,popqa,Who was the screenwriter for More with Less?,1,More with Less
bdff394c-1b7c-48e6-b64c-ee4c00031e04,popqa,Who was the screenwriter for Professional Sweetheart?,2,Professional Sweetheart
1fdf7893-d81d-485f-bf96-c61a1c397818,popqa,Who was the screenwriter for The Broken?,1,The Broken (film)
c2e6c0e1-af7c-4826-b61e-20cd7d089625,popqa,Who was the screenwriter for The Hunger?,1,The Hunger (1983 film)
58dc5635-5221-4996-b2cb-fa2938b92f41,popqa,Who was the screenwriter for The Tape?,1,The Tape
0c7cb3c4-10de-4d14-bb6c-355d5a3db62d,popqa,Who was the screenwriter for Alpha?,2,Alpha (The X-Files)
ade96cd1-6c66-4cd6-ade5-83477deb98f8,popqa,Who was the screenwriter for Pulse?,2,Pulse (2006 film)
12cf3408-f964-410c-8f62-ed71fe8e437e,popqa,Who was the screenwriter for January 1?,1,January 1 (film)
434f54ac-3445-4ac2-ac9f-87a8bbf06e66,popqa,Who was the screenwriter for A Little Princess?,1,A Little Princess (1917 film)
a77ffefd-f9c4-4cfa-beca-dd089bdf3baf,popqa,Who was the screenwriter for U Turn?,1,U Turn (1997 film)
3157ac6c-236b-47c7-8de4-cee33de52e03,popqa,Who was the screenwriter for Three Words?,2,Three Words (The X-Files)
65e06f36-a88e-46f1-bfd7-461ad033741d,popqa,Who was the screenwriter for Going Home?,1,Going Home (Once Upon a Time)
68ec1316-2fbc-4638-b2c0-fd6b7743afa2,popqa,Who was the screenwriter for Viva Zapatero!?,1,Viva Zapatero!
48f937dd-a0ee-49a6-9333-bec9c51156fc,popqa,Who was the screenwriter for Point and Shoot?,1,Point and Shoot (film)
cbbc4f19-e940-47ac-b0a0-931d8a1c63de,popqa,Who was the screenwriter for You'd Be Surprised?,1,You'd Be Surprised (film)
baa6cb26-83e8-42f3-b89d-e5591973c61b,popqa,Who was the screenwriter for The Teaser?,1,The Teaser
37de5060-ec70-4f04-88ca-97a14abae05f,popqa,Who was the screenwriter for Billy?,1,Billy (Angel)
553186d4-cba1-44af-81d5-cec46d5414a4,popqa,Who was the screenwriter for The Hour of the Pig?,1,The Hour of the Pig
5dcd63de-3918-4b82-a674-5bc0dc55641f,popqa,Who was the screenwriter for Microphone?,1,Microphone (film)
f3f9e569-87b1-4c37-bf6b-1afc6efe3fb0,popqa,Who was the screenwriter for Sus?,1,Sus (film)
a364467e-22c2-4cd0-9e0f-191326c16af8,popqa,Who was the screenwriter for Belonging?,1,Belonging (Dollhouse)
85049305-dbdd-4c8e-aece-058e02ed7372,popqa,Who was the screenwriter for Moondram Pirai?,2,Moondram Pirai
8d5a07c0-079a-4b48-946e-97e9833b7bd4,popqa,Who was the screenwriter for The Cage?,1,The Cage (The Killing)
7f40b320-07bb-40a0-b730-a246949d956e,popqa,Who was the screenwriter for Laaj?,1,Laaj (film)
b4e54d67-9104-428d-b27c-d0ef3f7bd1e0,popqa,Who was the screenwriter for Thavamai Thavamirundhu?,1,Thavamai Thavamirundhu
ed3e6e65-13f0-46fa-bd4c-9f30a2e05e57,popqa,Who was the screenwriter for Seed?,1,Seed (1931 film)
f879ffef-9d33-400d-af7c-09367fd88e59,popqa,Who was the screenwriter for War and Peace?,1,War and Peace (1956 film)
93b954ed-7619-4c39-94d5-e579629e8791,popqa,Who was the screenwriter for Spiral?,1,Spiral (2007 film)
d4897d28-d771-4af6-81ed-393fb0025d4e,popqa,Who was the screenwriter for Growth?,1,Growth (film)
e3899dbd-52c9-4688-86c5-fc626907dfc1,popqa,Who was the screenwriter for The Big One?,2,The Big One (Dexter)
9b33760e-4f7b-4b19-a484-51f6d813e253,popqa,Who was the screenwriter for Bernie?,1,Bernie (1996 film)
8f0cfc12-b807-471b-9d21-328d66752973,popqa,Who was the screenwriter for White Gold?,1,White Gold (2003 film)
f0d5ab1d-07c3-4fa8-9bd3-16f05f374aff,popqa,Who was the screenwriter for The Bride’s Journey?,1,The Bride's Journey
1ebf14ae-2d34-4ace-b796-e3410561acdc,popqa,Who was the screenwriter for Mothers?,1,Mothers (2010 film)
3d004be5-9f0a-4ec8-a18b-1d4139a26671,popqa,Who was the screenwriter for Our Land?,1,Our Land (film)
4f7b128c-8504-4fb6-9f09-4166412d73dc,popqa,Who was the screenwriter for Beautiful People?,1,Beautiful People (film)
65fa31ad-fef4-4343-ac99-059e5f33f3cb,popqa,Who was the screenwriter for The Other Woman?,2,The Other Woman (2009 film)
8fd94d6b-93bb-4e28-89b3-02ef49bcf9be,popqa,Who was the screenwriter for The Journey?,1,The Journey (1995 film)
e912a191-faca-4b31-ac4e-767f5dbf2a58,popqa,Who was the screenwriter for The End?,1,The End (The X-Files)
4c640411-7505-4b01-951d-ace97d189ec0,popqa,Who was the screenwriter for The Invisible Hand?,2,The Invisible Hand (The Spectacular Spider-Man)
3e38cca5-16d6-439a-b3a6-d00ec01b2ee9,popqa,Who was the screenwriter for El Madina?,1,The City (1999 film)
62485285-be16-4ea5-be5e-5d1ec7b3c0b4,popqa,Who was the screenwriter for A Secret?,1,A Secret
b01b3a50-de03-4d33-b358-f9d9bee53ffa,popqa,Who was the screenwriter for Legion?,1,Legion (Red Dwarf)
1241595e-e220-4c3d-859c-9de77d45adb5,popqa,Who was the screenwriter for Coralie Lansdowne Says No?,1,Coralie Lansdowne Says No
4b0b142e-1254-423d-bd92-6fc0b4419371,popqa,Who was the screenwriter for Frenchy?,1,Frenchy (film)
43369de4-f778-4605-bd99-83e5688111a5,popqa,Who was the screenwriter for Modern Vampires?,1,Modern Vampires
5cccdf56-5753-4833-ae2e-bea20d321d8f,popqa,Who was the screenwriter for When I Met U?,2,When I Met U
daac381b-0cb8-486f-9d18-10b31a9fda95,popqa,Who was the screenwriter for American Dreamer?,2,American Dreamer (1984 film)
18a2bc3d-7bdf-442f-847a-f686c2b52c53,popqa,Who was the screenwriter for Pilot?,1,Pilot (The Playboy Club)
8b6e861d-1b94-426a-b7dc-ad934b103f85,popqa,Who was the screenwriter for Mensonges et trahisons et plus si affinités...?,1,The Story of My Life (film)
29713519-cbb2-46c9-80e3-ef7a5e662db2,popqa,Who was the screenwriter for Absentia?,2,Absentia (film)
3ac6a186-064a-4b6f-bc02-ac32df92090a,popqa,Who was the screenwriter for Belly?,1,Belly (film)
c1fc976e-b944-48b1-9a35-6a972f20f64b,popqa,Who was the screenwriter for Ars?,1,Ars (film)
e0232e27-2090-4673-bf52-cdd9181b3267,popqa,Who was the screenwriter for Thanksgiving?,1,Thanksgiving (Glee)
f85a62c7-519e-4ff0-b5b6-3b8feb435f2b,popqa,Who was the screenwriter for One of Us?,2,One of Us (Lost)
c310997b-25e5-44f4-b7f3-c0c46c3451e3,popqa,Who was the screenwriter for The Girlfriend?,1,The Girlfriend (film)
1d8a17f1-2ffa-4344-9ff9-c5bcd2274edd,popqa,Who was the screenwriter for Enikkum Oru Divasam?,1,Enikkum Oru Divasam
8b6cdce0-ea6f-4be5-a173-18b088521ced,popqa,Who was the screenwriter for The Greatest?,1,The Greatest (2009 film)
8631fc60-aea8-4c00-bea9-4c7f163ca451,popqa,Who was the screenwriter for The Amusements of Private Life?,1,The Amusements of Private Life
c0448f43-7c36-4b80-90dd-4866cc3b2ace,popqa,Who was the screenwriter for Pirates?,2,Pirates (1986 film)
ef28b579-a03c-45d3-b8da-ac6ccb3d8b88,popqa,Who was the screenwriter for Drôle de Félix?,1,Drôle de Félix
84d3937e-c7c6-441a-8505-945bea5a6bc3,popqa,Who was the screenwriter for Underneath?,1,Underneath (Angel)
abd9cdf1-6840-4033-a8ae-f44ecd843b6d,popqa,Who was the screenwriter for Cocktail?,1,Cocktail (2010 film)
17a00355-d99d-4906-bfe5-47d08913ceb7,popqa,Who was the screenwriter for The Night They Raided Minsky's?,1,The Night They Raided Minsky's
f9b034dc-4b9b-404e-b5df-eab11decfd3c,popqa,Who was the screenwriter for 3?,2,3 (The X-Files)
69642d94-3230-44eb-84d7-5232280271fa,popqa,Who was the screenwriter for Tiny?,2,Tiny (Once Upon a Time)
afa80527-c42e-45a5-a5cd-84434088907d,popqa,Who was the screenwriter for Underworld?,1,Underworld (1985 film)
e9ca0c46-afa4-480b-9983-1edf703e73de,popqa,Who was the screenwriter for Amaram?,1,Amaram
e9f30b5e-864b-4c72-80f4-abd53b1e4507,popqa,Who was the screenwriter for PDA?,2,PDA (The Office)
7eee75cb-e32a-41ea-a4f3-e6ae071a334a,popqa,Who was the screenwriter for Excited?,1,Excited (film)
2f72889e-c885-4b5f-be76-33b3263df8f3,popqa,Who was the screenwriter for Two Weeks?,1,Two Weeks (2006 film)
d7c11071-7096-46ef-a621-435aa10fcff5,popqa,Who was the screenwriter for Red?,1,Red (2008 film)
d01ada4e-268a-412f-932f-d6e890406da1,popqa,Who was the screenwriter for A Night in Sickbay?,2,A Night in Sickbay
901a7985-90f2-48d3-9065-a00a737354e7,popqa,Who was the screenwriter for Shadow Man?,1,Shadow Man (1988 film)
1d2f81ff-17dd-442d-abd3-1750cb427526,popqa,Who was the screenwriter for The Bet?,1,The Bet (1997 film)
4e6b643e-b6b9-408b-b90b-c407866f826a,popqa,Who was the screenwriter for Open Fire?,1,Open Fire (1994 film)
a3e64f34-41aa-4279-ab61-c29d1e46dcd5,popqa,Who was the screenwriter for Join the Club?,1,Join the Club
7133fd6b-aff1-426b-bc27-b5026b6623dd,popqa,Who was the screenwriter for Swing?,1,Swing (2002 film)
559cf4fe-f52b-4a11-8a31-5cc260480f43,popqa,Who was the screenwriter for The Worst Years of Our Lives?,1,The Worst Years of Our Lives
93bcff7c-185b-4bb3-90a0-02023e9a4b19,popqa,Who was the screenwriter for Trivandrum Lodge?,2,Trivandrum Lodge
88417702-02e2-4fa8-b220-8819c1b67d65,popqa,Who was the screenwriter for Jerry's Painting?,2,Jerry's Painting
79f26300-40cf-4936-96b4-1425b823beca,popqa,Who was the screenwriter for Baby?,1,Baby (2010 film)
a2976697-ec93-42de-b396-2447571c0117,popqa,Who was the screenwriter for Another Simpsons Clip Show?,2,Another Simpsons Clip Show
1dd62e95-b83a-44c5-928b-2d0a17a79a0a,popqa,Who was the screenwriter for This Is the Sea?,1,This Is the Sea (film)
3b9c92b8-5287-4a40-854f-77f905f5e5cc,popqa,Who was the screenwriter for The Gospel?,2,The Gospel (film)
64d6abb9-acab-4eed-ba40-53c244afa9ca,popqa,Who was the screenwriter for Outside the Law?,2,Outside the Law (1920 film)
89e2ed45-d0c9-4f26-8bf1-fff38b6eda05,popqa,Who was the screenwriter for Boca?,1,Boca (The Sopranos)
d1993e12-f6ca-41f6-b192-8ddb2a05a497,popqa,Who was the screenwriter for The Dress?,1,The Dress (1996 film)
6d6438b9-8ecd-445a-801d-aa757072cdb4,popqa,Who was the screenwriter for Pilot?,2,"Pilot (Sit Down, Shut Up)"
446feb39-c68a-4d51-8850-138ae536440c,popqa,Who was the screenwriter for Paris?,1,Paris (1926 film)
db0aab50-bc29-41e4-bcd8-f620bd1b0ad4,popqa,Who was the screenwriter for 23?,1,23 (film)
86c05983-2e13-4ffb-894f-f70f1b2a1f35,popqa,Who was the screenwriter for The Games?,2,The Games (film)
fdd8d0b1-d29c-45fa-8aec-1a279e4bcd59,popqa,Who was the screenwriter for Be Sure to Share?,1,Be Sure to Share
ba3ab39f-371b-4895-922a-5258c7dceafa,popqa,Who was the screenwriter for Hard to Get?,1,Hard to Get (1938 film)
3d425b13-6887-4205-885a-bfc834fc3a0a,popqa,Who was the screenwriter for Cause and Effect?,2,Cause and Effect (Numbers)
dd431c9d-ebaf-4d38-8b96-2fffb70a38be,popqa,Who was the screenwriter for Heavy?,2,Heavy (film)
bffd5f52-8c2e-457e-b272-88b62a7e3fe6,popqa,Who was the screenwriter for The Resurrection of Broncho Billy?,1,The Resurrection of Broncho Billy
f85c7958-7746-4ddc-8638-1d1802c2259c,popqa,Who was the screenwriter for The Last Day?,1,The Last Day (Red Dwarf)
dfe84890-40e7-4b77-92e8-72a794876782,popqa,Who was the screenwriter for No Tears for the Dead?,2,No Tears for the Dead
18ab98a7-7139-47ad-b0bc-97f6fb8ff3e0,popqa,Who was the screenwriter for A Crime?,1,A Crime
31858d67-e750-4f2c-9974-ac5d3dfb27a3,popqa,Who was the screenwriter for Loop?,1,Loop (1997 film)
9abd77ce-5825-462f-a3e8-302bcbfebd6a,popqa,Who was the screenwriter for Earth?,1,Earth (1996 film)
5cdfce56-fc27-4796-88f3-12bf185bd749,popqa,Who was the screenwriter for Making It?,1,Making It (film)
43d9b015-3e57-43dd-850a-26f687cfcc83,popqa,Who was the screenwriter for Yesterday's Hero?,1,Yesterday's Hero
5c737dbd-5373-4b09-991f-df79b5750b2d,popqa,Who was the screenwriter for Smile?,1,Smile (2005 film)
bf954a46-c1e3-41e4-ac7c-931626a08591,popqa,Who was the screenwriter for Tragic Hunt?,1,Tragic Hunt
31657565-77f2-4a90-87b7-8c3449660db4,popqa,Who was the screenwriter for Down?,1,Down (film)
6af5fdcf-49be-478b-8166-9dcf61bb8fa6,popqa,Who was the screenwriter for The Amazing Mrs Pritchard?,2,The Amazing Mrs Pritchard
ed27e7f6-bd5f-47ae-9555-15e3cac193d7,popqa,Who was the screenwriter for Malicious?,1,Malicious (1973 film)
e3ff633e-5dcf-4274-8dc4-691d6197ef27,popqa,Who was the screenwriter for The Best of Times?,2,The Best of Times (1986 film)
3f213166-3193-4cfd-9b30-bc7abb3b0acf,popqa,Who was the screenwriter for Alarm?,1,Alarm (2008 film)
d4d86909-87da-44df-b8fa-7a40d469c3c5,popqa,Who was the screenwriter for The Greater Good?,1,The Greater Good (Lost)
83620739-7bd5-4633-9a8c-28ce1fbeab2e,popqa,Who was the screenwriter for China?,2,China (The Office)
194ccef9-e701-4e0e-b41a-2ed7c71c450c,popqa,Who was the screenwriter for Mash-Up?,2,Mash-Up (Glee)
799922d8-40f2-4826-9bdc-ddf6c43f0986,popqa,Who was the screenwriter for The Wife?,1,The Wife (1995 film)
410ce06e-ae81-445d-be21-040d6c8cc657,popqa,Who was the screenwriter for Memories?,1,Memories (2013 film)
85a1f8bf-479b-4275-920a-a831b13c621f,popqa,Who was the screenwriter for September?,1,September (1987 film)
f4569113-4edc-412e-a11b-569b609cca85,popqa,Who was the screenwriter for Butterfly Kiss?,1,Butterfly Kiss
43ea085c-4f4b-47d3-b4e8-9aa8f9051f74,popqa,Who was the screenwriter for The Nutcracker in 3D?,1,The Nutcracker in 3D
a883d40c-2d3c-42d5-b505-3bf5ce07da40,popqa,Who was the screenwriter for The Phone Message?,2,The Phone Message
78278834-bd48-44f5-bf47-2f91aab7a255,popqa,Who was the screenwriter for She?,1,She (Angel)
1c518c05-3d46-4921-ad0d-e45e150ab4ef,popqa,Who was the screenwriter for Tahmina?,1,Tahmina (film)
c8b481d2-ac5b-468c-a81d-9d6d8fa76634,popqa,Who was the screenwriter for Blackball?,1,Blackball (film)
de2f1d29-6596-46be-b30c-edf8927af3f5,popqa,Who was the screenwriter for Love Love Love?,2,"Love, Love, Love (Glee)"
2401de8b-ffe0-47d0-a80a-bf4e6b7f2313,popqa,Who was the screenwriter for Company Business?,3,Company Business
306b0a1f-0952-4f67-b6c5-9c7cae78112b,popqa,Who was the screenwriter for Trust?,1,Trust (1990 film)
1e6af8e1-f347-4151-9fc1-76164baea6d3,popqa,Who was the screenwriter for Ice Cream?,1,Ice Cream (2014 film)
0f577a89-2814-4181-b7ac-38cdb8f8e9f8,popqa,Who was the screenwriter for Family Life?,1,Family Life (1985 film)
54959bc4-69e1-4d83-be27-d9adfa695f1b,popqa,Who was the screenwriter for Resistance?,1,Resistance (2003 film)
0fe811b4-7208-4f0c-86d2-c3d804966cdc,popqa,Who was the screenwriter for Cement?,1,Cement (film)
ccfb16a1-5847-4b91-b8f2-49e06ad31c1b,popqa,Who was the screenwriter for Infected?,1,Infected (The Walking Dead)
36a833c2-5720-45d8-a01d-f10fc782dba1,popqa,Who was the screenwriter for Oregon?,2,Oregon (Awake)
0509ecbd-30e8-4057-82fb-8d313686d01c,popqa,Who was the screenwriter for Army Daze?,1,Army Daze
1727d129-071d-4eb8-aa85-5da8f916ac38,popqa,Who was the screenwriter for The Actress?,1,The Actress
a545e337-8c22-454c-a627-c578925628ac,popqa,Who was the screenwriter for The Space Between?,1,The Space Between (2010 film)
5d9fb029-1933-4105-b7b8-0ebbd0768133,popqa,Who was the screenwriter for Exhibition?,1,Exhibition (film)
de023883-a543-4954-9d09-953f71f4e9e0,popqa,Who was the screenwriter for Old Money?,2,Old Money (The Simpsons)
40c36a22-6727-4f6c-95fd-5fe3d4711346,popqa,Who was the screenwriter for Daughter?,1,Daughter (2014 film)
853886b8-a442-4505-ba3b-feb8aecc5a49,popqa,Who was the screenwriter for Max?,1,Max (2015 film)
d68874dc-5994-42fa-8f7f-f02186f923e9,popqa,Who was the screenwriter for Samson?,1,Samson (1961 Italian film)
0ae38a6f-d0a5-45e5-892d-0f2fa098d94c,popqa,Who was the screenwriter for Emma?,1,Emma (2009 TV serial)
4f207d8c-5b58-4fcf-87fd-d70d07f8ec28,popqa,Who was the screenwriter for A Matter of Time?,1,A Matter of Time (film)
97193a40-b0de-4d21-83fc-729dfb083bc2,popqa,Who was the screenwriter for The Betrayal?,1,The Betrayal (1948 film)
ea857de7-5311-4594-842e-0b5daaf3a799,popqa,Who was the screenwriter for When Flanders Failed?,2,When Flanders Failed
5bfb160c-be27-4705-9733-188774bb864f,popqa,Who was the screenwriter for Doore Doore Oru Koodu Koottam?,1,Doore Doore Oru Koodu Koottam
2dde82c6-b2b2-45f3-8a91-cf44e0f57a1b,popqa,Who was the screenwriter for Exposé?,2,Exposé (Lost)
39def9fd-df4d-426b-9c71-efba224ac63a,popqa,Who was the screenwriter for 1971?,1,1971 (2007 film)
dc9fce32-830a-49c9-9492-f01966feda4c,popqa,Who was the screenwriter for Twisted?,1,Twisted (1996 film)
4bf3278c-f586-4103-93dc-f285f975d3f9,popqa,Who was the screenwriter for Manthan?,1,Manthan
a82d2637-1fcb-401a-afed-3219e3561c96,popqa,Who was the screenwriter for Bhrantibilas?,1,Bhranti Bilas
88fc6586-c75e-4ece-8e5a-1a824d02ce8c,popqa,Who was the screenwriter for The Calm?,1,The Calm (film)
088b23eb-e07e-4db2-8372-5bc02c5dec9d,popqa,Who was the screenwriter for We Go Way Back?,1,We Go Way Back
c70a972d-a1de-4289-b000-566f9cf92d6b,popqa,Who was the screenwriter for Big Trouble?,1,Big Trouble (1986 film)
84ef7122-cd4a-4b0d-a092-b595de47d8bd,popqa,Who was the screenwriter for Thursday?,1,Thursday (film)
21f1b7ba-7675-414f-bd7e-8d95eb89285f,popqa,Who was the screenwriter for Freedom?,1,Freedom (2001 film)
67a21505-0bb1-4feb-8cf6-9de0b13a6dc2,popqa,Who was the screenwriter for Ballad?,2,Ballad (Glee)
3f789aab-a7db-4bde-a486-36d7f0348dd9,popqa,Who was the screenwriter for Neighbors?,1,Neighbors (1920 film)
ab8102fe-c0c1-4ce3-9b72-7ca8c6b52175,popqa,Who was the screenwriter for Buried?,2,Buried (Breaking Bad)
5e909a1c-8b93-4727-945e-d1d817fb9474,popqa,Who was the screenwriter for Company Man?,1,Company Man (film)
7a690736-b267-4826-b589-d00a4c6c5bba,popqa,Who was the screenwriter for Venicile Vyapari?,1,Venicile Vyapari
a50ad644-e764-405a-9e3b-aee6a68a4862,popqa,Who was the screenwriter for Fox-y Lady?,2,Fox-y Lady
89e92ec2-d7ca-4567-98ab-12f575edfa5a,popqa,Who was the screenwriter for Fire Down Below?,1,Fire Down Below (1957 film)
55d36f81-cce3-4b87-86c9-3fe2b8742f38,popqa,Who was the screenwriter for Live Show?,1,Live Show (film)
79981f8d-9898-467d-aa8d-999c0c9d858a,popqa,Who was the screenwriter for The Beast?,1,The Beast (1988 film)
63dfd43d-8dba-4118-b7df-5154f6f54281,popqa,Who was the screenwriter for Dave?,1,Dave (Lost)
9a2e1eed-15dd-4ad5-a7cc-075517c39ea2,popqa,Who was the screenwriter for Elaan of Troyius?,1,Elaan of Troyius
75cefe69-b260-4b04-b81c-daa9fc75d568,popqa,Who was the screenwriter for Hits?,1,Hits (film)
5c74c89d-3259-4109-b3ea-e284d2d76099,popqa,Who was the screenwriter for The Pool Hustlers?,1,The Pool Hustlers
8f3f94ba-a47d-4323-8874-ced12abd5c2d,popqa,Who was the screenwriter for Katha Parayumpol?,1,Katha Parayumpol
4a775856-35e7-4e3f-952b-39fc9eab8e97,popqa,Who was the screenwriter for The Yards?,1,The Yards
d5e13df8-953b-4813-9147-b4c50485fd3d,popqa,Who was the screenwriter for The Order?,1,The Order (2003 film)
4757f176-f87f-4b92-be1d-34bc87fbcfc2,popqa,Who was the screenwriter for Widows' Peak?,1,Widows' Peak
1cdaba14-ba75-4c47-aa59-5f5f7bb06877,popqa,Who was the screenwriter for Fifty-One?,1,Fifty-One
1bb284e0-34dd-4333-8532-1e0e980f520d,popqa,Who was the screenwriter for The Garden?,1,The Garden (2006 film)
eaaee0da-cb59-4301-b2e7-e5cfbd602166,popqa,Who was the screenwriter for The Card?,2,The Card (1952 film)
61fba66a-7282-46fb-a7a4-36735bc32e78,popqa,Who was the screenwriter for The Weight?,1,The Weight (The Sopranos)
cc2fb428-91b4-4a04-9c18-e37038f99f54,popqa,Who was the screenwriter for Guy?,1,Guy (1996 film)
2f29439b-3aca-4d0e-81fa-458bafb427d6,popqa,Who was the screenwriter for The Game?,1,The Game (British TV series)
82923214-0d2e-4064-953c-3fc443116ebf,popqa,Who was the screenwriter for Sunset?,1,Sunset (1988 film)
b4043643-7409-42dc-b431-5cb044508c7f,popqa,Who was the screenwriter for I Was Monty's Double?,2,I Was Monty's Double (film)
f92d5e37-3845-4abe-82dc-e9fc55dafee7,popqa,Who was the screenwriter for The Set Up?,2,The Set Up (Parks and Recreation)
00ca7914-e305-4025-abcd-045e197e47d6,popqa,Who was the screenwriter for Made for Each Other?,1,Made for Each Other (1971 film)
8d4e4897-fc2f-4859-95d5-c37f70b8bfbc,popqa,Who was the screenwriter for Yaare Koogadali?,1,Yaare Koogadali
08a825cf-8360-4e5d-a896-bc61fe7026bf,popqa,Who was the screenwriter for Garage?,2,Garage (film)
9199d4dd-b6d0-4817-8a90-ed0e1c56bd63,popqa,Who was the screenwriter for The Street?,1,The Street (1976 film)
43529f15-1705-49f5-9fb5-d71dcfcae262,popqa,Who was the screenwriter for See How They Fall?,1,See How They Fall
365b75db-4a97-4c0b-b46e-195c4e7e8e20,popqa,Who was the screenwriter for Circus?,1,Circus (2000 film)
7c686da7-eb73-4d01-91ec-9d009535c771,popqa,Who was the screenwriter for Storm over Mont Blanc?,1,Stürme über dem Mont Blanc
0d08a29a-e955-4083-8238-d5bb9ca2288f,popqa,Who was the screenwriter for The Big Hangover?,1,The Big Hangover
7548a699-d968-4dc7-bd0a-08d575f415d5,popqa,Who was the screenwriter for The Search?,2,The Search (The Office)
825c1808-a2bc-4ebe-bb34-52f46e01d2b5,popqa,Who was the screenwriter for Beau Soleil?,1,Beau Soleil (The Killing)
d9c5dee6-9788-4ca5-bd68-c9524f1b2ece,popqa,Who was the screenwriter for The Parents?,1,The Parents
764a93fa-bf3f-482c-8017-43ad8496f5da,popqa,Who was the screenwriter for Romeo and Juliet?,2,Romeo and Juliet (1954 film)
a6ffc2f3-faf5-43cb-9f3a-578264ed1738,popqa,Who was the screenwriter for The Ones?,2,The Ones (30 Rock)
6df50411-306f-445a-8d50-d54f188ce698,popqa,Who was the screenwriter for Woman of Straw?,1,Woman of Straw
32fb79c2-19ba-4739-89c5-de99611a3415,popqa,Who was the screenwriter for Mental?,1,Mental (2012 film)
d7f33b1d-ecc6-4a28-8590-da4d79eb6a87,popqa,Who was the screenwriter for The Toy?,1,The Toy (1976 film)
86d63444-2bd6-4c1f-bfb4-0c10b4eca340,popqa,Who was the screenwriter for Time to Love?,1,Time to Love (1965 film)
7c813ec5-669a-4101-81cf-7b54c4f44892,popqa,Who was the screenwriter for No. 2?,1,No. 2 (film)
20fb6dce-8048-44fc-9f6b-e9d6430f27e0,popqa,Who was the screenwriter for Cal?,1,Cal (1984 film)
b2104064-68cc-4491-ac06-a2736de675ff,popqa,Who was the screenwriter for Kids Return?,1,Kids Return
83c8c01f-ceff-40ff-8b98-22dc1217a796,popqa,Who was the screenwriter for The Northerners?,1,The Northerners
2bb59275-f114-4989-9c40-9b81e6c2b0c6,popqa,Who was the screenwriter for Slave Women of Corinth?,1,Slave Women of Corinth
9d83fed6-0bc8-4581-b46e-982f87f55355,popqa,Who was the screenwriter for Dream On?,1,Dream On (Glee)
723565db-b3bf-4d46-97ad-f9495110a99a,popqa,Who was the screenwriter for Forty Shades of Blue?,1,Forty Shades of Blue
624cfaec-8d7c-4061-be8b-c4f1dab0130c,popqa,Who was the screenwriter for Michael Scott Paper Company?,2,Michael Scott Paper Company
2c0e8516-ed4a-483e-8e23-dacad02db3cb,popqa,Who was the screenwriter for The Doctor?,1,The Doctor (Once Upon a Time)
bdf17f55-f9c5-42df-ba4b-4e40c10018ad,popqa,Who was the composer of Sukran?,2,Sukran
6f3627d0-c09f-4a1e-bc11-28e26aaf5e4f,popqa,Who was the composer of One?,1,One (opera)
43ffc907-1d48-4805-b534-44ec0e6c78de,popqa,Who was the composer of Higher and Higher?,1,Higher and Higher (musical)
e38959ab-ab41-4eed-ace4-632f3f0de8b6,popqa,Who was the composer of Hello?,2,Hello (Masaharu Fukuyama song)
ed6ea739-9aaa-4fb3-a846-034dec2aea9e,popqa,Who was the composer of Kärleken är?,1,Kärleken är
49f391e6-4c3d-4266-9ee5-32ab4bdfc4a3,popqa,Who was the composer of Oh Maane Maane?,1,Oh Maane Maane
d1e888bb-0421-4457-8fff-33e880cda43a,popqa,Who was the composer of Innalenkil Nale?,1,Innalenkil Nale
489d9905-17d8-4f50-979e-d1e68322e045,popqa,Who was the composer of Survivor?,1,Survivor (TVXQ song)
2995a715-feec-47e4-bfc2-34f3d0c827e7,popqa,Who was the composer of The Good Life?,1,The Good Life (1962 song)
ab60ba52-9ded-4109-a982-d37801c81fab,popqa,Who was the composer of Clotilde?,1,Clotilde (opera)
1fc0811c-cf26-4021-b7a2-d927e3c4e83e,popqa,Who was the composer of The Card?,1,The Card (musical)
f159d209-ba59-4f95-a785-d4eb84e97e18,popqa,Who was the composer of Julie?,1,Julie (1975 film)
d87edc40-cdaf-4d63-b09a-3bbaec060c80,popqa,Who was the composer of La permission de dix heures?,1,La permission de dix heures
386a2497-8ae8-4bd6-a167-203c4b5109bf,popqa,Who was the composer of Back to School?,1,Back to School
72ef606e-b29f-4316-a322-20a6503b3935,popqa,"Who was the composer of Suddenly, Last Summer?",1,"Suddenly, Last Summer (film)"
6e66bd22-11e8-4c36-bd3a-5c8c5e95afaf,popqa,Who was the composer of Four?,1,Four (composition)
f20e580a-b77f-4f28-a2e8-e77d08d65957,popqa,Who was the composer of Friends?,2,Friends (2001 film)
689b6cbe-8a49-493e-92c3-b5e5957cb95a,popqa,Who was the composer of From Above?,1,From Above
282b49f7-933a-474e-a65b-1bbc88f58457,popqa,Who was the composer of The Promise?,1,The Promise (2011 TV serial)
f4e3888e-c38d-49e6-9d63-72321b30439e,popqa,Who was the composer of To The West?,1,To the West
e131134d-ab6d-44fe-960a-ddf7b8515da1,popqa,Who was the composer of Let's Get Away from It All?,1,Let's Get Away from It All
83aac1bb-a1d8-4582-805c-e4a62ad30cec,popqa,"Who was the composer of Yvonne, Prinzessin von Burgund?",1,"Yvonne, Prinzessin von Burgund"
818ec81b-4bdb-43ef-8dcd-2845c3e44571,popqa,Who was the composer of Love?,1,Love (Disney song)
bb749cec-1be5-4fe2-910a-fe70f24b92b8,popqa,Who was the composer of Ice?,1,Ice (2003 film)
c6d8395a-ee68-4d24-b094-029fc67cb9dc,popqa,Who was the composer of Images?,1,Images (ballet)
e8f5888f-67fa-484e-ab31-454576c58799,popqa,Who was the composer of Gumshoe?,1,Gumshoe (film)
5ac15a6c-de1e-4274-a673-7ab2c2efd8d0,popqa,Who was the composer of Satyam?,1,Satyam (1976 film)
501499ca-4e75-462c-856b-ef7f20517d61,popqa,Who was the composer of Time?,2,Time (2007 film)
6a92d326-8f76-401d-a266-517d286a7c78,popqa,Who was the composer of King?,2,King (2008 film)
0b4a441a-24dc-4f31-b8af-69d06ab9d0e0,popqa,Who was the composer of Billy?,1,Billy (musical)
2607d204-374e-43be-9f77-13da5ba6087e,popqa,Who was the composer of Walker?,1,Walker (film)
2d9f253d-4ad4-4154-8bc6-1d62cc01a996,popqa,Who was the composer of Parade?,2,Parade (revue)
3632a427-d968-4f80-8000-2d3230911edb,popqa,Who was the composer of Ode?,3,Ode (Stravinsky)
4909f4eb-370f-421b-b4dc-efe01a0d4448,popqa,Who was the composer of Mela?,3,Mela (1948 film)
97d83cba-3767-420f-bd97-0be4804659f3,popqa,Who was the composer of La nonne sanglante?,1,La nonne sanglante
44fdb180-c8c9-4536-9b47-5196001aca8a,popqa,Who was the composer of The Party's Over?,1,The Party's Over (1965 film)
efc33eb3-5019-4ae3-9640-a5cfdafd7f14,popqa,Who was the composer of All American?,1,All American (musical)
e0f2f1d7-ca46-4a52-832a-0a2aa3422e93,popqa,Who was the composer of Paris?,1,Paris (2003 film)
7d8daaca-8017-499c-8680-50e352be3adb,popqa,Who was the composer of Magic of Love?,2,Magic of Love (song)
e49546a5-4073-4f5f-abfd-f3a0872e24e6,popqa,Who was the composer of Genius?,2,Genius (2012 film)
7ed944ec-814c-409d-a68f-830f498dd77c,popqa,Who was the composer of Around the World?,2,Around the World (musical)
120f9e28-16c1-486b-9bf2-88710f4b5919,popqa,Who was the composer of Hard to Say?,1,Hard to Say
a3e66e89-2994-4c8b-86a0-86464d5204d8,popqa,Who was the composer of For All We Know?,1,For All We Know (1970 song)
f5874af4-e686-44d8-b1f4-505789e24db3,popqa,Who was the composer of 180?,2,180 (2011 Indian film)
02d24d0f-1f54-4b01-8077-0376e2d2e342,popqa,Who was the composer of The Bells?,1,The Bells (1931 film)
98582481-e452-46dd-b3f5-94ea1defbc57,popqa,Who was the composer of Radio?,1,Radio (2009 film)
482c14bd-0b94-4158-b150-706f5d20f7f0,popqa,Who was the composer of Take a Chance?,1,Take a Chance (musical)
b6ef964b-fe07-4de0-9ef9-463a5b902f43,popqa,"Who was the composer of The Greater Good, or the Passion of Boule de Suif?",2,"The Greater Good, or the Passion of Boule de Suif"
29670e32-1145-4e76-8545-7d6b3930b378,popqa,Who was the composer of Rebecca?,2,Rebecca (musical)
3cd52b48-6740-481f-b970-04b8ef14fbe7,popqa,Who was the composer of Delta?,1,Delta (video game)
ba872b56-b4b0-475f-a8db-fd66b7f6dd16,popqa,Who was the composer of School?,1,Okul (film)
9bd4a5d7-26cf-4f4f-aab8-1114f0428be3,popqa,Who was the composer of The Miracle?,1,The Miracle (1959 film)
e03ce0e0-782f-4b85-af4c-abae61415f56,popqa,Who was the composer of Muni?,1,Muni (film)
3450185b-6a5d-4e61-84f1-b3257b75a6aa,popqa,Who was the composer of The Giants?,1,The Giants (TV series)
ae5c5057-80fd-47b2-b994-e5f5f7ad2886,popqa,Who was the composer of Shadow?,1,Shadow (2013 film)
de3dd36f-1e20-4304-ae35-eb9642930777,popqa,Who was the composer of Old Shatterhand?,1,Old Shatterhand (film)
ff4e91ee-c2c8-4685-8399-ba484161b3bb,popqa,Who was the composer of The Act?,1,The Act (musical)
69fba515-1119-4569-b86e-afaffccf7b36,popqa,Who was the composer of The Sanguine Fan?,2,The Sanguine Fan
e33a9bf4-1b03-4657-975e-b3cdfde43526,popqa,Who was the composer of Dad?,1,Dad (1989 film)
50919cc9-6427-4ba8-8e33-b51fd2988c70,popqa,Who was the composer of The Cruise?,1,The Cruise (1970 film)
8de9a7a3-aae7-4d01-87d9-081f0520cbb3,popqa,Who was the composer of Longing?,2,Longing (song)
51b265d4-d86b-4820-960e-29262caa4d3b,popqa,Who was the composer of Come Out?,2,Come Out (Reich)
ec0eb2b3-98b5-4da6-b60e-d24afa6fa205,popqa,Who was the composer of Sacrifice?,1,Sacrifice (video game)
31ee98f5-49b6-4b8c-bab9-acac51e98a9f,popqa,Who was the composer of Baba Yetu?,1,Baba Yetu
da9df14e-12b1-438b-b090-62b64e91e8de,popqa,Who was the composer of Alone?,2,Alone (Evan Brewer album)
ec97e97b-f9f2-4de2-93f2-e503302cee50,popqa,Who was the composer of Stop?,1,Stop (Pink Floyd song)
da36c925-7589-416b-9a39-bc8cdcce5a3b,popqa,Who was the composer of Your Man?,2,Your Man (Josh Turner song)
c0f7806b-34e9-49f3-b16a-32ce42072ae5,popqa,Who was the composer of Candy?,1,Candy (1944 song)
1d62d27a-67ad-4722-a1f2-044c550468ab,popqa,Who was the composer of Roma?,1,Roma (opera)
a6aec028-fad1-4fc5-9475-239a3ff6cf2c,popqa,Who was the composer of A?,2,A (1998 Kannada film)
598c854f-fcb0-4ee7-b52d-4dd687726467,popqa,Who was the composer of New Year?,1,New Year (opera)
12733bb7-b303-4c3a-911f-91d80b5a753d,popqa,Who was the composer of Aval Appadithan?,1,Aval Appadithan
cc291baa-e6f6-4140-8869-1d36b69fa9d1,popqa,Who was the composer of Signal?,1,Signal (Kanon Wakeshima song)
d02d1f89-ad33-4c5b-b4cd-c784bf9b7462,popqa,Who was the composer of Bannada Gejje?,1,Bannada Gejje
5d79c9db-34c5-4ce5-8e83-c5aa16fb5077,popqa,Who was the composer of Paradise?,1,Paradise (1991 film)
930c6a33-7903-48b8-b6b1-dee24ce91029,popqa,Who was the composer of Saved?,1,Saved (musical)
f3a4fc5d-b770-493e-bfd6-6e06e2513a7a,popqa,Who was the composer of Number Pieces?,1,Number Pieces
c2def0f9-2ec4-4c01-8e9f-d830d534cd1a,popqa,Who was the composer of Highway?,2,Highway (2014 Bengali film)
ab6f6277-985c-41b3-bd7e-df2a1f12e81b,popqa,Who was the composer of Miss You?,1,Miss You (1929 song)
228fa1f7-1095-4c3c-829c-c71a8de9365b,popqa,Who was the composer of King David?,4,King David (musical)
f3068ace-77ce-4293-8486-8190d66db28a,popqa,Who was the composer of Celebration?,1,Celebration (musical)
11076d01-9a1c-427e-90da-faea63f73db1,popqa,Who was the composer of E?,2,E (2006 film)
49b9ee50-809b-4d94-b7ec-879583472245,popqa,Who was the composer of That Is Pandu?,3,That Is Pandu
6a100021-274d-472d-b05e-6f1f4f3e37f8,popqa,Who was the composer of It's Easy to Remember (And So Hard to Forget)?,1,It's Easy to Remember (And So Hard to Forget)
787cfd77-01b2-418e-abac-3ad07f60fb3e,popqa,Who was the composer of College?,1,College (TV series)
58e04fa8-5ea0-40fb-85e0-9b0b4779e79e,popqa,Who was the composer of See You?,2,See You (Depeche Mode song)
e10e75a4-dd4e-43d0-aa10-b4549bb5fa6c,popqa,Who was the composer of Love Story?,3,Love Story (musical)
5d8dd3c8-944e-4e40-9d49-8d1a46e848e1,popqa,Who was the composer of The Hero?,1,The Hero (opera)
606b21ed-3ef9-415a-9d0a-dc8b1271b441,popqa,Who was the composer of Wisconsin Death Trip?,1,Wisconsin Death Trip (film)
490a5a83-8e99-466a-88e6-ee95904c9f32,popqa,"Who was the composer of Eimaste Dyo, Eimaste Treis, Eimaste Hilioi Dekatreis!?",1,Imaste dio
a428363a-4cee-4d45-8e20-c9ba9fcef97e,popqa,Who was the composer of Manmadhudu?,3,Manmadhudu
423d7a2f-ce12-4713-a5f9-c0d5f30fca3d,popqa,Who was the composer of Never Forget?,1,Never Forget (Lena Katina song)
a80a42f0-c86b-476b-831d-0222ba17cf34,popqa,Who was the composer of All We Know?,1,All We Know (Paramore song)
71feba40-d4dd-40fd-958b-2b02211a8eb5,popqa,Who was the composer of Images?,1,Images (Skempton)
c60734b3-99e4-4e81-856c-685d2fbe43b6,popqa,Who was the composer of Seema Tapakai?,2,Seema Tapakai
e48fa025-3990-4579-8ca3-80eed9169fc9,popqa,Who was the composer of Time?,1,Time (musical)
2040cdf9-65be-4c70-9d84-84d05d88dcf0,popqa,Who was the composer of Paris?,1,Paris (Jon English musical)
3f329fcb-ab16-4959-ba75-a6b6362dde5a,popqa,Who was the composer of Over There?,1,Over There (American TV series)
19bc4604-f3c1-4d74-a691-a27de5dd7d55,popqa,Who was the composer of Schlager?,1,Schlager (film)
e050ee52-63bc-44db-83b4-935713e7b8cf,popqa,Who was the composer of In My Heart?,1,In My Heart (Moby song)
255a9f0b-e49d-49e2-802c-d992043832e0,popqa,Who was the composer of Toki o Kakeru Shōjo?,1,Toki o Kakeru Shōjo (1994 TV series)
193178dd-d569-4b76-9e8f-afd96332560a,popqa,Who was the composer of Empty Room?,2,Empty Room (Sanna Nielsen song)
1144c876-8086-480b-a0f5-69bda78cef2d,popqa,Who was the composer of I Wanna Pick You Up?,1,I Wanna Pick You Up
b769fd74-58e4-420f-a166-75219e5fc31d,popqa,Who was the composer of Yahudi Ki Ladki?,2,Yahudi Ki Ladki (1933 film)
42753111-6e65-4a50-b8f7-9b593c238c79,popqa,Who was the composer of Messa?,1,Messa (Puccini)
ef748eaa-bdf7-4176-ac49-55dfb66bf276,popqa,Who was the composer of Undo?,1,Undo (Sanna Nielsen song)
7631ed39-5960-41cb-9213-75d6ff9dea26,popqa,Who was the composer of Land of Plenty?,1,Land of Plenty
a57211b2-c5c0-4c84-9205-8898a367d1a7,popqa,Who was the composer of Milan?,2,Milan (1946 film)
e9e9e486-43be-4689-ba5d-a07fd594bff9,popqa,Who was the composer of I Love Me?,1,I Love Me (film)
59547293-6bb7-42ca-b3ac-4b3b798a47c1,popqa,Who was the composer of Aa Divasam?,1,Aa Divasam
710c5a95-aeac-4be3-9dd9-1ca94a5ac02b,popqa,Who was the composer of Yare Nee Abhimani?,1,Yare Nee Abhimani
3a649d98-1a61-4269-accb-4a730aa05436,popqa,Who was the composer of Eliza?,2,Eliza (Cherubini)
70779926-f7cf-4e88-9fc2-7db0549c6692,popqa,Who was the composer of A Broadway Musical?,3,A Broadway Musical
be56d190-3e7b-48f2-92ee-c985f6cff589,popqa,Who was the composer of Lovely?,2,Lovely (2012 film)
2e22e2eb-e1d2-4f03-9966-5c505eba3d38,popqa,Who was the composer of Gia?,1,Gia
70518546-756d-4cc2-909d-7b1cf648c8a1,popqa,Who was the composer of Mandira?,1,Mandira (film)
3cb9e181-96e0-448c-ac2b-684b0f16cf56,popqa,Who was the composer of Nalla Thambi?,1,Nalla Thambi
76212448-e12d-4f2c-8bb6-d944d033af85,popqa,Who was the composer of Stormy Monday?,1,Stormy Monday (film)
fd3c7b18-7988-40e8-bae5-833423b0c881,popqa,Who was the composer of Gentleman?,1,Gentleman (Lou Bega song)
23d89742-bc25-4d34-99c3-b3410b4f9561,popqa,Who was the composer of Overture in G major?,2,Overture in G major (Cherubini)
0547a24d-2d09-4ea0-a95c-383f1bf3ac6a,popqa,Who was the composer of Rough?,1,Rough (film)
e6792d38-66fa-4397-af58-b4b9dd915edf,popqa,Who was the composer of The Neverhood?,1,The Neverhood
b8596219-9d5d-4732-800c-18e32e876b94,popqa,Who was the composer of For You?,1,For You (Ricky Nelson song)
6eb20e10-b540-4624-b61f-11aebf45723d,popqa,Who was the composer of Wish You Were Here?,1,Wish You Were Here (musical)
0fba5842-88ae-476d-899c-a8f85f352309,popqa,Who was the composer of Chasing?,1,Chasing (song)
09f203a0-b3c2-46f8-8910-3beb5d44f9c2,popqa,Who was the composer of Smile?,2,Smile (musical)
cc5fb6eb-f167-4697-829c-5608f2a14de8,popqa,Who was the composer of Tales of the Tempest?,2,Tales of the Tempest
b8472e62-8fd4-4bdf-ac9a-fc84eba9a30a,popqa,Who was the composer of Ek Nari Ek Brahmachari?,1,Ek Nari Ek Brahmachari
be0f7437-ea05-4ae7-ba9e-3b2f149fa272,popqa,Who was the composer of Big City Nights?,1,Big City Nights (song)
516fe9c5-8878-420e-8dae-15699c908cda,popqa,Who was the composer of Jaani Dost?,1,Jaani Dost
3c9c7fa7-ee53-4460-9e8c-ab9b6ddc3752,popqa,Who was the composer of Minnale?,2,Minnale
e894879f-0e8a-46d0-9cb3-43d601f22f81,popqa,Who was the composer of Vel?,2,Vel (film)
32fbf146-331b-491f-a737-8d0739b6556f,popqa,Who was the composer of Alceste?,2,Alceste (Lully)
3cd28bc3-5e90-4991-9456-372ea138c936,popqa,Who was the composer of String Quartet No. 3?,4,String Quartet No. 3 (Nielsen)
4aa18767-9bda-4b35-b761-277853a13d5f,popqa,Who was the composer of Sigurd?,1,Sigurd (opera)
470af464-b076-4ad2-bbe2-2b669037e29c,popqa,Who was the composer of The Other Woman?,2,The Other Woman (2014 film)
dbd5c488-4b41-4be8-af2d-29ad86067092,popqa,Who was the composer of The Light Princess?,2,The Light Princess
074e3e49-3b3d-4812-bf6e-7a7b375d0f89,popqa,Who was the composer of Plush?,2,Plush (film)
f7901658-38aa-4d3a-8452-34795ec96007,popqa,Who was the composer of Bloomfield?,1,Bloomfield (film)
538c8ec6-2764-4b72-bbf3-2e2661764bf4,popqa,Who was the composer of The Foundation?,1,The Foundation (1984 TV series)
b9712b52-02cc-43cd-bdac-230b293ca007,popqa,Who was the composer of Good News?,1,Good News (musical)
89c3ec0c-6544-4962-9505-84107f5da704,popqa,Who was the composer of Imagination?,1,Imagination (1940 song)
2377f8d5-0701-48b9-8bf6-c20ef864f7cf,popqa,Who was the composer of See Me Now?,2,See Me Now
d9c57859-96e3-44dd-8340-70ced9d6f47a,popqa,Who was the composer of Chocolate?,1,Chocolate (2007 film)
49682191-de66-40ca-bfe6-6a1b0513ebe6,popqa,Who was the composer of The Killer Elite?,1,The Killer Elite
4f5bff99-0ed2-4a15-a64c-fa27a8b1d88b,popqa,Who was the composer of Artaserse?,1,Artaserse (Vinci)
8f4a2115-6a7b-4b2c-9903-fa8464dc15d1,popqa,Who was the composer of Hero?,2,Hero (2008 film)
59412e0b-32aa-4063-a360-45f75e7c8a5f,popqa,Who was the composer of El Dorado?,1,El Dorado (1966 film)
a9f64ab7-29f0-4e07-ac89-809dd9eff5a0,popqa,Who was the composer of The Trap?,1,The Trap (1966 film)
23be01bf-d9af-416d-9bdf-23596f3cef45,popqa,Who was the composer of The Bolt?,2,The Bolt (Shostakovich)
dea44357-d8ac-4643-8702-2f8ae4b6eb37,popqa,Who was the composer of Edges?,1,Edges (musical)
ea446861-db61-4eb7-b932-3af7598e9eff,popqa,Who was the composer of Bunny?,1,Bunny (1998 film)
1babed1a-9a25-4979-a57f-b0f13700c33f,popqa,Who was the composer of Party?,2,Party (Beyoncé song)
dd94d721-3b3f-46d2-8c86-b8646b0c0d8f,popqa,Who was the composer of Patience?,1,Patience (Dreamgirls song)
50ca0849-39d4-475a-8c73-f3e0f6090d0f,popqa,Who was the composer of No Way Out?,1,No Way Out (1987 film)
21c54256-1348-42de-975e-507351ac96cb,popqa,Who was the composer of Artist?,1,Artist (film)
c4d48ee2-56bd-4bae-b90a-775cd7a9c1af,popqa,Who was the composer of Dham?,2,Dham (film)
6047693b-040a-4abd-9caf-1ff940d60a6a,popqa,Who was the composer of Tholi Valapu?,2,Tholi Valapu
8b04e0ff-4719-49d9-bf4e-73a0cbccd728,popqa,Who was the composer of The Wind in the Willows?,1,The Wind in the Willows (1983 film)
ad657bd8-0624-48e3-bc10-2789f7fc5df2,popqa,Who was the composer of The Favor?,1,The Favor (1994 film)
3f8bb293-1246-47fd-8874-bf65b2064d5b,popqa,Who was the composer of Annakili?,4,Annakili
b2c5c1b3-51ac-41e0-b7e9-2ff6daf176cc,popqa,Who was the composer of Isabel's a Jezebel?,1,Isabel's a Jezebel
d293777c-09bd-43e6-97da-92e1cd47a237,popqa,Who was the composer of Cold War?,1,Cold War (TV series)
c6420c20-71ba-4ffe-8a63-88d9aadca7b7,popqa,Who was the composer of Aandan Adimai?,1,Aandan Adimai
9de52469-65b5-4410-9b29-ab212fdcfd9f,popqa,Who was the composer of Arkansas?,1,Arkansas (You Run Deep in Me)
acef5f50-3375-411e-9e44-b3ed9543a0a3,popqa,Who was the composer of I Love You?,1,I Love You (Miss Robot)
cda333f5-b125-448f-9c43-65018b52d3a7,popqa,Who was the composer of Sandhya?,1,Sandhya (film)
b2cacbe5-f672-4ea8-a8bd-289d04b41c8c,popqa,Who was the composer of All Things Go?,1,All Things Go
feb9310e-c2a6-463e-bca1-fa8165b48f74,popqa,Who was the composer of Billa?,1,Billa (2007 film)
496fec5c-a1e9-4efe-abb0-0937c1701d3a,popqa,Who was the composer of Piano Trio?,1,Piano Trio (Debussy)
95bb7d0d-9d92-4864-becc-c1acae564d8e,popqa,Who was the composer of Ankhiyon Ke Jharokhon Se?,2,Ankhiyon Ke Jharokhon Se
2a5d41ac-75ed-4361-9bcb-6e94d2051f1c,popqa,Who was the composer of Irene?,1,Irene (musical)
b6c070d8-1c06-4c3d-acff-51716f9db36b,popqa,Who was the composer of The Seasons?,5,The Seasons (Haydn)
4f018da4-b3c4-4ae3-b189-2751e85801c8,popqa,Who was the composer of Silver Threads Among the Gold?,1,Silver Threads Among the Gold
6527baef-48e4-460b-b943-9be5ebdf79e7,popqa,Who was the composer of Martin's Lie?,1,Martin's Lie
b36d7fd9-7f62-42a9-bbae-cc348fe9594d,popqa,Who was the composer of Ore Kadal?,2,Ore Kadal
2da3245c-a4f7-426d-806f-824c355981c6,popqa,Who was the composer of I Will Be There?,2,I Will Be There (Van Morrison song)
8061f18e-6a53-4c77-8ef1-0705e91f5758,popqa,Who was the composer of Someday?,1,Someday (Disney song)
27d9a7a9-9214-41dc-8a1c-ac447bfc62c4,popqa,Who was the composer of Prince?,2,Prince (1969 film)
4e731e92-db61-414e-90ef-76be7f990fe2,popqa,Who was the composer of Gang?,2,Gang (film)
22803ef9-aeec-4780-af98-dbef987d5463,popqa,Who was the composer of Memories?,1,Memories (1915 song)
89957292-b0ed-4e8d-a05c-150eed32bc1f,popqa,Who was the composer of Imagine This?,1,Imagine This
64c12839-1a97-4d3d-83b9-7ef23de21ffb,popqa,Who was the composer of Calling You?,1,Calling You
de382bff-92cb-4cff-83d1-cb8de82cb1be,popqa,Who was the composer of Gran Torino?,1,Gran Torino
3c301823-68c3-460a-a226-2763985cf607,popqa,Who was the composer of Hino da Independência?,1,Hino da Independência
a4baf60b-d6cd-45dd-83a3-a80719974047,popqa,Who was the composer of Violin Concerto?,3,Violin Concerto (Sibelius)
9cbe80ee-a29d-4cff-8bfe-2dc815efaa3c,popqa,Who was the composer of Hey Ram?,1,Hey Ram
406bada2-93cc-468e-8ec7-84b0b9d7860a,popqa,Who was the composer of Voices?,1,Voices (1979 film)
271a947e-9aa2-4236-99f9-3cad55303a53,popqa,What color is Fleetwood Town F.C.?,1,Fleetwood Town F.C.
23240cb1-0441-4f6f-91cd-a4eeb6f6d27f,popqa,What color is Rosa 'Ingrid Bergman'?,1,Rosa 'Ingrid Bergman'
7ac940e2-6c64-4c78-99be-df1f35497fca,popqa,What color is York City F.C.?,1,York City F.C.
dd544b9c-a2d2-4fbe-9915-fc63ba54da56,popqa,What is the religion of Alderson Broaddus University?,1,Alderson Broaddus University
bc9a3bd4-2f89-4fbd-b430-8055f7a2117d,popqa,What is the religion of Mihnea Turcitul?,1,Mihnea Turcitul
5aae7d74-9fda-4cd2-bc03-a6c085424fc0,popqa,What is the religion of Loon?,2,Loon (rapper)
add11499-b370-485c-a471-79f88968f830,popqa,What is the religion of Andover Newton Theological School?,2,Andover Newton Theological School
ac022d57-9085-46e5-b816-19026880bc40,popqa,What is the religion of José Palmeira Lessa?,1,José Palmeira Lessa
516e5e9a-f701-4b2a-9996-8e7dd5d83881,popqa,What is the religion of Sanyika Shakur?,1,Sanyika Shakur
a0bb9ccd-b451-4f46-ad86-3a7fa057f27b,popqa,What is the religion of Southwestern University?,1,Southwestern University
197246c6-3547-4cf9-805b-88d5ec0e4510,popqa,What is the religion of American University?,1,American University
04b72954-710a-471e-87e6-9c9dfb84d059,popqa,What is the religion of James Uno?,1,James Uno
b4baffa9-94b9-411a-957d-b871cc8a7ef0,popqa,What is the religion of Abu-l-Hasan Ali ibn Ruburtayr?,1,Abu-l-Hasan Ali ibn Ruburtayr
07fb2b8c-deee-4714-9c26-ea4510fd2a4c,popqa,What is the religion of Tabor College?,1,Tabor College (Kansas)
d70be736-29d0-42b5-9642-c0b608f9723b,popqa,What is the religion of Northland International University?,2,Northland Scholars Academy
03d4c563-7d27-4323-91aa-73750532073f,popqa,What is the religion of Appalachian Bible College?,1,Appalachian Bible College
913d06cf-6010-4faf-a412-446ece52eb97,popqa,What sport does Shaun Carey play?,1,Shaun Carey
72006770-477d-4d77-add3-4d7aa7ea82dd,popqa,What sport does Jonas Villanueva play?,5,Jonas Villanueva
1f359b76-acf8-41b9-8f42-6bc923373384,popqa,What sport does Mustafa Keçeli play?,1,Mustafa Keçeli
62d0f956-668e-41df-bde7-cdd36397ebf1,popqa,What sport does Alain Rakotondramanana play?,1,Alain Rakotondramanana
6151634a-8c55-4c66-93a4-256c55686d76,popqa,What sport does Gianluca Comotto play?,2,Gianluca Comotto
0f3236ea-a704-4799-84bb-38cec1d7f627,popqa,What sport does Tim Hoogland play?,2,Tim Hoogland
a423b796-329d-48ab-be65-e70e66c34559,popqa,What sport does Indrek Pertelson play?,1,Indrek Pertelson
1a752875-f071-4177-9f2d-35959a5f5df3,popqa,What sport does Sol Ky-Ong play?,1,Sol Kyong
8cda56d8-55e1-4196-9de4-cd62d0f86e39,popqa,What sport does Günter Kutowski play?,1,Günter Kutowski
92935d7d-7063-4940-854e-fa59c9e86f5f,popqa,What sport does Najeh Humoud play?,5,Najeh Humoud
508c347a-15f1-4a92-b99b-6bd8d34d5c87,popqa,What sport does Dorus de Vries play?,5,Dorus de Vries
cbd5ee47-257c-4832-9c86-d215180b848e,popqa,What sport does Luciano Vella play?,1,Luciano Vella
10aad97f-6a5a-4640-ac64-38ee85841f76,popqa,What sport does Francisco Javier Lloret Martínez play?,1,Javi Salero
214d58b9-5dea-42f1-99c0-efeb0047a85c,popqa,What sport does Brice Dulin play?,2,Brice Dulin
d4c8ad6c-4c12-4d83-b661-c0e713ee0d7d,popqa,What sport does Valeri Zelepukin play?,2,Valeri Zelepukin
3de8b037-c50f-455f-8677-185fb83c6100,popqa,What sport does Alain Laurier play?,1,Alain Laurier
8eebe5f5-70d2-42b3-82dc-7444323af9bd,popqa,What sport does Simon Tahamata play?,1,Simon Tahamata
e11062e2-e74d-47cd-8917-58ac4bb3649a,popqa,What sport does Dipu Ghosh play?,2,Dipu Ghosh
69897771-abd2-4487-a8b3-c5ba3fee84a9,popqa,What sport does Matteo Pivotto play?,2,Matteo Pivotto
875920cc-c0f9-4ad8-9caa-48793d634bd6,popqa,What sport does Gerd Schwidrowski play?,1,Gerd Schwidrowski
1128a908-cf92-4c61-b4bd-e22b8de24bb7,popqa,What sport does Vasili Penyasov play?,1,Vasili Penyasov
c98e9c8d-6f27-4f1a-93ba-c307d90e000e,popqa,What sport does Andrei Bogomolov play?,1,Andrei Bogomolov
ee3f86ca-4cb9-4192-80e5-2d4df6887680,popqa,What sport does Dumitru Hubert play?,1,Dumitru Hubert
afb74f5f-cff8-44f8-96e0-c6846c04bf26,popqa,What sport does Christophe Ott play?,1,Christophe Ott
ac37dad8-5702-4b6e-bd48-9649d3e2c5e9,popqa,What sport does Stephen Connor play?,1,Stephen Connor
38813540-d010-4f6e-873d-1cd5818ff377,popqa,What sport does Ladislav Žák play?,2,Ladislav Žák (footballer)
88048344-8f07-4139-98f4-fbc240aa8fcd,popqa,What sport does Sebastián Morquio play?,1,Sebastián Morquio
1248b1ad-2fdb-4d44-bad9-7216945bbe5f,popqa,What sport does Cho Keung-yeon play?,1,Cho Keung-yeon
73d5ed82-d901-47a3-890e-5cac0629e2d5,popqa,What sport does Radek Opršal play?,2,Radek Opršal
1de413b9-6c8e-4743-b4d6-36ef7e89a3bc,popqa,What sport does David Homoláč play?,1,David Homoláč
08eca64f-4bed-410d-9c5c-81df5228977b,popqa,What sport does Vítor Valente play?,2,Vítor Valente
a6fd90ea-9e4e-4da9-82f1-293b373f421c,popqa,What sport does Alex Crombie play?,1,Alex Crombie
3e41560d-c3e7-450e-aa95-e4044fbc52a5,popqa,What sport does Julián Lalinde play?,1,Julián Lalinde
e0611234-7381-42a1-946e-0c4caa7437df,popqa,What sport does Kaunas Sports Hall play?,2,Kaunas Sports Hall
8dd05ce5-30dc-4616-a087-a1ab09cf13e8,popqa,What sport does Vladislav Matviyenko play?,1,Vladislav Matviyenko
90d0afb5-6724-42b5-90b6-117253486b2e,popqa,What sport does Vyacheslav Chadov play?,1,Vyacheslav Chadov
f732cb85-e85b-4f57-8e0e-000bcef8597d,popqa,What sport does Ito play?,5,"Ito (footballer, born 1975)"
a793e93f-7b70-46a5-8ef6-ec7a5426d48f,popqa,What sport does Robert Braet play?,1,Robert Braet
67bcd5c7-f255-4642-8916-7033d6b6fc67,popqa,What sport does Housain Al-Mogahwi play?,1,Housain Al-Mogahwi
64044f9d-b436-467d-ac68-ec77eaffa318,popqa,What sport does Walter Pfeiffer play?,1,Walter Pfeiffer (footballer)
0dd3291a-2613-47bc-a2b1-242c43016c65,popqa,What sport does HK Vojvodina play?,1,HK Vojvodina
41f9f186-0173-4c0c-82ad-51f1c0b9cf1f,popqa,What sport does USR Sainte-Rose play?,1,USR (Guadeloupe football club)
06b98685-fa15-4f9d-b43c-e0bd4a236f31,popqa,What sport does Łukasz Szukała play?,1,Łukasz Szukała
6ae02498-0aeb-456d-ace9-51fab50142e0,popqa,What sport does David Vázquez González play?,1,Chapi (footballer)
dccb1893-b700-4411-a15e-1d79be7c026a,popqa,What sport does Archie Needham play?,1,Archie Needham
3de4d6a8-3b39-4620-9ecc-0be7b8793156,popqa,What sport does Ozren Perić play?,1,Ozren Perić
11d2ba97-0d2e-40b4-8fa6-da23e4fa8c7c,popqa,What sport does Siavash Yazdani play?,2,Siavash Yazdani
2c0f9e5a-bd15-43bd-ae83-8aaad2e592c4,popqa,What sport does Matty Blair play?,5,Matty Blair
8407a94f-ee53-475b-80ec-15688530a9ce,popqa,What sport does Giovanni Fanello play?,1,Giovanni Fanello
6b041412-b5cd-4adb-9e8a-73ef34845743,popqa,What sport does Jin Zhiyang play?,2,Jin Zhiyang
b0aad939-5bbf-426d-bff4-686bc058b408,popqa,What sport does Israel Andrade play?,1,Israel Andrade
af765bc8-2cef-44e3-8e76-b69bd71bcf0e,popqa,What sport does Patrick Edema play?,1,Patrick Edema
7adec480-a830-40f2-bf9b-bd3bb5e05478,popqa,What sport does Yoo Yong-sung play?,1,Yoo Yong-sung
6de61bfa-210d-4de9-94e1-e88b8c787da8,popqa,What sport does Walter Tigers Tübingen play?,2,Tigers Tübingen
18aa9bab-8082-4997-957f-fdfa2630b581,popqa,What sport does João Schlittler play?,1,João Schlittler
fbf54168-a403-4cac-9d67-f7b9191d0772,popqa,What sport does Indonesia Education League play?,1,Indonesia Education League
e4c88e7a-c73f-4263-85d5-760a26cc3d2b,popqa,What sport does Adam Bennett play?,1,Adam Bennett
eed210f9-e087-417a-8be8-03c4aade774b,popqa,What sport does John Muse play?,2,John Muse (businessman)
69c07495-cf40-4af2-969a-6744604a4b89,popqa,What sport does Leonardo Torres play?,1,Leonardo Torres
4ce3b3da-fb8b-444f-af67-7a94daa67c3a,popqa,What sport does Anderson play?,5,"Anderson (footballer, born 1988)"
8f081b9c-4d2e-4141-9ca4-81e1c4ecbf7c,popqa,What sport does Mark Jonas play?,2,Mark Jonas
2210fd6c-1cd7-4904-8da3-128783576a29,popqa,What sport does Roland Zajmi play?,1,Roland Zajmi
e1c13e8c-2235-4167-a0b9-3132c3d728d0,popqa,What sport does Tommy Ord play?,1,Tommy Ord
cd9a92fe-eeb3-46e1-afed-72a01f12704e,popqa,What sport does Gergő Kovács play?,1,Gergő Kovács
c63eeb5e-417b-465a-822c-54638d86feae,popqa,What sport does Brunei Barracudas play?,1,Brunei Barracudas
3a388758-4ef4-4037-affc-51e1d32b781d,popqa,What sport does Hans Cornelis play?,1,Hans Cornelis
031092bf-c551-4b0e-9ff1-1b75996cf8d9,popqa,What sport does Masahito Noto play?,1,Masahito Noto
feb1d138-0554-46c5-a14b-96c5340edd97,popqa,What sport does Elias MacDonald play?,1,Elias MacDonald
2bbc3f56-9ef6-477f-95d2-8dce264aa814,popqa,What sport does Mikhail Petrusyov play?,1,Mikhail Petrusyov
c61decc9-0764-4474-923e-294ed753436c,popqa,What sport does Dan Parkinson play?,2,Dan Parkinson (footballer)
e6b87a84-7284-45f6-b729-01ac5d11a068,popqa,What sport does Radoslav Rashkov play?,1,Radoslav Rashkov
d8af97a5-1725-48be-b184-610b63605d96,popqa,What sport does Willi Kirsei play?,1,Willi Kirsei
14a5287a-959c-4ba2-8a4b-d9d0b1bc38eb,popqa,What sport does Buffalo Memorial Auditorium play?,2,Buffalo Memorial Auditorium
f211560b-76ab-4c97-bb01-caedf7d9e12c,popqa,What sport does Michael Gibson play?,1,Michael Gibson (soccer)
0ab1a8c8-d19d-4990-b681-b0432d26a069,popqa,What sport does Irina Crasnoscioc play?,1,Irina Crasnoscioc
9059a6c7-d717-4da2-b5e5-0282264cc265,popqa,What sport does Nicolás Martínez play?,5,"Nicolás Martínez (footballer, born 1987)"
89d1fc13-5dce-4563-92b0-c889fdc682c2,popqa,What sport does Aud Brindley play?,1,Aud Brindley
785e395a-14cd-400b-9c37-6868bd21a673,popqa,What sport does Gustavo García play?,2,Gustavo García (1980s footballer)
904917cc-5759-4327-9197-5b2aee92b155,popqa,What sport does Frank Cornan play?,1,Frank Cornan
b1322b12-58fb-4309-8210-4d80d413e378,popqa,What sport does Gregor Zabret play?,1,Gregor Zabret
d831efeb-61c2-4fa0-80f8-ea1a440cfb46,popqa,What sport does Andrei Vițelaru play?,1,Andrei Vițelaru
68f06556-5515-45fc-976a-ab38efd5ea86,popqa,What sport does Steve Tilson play?,4,Steve Tilson
34c59f45-2719-469d-871d-ebeda823e762,popqa,What sport does Crease play?,5,Crease (cricket)
a2c50c52-de65-4add-ae20-da4ac3d5e0fe,popqa,What sport does Mohammed Amine Kabli play?,2,Mohammed Amine Kabli
a49e32ab-4107-422c-b595-b88f21d4d338,popqa,What sport does Boston United F.C. play?,5,Boston United F.C.
b9073b29-5cdc-404d-910b-d790d9f3b24f,popqa,What sport does Alexei Ugarov play?,1,Alexei Ugarov
ab31be2a-e0ba-4da0-a370-2bb4efacb9ff,popqa,What sport does Duncan Lambie play?,1,Duncan Lambie
c4993d5e-7680-4e9b-90ce-3a22047b63bb,popqa,What sport does Saša Janić play?,1,Saša Janić
bbd91d43-fa33-49c7-999e-d116d0d4dae0,popqa,What sport does Tony Wagstaff play?,1,Tony Wagstaff
2469e473-5944-4157-b8d5-3c361dbd1cb9,popqa,What sport does Ed Wachter play?,2,Ed Wachter
a868ae52-6636-4cc5-ab76-5d812e71f25f,popqa,What sport does Guilherme Andrade play?,1,Guilherme Andrade
ec4477bc-75c5-42d7-ac4c-eb0f6d41724d,popqa,What sport does Noëlle van Lottum play?,2,Noëlle van Lottum
91402486-28fe-441d-bcd1-fc4168ddfcb4,popqa,What sport does Abdoul Camara play?,4,Abdoul Camara
f977197e-0cd2-4a8e-8739-6ddf4fed0c79,popqa,What sport does Szymon Szewczyk play?,1,Szymon Szewczyk
03823037-5755-46f3-bb1d-f515ca00fca4,popqa,What sport does Andrew Blades play?,1,Andrew Blades
37886178-a3c1-4db5-b688-45ccaa00cd01,popqa,What sport does Steve Coppell play?,5,Steve Coppell
895e21cd-85ad-43b3-b746-e52f60439948,popqa,What sport does Bryan Schmidt play?,1,Bryan Schmidt
1e178ded-ce30-4ff6-941d-46f3ce247c86,popqa,What sport does Gerardo Galindo play?,1,Gerardo Galindo
766eecbc-47a1-4503-a3bf-c733d14586db,popqa,What sport does Pablo Aguilar play?,5,"Pablo Aguilar (footballer, born 1984)"
decb2891-0dcc-4341-b76c-0b979d72b870,popqa,What sport does Bobby Laing play?,1,Bobby Laing
0dfcd394-1026-4794-891b-3b908d71c439,popqa,What sport does Juan López Hita play?,1,Juan Hita
ab216907-5781-4f47-b392-e35c4a686939,popqa,What sport does Livia Altmann play?,1,Livia Altmann
349ee4e9-d0b5-441a-89f5-848f6ead7571,popqa,What sport does Luis Eduardo Maldonado play?,3,"Luis Maldonado (footballer, born 1985)"
baac2e50-f666-4a3a-b4d8-cf1e4aa0f3cc,popqa,What sport does Alexis Mendoza play?,1,Alexis Mendoza
6ba9aca6-2648-41a3-80a2-77e5b759630d,popqa,What sport does Mohamad Korhani play?,1,Mohamad Korhani
12aa501f-5b29-4ef6-9f12-883a31b1e60d,popqa,What sport does Andrés Bottiglieri play?,2,Andrés Bottiglieri
42a49941-3dd9-4587-8ba5-c513a6e81122,popqa,What sport does Ernő Noskó play?,1,Ernő Noskó
28a79892-1ee6-454f-899c-37caaae6c5dd,popqa,What sport does Amdy Faye play?,5,Amdy Faye
c9f9a383-2fde-4644-91e6-efcac2158a8e,popqa,What sport does Mateo Pavlović play?,4,Mateo Pavlović
ac3611fb-ff6a-4eef-81b6-53d02bf73345,popqa,What sport does Radoslav Školník play?,1,Radoslav Školník
a47d25b8-e171-455f-9074-9a4fc9c837e7,popqa,What sport does Kateřina Nash play?,2,Kateřina Nash
ea4a223f-1922-41d9-bb9b-ee3f57b841f7,popqa,What sport does Kim Sung-gan play?,1,Kim Sung-gan
44b4fd28-4d18-4dc0-b6a4-370c900debe1,popqa,What sport does Gregor Balažic play?,3,Gregor Balažic
66fc61b7-66c0-4786-821a-537b3a2eaf0f,popqa,What sport does Adel Bousmal play?,1,Adel Bousmal
0f3a466b-993a-4135-8ffd-d27425b9e3f4,popqa,What sport does shot play?,5,Shot (ice hockey)
4b163f3b-01e2-4039-895e-3b92e7e6a20d,popqa,What sport does Sofia Anker-Kofoed play?,1,Sofia Anker-Kofoed
0f04bcce-8e3e-44b2-a951-eb0d58f78121,popqa,What sport does Samir Sarsare play?,1,Samir Sarsare
a0d1e722-ed6b-4fe2-b08a-3dbf22c2c3d0,popqa,What sport does Njurunda SK play?,1,Njurunda SK
9dbd2f05-6688-49af-80fd-54f8a2e72571,popqa,What sport does Krasen Trifonov play?,1,Krasen Trifonov
51237cc2-e4f4-4875-92f6-5f164c3fd42a,popqa,What sport does Lukáš Bodeček play?,3,Lukáš Bodeček
b1ce1b31-291a-4d7b-909a-465792ac8da7,popqa,What sport does Ebrahim Asadi play?,1,Ebrahim Asadi
154a62e0-a35f-419d-9ad0-940696e8b3a5,popqa,What sport does Layla Young play?,1,Layla Young
82989b2f-8b61-4110-a8e2-1092c3f94dd6,popqa,What sport does Jeannot Gilbert play?,1,Jeannot Gilbert
eb12d47b-1406-4a1b-a865-6a7bb8c2b426,popqa,What sport does Alexis Carra play?,1,Alexis Carra
311d592d-4041-41da-9f03-a8a8fe560c76,popqa,What sport does Marino Rahmberg play?,2,Marino Rahmberg
a9c0d490-8f33-49ce-8656-78a46a424e13,popqa,What sport does Marc Santo-Roman play?,1,Marc Santo-Roman
fa6172fa-6153-4337-bfe1-12c52515b366,popqa,What sport does Sandar IL play?,1,Sandar IL
ec813458-2a0f-41a9-b2d3-e9951d35bafa,popqa,What sport does Jamie White play?,4,Jamie White (footballer)
494dce77-7358-45a8-94b7-350c2e94fc69,popqa,What sport does Petr Bříza play?,1,Petr Bříza
34e2e6a6-a334-4688-82cc-03d766dfb937,popqa,What sport does Macky Escalona play?,1,Macky Escalona
1d046a02-10a2-496e-9d1d-b67cf27324d5,popqa,What sport does Hugo Rubio play?,3,Hugo Rubio
53dca5eb-4519-4727-b4b0-aa22f72ddc07,popqa,What sport does E Sour El Ghozlane play?,1,E Sour El Ghozlane
91b38c3d-ea85-462c-81df-f1cc8ffe725b,popqa,What sport does Adam Henley play?,5,Adam Henley
bf169ad5-8987-4249-9f10-1bf5fbb2cab4,popqa,What sport does Daniel Manzato play?,1,Daniel Manzato
166a357a-85b3-429a-8fbe-1d6b5f078869,popqa,What sport does Stavros Stathakis play?,2,Stavros Stathakis
c63da319-fd68-4cc2-936c-4f417295d843,popqa,What sport does Atanas Atanasov play?,3,"Atanas Atanasov (footballer, born 1969)"
3393f0ad-89d9-4039-badb-87b935ec095d,popqa,What sport does Roosevelt Chapman play?,3,Roosevelt Chapman
67dc5cde-ad55-4d5c-b3a7-7769ac944df7,popqa,What sport does Henk Timmer play?,2,Henk Timmer
a08aef80-e540-4b05-8e74-d586b4c24ecb,popqa,What sport does Joe Bretto play?,1,Joe Bretto
8f48578a-5260-4033-8a02-8be608438c84,popqa,What sport does Maxwell Griffin play?,2,Maxwell Griffin
55ba1393-0a19-4a30-b3e1-72abdd1df24d,popqa,What sport does Yuri Koroviansky play?,1,Yuri Koroviansky
fee629d3-487c-4aeb-908a-617767354817,popqa,What sport does Ron Douglas play?,1,Ron Douglas
e59a56d6-139f-4e25-a924-c2950c84ea20,popqa,What sport does Luka Glavaš play?,1,Luka Glavas
a63d2c6a-c884-4dbc-9cc8-15121fa0def7,popqa,What sport does Kevin Colley play?,1,Kevin Colley
c9d6f518-ef28-4ec4-8f5b-51100456e8b7,popqa,What sport does Nicolaas Cortlever play?,2,Nicolaas Cortlever
02b7bcfe-e7e5-48d7-acd1-0a0b7521b9dd,popqa,What sport does Marko Vidović play?,2,Marko Vidović
4517cc68-76af-4b42-b051-e687a40874a3,popqa,What sport does Mark Smalley play?,2,Mark Smalley
06037474-f024-4d63-8fcd-182ad8a32d18,popqa,What sport does Nobuhiro Ishizaki play?,1,Nobuhiro Ishizaki
f9892cdf-2d81-427e-8bdb-6cfff804f86d,popqa,What sport does Ri Yong-jik play?,1,Ri Yong-jik
fa005349-8087-4c7b-9cb8-89340e7026af,popqa,What sport does Ceyda Aktaş play?,1,Ceyda Aktaş
4b045f4c-421e-41c3-9634-6d26ad441bca,popqa,What sport does Damla Çakıroğlu play?,1,Damla Çakıroğlu
123f2e84-a2d4-4696-a705-04b5ad0ae8f5,popqa,What sport does Nelson Semperena play?,1,Nelson Semperena
540a4bf8-c170-41f5-a5f6-9412c9fa140c,popqa,What sport does Waltteri Immonen play?,3,Waltteri Immonen
41274240-6a29-4618-81b8-936c3ee3c455,popqa,What sport does McPherson Meade play?,1,McPherson Meade
b11e9936-19aa-4766-bb4d-6b7c9123c411,popqa,What sport does Roberto Kettlun play?,1,Roberto Kettlun
3c9b1781-3b9e-40a6-9a1c-21902aef8b27,popqa,What sport does Peter Bircumshaw play?,2,Peter Bircumshaw
e6ae8a28-0c0a-4425-8bbf-5e44d165f0af,popqa,What sport does Nevio de Zordo play?,1,Nevio de Zordo
edd342fd-5ca5-48b8-90ac-b04cdb80c78d,popqa,What sport does Dimitri Pätzold play?,1,Dimitri Pätzold
035bf2d3-2fa4-44fc-86f8-9c4eeb7c149c,popqa,What sport does Miroslav Milutinović play?,4,Miroslav Milutinović
a91deac5-4a83-402c-9288-175fddcf2d26,popqa,What sport does Ralph Black play?,4,Ralph Black (soccer)
d33c1812-4b07-4462-a121-6dfcfd7f0b6d,popqa,What sport does Billy Dennehy play?,3,Billy Dennehy
e2098d39-5cb9-4c11-9a4a-ae505d83991b,popqa,What sport does Adrian Olah play?,1,Adrian Olah
6db01267-e767-4930-8277-128f96beec07,popqa,What sport does Billy Lumley play?,2,Billy Lumley
0197e925-80f4-4356-b9c0-faee8b4b0178,popqa,What sport does Ondřej Kušnír play?,2,Ondřej Kušnír
910b4080-2f20-4696-8c1e-e34471406b43,popqa,What sport does Mai Van Hoa play?,1,Mai Văn Hòa
d7080687-df47-4b31-89d3-b52b6e8a751d,popqa,What sport does Christos Koutsospyros play?,1,Christos Koutsospyros
937d8cba-da13-45f8-9899-8c7c1e7fc4ed,popqa,What sport does Vitālijs Astafjevs play?,5,Vitālijs Astafjevs
38e22c0c-cb3f-41fe-8cb3-05a622508707,popqa,What sport does János Farkas play?,1,János Farkas
0df4c528-8738-42fa-b192-9da634305f6c,popqa,What sport does Mutanda Kwesele play?,3,Mutanda Kwesele
c2dcaac5-afc6-484b-87d5-b2d22de8e78b,popqa,What sport does Marc Herold Gracien play?,1,Marc Hérold Gracien
e84ac62a-cf2c-4bb3-b18c-788f5885b37a,popqa,What sport does Barrie Aitchison play?,2,Barrie Aitchison
1f172c78-c3a1-43a3-a4f0-51f22aa1ac4e,popqa,What sport does Oyanaisis Gelis play?,1,Oyanaisis Gelis
b24c9257-8a2f-4404-bcd1-b20d58a12177,popqa,Who is the author of All Over?,1,All Over
4e2fdc9b-8e51-45b0-8db8-e0259ca1ba3a,popqa,Who is the author of Afternoon?,1,Afternoon (play)
4345edac-72fb-4c12-83e8-43388e04dae4,popqa,Who is the author of Tempo and Mode in Evolution?,1,Tempo and Mode in Evolution
47b47e7b-363b-473f-b8d3-ddfb9097e8ca,popqa,Who is the author of Escape?,1,Escape (McMillan book)
a271f27e-3702-4817-a20e-7392d294d7fc,popqa,Who is the author of Justice?,1,Justice (play)
b5bdeff9-c238-4ce0-8e79-a0d499b18228,popqa,Who is the author of The Jacket?,1,The Jacket (book)
69090348-e506-4c67-a35e-2dfcbf805438,popqa,Who is the author of Mouse?,1,Mouse (manga)
744ece0a-c75f-4b8d-9da4-2a328b61d49b,popqa,Who is the author of Losing It?,1,Losing It (book)
6c7b72a3-c77f-4e62-9a08-868bcfedc6f4,popqa,Who is the author of Nerve?,1,Nerve (Francis novel)
f50be3f2-31ba-400c-a812-2657a87a7b6a,popqa,Who is the author of ES?,1,ES (Eternal Sabbath)
394a3df9-e36c-401c-950b-e14b8b68a6ff,popqa,Who is the author of Phaic Tăn?,1,Phaic Tăn
86309972-2415-471d-be6b-07e57827d438,popqa,Who is the author of Watchers at the Strait Gate?,1,Watchers at the Strait Gate
2ca2dd55-9860-4f3e-944d-45d7879ba92c,popqa,Who is the author of Only Human?,1,Only Human (short story)
15da59d5-4a96-43a1-89b7-987980bed062,popqa,Who is the author of The Bread?,2,The Bread
a46e59a7-0aa3-44a4-8877-2dc9269a7766,popqa,Who is the author of Gone for Good?,3,Gone for Good (novel)
089c4e1a-55a6-401a-8624-e3f049ea186f,popqa,Who is the author of The Last Days?,1,The Last Days (Westerfeld novel)
e9fcbd9c-4402-42e3-b48b-4f8e8b09d381,popqa,Who is the author of Yellow?,1,Yellow (manga)
4768f3b0-7287-4f7d-bb4c-201cf8978db0,popqa,Who is the author of The Flood?,1,The Flood (novel)
62b71c6c-57f8-4f19-9a9b-efb5781e8426,popqa,Who is the author of Saints of Big Harbour?,1,Saints of Big Harbour
c184b46c-2b51-46c0-9e1e-3509591c8206,popqa,Who is the author of Pan?,2,Pan (novel)
6f027414-53c4-47c8-8f09-bbca559ba303,popqa,Who is the author of Turning On?,1,Turning On
b18ac2cd-fe09-4eee-a816-58a6682aeff2,popqa,Who is the author of Hard Time?,1,Hard Time (comics)
0849f473-a601-4173-8044-3197d622b3cd,popqa,Who is the author of Something More?,1,Something More (novel)
680fe98a-aedc-4290-80bd-db271f71d8bc,popqa,Who is the author of Silver?,1,Silver (Motion novel)
451f9fdd-7232-442f-9c64-74063d165c20,popqa,Who is the author of The Edge of Tomorrow?,1,The Edge of Tomorrow (Asimov book)
9dbb5a0f-c11f-4c72-a45f-34c6e953e2c8,popqa,Who is the author of The Village?,1,The Village (short story)
13e0f498-c45c-4be3-9093-3155946b6c1f,popqa,Who is the author of The Vows of Silence?,1,The Vows of Silence
65655b01-a177-4373-8cc3-cfc48b4f137d,popqa,Who is the author of How It Happened?,1,How It Happened
01570018-cd65-4e49-ac6f-a5204a6a7ce2,popqa,Who is the author of Dancing After Hours?,1,Dancing After Hours
789cedda-2cbd-4239-af5d-dc0e14964cd1,popqa,Who is the author of Click?,1,Click (novel)
c58265db-5ee2-4eb3-b26c-cadea2df69de,popqa,Who is the author of Japan?,2,Japan (1992 manga)
e0c31e78-54ac-4a01-9f08-65f635f343a0,popqa,Who is the author of The Friendship?,1,The Friendship
bb2778d0-8b02-4b0f-830a-83a160ef60ba,popqa,Who is the author of Higher Education?,1,Higher Education (novel)
05774cbc-05a4-4b98-9341-12d1d8fa6327,popqa,Who is the author of Mystery?,1,Mystery (novel)
3e066058-2d43-4bec-ba39-6b647206cf11,popqa,Who is the author of Instruction of Hardjedef?,1,Instruction of Hardjedef
7004e4bc-93dc-4fc6-865a-516768d8229b,popqa,Who is the author of Caleb West?,1,Caleb West (novel)
aba401b4-485e-45c6-885e-fa7f54c52d7d,popqa,Who is the author of Ente Katha?,2,Ente Katha
012665a7-a828-412a-9a4f-403f998eb36c,popqa,Who is the author of Buried Thunder?,1,Buried Thunder
aa8c331f-3c8d-465e-88dc-c0e3ceb5940a,popqa,Who is the author of Time Enough?,1,Time Enough
0f28e48c-5a5a-49ba-99e3-d33ecd23e185,popqa,Who is the author of Operator?,1,Operator (play)
a216c03a-5a01-421f-9e42-f51eb715cafe,popqa,Who is the author of Lest We Remember?,1,Lest We Remember
55c4c236-529f-4e9a-97a0-86a1188e3fc1,popqa,Who is the author of That Face?,3,That Face
ec516a79-9d3a-4084-950e-bd519dc8d061,popqa,Who is the author of Haunted?,1,Haunted (Armstrong novel)
f2bbfc0a-2739-4216-b7ca-a7f1dfd4aa91,popqa,Who is the author of Glue?,1,Glue (novel)
57cbb9d8-4861-48f9-8ede-11c9af1459e1,popqa,Who is the author of Tribute?,1,Tribute (play)
50082945-2a78-4699-b5fe-0bed3fd25ef4,popqa,Who is the author of Passion Play?,1,Passion Play (play)
92a8f3e0-d7ef-49b3-9f9a-805028565d98,popqa,Who is the author of STORI Telling?,1,Stori Telling
6032eaac-6557-40db-95c4-63e5307f1a14,popqa,Who is the author of A Legacy?,1,A Legacy
7ef39d41-b3b2-437c-998a-d955d5904b5a,popqa,Who is the author of A Bit of Singing and Dancing?,1,A Bit of Singing and Dancing
f6c8885d-c918-4a6d-9ea2-f3cf2ef000a6,popqa,Who is the author of Trying?,1,Trying (play)
78d61d20-cda5-4a3b-a2d8-c313809bef2c,popqa,Who is the author of Thomas?,2,Thomas (Jarvis novel)
01eaf75a-fc8a-4681-9d13-17919284202e,popqa,Who is the author of It's Not an All Night Fair?,1,It's Not an All Night Fair
c9b0acbf-f160-4d10-8b45-bc72bcc6efd2,popqa,Who is the author of Dark Matter?,1,Dark Matter (comics)
9db15361-7f0d-4dfd-9f7a-ccea8dab2416,popqa,Who is the author of Heaven?,1,Heaven (Stewart and Cohen novel)
c8d2e3e6-92b3-450d-b61c-a51c8fe479d7,popqa,Who is the author of Getting Even?,1,Getting Even (Allen book)
a79532c3-d560-4cc2-8494-f96cb628c0ab,popqa,Who is the author of Obsessed?,1,Obsessed (novel)
501f724f-4dfe-4dea-84f1-d27638f7a76b,popqa,Who is the author of Darkvision?,1,Darkvision (novel)
eb02e49d-150b-40fc-a635-7167b82ed8f4,popqa,Who is the author of The Third Round?,2,The Third Round (novel)
0f11b7cc-4ae6-4532-9c80-84a69fb95f2c,popqa,Who is the author of Regeneration?,1,Regeneration (Haggard book)
9fea4d27-6662-4a7b-b281-eedae0cf3afe,popqa,Who is the author of The Latimers?,1,The Latimers
fefb65fd-061b-406a-8347-30fe11d4e005,popqa,Who is the author of The Director?,1,The Director (novel)
c4241982-d06b-4e05-a13f-9f022e6546a8,popqa,Who is the author of Action?,1,Action (play)
a651856c-f637-426a-9ac4-582609457f31,popqa,Who is the author of Saint?,1,Saint (book)
f3af82b9-2bb2-4452-82d9-8d31e339880a,popqa,Who is the author of Makers?,1,Makers (novel)
a363ac1b-0429-4221-bd53-3a0debc395a5,popqa,Who is the author of The New Troy?,1,The New Troy
0baa788e-45b2-4981-9407-35a92164317c,popqa,Who is the author of Bodies?,1,Bodies (novel)
e6e79398-cc74-43e8-b071-0ca04c8045b6,popqa,Who is the author of Nevis Mountain Dew?,1,Nevis Mountain Dew
a0efa528-3e0f-4528-9d80-11a1131f625b,popqa,Who is the author of Saint Young Men?,3,Saint Young Men
4c1181e4-ab84-4d7a-8410-09bed01ced0d,popqa,Who is the author of The Treatment?,1,The Treatment (novel)
d824e688-b083-4e4c-ab36-354809ed54e9,popqa,Who is the author of Silence?,1,Silence (1969 play)
47724e5c-8d77-4341-8675-f51c8d8855e0,popqa,Who is the author of Dancing on Coral?,1,Dancing on Coral
e54c86cf-bf27-4b9a-a162-41fc300c1a53,popqa,Who is the author of Glass?,1,Glass (novel)
6ce7bb05-e213-45ae-8de1-e265794a7609,popqa,Who is the author of Torch?,1,Torch (novel)
374c78ab-9943-4d13-a5ba-6cb86132d315,popqa,Who is the author of Banks and Politics in America?,1,Banks and Politics in America
2851687a-f9c9-4818-95c4-2f3b281dc102,popqa,Who is the author of Three Weeks?,1,Three Weeks (book)
cbab545b-cfaf-435a-860e-40ee5028df84,popqa,Who is the author of Getting Free?,1,Getting Free
71f21166-be5e-4632-b49a-7bb0d3e57402,popqa,Who is the author of The Marriage?,2,The Marriage (Gombrowicz play)
a1cba468-d12f-422d-9d6c-9fccf63980a0,popqa,Who is the author of Magic?,1,Magic (short story collection)
2016442c-03bb-4977-91c6-bb83628622bf,popqa,Who is the author of Reunion?,1,Reunion (short story)
edd9bad4-ca39-4745-8707-ceb65f2fbfd7,popqa,Who is the author of The Last Word?,1,The Last Word (Knight short story)
85a87d08-2e02-46e6-bbaa-2d1655fe6cb2,popqa,Who is the author of The Wrestling?,1,The Wrestling
2ee5516d-3914-4b00-9f54-78b8ed7d1c58,popqa,Who is the author of The Program?,1,The Program (novel)
a5ad21cb-ca3b-4bd3-9b0b-b2dfa021fa69,popqa,Who is the author of After?,1,After (Prose novel)
1c814e76-4608-489e-9451-b5a681aebfc6,popqa,Who is the author of Dave at Night?,1,Dave at Night
970af008-b4c1-49e2-9131-e45277f9feb9,popqa,Who is the author of In Mexico?,1,In Mexico
578e287c-87ed-44b4-8e00-6cd932abead9,popqa,Who is the author of Martin?,1,Martin (play)
34001b85-3334-4ea9-944e-faabc45cc535,popqa,Who is the author of Caste?,1,Caste (play)
5dee47f6-a8ee-4a8c-9be8-0d7c593186f8,popqa,Who is the author of A Peep into the Past?,2,A Peep into the Past
741bafda-26a3-488b-991d-2c4b4d8396a1,popqa,Who is the author of The End of the Soul?,1,The End of the Soul
56b24b16-3fec-4a07-b5c7-af83afba091b,popqa,Who is the author of Job?,1,Job (novel)
49b5e69e-d2df-403a-9b46-5008130af8a2,popqa,Who is the author of What Remains?,1,What Remains (novella)
269ac5ff-d185-4e5d-bd5d-0d501f504b22,popqa,Who is the author of The Warriors of Spider?,1,The Warriors of Spider
87aa5dce-b12f-42aa-8302-6c02f0ac0d09,popqa,Who is the author of The Amazon?,1,The Amazon (novella)
042790db-bdd5-43d3-a5a0-2170d3ad9c47,popqa,Who is the author of O dia das calças roladas?,1,O dia das calças roladas
cb7a3fa2-815d-4ac8-8aa3-686388c766fd,popqa,Who is the author of To my peoples?,1,To my peoples
a5cda327-cb65-41bd-b809-1c46140042de,popqa,Who is the author of The Curious Room?,1,The Curious Room
88a2b20c-dea5-4604-93e7-67d7a7ca05e0,popqa,Who is the author of The Interruption of Everything?,1,The Interruption of Everything
1235f728-dbaf-4b8d-88e0-66de43958b6b,popqa,Who is the author of My Life?,1,My Life (Mosley autobiography)
c43553a1-3a66-40e3-ac8f-2efb8d31db92,popqa,Who is the author of Travels?,1,Travels (book)
34703540-d68b-4d51-a842-50a8d4d9dd06,popqa,Who is the author of It!?,1,It! (short story)
f33ec851-340a-4b56-940a-91430b6a7aca,popqa,Who is the author of Positions?,1,Positions (book)
7534027c-b89b-431d-9633-8b8dc7a02610,popqa,Who is the author of Out of This World?,1,Out of This World (Watt-Evans novel)
96b39e38-089a-4728-9257-ce03123e8e17,popqa,Who is the author of There But For The?,1,There But For The
bd015814-8cdd-4d8b-af8d-82a02a50ed0d,popqa,Who is the author of Fellowship?,1,Fellowship (short story)
76be9716-e8c0-4c85-ae2a-39189574aac0,popqa,Who is the author of Of a Boy?,1,Of a Boy
5b5bc971-e349-48fc-8625-d878dc723db4,popqa,Who is the author of Before?,1,Before (short story)
cd8ca302-e3a2-4e7d-8764-d7a1d5ba3818,popqa,Who is the author of Stand By Your Screen?,1,Stand by Your Screen
e21acf8c-6a45-45e3-bccc-91c861c4a5cd,popqa,Who is the author of Sandy?,1,Sandy (novel)
1e353d11-6394-4453-a008-e34e8c3cbbd3,popqa,Who is the author of The Interior?,2,The Interior (novel)
f3d93c83-7037-4b1b-9ccb-bdf118d70da9,popqa,Who is the author of Aida?,1,Aida (musical)
d83e3812-b4cb-4023-bbff-7088b141f8c5,popqa,Who is the author of Knock?,1,Knock (short story)
ef6e7614-9b3c-4917-a380-38ea18770c82,popqa,Who is the author of Mode?,1,Mode series
46dbacda-cc8a-4ec3-89b7-84f2c79bf55e,popqa,Who is the author of Stations?,1,Stations (poetry collection)
59acbef5-ea28-42a4-9786-8594caac6af4,popqa,Who is the author of Dilemma?,1,Dilemma (novel)
0f24a189-6dcd-48aa-8f3d-14bf2a16703d,popqa,Who is the author of Stiff?,1,Stiff (novel)
1e1ce56b-6911-48c1-afe8-a9abd9db2b63,popqa,Who is the author of All in a Day?,1,All in a Day
da395c33-ce49-498e-91d1-7666bee09191,popqa,Who is the author of State of Change?,1,State of Change
6d7d1be8-7907-4b77-b9ef-9819bca08b1e,popqa,Who is the author of Trust Me?,3,Trust Me (short story collection)
568c4ee9-7a68-4525-bb47-63341d9ee546,popqa,Who is the author of Deadline?,1,Deadline (magazine)
862b499f-395b-4e3b-823c-3d632c4934fe,popqa,Who is the author of Rose?,1,Rose (novel)
4d873dd9-09c0-4077-9e0b-d74724c147b5,popqa,Who is the author of Showdown?,1,Showdown (Flynn novel)
d54556eb-51b2-4b02-a1b5-2e48e567fc9b,popqa,Who is the author of The Crucifer of Blood?,2,The Crucifer of Blood
322e3af4-a11d-4625-b569-69c3a0ee7611,popqa,Who is the author of Island?,1,Island (short story collection)
a9f3c828-745c-4cfd-ba69-60bedd5e9e70,popqa,Who is the author of The Bishop's Heir?,1,The Bishop's Heir
73719c58-7109-4f29-9e9e-39b390eebeed,popqa,Who is the author of Talent?,1,Talent (comics)
77ed48ad-88a2-417e-8d36-e93ef26bc91a,popqa,Who is the author of Private?,1,Private (novel)
4c27832c-0af8-4622-b7e0-f682433bd2d6,popqa,Who is the author of The Demon?,1,The Demon (novel)
613bcb51-3357-4b70-96c8-22fed0806fc9,popqa,Who is the author of Aliens?,1,Aliens (Tappan Wright novel)
fde0990a-ce72-4d50-b1fa-327d6979b0e6,popqa,Who is the author of Frankenstein's Cat?,1,Frankenstein's Cat
9e20c9a1-3d74-4240-a1f6-70f42e4e6568,popqa,Who is the author of Declaration?,1,Declaration (book)
92839fe2-1fda-4ec7-992f-5baf88031c39,popqa,Who is the author of One Day at a Time?,1,One Day at a Time (novel)
7d5a5abc-bdda-4f77-bcb3-91dbcefb5a13,popqa,Who is the author of The Barracks Thief?,1,The Barracks Thief
85566670-0c7a-48e0-bc39-87b7bb0fe793,popqa,Who is the author of Ang Singsing ng Dalagang Marmol?,1,Ang Singsing ng Dalagang Marmol
e18bfb32-f525-4586-b8fc-330753c32514,popqa,Who is the author of Skyscraper?,2,Skyscraper (play)
3f0a7feb-8fb5-411e-ba4d-9dd6e1645c64,popqa,Who is the author of Every Third Thought?,1,Every Third Thought
ac0bad48-5b15-4f3b-81b2-3ac3318021ae,popqa,Who is the author of Country?,1,Country (book)
b2ccbf17-f870-4075-9b74-7a81b4462267,popqa,Who is the author of The Memorial?,1,The Memorial
c787d301-7433-49c0-a9ec-8cca38ef3104,popqa,Who is the author of The Black Unicorn?,1,The Black Unicorn
8a2115b8-a2a2-4751-8171-ea68e223a602,popqa,Who is the author of Time?,2,Time (xkcd)
6e6877ec-059a-49fa-a35a-d7a05f8cf431,popqa,"Who is the author of Johnny, My Friend?",1,"Johnny, My Friend"
8ec9f516-da9a-415d-82ed-94efc8c9c127,popqa,Who is the author of Opening Night?,1,Opening Night (novel)
c7d069ca-1a38-453e-8322-7b169c6a3351,popqa,Who is the author of Chicago?,1,Chicago (manga)
dbfe2614-de48-4ec3-81f0-faea99477f91,popqa,Who is the author of Box the Pony?,1,Box the Pony
ffddee03-151f-4648-b74c-68fb9cfb7f41,popqa,Who is the author of The Last Hawk?,1,The Last Hawk
b4809bfe-ad2f-4c67-8b3c-acc89392ecdf,popqa,Who is the author of A New Life?,1,A New Life (novel)
71dc5b51-3e81-4716-bd70-26cd2229ff8a,popqa,Who is the author of The Outdoor Survival Handbook?,2,The Outdoor Survival Handbook
aade52e8-5354-4b97-8ba7-1e244d81ac5f,popqa,Who is the author of By the Gods Beloved?,1,By the Gods Beloved
d17d03c2-0a13-4216-9eca-3ceaceff8255,popqa,Who is the author of Millennial Rites?,1,Millennial Rites
6b2e773a-71a3-4971-bfb6-a2a625ba3cfc,popqa,Who is the author of What's Become of Waring?,1,What's Become of Waring
ef35112b-4162-4ab8-a0f9-8d74c5560274,popqa,Who is the author of Go?,1,Go (Kaneshiro novel)
fdbc153d-05e7-4f62-85da-bc0f17d4d2b9,popqa,Who is the author of The Burning?,1,The Burning (novel)
f23c4ad7-e884-47e3-904a-721c57fcbca8,popqa,Who is the author of I Have a Special Plan for This World?,1,I Have a Special Plan for This World
3d79a77a-6044-4957-b977-fd2d9050765f,popqa,Who is the author of Tokyo?,1,Tokyo (novel)
65aec1ec-5831-407a-a904-326e1b67c73d,popqa,Who is the author of Eater?,1,Eater (novel)
054d1e81-e6a4-4139-821b-7ea39cf11705,popqa,Who is the author of Something Special?,1,Something Special (short story)
f0e7ea3b-a805-4202-9f58-9e7ff1664e33,popqa,Who is the author of The Lemon Table?,1,The Lemon Table
f245af0a-1e8a-49ce-95bc-059a4d9145ec,popqa,Who is the author of Off the Road?,1,Off the Road
e38e4207-6d92-4265-905c-4214b3ca9ece,popqa,Who is the author of Tropic Moon?,1,Tropic Moon
5850dfe3-8590-4988-a95b-487a15d537b1,popqa,Who is the author of Second Generation?,1,Second Generation (novel)
4d7de2a6-26c0-4e16-91be-bef1712c7d85,popqa,Who is the author of Down the River?,1,Down the River
5d9fc280-cea1-4509-8178-7337929aecd7,popqa,Who is the author of Albertine?,1,Albertine (Rose novel)
7add838b-32b4-43fe-bedf-4fdc4511f954,popqa,Who is the author of The Guard?,1,The Guard (novel)
7fdb2cf1-69dd-45e3-8fcf-568ae62b224f,popqa,Who is the author of Odds On?,2,Odds On
da9831e6-29c8-4f9f-851c-0283df1f065a,popqa,Who is the author of Handles?,2,Handles (novel)
23331f8e-486a-45b6-baae-cd0a3fabd561,popqa,Who is the author of The Dark?,2,The Dark (Curley novel)
dbf8d185-094e-4e0d-85a9-0cc841a428f0,popqa,Who is the author of Storm?,1,Storm (Stewart novel)
cec725ac-48e1-47ed-b492-6b0dc7781c69,popqa,Who is the author of Yakari?,3,Yakari
06110278-4f5e-4d51-bd96-001947d8e45d,popqa,Who is the author of The Museum of Abandoned Secrets?,1,The Museum of Abandoned Secrets
1a20ecd3-0e8c-44f7-ab97-c1ce05d57f04,popqa,Who is the author of Responsibility?,1,Responsibility (novel)
364939cf-e6a6-42d9-a32b-fc6bda984008,popqa,Who is the author of Binary?,2,Binary (novel)
1883b8e6-5641-425e-ab0c-2a9ea6756a39,popqa,Who is the author of Merry Tales?,1,Merry Tales
659c272b-c972-4c1d-8a83-ba621db944ce,popqa,Who is the author of Over the Edge?,1,Over the Edge (book)
d2260259-5502-4c03-b57c-49fb32db515b,popqa,Who is the author of My Style?,2,My Style
d7e3c54c-8edb-43d0-b74d-c53d71933404,popqa,Who is the author of Villa Amalia?,2,Villa Amalia (novel)
9a9aee81-8387-4da2-8413-61920549cdd5,popqa,Who is the author of Arizona?,1,Arizona (play)
dbf5ccdc-e00e-405c-885f-59d862a287d3,popqa,Who is the author of Satis Cognitum?,2,Satis cognitum
7a10afb1-8566-42e3-848b-4edc1eaab2d2,popqa,Who is the author of The Baby Squad?,1,The Baby Squad
32fc866a-c736-40ee-9752-761fe3b9b710,popqa,Who is the author of Democracy?,1,Democracy (play)
56fb9f2e-cbb9-4e28-8991-1e29a9ae4004,popqa,Who is the author of Beyond?,2,Beyond (book)
4a88c63a-6c3c-466c-b917-a30441774f38,popqa,Who is the author of Things That Are?,1,Things That Are
68008c97-fee9-45db-9142-e9be1c3a10e8,popqa,Who is the author of Severed Souls?,1,Severed Souls
6092c456-10f6-4bd6-884a-de17c154ec88,popqa,Who is the author of Loving?,1,Loving (novel)
ea65d779-363f-4688-be70-f30d5bf7eb9a,popqa,Who is the author of Cash Flow?,1,Cash Flow (comics)
68b6af9d-350a-4ee2-a95d-daa4ccf18fe2,popqa,Who is the author of The Shadow in the North?,1,The Shadow in the North
03f1efbb-a04a-490d-b245-939042918ce7,popqa,Who is the author of Broken?,1,Broken (Armstrong novel)
ac2cc265-40c0-4372-8087-2994d56bccd7,popqa,Who is the author of The Other Place?,1,The Other Place (novel)
027d1401-12b9-4f38-8deb-9ffaad7a7770,popqa,Who is the author of A Positive?,1,A Positive
75c428b2-f68d-44a6-8592-f8ecbfa33465,popqa,Who is the author of Down?,1,Down (comics)
03bdfd95-20a3-4ce8-8f68-c2fdd6e092ed,popqa,Who is the author of Max?,1,Max (book series)
8bf7ef39-912b-4b58-a679-8aa15722364a,popqa,Who is the author of Serpent Mage?,1,Serpent Mage
697020a1-2d80-4016-a533-6aa11ddcd7b1,popqa,Who is the author of Room Service?,1,Room Service (play)
58af3056-8967-4d4f-be9a-c13c976970c6,popqa,Who is the author of Berlin?,1,Berlin (play)
badb47d2-d605-4f28-bbbb-6490f65dab0b,popqa,Who is the author of What You Make It?,1,What You Make It
ce8d9e94-456e-494e-bac4-a33d3e8a6458,popqa,Who is the author of Dawn?,1,Dawn (Andrews novel)
6848cb0c-9e14-4e87-b804-8ebcba0167c2,popqa,Who is the author of The Holy?,1,The Holy
1d7cdecc-4dcd-4439-9e83-5fb37d0bec74,popqa,Who is the author of On Acting?,1,On Acting
84e97e7c-89b7-41f3-9b3f-52fca7ff9b33,popqa,Who is the author of Reality Is What You Can Get Away With?,1,Reality Is What You Can Get Away With
caba56db-fa90-4b39-a8c4-bc8c961f0100,popqa,Who is the author of The Sacrifice?,2,The Sacrifice (Higson novel)
bea921f6-a922-43d2-bfe6-6185aaec82c1,popqa,Who is the author of Aspis?,4,Aspis (Menander)
1b25bc92-026b-418a-b036-4d3f160390ec,popqa,Who is the author of The Voice?,1,The Voice (poem)
e4c3ace2-4b05-485a-969a-8fc2866fa135,popqa,Who is the author of Sticks?,1,Sticks (short story)
de55ca2c-ce83-44e9-a996-1d9bfcd9bc6f,popqa,Who is the author of Follow The Music?,1,Follow the Music
7e32cf3e-8356-4a1b-ab70-390f01f4c734,popqa,Who is the author of Time After Time?,1,Time After Time (Appel novel)
4e2329f8-7042-46c2-8edf-249b6d071daf,popqa,Who is the author of Bring Me the Head of Prince Charming?,1,Bring Me the Head of Prince Charming
4ccb40e9-ba0c-40c9-8ce5-e50d3737f01b,popqa,Who is the author of Ug?,1,Ug (book)
a6d1409e-6ec3-4e82-b442-867f93eaf107,popqa,Who is the author of Web?,1,Web (novel)
a1f7d569-fdfc-4453-aef6-6d858a274e4c,popqa,Who is the author of Ten?,1,Ten (manga)
d650e882-1f1b-4da2-a299-987c6fa5cb53,popqa,Who is the author of Fat?,1,Fat (novel)
3e0c30ec-9d68-48dd-9a61-e08a94d3a4b3,popqa,Who is the author of Out of Order?,1,Out of Order (play)
496fa43a-b24c-4ba6-811c-f07b2ed298fa,popqa,Who is the author of Alice?,1,Alice (short story collection)
71f78c8c-44af-4f1f-a714-c555f2592239,popqa,Who is the author of The Cat?,1,The Cat (novel)
d9a40998-4fb5-48b8-8417-b238bef09155,popqa,Who is the author of History?,2,History (novel)
ebec0af6-31f0-4edc-9a97-465c1057cd1d,popqa,Who is the author of The Rain Before It Falls?,1,The Rain Before It Falls
a6cd4f89-646e-4984-bed6-aaab30a9d845,popqa,Who is the author of The Wizard in Wonderland?,1,The Wizard in Wonderland
c590f4f1-e451-42ae-ab4b-41fbcd1b72eb,popqa,Who is the author of The Woolgatherer?,1,The Woolgatherer
3b478c62-a3cd-4a5c-9a65-4b5e843f9f62,popqa,Who is the author of Alexandria?,1,Alexandria (novel)
d871c6e2-a784-4447-b844-41071d01a813,popqa,Who is the author of Transcension?,1,Transcension (novel)
8e3e53a8-74be-4680-a766-b7deeb530906,popqa,Who is the author of The Driver?,1,The Driver (novel)
e113f017-05bd-469e-be63-af74e9f6ea59,popqa,Who is the author of Shelter?,2,Shelter (novel)
86054ff2-aa0e-40a1-841a-7cc62fc3651b,popqa,Who is the author of Fox Evil?,1,Fox Evil
4524b9bd-f736-40b4-904a-4b1d38ae6a1d,popqa,Who is the author of Significant Others?,1,Significant Others (novel)
0189c0a8-88a8-4785-a639-b0904cde3f2f,popqa,Who is the author of Ponies?,1,Ponies (short story)
0d2429ae-d9e1-48c2-a4f5-2a4e2a1efdb0,popqa,Who is the author of Sketches New and Old?,1,Sketches New and Old
39354d2d-c684-465f-992a-7577e2a38832,popqa,Who is the author of Le Ton beau de Marot?,2,Le Ton beau de Marot
a54ca801-5a04-4720-83c8-446d5d46d0ba,popqa,Who is the author of Come On Over?,1,Come On Over (play)
397ad817-d631-4ac4-acee-1d0072d46a1a,popqa,Who is the author of The Bomb?,1,The Bomb (Taylor novel)
8df6d61f-ae61-454c-a52d-3dbcaed334a4,popqa,Who is the author of Worst?,1,Worst (manga)
e426de17-f186-49e9-a9a5-bca39fb17c26,popqa,Who is the author of Enchiridion of Epictetus?,1,Enchiridion of Epictetus
e3f3179a-8ed6-4911-ad3f-05e3a92a6670,popqa,Who is the author of Mary Marston?,1,Mary Marston
c1bd08ae-298f-49ed-8f04-8693bb59f50b,popqa,Who is the author of Rose Hip Rose?,1,Rose Hip Rose
3a6b8046-9397-466f-b2bd-7cb05bf02d7d,popqa,Who is the author of Ray?,1,Ray (manga)
5b9a3b60-8662-4556-bdd6-9966c06e70da,popqa,Who is the author of The Between?,1,The Between
9ce20b91-3996-4ea3-b495-8c47ce7b470f,popqa,Who is the author of My Story?,1,My Story (Minogue book)
8d0c9fb7-2fbe-4099-9fd2-0a26fb33aa74,popqa,Who is the author of Josh?,1,Josh (novel)
c423b41f-7ea1-4681-a008-1249874eadfd,popqa,Who is the author of Serious Money?,1,Serious Money
c5541ad2-750b-47ff-83c2-6a72049935b3,popqa,Who is the author of American Power and the New Mandarins?,2,American Power and the New Mandarins
67388889-31b7-4aa1-8341-745b7c1a1d7f,popqa,Who is the author of Eden?,3,Eden (Steve Carter play)
f186cbee-d928-43ff-b5b3-7db8705ec8b5,popqa,Who is the author of The Camp?,1,The Camp (play)
9bc96f4b-d8fd-4a1b-a94a-b606820693b1,popqa,Who is the author of With?,1,With (novel)
8d92e5f3-f5ea-43c2-801a-1cc630485b4e,popqa,Who is the author of Society?,1,Society (play)
97854520-b322-439d-9326-6e0b9496ed5d,popqa,Who is the author of The Isle of Voices?,1,The Isle of Voices
a94d902b-c88f-476b-afd7-16e8dd870008,popqa,Who is the author of The Way It Came?,1,The Way It Came
49df0636-9a66-4c9c-89b6-74ed7017e796,popqa,Who is the author of Bear?,1,Bear (comics)
dab30c53-f82f-4f25-a8f3-e3da41099d65,popqa,Who is the author of Prosopography of the Later Roman Empire?,1,Prosopography of the Later Roman Empire
ce8332ae-5854-4d36-9fee-5246083f3755,popqa,Who is the author of Louis?,1,Louis (comics)
e8b4a169-8882-4806-b0a5-90752b67ce7c,popqa,Who is the author of The Burning?,1,The Burning (play)
5dbd3b31-c5a8-49eb-bcab-42699e428c53,popqa,Who is the author of The Sword of Shibito?,1,The Sword of Shibito
aa0619e4-5ce5-4fd9-a9f7-1c0713702a67,popqa,Who is the author of Limitations?,1,Limitations (novel)
c8c17549-28d7-4551-9be2-601a00fe61f9,popqa,Who is the author of She Is the Darkness?,1,She Is the Darkness
28b0a597-750d-4e6b-aab9-7ce9deb8eee0,popqa,Who is the author of Unreal?,1,Unreal (short story collection)
9cba67ff-269e-4393-9944-30fa9cedc7a0,popqa,Who is the author of Pen?,1,Pen (play)
1c2b531d-0921-4da3-82d4-ce5f81af458f,popqa,Who is the author of Honour?,1,Honour (Murray-Smith play)
fb55940a-2a69-430f-81fb-a96e59781e79,popqa,Who is the author of Sin?,1,Sin (Prilepin novel)
d84e5203-7ee6-4663-98ae-2cd307f2f0a5,popqa,Who is the author of Gold?,1,Gold (Cleave novel)
aea6992e-b5b4-4b34-9191-56d27e1e798c,popqa,Who is the author of Therapy?,1,Therapy (Lodge novel)
63ada2e8-be23-45f9-bd00-226fbb96f812,popqa,Who is the author of The Best of Friends?,1,The Best of Friends (play)
1b180f04-8d6b-4426-a9ae-7d0645611f9b,popqa,Who is the author of Way Up High?,1,Way Up High
fc2c6b2f-fb36-4a18-ad11-587e0f1fc8cd,popqa,Who is the author of Salvation?,1,Salvation (novel)
bd4e5f02-bf89-4756-8e14-8ae229a84e62,popqa,Who is the author of Weekend?,1,Weekend (novel)
2715d974-2d19-4200-8348-d055e92a4628,popqa,Who is the author of Images?,1,Images (book)
8edda45f-5afc-4112-8bf5-04a0dec7e747,popqa,Who is the author of Doll?,3,Doll (manga)
16f42918-4174-408a-9828-d4093e8c3035,popqa,Who is the author of The Disk?,1,The Disk
0b6e0af9-7d06-41ee-9393-e59b9376a2f4,popqa,Who is the author of A Planet for the President?,1,A Planet for the President
c0a0df3a-eed9-4331-85ee-beada2a4e4b6,popqa,Who is the author of Windy?,2,Windy (The Association song)
b9d3f5f2-36a1-4366-ad1d-f325426ecc7a,popqa,Who is the author of The Traveler?,3,The Traveler (novel)
3ad3a69e-89a7-4430-a455-1656185c59b8,popqa,Who is the author of Wicked?,1,Wicked (musical)
1aae0c1b-252d-454c-bde9-1826fa2e6b84,popqa,Who is the author of The Culture of Collaboration?,2,The Culture of Collaboration
13c6fcff-c3df-4d79-93d4-f77df495de7b,popqa,Who is the author of The Wild?,1,The Wild (novel)
acb8b4c0-3630-430c-aa85-6a6a28ac8d29,popqa,Who is the author of Question?,1,Question (short story)
517c8714-ea1e-48f0-87e4-7f61acdbc69c,popqa,Who is the author of Old Money?,1,Old Money (play)
edb58ef8-bd81-4d86-928f-e3e04366c3d2,popqa,Who is the author of A Darker Domain?,4,A Darker Domain
ba59fba3-c0a2-4f6b-9a42-08a44c1ccfc9,popqa,Who is the author of Abel?,1,Abele (opera)
195b3f34-851f-4c6d-865f-80aa65d2f2c7,popqa,Who is the author of Señor Saint?,1,Señor Saint
0da59da5-4b3f-4537-83e8-1f580629fb0f,popqa,Who is the author of Het uur tussen hond en wolf?,1,Het uur tussen hond en wolf
c6b39f35-ecb0-443a-bd1a-02a688496dde,popqa,Who is the author of Precisely?,1,Precisely (sketch)
ca8ff001-bfca-49d7-9e38-7746e4f67b9f,popqa,Who is the author of The Valley?,1,The Valley (novel)
0454fa23-0fa4-48c5-9674-0eef4efec58d,popqa,Who is the author of The Secret?,1,The Secret (Dark Horse Comics)
0873c590-a12a-4f5d-bc58-1ebc0e27152e,popqa,Who is the author of Passengers?,1,Passengers (short story)
eef15dfc-544f-450e-a67f-53818c07c135,popqa,Who is the author of Line?,1,Line (play)
b6204daa-7b82-4dc8-bc8f-269d081d3fb3,popqa,Who is the author of Titanic 2020?,2,Titanic 2020
f38c04dd-d39b-4ad9-b184-fabcbddef412,popqa,Who is the author of Home Free!?,1,Home Free!
3c863a77-38a6-4743-a435-3ad4f0598e1f,popqa,Who is the author of Moving Day?,1,Moving Day (poetry collection)
68554e15-c87d-4dc7-b832-7abfe7b19352,popqa,Who is the author of Proof?,1,Proof (comics)
52ae7af1-d51a-4c3d-b37e-d1f4689b3b05,popqa,Who is the author of Underground?,1,Underground (Dreyfus book)
d7009682-7e1f-40f3-9138-86117644c70e,popqa,Who is the author of Identity?,3,Identity (novel)
a22217d1-adff-4cd2-8a5d-b2cc800ab802,popqa,Who is the author of The Fighting Ground?,1,The Fighting Ground
525e8a1a-fa69-43fd-94a0-b9f6cbdcc9f0,popqa,Who is the author of The Chaos Code?,1,The Chaos Code
5d1e55e7-d8ca-418b-90a4-7e68b784753d,popqa,Who is the author of August?,1,August (Woodward novel)
a2f5eecd-1042-48f1-8d60-daaa58d65e4d,popqa,Who is the author of Rebellion?,1,Rebellion (novel)
81b75e5e-99e9-44e4-9e2b-5033441fe04e,popqa,Who is the author of Sacred?,1,Sacred (novel)
b0fda2ff-b402-4be2-a923-be567cfa3f7f,popqa,Who is the author of The Street?,1,The Street (story collection)
e6f773d1-6c92-467d-a02f-446c7e616cd9,popqa,Who is the author of Kite?,1,Kite (novel)
fb562749-efc6-4e44-b411-a30003f358a4,popqa,Who is the author of Real World?,1,Real World (novel)
beda6105-cb6b-4b93-b5b6-9860e8b83498,popqa,Who is the author of Asleep?,2,Asleep (novel)
a793cda3-5b25-491e-8c41-311770a4ef22,popqa,Who is the author of Victoria?,1,Victoria (novel)
99e30027-360c-4263-b060-8713b8114b24,popqa,Who is the author of Death?,1,Death (play)
968e637b-18b5-4000-9efc-81a4eba5c95f,popqa,Who is the author of Cookie?,1,Cookie (novel)
1c7dbc5b-004c-4e15-91ec-b191533e995a,popqa,Who is the author of The Angel?,1,The Angel (fairy tale)
c91fabaf-fb85-49fe-8f93-c27cd79023ed,popqa,Who is the author of Stronghold?,1,Stronghold (novel)
c19ec1c8-052b-4d0c-96a1-01ae20d2e4d0,popqa,Who is the author of At Night?,1,At Night (short story)
ca4041c0-f082-4583-ad9f-467e48e6aedb,popqa,Who is the author of The Test?,1,The Test (Wright novel)
0d7dfd75-162a-4af4-81f0-24b5d6ef1a3b,popqa,Who is the author of Darkness?,1,Darkness (short story collection)
d1537023-0449-438b-8f31-360eeb77f956,popqa,Who is the author of Gold?,1,Gold (short story)
b2b44566-aba9-4934-aa84-84168c46c6d5,popqa,Who is the author of Men and Women?,1,Men and Women (play)
0801caff-6f14-4ba7-8725-1cfccd64c1f5,popqa,Who is the author of One More Time?,1,One More Time (book)
37ebc9a4-2c7c-42d1-88fe-c8a248052e4b,popqa,Who is the author of Glasses?,1,Glasses (short story)
ee48efc5-d56d-4925-b426-5926a2160d89,popqa,Who is the author of No Future?,1,No Future (novel)
087516fc-e840-4ef5-b8a7-950dd55dd043,popqa,Who is the author of Guns?,1,Guns (essay)
969f9471-32e1-47ef-8cc2-b6314683d4ff,popqa,Who is the author of Smash?,2,Smash (novel)
f4caa576-ed68-489e-8bfa-ae43efa6b138,popqa,Who is the author of The Deep?,1,The Deep (short story)
c21d5829-c388-4d43-9d28-f5d82e48c560,popqa,Who is the author of About Time?,1,About Time (book)
dfcf599b-aaec-4c2f-8102-8fdcd8a42dbd,popqa,Who is the author of Kin?,1,Kin (short story)
e47561db-fb27-491b-b621-3a6dc7f66972,popqa,Who is the author of The Fort?,1,The Fort (novel)
f12cb4b1-583a-40f6-98f9-762f93aba698,popqa,Who is the author of Silence?,1,Silence (1999 play)
e72ae1fc-4882-45f8-8169-5c22d558d6be,popqa,Who is the author of Stanley?,1,Stanley (play)
d90e8c14-90e3-40cd-9bd4-942a246d38e7,popqa,Who is the author of Axis?,1,Axis (novel)
50d645c6-d4f1-4ade-97eb-27089fd56d65,popqa,Who is the author of The Mahdi?,1,The Mahdi
e79cbd39-1398-42bd-8272-5a1c0e7f2a28,popqa,Who is the author of Still Time?,1,Still Time (book)
49aec6c7-dd97-4555-a06f-3def48572036,popqa,Who is the author of Norma?,1,Norma (play)
bc7c8596-183c-4aaa-a710-28af2b3f974f,popqa,Who is the author of Broadway?,1,Broadway (play)
31b1bf3a-99e9-44f0-89c5-17d1abf2b942,popqa,Who is the author of Crazy?,1,Crazy (novel)
fc686fa6-9ee4-4a70-862a-3edbf6ed583a,popqa,Who is the author of Roads?,1,Roads (novel)
6b59c5a8-c23d-4d76-9112-29195dd9a8a4,popqa,Who is the author of His Family?,2,His Family
5bc440e3-8b39-4c1e-b4f6-09762f738fda,popqa,Who is the author of One on One?,1,One on One (novel)
cb6b498a-c5d8-4aca-996b-794a3d11b820,popqa,Who is the author of Ally?,1,Ally (novel)
a15ec59e-6141-4b9f-83da-6a1220b68552,popqa,Who is the author of Baby?,1,Baby (Thorup novel)
3cde9d5e-44df-4d3d-9288-9f476b4dd897,popqa,Who is the author of Cathy's Key?,1,Cathy's Key
2f4c4e28-9f67-4b3a-be67-188418abeb62,popqa,Who is the author of Mortal?,1,Mortal (novel)
c5283bf4-424c-46e0-84f7-4b8e64149076,popqa,Who is the author of Weapon?,1,Weapon (novel)
504fcc76-c51e-4338-98cb-9bbdbdf0adb4,popqa,Who is the author of The Wicked Witch of Oz?,1,The Wicked Witch of Oz
ed95be4a-30e8-4b05-b776-4a7ec154b574,popqa,Who is the author of The City?,1,The City (Weber book)
f3f01796-ef3e-4ba8-8289-2646eff89e99,popqa,Who is the author of The Pickup?,1,The Pickup
b7bd7316-c623-4a32-8134-f364197711c9,popqa,Who is the author of Jazz?,1,Jazz (novel)
9898175c-a5e4-4889-bfa7-c99414f58bb3,popqa,Who is the author of Strangers?,1,Strangers (Yamada novel)
d92f2d01-a15d-4593-ad70-ee79290e0f24,popqa,Who is the author of ?,1,DC vs. Marvel
36d443f7-b833-4716-b64d-c467a391ffd6,popqa,Who is the author of Time to Come?,1,Time to Come
ec27ef5a-54a6-4761-97f2-0ccccc3a84d1,popqa,Who is the author of The Hit?,1,The Hit (novel)
bc579277-1c00-4e76-b15c-f608ddfd35cf,popqa,Who is the author of Best Friends?,2,Best Friends (Wilson novel)
be46a70c-54d0-475f-8430-eca07ed651d4,popqa,Who is the author of Template?,1,Template (novel)
43581115-ab88-407b-8fdb-7aa3764977ae,popqa,Who is the author of Rose?,1,Rose (play)
aacf27fc-3b38-459c-9d4b-5bae72d36659,popqa,Who is the author of Festivals?,1,Festivals (book)
a8d4bd14-c5f0-41c5-b5c6-d1ac6d86d3c8,popqa,Who is the author of It?,1,It (poetry collection)
f612296a-ec27-4199-ac22-5f62eb87698b,popqa,Who is the author of The Other Place?,1,The Other Place (play)
f66f4f37-15ac-4d5c-b458-a096621876da,popqa,Who is the author of White Line Fever?,1,White Line Fever (book)
f6d0a770-1253-408c-a017-6cdab4a227bf,popqa,Who is the author of The Gadget?,1,The Gadget (novel)
8b8211ea-0c1c-4101-8b2c-fa7df78c30f4,popqa,Who is the author of Born to Rock?,1,Born to Rock
fa8dde5d-a3eb-47a1-b373-3b2d4d387f31,popqa,Who is the author of The Train?,1,The Train (short story)
85e4843d-965e-45ba-a74d-30794e260dfc,popqa,Who is the author of Jack?,1,Jack (album)
6a2d926f-3bf2-4a1a-987f-c2086907307e,popqa,"Who is the author of American Dream, Global Nightmare?",1,"American Dream, Global Nightmare"
50e9ca78-7122-49f1-b370-2f253cb1b78e,popqa,Who is the author of Doctors?,1,Doctors (novel)
9f458d14-892e-43a0-ac9e-67a247bd21d2,popqa,Who is the author of Leaving Home?,1,Leaving Home (play)
11f7501c-c46d-47e8-af05-cb390c97fdfa,popqa,Who is the author of Neglected Aspects of Sufi Study?,1,Neglected Aspects of Sufi Study
9835a6c9-488f-4f91-b1b3-9a2b3986f915,popqa,Who is the author of Trauma?,1,Trauma (novel)
7ba56cf9-bd86-457c-9e7f-61064e53e051,popqa,Who is the author of Souls?,1,Souls (story)
911dfccd-591c-49f5-9bdc-f05279ed54db,popqa,Who is the author of Keeping the Moon?,2,Keeping the Moon
899b027e-601c-44f2-b0ee-036099b2653b,popqa,Who is the author of The Secret Diaries of Miss Miranda Cheever?,1,The Secret Diaries of Miss Miranda Cheever
00eadf15-98f9-482d-b421-af2e5c7bc273,popqa,Who is the author of Field Work?,5,Field Work (poetry collection)
ed5c088a-0b17-4daf-84a9-f56275322007,popqa,Who is the author of Hostage?,1,Hostage (novel)
61d6347e-9e64-4681-ac3a-e69c4b4434cb,popqa,Who is the author of Midnight?,1,Midnight (Wilson novel)
ec969186-9e58-429c-bf71-3491c021138e,popqa,Who is the author of Justice?,1,Justice (DC Comics)
bbc0a02c-6b11-4c4b-a6a2-eff5ab80ea14,popqa,Who is the author of Rash?,1,Rash (novel)
a9f678ef-8dbf-45f8-b308-e4e9f8c1180d,popqa,Who is the author of Messiah?,2,Messiah (Latin poem)
11085e88-9163-445d-b90d-3cd97b1bce9d,popqa,Who is the author of What Remains?,1,What Remains (book)
802030e0-1993-48bf-aaea-d76c75387f22,popqa,Who is the author of The Pretenders?,2,The Pretenders (play)
92d70fb6-9fac-4dd0-a34b-f2090cd226a0,popqa,Who is the author of Plum Spooky?,1,Plum Spooky
6f3eddcc-3bdb-4b5d-a7c0-9f33b3a2183c,popqa,Who is the author of The Great Perhaps?,1,The Great Perhaps
d7c51c1c-81dd-48c2-bc7c-6bc232319662,popqa,Who is the author of Rivals?,1,Rivals (novel)
bb40452e-6d31-4674-8bf0-545449a310ec,popqa,Who is the author of In the Red?,1,In the Red (novel)
d06c1499-c148-4c9b-8058-7db7d7ba10c9,popqa,Who is the author of Relentless?,1,Relentless (Kernick novel)
ca759e72-cd35-4a22-8bd2-a2d1d2b7ca3a,popqa,Who is the author of The Universe Around Us?,1,The Universe Around Us
c977b8de-ab62-4bb4-837f-c578a5b708f4,popqa,Who is the author of One of Us?,1,One of Us (novel)
590cfcf8-04b5-4dbe-9a03-8bacf32ebbeb,popqa,Who is the author of Branches?,1,Branches (novel)
60a024c0-488b-4a05-8273-5e30c327c2e4,popqa,Who is the author of Do The Work?,1,Do the Work
1501e0f5-2493-44cd-b7e2-d5e9a2d8835f,popqa,Who is the author of Challenge?,1,Challenge (novel)
4cad9394-dc29-4c9c-9677-a63cac25aad2,popqa,Who is the author of The Ascension Factor?,1,The Ascension Factor
4180d350-b8ad-4979-8155-c5432f8448f9,popqa,Who is the author of Assumption?,1,Assumption (short story)
ff7f8a8d-fba9-48d1-b26c-d3ce66a80fdc,popqa,Who is the author of The Pianoplayers?,1,The Pianoplayers
37224639-3dc5-4112-84d5-b15b94b6e9f2,popqa,Who is the author of Sweetness?,1,Sweetness (novel)
579c7bb0-bad8-474e-8b73-ef86bb7dc6b4,popqa,Who is the author of Bonaparte à Malte?,2,Bonaparte à Malte
d0f53965-4123-479c-9727-b91ab1c20a09,popqa,Who is the author of Nice People?,2,Nice People (play)
db7a7917-6fd9-4d83-8eae-bb22fb0a8a82,popqa,Who is the author of Control?,1,Control (novel)
d96f1ebe-3d7a-4e14-a4bd-833519608e33,popqa,Who is the author of Falling?,1,Falling (Provoost novel)
53d38151-3df1-40dd-9441-6dbb36a797c2,popqa,Who is the author of Road?,1,Road (play)
e6907cfd-96e9-44ed-8306-52ace903898c,popqa,Who is the author of Love All?,1,Love All
61ca7ce4-fb40-4348-8fd6-4f37aec9e678,popqa,Who is the author of Finder?,1,Finder (novel)
7a9286a1-d412-4556-b7e4-7de2fb688e18,popqa,Who is the author of Magic?,1,Magic (novel)
964f050b-9aa1-401d-b78e-c7c858bf672c,popqa,Who is the author of The Sun Chemist?,1,The Sun Chemist
62666e7a-f6c4-4cb5-980a-279a01dd650c,popqa,Who is the author of Lotte's Gift?,1,Lotte's Gift
364f43d5-f8df-4c2a-b4a5-8b8c4708a8dc,popqa,Who is the author of E?,1,E (novel)
4a1ab0be-d585-472c-80fd-1ea7dcfc0204,popqa,Who is the author of Genma Taisen?,1,Genma Wars
6da52f2d-1eab-423b-91bc-f4bc2b3953c7,popqa,Who is the author of The Doubtful Guest?,1,The Doubtful Guest
89335524-c5ba-4f98-a5fa-571adfa774f5,popqa,Who is the author of Amazon?,1,Amazon (video game)
3c93be7e-89d5-49c5-80e5-37a31b52013b,popqa,Who is the author of Faith?,1,Faith (novel)
efa9fce2-4816-4cce-a576-6dae2d7be6a8,popqa,Who is the author of The Queen's Nose?,3,The Queen's Nose
8b3d5e90-00d1-4e2f-8d1e-f51c2ac456af,popqa,Who is the author of The Post Office?,1,The Post Office (play)
2af0a883-c265-46e7-818c-7402a76441de,popqa,Who is the author of Exposure?,2,Exposure (Peet novel)
2fec3b07-f7ad-4fc1-975c-cc3d504142e4,popqa,Who is the author of Collision?,1,Collision (novel)
314cefdf-1667-436e-a19f-57f3df655500,popqa,Who is the author of Let's Take the Long Way Home?,2,Let's Take the Long Way Home
0767f2f9-ac8b-4f2e-a0a5-4ce3f4c67a12,popqa,Who is the author of Century?,1,Century (novel)
dd56bb69-423f-484f-85ff-0c62015a3968,popqa,Who is the author of Plus?,1,Plus (novel)
6e6ae920-fde8-45de-a62e-b293abf780e6,popqa,Who is the author of Chronicon?,1,Chronicon (Jerome)
89e1faaf-d9e7-4c74-80d3-c8e45d6fe2ec,popqa,Who is the author of Big Money?,1,Big Money (novel)
756dce08-ab08-4975-819c-2d43f89b789b,popqa,Who is the author of Wolf?,1,Wolf (novel)
28d24889-4172-492f-8f59-3a6a2173884f,popqa,Who is the author of The Every Boy?,1,The Every Boy
1159fba5-a885-4c87-990a-16984176224f,popqa,Who is the author of Keeper of Dreams?,1,Keeper of Dreams
9d3e398f-70ff-4dcb-8234-e3ad5c774761,popqa,Who is the author of Capitol?,1,Capitol (short story collection)
3c4e9e60-fbca-4f50-8bf8-c324d6bc343f,popqa,Who is the author of Visions of the Universe?,1,Visions of the Universe
b8518283-31d4-48fc-978a-ff07d6943bbb,popqa,Who is the author of Sometime Never...?,1,Sometime Never...
acaf9e8b-c65b-4ed0-ba9e-fe2cd36494e4,popqa,Who is the author of Embrace?,1,Embrace (novel)
4d8d60c3-f408-4698-abb2-87e404c6f14d,popqa,Who is the author of Chase?,1,Chase (novel)
51a6c382-8f29-45c1-926f-814d1cc9b30f,popqa,Who is the author of Lighthouse?,1,Lighthouse (novel)
8990ffcf-f56b-4a19-b146-f7adab919804,popqa,Who is the author of Into the Woods?,1,Into the Woods (novel)
577d7af6-b5ae-45bc-beaf-02cd506fb3be,popqa,Who is the author of Pearl?,1,Pearl (radio play)
c11f3965-887d-421f-a41f-902feb1bf82c,popqa,Who is the author of The Media Elite?,1,The Media Elite
91fd0aae-76d4-4da1-abe7-596fac85eb9a,popqa,Who is the author of Mother?,1,Mother (short story)
fe62a803-5149-43e6-b87c-3935be2be506,popqa,Who is the author of After the End?,1,After the End
aaf5cdb7-7498-406a-a40d-6f971109e977,popqa,Who is the author of 8?,1,8 (play)
d0343f2b-bdbf-432f-8710-ac72f5533c74,popqa,Who is the author of Only Human?,1,Only Human (novel)
801e3b4a-c4d9-4085-84da-7edac38f4195,popqa,Who is the author of The Girl?,2,The Girl (novel)
b2ffc114-9c83-421b-b946-b44c367b7a96,popqa,Who is the author of Meltdown?,1,Meltdown (Woods book)
6ff8c408-5edc-463f-959f-f9d572ee5900,popqa,Who is the author of Vast?,1,Vast (novel)
233d6058-1665-43b1-ae2a-13f64c9297c3,popqa,Who is the author of Fruits?,1,Fruits (book)
b0d0ff20-0c9d-493c-b354-47ab4ac4dbcb,popqa,Who is the author of Last Days?,1,Last Days (Nevill novel)
f8ecca83-69a3-4f0d-a7ac-efc250f88f2a,popqa,Who is the author of Landscape?,2,Landscape (play)
adcdb7c5-b1a0-4591-a296-50ba2de6cede,popqa,Who is the author of The Information?,3,The Information (novel)
2fa2729e-9aeb-43dc-9e11-868cf5f4c285,popqa,Who is the author of Shift?,1,Shift (novel)
b694cdaf-9d4d-438a-8626-544752653e89,popqa,Who is the author of Federation?,1,Federation (short story collection)
07e7296c-bf86-4cfa-a277-fee5bf370d59,popqa,Who is the author of Blake?,1,Blake (monologue)
8084aa98-ab64-463b-a5c3-153cfe1b810d,popqa,Who is the author of Blood Test?,1,Blood Test (novel)
34b51374-0735-4cd7-b7b0-0a09de1f7c35,popqa,Who is the author of Down?,1,Down (novel)
32971e14-ffbd-4c1c-bf72-bfc6b6c6f3d9,popqa,Who is the author of The Grave?,1,The Grave (novel)
2011532e-8dd8-4872-ac14-c123a433ae81,popqa,"Who is the author of Washington, D.C.?",1,"Washington, D.C. (novel)"
e9b126ee-8c19-4c4e-abd8-47bdbde614de,popqa,Who is the author of Gowie Corby Plays Chicken?,1,Gowie Corby Plays Chicken
f6b9b3de-222c-46d1-9494-c5d2f6a9dd93,popqa,Who is the author of Opus?,1,Opus (play)
735a7234-62aa-4e3e-b48c-658c1320d6f5,popqa,Who is the author of Wake?,1,Wake (comics)
c745a983-3fe0-454c-8013-f2f64a3c86a9,popqa,Who is the author of An Age?,1,An Age
1df76926-0c74-4f56-bf8f-bff2fbddce97,popqa,Who is the author of The Great Automatic Grammatizator?,1,The Great Automatic Grammatizator
c2980dd5-1954-4315-b8d2-23bc0c568046,popqa,Who is the author of Hoboken-Verzeichnis?,1,Hoboken catalogue
63b4668b-5ad9-4451-916f-ed1d08466836,popqa,Who is the author of Sorry?,1,Sorry (novel)
bf350c70-31b3-4fa3-80a4-f6006e43678f,popqa,Who is the author of The Well?,1,The Well (novel)
6c7a010a-0972-411c-a967-bbcedd895c9b,popqa,Who is the author of Escape?,1,Escape (play)
c38fbfe7-e698-4add-be47-f45b95e0cec5,popqa,Who is the author of Prime Time?,1,Prime Time (novel)
646a2df7-6941-4222-a684-f895d3db46b2,popqa,Who is the author of Experience?,2,Experience (book)
bf6facca-81de-43f5-8ede-1addaf355452,popqa,Who is the author of Trust Territory?,1,Trust Territory (novel)
5ecb55f8-dd1c-442d-bf0e-a354a101c240,popqa,Who is the author of Galax-Arena?,1,Galax-Arena
00c2befc-9313-4f1d-a469-6d4780fdc424,popqa,Who is the author of No Connection?,1,No Connection
d5db07da-5a7a-4c93-881d-1f7d8a2ff12c,popqa,Who is the author of Visst katten har djuren själ!?,2,Visst katten har djuren själ!
1ec7c15e-52f7-4821-880c-de9562b08e21,popqa,Who is the author of Passage?,2,Passage (Willis novel)
f1bfaac6-4939-4ea8-bb4e-823d66cbc75c,popqa,Who is the author of Dogs?,2,Dogs (manga)
a2b01760-4149-4bca-8a48-a28deefb7d9f,popqa,Who is the author of A Woman of the Iron People?,1,A Woman of the Iron People
4d0f54f8-de86-430d-b83d-c3a3f7565798,popqa,Who is the author of Truth and Tolerance?,1,Truth and Tolerance
222c75c5-a622-44b8-b49f-4967023d66fc,popqa,Who is the author of Let's Not?,1,Let's Not
cd378ebd-57a8-41a5-b80a-3e5a3a241850,popqa,Who is the author of Ancestor?,1,Ancestor (novel)
358a8c4b-8ef1-4871-b352-1acc3e2a1bb2,popqa,Who is the author of The Example?,1,The Example (comics)
768efba2-5194-4161-b25e-530727b60070,popqa,Who is the author of Timestorm 2009–2099?,1,Timestorm 2009–2099
898e48fa-f700-4b81-ba50-806afa15c45d,popqa,Who is the author of The Tree?,1,The Tree (book)
a83b2674-0564-48bf-bd1c-f2893cc7d718,popqa,Who is the author of K.?,1,K. (novel)
2da3c9a2-c12d-42ac-81da-f682286f914e,popqa,Who is the author of Up Till Now: The Autobiography?,1,Up Till Now
d2ac0c5f-2384-4d4a-90c5-fc1dcb7661bb,popqa,Who is the author of Marie?,1,Marie (novel)
de44cd68-5696-40ac-a7fe-416a9b3864ec,popqa,Who is the author of MW?,1,MW (manga)
08cb30ed-334c-4435-8140-a9ec515a43ef,popqa,Who is the author of The Certificate?,1,The Certificate
ae705f5e-93be-4bcb-815f-97fd0a6a2a60,popqa,Who is the author of A Married Man's Story?,1,A Married Man's Story
1381351c-1815-4cb6-b524-edd800685484,popqa,Who is the author of The Far Shore of Time?,1,The Far Shore of Time
45b90927-cd1e-4339-9c20-42c03c61f3ee,popqa,"Who is the author of Conan, Lord of the Black River?",1,"Conan, Lord of the Black River"
89dffda9-bfe8-47ac-b3d4-9294c1899eeb,popqa,Who is the author of A Matter of Time?,1,A Matter of Time (Cook novel)
d51870c5-ea7f-471b-9322-581dbb1f89aa,popqa,Who is the author of Legs?,1,Legs (novel)
52276af8-3cdc-4764-b5d3-0fcea451df09,popqa,Who is the author of Mute?,2,Mute (short story)
ff63227b-534d-4daa-a238-bbd8a081bcc1,popqa,Who is the author of The Smile?,1,The Smile (novel)
dde8ec8b-46c4-4838-a631-993c36ccbd2c,popqa,Who is the author of Corridor?,1,Corridor (short story collection)
b79d8616-3d38-403a-9488-d99e7843e41e,popqa,Who is the author of Easter?,1,Easter (play)
1e9dff45-975c-49ed-9172-a0f2de12ecaf,popqa,Who is the author of Ink?,1,Ink (novel)
bce5fd6c-92bf-480c-80a1-1998a11a3d3c,popqa,Who is the author of The Survivor?,1,The Survivor (Herbert novel)
ac0735a1-689b-4f67-b084-aef3932ac1ee,popqa,Who is the author of Doctor Slaughter?,1,Doctor Slaughter
e22e8ea5-a6c5-4e4f-9427-f32766726e67,popqa,Who is the author of Sweet Eros?,1,Sweet Eros
9eea4136-5372-4a71-b2f3-bb8fc29833d0,popqa,Who is the author of Non?,1,Non (book)
314e6eea-d4fc-4eba-a3d4-03670985bbbf,popqa,Who is the author of Cages?,1,Cages (comics)
d76ca3f4-4812-46dd-b548-ce50331bb072,popqa,Who is the author of Weight Loss?,1,Weight Loss (novel)
6f46d36f-e791-4b14-b690-34ff978e2d1a,popqa,Who is the author of Replacements?,1,Replacements (short story)
7cc28168-edda-40db-b03a-5cbf2d9b7b73,popqa,Who is the author of Maiwa's Revenge?,1,Maiwa's Revenge
fab559c3-11ec-4584-84db-a8a437e316a4,popqa,Who is the author of The Ball?,1,The Ball (play)
4eac3e62-bd99-4538-9af9-5564d8f68cd3,popqa,Who is the author of F?,1,F (manga)
c2ac35b6-164d-41d3-8fb3-58855a9c7dd1,popqa,Who is the author of The Day of the Pelican?,1,The Day of the Pelican
5e03fab1-620b-4177-82ca-2e5ec6c66773,popqa,Who is the author of Solo?,1,Solo (Mason novel)
ee50fc94-cc67-4ff3-869c-2cc7c53b5ee8,popqa,Who is the author of Witt?,1,Witt (poetry collection)
dd6d8011-ff79-4006-9e6e-fe305b965764,popqa,Who is the author of Rigged?,1,Rigged (2007 book)
9778927d-a2d0-4b21-95fe-571ef863181c,popqa,Who is the author of Color?,1,Color (manga)
ad8b2c22-4892-403b-b2f5-11328e92c90c,popqa,Who is the author of Colony?,1,Colony (Grant novel)
40737db0-eaf4-49f2-8355-be49cddd6beb,popqa,Who is the author of On the Road?,1,On the Road (Johnson book)
31776169-8165-4fa4-8c98-7cb5209080c4,popqa,Who is the author of Four Fires?,2,Four Fires
4d8ac68c-339c-46d7-b708-d4fae20e1bb9,popqa,Who is the author of Checkers?,1,Checkers (novel)
8b158ec7-f344-47d0-a0f7-370c1eb9af94,popqa,Who is the author of Kachō Kōsaku Shima?,1,Kosaku Shima
3803e50d-913c-4f5f-be3d-f8174a4ca8f0,popqa,Who is the author of State of the Art?,1,State of the Art (book)
ac1cc6de-e784-4c45-ae98-687bf9b7d7e2,popqa,Who is the author of The Game?,1,The Game (Jones novel)
a5ea2a5f-008c-4995-9e1b-c3979926a1ae,popqa,Who is the author of Sweat?,2,Sweat (novel)
16573a8a-c180-4bc8-a86f-d8fb757b2ceb,popqa,Who is the author of Voyage d'Egypte et de Nubie?,1,Voyage d'Egypte et de Nubie
0d448cde-b2e2-41f4-9dc2-89ed2f605854,popqa,Who is the mother of Emmanuel Théodose de La Tour d'Auvergne?,1,Emmanuel Théodose de La Tour d'Auvergne (1668–1730)
95d99400-10cd-4eea-ac92-2aaab04dd21b,popqa,Who is the mother of Patrick Villiers Farrow?,1,Patrick Villiers Farrow
3cc778f8-e087-4117-b8de-cd5f268dab22,popqa,"Who is the mother of Hermann II, Landgrave of Thuringia?",1,"Hermann II, Landgrave of Thuringia"
54d2f36e-7d6a-4d45-bca5-3cd723f6f7e3,popqa,Who is the mother of Duchess Anna of Prussia?,2,Duchess Anna of Prussia
98ce1c1c-e257-406d-bb17-eedde27d6141,popqa,"Who is the mother of Elizabeth Stewart, Countess of Crawford?",1,"Elizabeth Stewart, Countess of Crawford"
4f59e79c-5c9e-4b3b-ba34-5c62d2f4a92d,popqa,"Who is the mother of Anna Russell, Duchess of Bedford?",1,"Anna Russell, Duchess of Bedford"
40568f6d-38f1-4a65-9171-9208685d109d,popqa,Who is the mother of Clarence Peters?,1,Clarence Peters
b6e471de-48b8-4f99-8533-0d6637024ac5,popqa,Who is the mother of Paula Weinstein?,1,Paula Weinstein
9a6a64ff-a38e-48db-8ec5-7c4e2b9e48e4,popqa,Who is the mother of Esau?,1,Esau
c86cfee3-1855-4ee1-b59b-e7d3fd747f14,popqa,Who is the mother of Sigebert I?,1,Sigebert I
85e55799-df58-4ca3-8c37-3ea65325d07f,popqa,"Who is the mother of Prince Louis, Duke of Nemours?",1,"Prince Louis, Duke of Nemours"
acfed3d4-ef5d-42ab-870c-8e79bd05ead3,popqa,Who is the mother of Melissa Benn?,1,Melissa Benn
091aa121-56b7-4ce8-a520-8d810a7daa6f,popqa,Who is the mother of Queen Marie of Romania?,2,Marie of Romania
4a3b7819-4d7e-48a3-8053-e91421d87f80,popqa,Who is the mother of Charles Washington?,1,Charles Washington
42ec446c-98b5-493b-8560-195de357ec4e,popqa,Who is the mother of Carrie Brady?,1,Carrie Brady
2c5e040e-5b98-4ad9-9204-f04def0146bc,popqa,Who is the mother of Cornelia Otis Skinner?,1,Cornelia Otis Skinner
cf4bddfa-d087-4977-903a-a4b448b35972,popqa,Who is the mother of Allison Hirschlag?,1,Allison Hirschlag
2306b62e-983a-470c-9db6-7362246e5fe9,popqa,Who is the mother of Eadburh?,1,Eadburh
6ff5123b-9e51-4427-b177-075e3f86267a,popqa,Who is the mother of Maud of Normandy?,1,Maud of Normandy
81a582c6-1f48-4bfa-b5f8-00cf72d791db,popqa,Who is the mother of Mao Anqing?,1,Mao Anqing
c3988170-8077-4d53-9f68-387063db9382,popqa,Who is the mother of Aloysia Weber?,2,Aloysia Weber
cfbfa6ad-6eb2-4d9f-9ace-7fa3ed2dd233,popqa,Who is the mother of Theobald II of Champagne?,1,"Theobald II, Count of Champagne"
671cbe59-c3c3-4cdf-ac7f-cb00e776eafb,popqa,Who is the mother of Prince Paul of Yugoslavia?,1,Prince Paul of Yugoslavia
b59a82e9-320b-4246-ad7b-e8f4300e7295,popqa,Who is the mother of Pierre Napoleon Bonaparte?,1,Pierre Napoléon Bonaparte
841191be-f9a4-45ee-ac1e-e7ff876ee666,popqa,Who is the mother of Wenceslaus IV of Bohemia?,1,Wenceslaus IV of Bohemia
1fae16c0-e22f-48d4-afbf-42be98c37e31,popqa,Who is the mother of Sophie Gurney?,1,Sophie Gurney
2ea7fc1e-8275-4830-bf11-df60f138fcd2,popqa,"Who is the mother of Princess Florestine, Duchess of Urach?",1,Princess Florestine of Monaco
61f442ee-c474-4cd7-96f0-769d95aa245b,popqa,Who is the mother of Hou Ji?,1,Hou Ji
2d960ddb-b968-4be8-8e6a-59e86ca6be76,popqa,"Who is the mother of Sancho, Count of Provence?",1,"Sancho, Count of Provence"
21e8a2e1-6cc2-4850-b987-6d750f7161ee,popqa,Who is the mother of Afonso of Portugal?,1,"Afonso of Portugal, Lord of Leiria"
a126bce7-abbb-4ba3-badb-99254ea3a3f3,popqa,Who is the mother of New Approach?,1,New Approach
53994b5c-1364-4bd7-b264-2235e65811a6,popqa,Who is the mother of Henry of England?,1,Henry (son of Edward I)
c01911e4-f4f7-4b7d-bdd9-d9237e2b5003,popqa,Who is the mother of Crispian Mills?,2,Crispian Mills
f1870650-f743-410b-9f40-120aa7edcc0e,popqa,"Who is the mother of Afonso, Duke of Oporto?",2,"Afonso, Duke of Porto"
98532514-9f2e-4743-8b35-1465b51b158a,popqa,Who is the mother of Terry Fox?,1,Terry Fox
6829728d-a4c1-4ddc-b916-49814735f942,popqa,What is the capital of Verbandsgemeinde Loreley?,1,Loreley (Verbandsgemeinde)
4f0d850e-4419-4b09-921f-1a02a8c54ede,popqa,What is the capital of Nyandeni Local Municipality?,1,Nyandeni Local Municipality
f8844ba5-6580-4cd4-a798-97f1b2e80c71,popqa,What is the capital of Lys?,1,Lys (department)
4c27b02d-7c47-47c8-9161-13e86fbf8618,popqa,What is the capital of Ugocsa County?,1,Ugocsa County
1a7a1125-2f78-48f3-9a79-5f5a8e5a9d03,popqa,What is the capital of Prentiss County?,1,"Prentiss County, Mississippi"
5a839102-d8cc-4aa7-b52b-f8776df47536,popqa,What is the capital of Semirechye Oblast?,1,Semirechye Oblast
5bd6afa2-725d-4922-b673-1f4f1b319f5e,popqa,What is the capital of Tarussky District?,2,Tarussky District
ee3d3601-ae28-4fdb-b99a-4e8d475c15b2,popqa,What is the capital of Florida?,1,Florida Province
a5028bee-c023-437a-9fb8-77a175f0f4f9,popqa,What is the capital of Gmina Czorsztyn?,1,Gmina Czorsztyn
c09f7237-63d3-4e56-a688-a7e8badda03b,popqa,What is the capital of Ioba Province?,1,Ioba Province
e5a555ca-b140-45bf-95bb-d5e8b32e3ea3,popqa,What is the capital of Centre?,1,Centre (department)
5cb9763c-8a10-4422-8efe-05de5293f20c,popqa,What is the capital of Srednekansky District?,1,Srednekansky District
cd604770-1850-458b-ac4a-4ba9e7b27646,popqa,What is the capital of Littoral?,1,Littoral Region (Cameroon)
e86605ff-2c42-42aa-8db9-5cf7a3308221,popqa,What is the capital of Deux-Nèthes?,1,Deux-Nèthes
09daee80-7046-4874-9abe-64a7a21bc8aa,popqa,What is the capital of Tarnogsky District?,5,Tarnogsky District
05d8e8e9-2440-4876-acbe-c443cd937664,popqa,What is the capital of Ter?,1,Ter (department)
89230419-83f3-40b7-b64c-b9afbbab6ab4,popqa,What is the capital of Golden Valley County?,1,"Golden Valley County, North Dakota"
0401c4e8-064e-4e91-a12e-ab99782c2dc7,popqa,What is the capital of Océan?,1,Océan
9426dfe7-b9fa-438a-b287-e0eea2f2d4ec,popqa,What is the capital of Kiribati?,1,Kiribati
9d6fa060-2a37-4a09-968b-aeced7b5c8b3,popqa,What is the capital of Himan and Heeb?,1,Himan and Heeb
50fb89ca-de5b-46b0-8a09-68089b1a211f,popqa,What is the capital of Meta?,1,Meta Department
6fcfe7c0-be32-4964-9e1e-2058c72e5b48,popqa,What is the capital of Lahaul and Spiti district?,1,Lahaul and Spiti district
583b9ff0-8f0a-4f6a-b28d-880d14ca567f,ifqa,"If the Chandrayaan-2 mission had been successful, what elements could have potentially been discovered on the lunar surface?",1,Chandrayaan-2
1907e8be-4ab9-40b4-8260-eae6d0e20448,ifqa,"If Victoria Benedictsson had penned ""Fru Marianne"" in 1883 instead of 1887, which notable work would she have written subsequently?",1,Victoria Benedictsson
d17ae5d4-1fad-46ff-b2b2-987eb5534f91,ifqa,"If the construction plans for the Wood Center hadn't been altered due to unexpected permafrost issues, how many floors would it have originally had?",1,William Ransom Wood
5a08228c-b8df-4935-a969-b9b99d328415,ifqa,"If the implementation of Phase 1 of Citi Bike hadn't been delayed until March 2013, when was it originally scheduled to start?",1,Citi Bike
b6510df2-aedc-4cb1-b88c-c03a8260a6ff,ifqa,"If the ""Goatlord"" album hadn't been relegated to just rehearsal tapes, what position would it have held in the sequence of Darkthrone's album releases?",1,Ivar Enger
3d889ab6-8abc-4973-aad6-acb715aa69f3,ifqa,"If the FBI and OSP hadn't considered Sheriff Glenn Palmer a security leak, where would the operation to intercept LaVoy Finicum have been originally planned to take place?",1,LaVoy Finicum
1e679a3d-1f1a-4d2f-a6da-2ef31ad3153e,ifqa,"If TV Africa had not withdrawn their sponsorship when the tournament was relocated to Abidjan, which month and year would the tournament have taken place?",1,2002 WAFU Nations Cup
c369e681-b523-49a4-8adc-d7200e86ca8d,ifqa,"If the character Dixon Hill's name hadn't been altered in the ""Star Trek"" series, what would his original name have been?",1,The Big Goodbye
a3b24d30-fcc8-4e66-9a9d-b2548509d957,ifqa,"If Dennis Joseph hadn't been overwhelmed with other commitments, which 1990 Indian film was he originally slated to write the screenplay for?",1,Anjali (1990 film)
38ee89b8-f921-4f0f-bc91-7bcfc0fef8cc,ifqa,"If the first match for Brighton in 1910 hadn't been postponed, on what date would it have been played?",1,Barclay Bailes
33a6c072-2d41-462f-86dc-fa04e6915ec9,ifqa,"If the monkeys on Monkey Island in the Homosassa River hadn't caused issues, where would they have remained living during the 1960s?",1,Homosassa River
043f9be6-bd27-49f4-b453-10d93a695e7e,ifqa,"If the track conditions had been optimal, what would have been the total race miles for the 1909 Wheeler-Schebler Trophy Race at the Indianapolis Motor Speedway?",1,Jackson Automobile Company
d23c8bba-7231-4e75-88bb-8a94559c9f50,ifqa,"If Feral pigeons have become adapted to urban life, where would they most likely find a substitute for sea cliffs to roost?",1,Feral pigeon
af89e41f-df62-4642-9847-6323a96bd0ce,ifqa,"If the Cheddar Valley line had been decommissioned in 1963, what was the name given to the former trackbed that was repurposed as a trail?",1,Cheddar Valley line
ee4a12dd-dc96-4d4c-a35d-d49c5e5b57dc,ifqa,"If the band Suede had not changed the original song titles for their album ""Coming Up"", what would the song ""Beautiful Ones"" have been originally titled?",1,Coming Up (album)
cc0c66b9-7d50-45ec-93b8-413fa8a4b9d2,ifqa,"If the Sziget Festival had been held in Budapest and had retained its original name, what would its English translation be?",1,Sziget Festival
53016e33-8f93-4313-ab00-8e4c64b5333e,ifqa,"If Taiwo Hassan and Sweatshirt had agreed to Christian Rich's original idea for the song ""Chum"", who would have performed the hook?",1,Doris (album)
1b6a97e3-20d0-435e-95da-e240f3ad0485,ifqa,"If the town of Calumpit in Mexico had not been re-dedicated in December 1576, which Saint would have remained its patron?",1,Calumpit
69ede000-7871-4d31-b3d1-7eac6eca5936,ifqa,"If the Interplanetary News Digest had been published, who would have been the editor of this 1950s UFO magazine?",1,Ashtar (extraterrestrial being)
915668a7-1523-450d-91e9-a5cecfd89f52,ifqa,"If British figure skater Deborah Cottrill had never relocated from her hometown in England, where would she have spent her entire life?",1,Deborah Cottrill
6820dd99-21d6-453c-b47f-1a156100f80f,ifqa,"If Merle Keagle had decided to adopt the nickname her teammates initially gave her, what would her new first name be?",2,Merle Keagle
e9fa30bd-a8d0-4423-9489-9955971662fc,ifqa,"If Deion Sanders had retained the initial uniform number assigned to him by the Yankees, what would that number have been?",1,Deion Sanders
721b9124-1130-4bee-9446-6c0542840681,ifqa,"If Ayrton Senna and Gerhard Berger had swapped their starting positions at the 1991 Belgian Grand Prix, what position would Senna have started from?",1,1991 Belgian Grand Prix
e19ff184-b891-47af-9c34-0ebff1e4c254,ifqa,"If the original cockerel symbol of the English Tottenham Hotspur Football Club had never been moved, on which part of the stadium would it be located?",1,White Hart Lane
07652c35-5e8f-4908-954f-2e8ffb1abb40,ifqa,"If Skwisgaar Skwigelf, the lead guitarist of Dethklok, had continued using the same Gibson Explorer for the fourth season, which guitar would he not have played?",1,Dethklok
78eed4a6-082b-4565-be3e-4f3202345030,ifqa,"If the term ""Mandiyú"" was appended to the club's name at a later stage, what was the club's initial name?",2,Deportivo Mandiyú
cf5e1a9a-def4-4dc7-9a0a-9726e56e3e0e,ifqa,"If Little's contract for ""Neighbours"" hadn't been extended, how long was he originally intended to play Joe Mangel?",1,Joe Mangel
69f57866-ee05-4a19-9cb1-38df6a6790e2,ifqa,"If the Irish gambling site Paddy Power had not changed their initial prediction for the favorite to win Amazon HQ2, which city would have been their top choice?",1,Amazon HQ2
c229b981-ab19-4dab-b43d-0ef9c1727b64,ifqa,"If Kerry King had not objected to the initial concept for the ""No Sleep till Brooklyn"" music video, which animal was supposed to knock him offstage?",1,Kerry King
e0f7cf0f-68f1-4e0d-bf6f-2b94235ecc28,ifqa,"If Calvin Coolidge and his wife Grace Goodhue hadn't cut their honeymoon short, how long would they have spent on their honeymoon?",1,Calvin Coolidge
2c806c93-7680-4f3b-ae46-a993095e9caa,ifqa,"If the band Genesis hadn't decided to release ""We Can't Dance"" on CD, what format were they originally considering?",1,We Can't Dance
3bc77aef-56c7-4105-9cbf-c21f5fec8492,ifqa,"If Alsephina had retained its original designation, would it refer to a single star or multiple stars?",1,Delta Velorum
2049ed85-4e69-4470-aa0f-ffd504160d7d,ifqa,"If the bidet was positioned in its original location in a modern home, which room would it be located in?",1,Bidet
a90cca4f-af46-4366-bcda-90796191a85c,ifqa,"If Charles Auguste Boehmer had been financially prosperous, who was the original designee for the luxurious diamond necklace?",1,Jeanne de Valois-Saint-Rémy
35d5d1c3-6d5f-4418-a5d1-b77db3f1894e,ifqa,"If the farm, which is now the UGA Equestrian Complex, hadn't been constructed until the year it was acquired by the University of Georgia, for which Olympic Games would it not have served as a training site?",1,Georgia Bulldogs
e01f5ad6-f5a6-407b-840d-8888ffd7c4d3,ifqa,"If Jon Ryan hadn't rushed for a first down on September 30, 2007, which team's punter would have been the last to achieve this feat?",1,Jon Ryan
7aa02a1a-0620-4f90-95fd-3cc2431cbf20,ifqa,"If Mr. Anderson and Jeff Hardy had not been substituted in the tag titles match, who would have been their replacements?",1,Sacrifice (2012)
4bb35cbe-67c2-4a8c-99c0-46326b10861d,ifqa,"If the homes in Lilydale had been sold as originally planned, who would have been the primary residents?",1,"Roseland, Chicago"
d80a8457-66f9-43de-bd1c-fa62e34b9114,ifqa,"If Delaney Bramlett had allowed Bonnie to collaborate with The Rolling Stones, which track would she have contributed to?",1,Bonnie Bramlett
fb214b54-1cb6-4bcc-95bc-c2c8295ee82c,ifqa,"If the rights to the biopic about Charlie Parker had been traded swiftly between Warner Bros. and Columbia Pictures, which actor was intended to portray Charlie Parker?",1,Bird (1988 film)
4f8bdbdc-cf2f-4023-84e6-84fd3825f97f,ifqa,"If the Suzuki Cultus had kept its original Finnish name, what would it be known as?",1,Suzuki Cultus
70d27d07-4d83-4d47-8e76-38d663651b51,ifqa,"If the TV series Dirty Sanchez had never changed its filming location from its original setting, where would it have been set?",1,Dirty Sanchez (TV series)
1c243b90-e1c4-4767-9578-c302b92d2ed4,ifqa,"If Jenifer Ellen Ringer had never relocated from her childhood home, in which state would she currently reside?",2,Jenifer Ringer
6b651526-6b68-48e3-8164-b1456cd1200b,ifqa,"If the song ""Video 5 8 6"" had retained its original title, what would it be called?",1,New Order (band)
1bd4514e-2500-4d61-a96f-6d2c70942667,ifqa,"If Sonny Perdue chose to be addressed by his original birth name, what would it be?",2,Sonny Perdue
9518eb64-1ffd-4cb6-9586-e3f2f47b05cb,ifqa,"If Operation Tungsten hadn't been delayed due to the fitting of new radars on ""Victorious"", when would the raid have originally occurred?",1,Operation Tungsten
063afa02-939a-4ac4-b0cc-dbf26a9d2669,ifqa,"If the River Wissey had not changed its course, which city would it have flowed to instead of its current path?",1,River Wissey
439ef2e3-3a42-44d6-818d-51d322ac5de0,ifqa,"If all the sketches from the DVD release of Movie 43 had been included in its theatrical release, which actress would have appeared in the theatrical version?",1,Movie 43
39ba5db8-73e1-4643-91e0-a2b04c118216,ifqa,"If the Bengali film ""Saat Pake Bandha"" from 1963 had not been remade in Telugu, which film would not have been created?",1,Saat Pake Bandha
77d3d00e-a13a-4e53-aa4a-c8c6481e25fe,ifqa,"If the 1955 British comedy film ""The Man Who Loved Redheads"" had retained the title of the play it was adapted from, what would its title be?",1,The Man Who Loved Redheads
31332349-2da9-4cec-8e89-bead3b4527ea,ifqa,"If Joel McCrea hadn't turned down the role of Jack Driscoll in ""King Kong"" due to fear of typecasting, which actor would not have been cast in that role?",1,Joel McCrea
4d5a17e2-f3da-4150-a3be-2662967e3ccc,ifqa,"If Jamie Madrox's detective agency had retained its original name, what would it be called?",2,X-Factor Investigations
9cfcde10-7f31-4993-b73f-40c441d8ad95,ifqa,"If Yuri Kudinov had completed his swim across the English Channel fifteen minutes earlier, whose world record would he have surpassed?",1,Yuri Kudinov
afd3be20-82c0-4462-855a-e355fa1cae6e,ifqa,"If the founder of the American restaurant chain Frenchy's Chicken had not changed his original plan, what would the restaurant chain be named?",1,Frenchy's Chicken
d691c7d0-1e26-42f4-921f-6ecf558ba3bf,ifqa,"If the downtown segment of the Yellow Line in the Washington Metropolitan Area Transit Authority (WMATA) system had opened as initially planned, when would it have commenced operations?",1,Yellow Line (Washington Metro)
0e786952-961d-417b-a19c-bc14cf79b999,ifqa,"If Jose Maria Garcia Escudero had not been dismissed, which esteemed award would the film ""Dawn of America"" have potentially missed?",1,Dawn of America
d727c24c-d7ec-4bfb-96ff-12329d6c79d5,ifqa,"If Genndy Tartakovsky's family had not relocated to Chicago, where would he have spent his childhood?",1,Genndy Tartakovsky
42c75113-61fa-4f51-846f-e9c7fe9e2cf9,ifqa,"If the production of the film ""Appaloosa"" hadn't been delayed, who would have portrayed the character Allie French?",1,Appaloosa (film)
9b529229-1ce3-4bf8-98c8-2e2b2d9e41c6,ifqa,"If the original agreement hadn't been discontinued, which company would have designed the ""Midland M16 Formula One"" car?",1,Midland F1 Racing
61d6c6a2-ccf0-423a-b137-4b28a56f2cfb,ifqa,"If the Barksdale Air Force Base had been constructed at the location initially proposed by Shreveport, which water body would it have been near?",1,Barksdale Air Force Base
07e0f8f5-4da3-4196-9feb-b56f2bf183fb,ifqa,"If U.S. Representative William Lipinski hadn't supported aid to the Nicaraguan contras, which Chicago project wouldn't have received federal funding from President Reagan as a favor?",1,Orange Line (CTA)
b44aa887-aa25-4834-b920-4f715bb17e5c,ifqa,"If King James I of Aragon's army had landed at their intended location on the island of Majorca, where would that have been?",1,Conquest of Majorca
3fcc3129-f9af-44c3-8d12-d752de7d570e,ifqa,"If the drafts introduced by the Xiyuecheng Dye Company of Pingyao hadn't gained popularity, which banking institution might not have been established?",1,History of banking in China
44b2351a-589c-4692-813c-d6c92702d3b5,ifqa,"If the NBC show ""Your Hit Parade"" had retained its original star from the first episodes, who would have continued in the star role throughout the series?",1,The Pepsodent Show
ffde58a5-f864-4f19-b2c7-d562a29aca94,ifqa,"If the game Phantom of Inferno had been released as per its original schedule, in which season of 2011 would it have been available to play?",1,Phantom of Inferno
1d52b30b-cdd0-423d-8d9f-fef4e89849da,ifqa,"If the remaining teams and Board of Directors of AF2, along with some former members of the AFL, had not united, which league would not have been created?",1,AF2
7e71175d-7fab-4a4d-9411-04b0665521f3,ifqa,"If the new Bentley Coupe hadn't received a largely positive public reception, which car would have been the highlight instead?",1,Bentley Continental R
53edefec-02f2-4701-9279-b2a4d06a5d0a,ifqa,"If the Republican candidate had emerged victorious in the 2013 Los Angeles mayoral election, who would have assumed the role of mayor in Los Angeles, California?",1,2013 Los Angeles mayoral election
36e9d3fb-d0c4-46c9-8e93-e28de864a58d,ifqa,"If the musical show ""Me and Juliet"" had retained its initial title, what would it have been known as?",1,Me and Juliet
65faf614-1546-4c1f-90f6-7f415cf01776,ifqa,"If the character Dean Winchester from the WB show ""Supernatural"" was named after the actor originally intended, who would that actor be?",1,Dean Winchester
ef5b868d-46be-4d54-9af9-a84e88582009,ifqa,"If Purdue had not transitioned to a Division I-A program, how would it have been classified?",1,Purdue Boilermakers football
84477f3d-dee5-49b1-b1ca-58553b439ef2,ifqa,"If the major thoroughfare in Jackson Heights, Queens had retained its original name, what would Northern Boulevard be called?",2,"Jackson Heights, Queens"
8d13e2a6-28cb-43c9-a441-6d3a858589bf,ifqa,"If the COVID-19 pandemic hadn't caused a delay, when would the Marvel movie ""Black Widow"" have originally premiered?",1,Black Widow (2021 film)
8ee823a9-fefa-476d-ab64-14b2f53fe5c0,ifqa,"If the seaside resort in Victoria, Australia had retained its original name, what would Torquay be known as today?",1,"Torquay, Victoria"
2a5c6e54-ba1b-479a-a487-c529a62c9555,ifqa,"If the first school at the crossing of Manchester Road over the Missouri Pacific Railroad tracks in St. Louis, Missouri hadn't been renamed, what would its original name be?",1,"St. Louis County, Missouri"
afdab39c-9d45-4fb5-add0-788a952305ae,ifqa,"If Bashevis Singer's retitled name for the movie ""Yentl"" had been kept, what would the film have been known as?",1,Yentl (film)
9b6dd5d1-2e78-436a-be52-040c2795c21a,ifqa,"If Richter's aunt had not developed schizophrenia, who would not have murdered her as depicted in ""Never Look Away""?",1,Never Look Away
d1c66d09-d2a9-492f-b787-4a51599a4c80,ifqa,"If the valley of the River Irthing, a tributary of the Eden, did not provide a certain type of route via the Tyne Gap to the valley of the South Tyne and Carlisle, what type of route would it be?",1,Carlisle and Silloth Bay Railway
ef8e7ddf-c817-4ee8-a0fd-3c7347d784f2,ifqa,"If there had been a sufficient number of medical practitioners in rural China, whose presence would not have been necessary?",5,Barefoot doctor
0c4afedc-d0c4-49dc-b6af-56b5174d6fe9,ifqa,"If Burt Reynolds hadn't been cast in ""Switching Channels,"" who was the original choice for the role?",2,Switching Channels
86dc1636-eaa3-40e6-a97f-dd109c4fa6da,ifqa,"If Paramore hadn't decided to finish their 2009 album in Calabasas, California, where would they have likely recorded it instead?",1,Brand New Eyes
36d31540-c343-4533-ab04-09877de66091,ifqa,"If NASA had not decided to use the term ""spacecraft"", what would they have referred to it as?",1,Flight controller
ae404110-b6ef-4354-b6bb-62faa672f993,ifqa,"If the pairing of characters in ""Doctor Who"" had not been doubted, who would have portrayed Sarah Jane Smith?",1,Elisabeth Sladen
a5fefc98-0a7f-4be9-a571-94abfd58dfad,ifqa,"If no athletes had failed the doping test at the 2012 London Olympics, who would have been the silver medalist in the javelin throw event?",1,Antti Ruuskanen
da677c32-42c5-47b2-96cb-2fccea001485,ifqa,"If Chris John hadn't experienced a blood issue, when would the rematch with Rocky Juarez have originally taken place?",1,Chris John (boxer)
6816cb61-1d98-4eec-8f67-814773b1d3f5,ifqa,"If ""The Bluebook"" had maintained its original purpose to the present day, what would its primary use be?",1,Bluebook
0550e3a9-adeb-4817-b9a8-86dcb0234e19,ifqa,"If the production of Dragons' Den hadn't been forced to relocate after the first series, where would all the filming have taken place?",1,Dragons' Den (British TV programme)
7e702f3d-f3d9-4c2f-b05c-c024089faca8,ifqa,"If the Indonesian ""H. erectus"" subspecies had maintained its original classification, who would they be considered the direct ancestors of?",1,Solo Man
692e8f86-e759-46e2-a822-2a2c2e3c7327,ifqa,"If Thomas Park Clement had not been adopted, in which country would he likely have continued to reside?",1,Thomas Park Clement
01fd9228-b964-461c-87b6-930557569010,ifqa,"If William Parks had accompanied Levi Sternberg on his expedition earlier, which part of the dinosaur's body would they have discovered together?",1,Corythosaurus
82c47687-7cb8-4c75-b95b-5e19fbb19310,ifqa,"If Hadise Açıkgöz's parents had given the name ""Hadise"" to the child they originally intended, which of her siblings would have been named ""Hadise""?",1,Hadise
1d750a05-83f5-4a03-b40d-2bf172e3b820,ifqa,"If the area of Macclesfield had not been devastated in 1070, according to which records would the manor's value still have fallen from £8 to 20 shillings?",1,Macclesfield
e2b8a371-2074-42b4-b3ba-ffcad951241c,ifqa,"If Catwoman hadn't been portrayed as an antiheroine, often doing the wrong things for the right reasons since the 1990s, what would her original character have been?",1,Catwoman
a35a3a17-adf7-42e8-997d-1fed73599c95,ifqa,"If Sir John Fastolf had not transformed his family's manor house, what would not be recognized today?",1,John Fastolf
95935be4-19ef-4dd8-93eb-75f2c8277474,ifqa,"If software technology had been advanced earlier, how many years prior would Williams have designed the ""Phantasmagoria"" video game?",1,Phantasmagoria (video game)
05f0f4d9-4808-4ec6-bbd4-fd5781773ef9,ifqa,"If the original owners of KTVX had retained ownership, who would be the current owners?",1,KTVX
fd4159f3-ca3c-4d4b-9a9d-5ddc33403e67,ifqa,"If the first ""Tintin"" volume, based on ""The Shooting Star"" story and published by Casterman, had been released in a different format, which format would it not have been?",1,The Shooting Star
cf53c770-3c83-4147-b0b8-6f3c06a88c67,ifqa,"If Richard Fleischer hadn't pursued a career in movie directing, in which field would he have likely worked?",1,Fantastic Voyage
cfb4761a-becb-40d4-a466-2247d278c192,ifqa,"If the county council hadn't renamed it as the Milton site in late 2008, what was the original name of the site?",1,Milton Malsor
529087e2-b913-4d77-a96d-66c8f1a3e348,ifqa,"If Yang Yong-eun hadn't won the 2009 PGA Championship, who would have been declared the winner?",1,2009 PGA Championship
34d1b772-086e-4ff0-931e-4dc1edde22cd,ifqa,"If the Roman Empire had not arrived in southern Scotland, which tribe would have originally inhabited the River Clyde and its surrounding area?",2,River Clyde
fd456105-32f2-4926-845f-02a1d18099cd,ifqa,"If .GIF images hadn't been utilized in early web design, what would not have been prevented from collapsing?",1,Web design
7f4548d1-b9eb-4945-adca-770a717de38a,ifqa,"If Kaori Yuki hadn't been concerned about concluding the story appropriately, how many chapters would ""Angel Sanctuary"" have originally contained?",1,Angel Sanctuary
e45ba0b3-1215-41cf-8b7e-09af86511662,ifqa,"If the executives hadn't decided that the drama ""Jewel in the Palace"" had the potential to be a grand production, when was the filming originally planned to start?",1,Beyond the Realm of Conscience
30d1c420-95ee-426b-91d1-ddabc329046e,ifqa,"If during the Middle Ages and most of the modern era, artillery pieces were transported by horse-drawn gun carriages, what means of transportation are used in the contemporary era?",1,Artillery
cf8fc4bc-b92c-4cbd-814a-3c6f059222ab,ifqa,"If a south to southeasterly flow, produced by strong high pressure aloft over the desert southwest in connection with the summer monsoon, drives the offshore marine layer up the coastline during the summer, what is this phenomenon known as?",1,Fog
1e2fafd7-60b4-4a44-b526-6aabb2d8534d,ifqa,"If the communication phase between the producer and an idol initiates, what happens to the text progression?",1,The Idolmaster
bbb7eb69-3e9f-4b36-b412-2149e64b02a3,ifqa,"If the notion of being ""unfit to receive"" was absent in communion, what would not be seen as scandalous if refused to be distributed to an individual?",1,Open communion
f9a5eeca-099c-4c4b-8e05-ac6cf7f2f176,ifqa,"If a user locates an item of interest on the Europeana web portal using the provided contextual information, where would they need to navigate to access the item's full content?",1,Europeana
d25cdc00-fef9-468c-a18a-0108f3f79495,ifqa,"If Vanbiesbrouck had been declared an unrestricted free agent during the 1992 NHL Entry Draft, who would have taken his place in the trade deal between the Nordiques and the Rangers?",1,Eric Lindros
3f1de7da-2951-40b8-afc8-7d8f917f0150,ifqa,"If the Milan team hadn't been deducted any points following the 2006 Serie A scandal in Italian football, how many additional points would they have possessed?",1,2006–07 Serie A
629e9715-b044-423c-8093-34934fdd015d,ifqa,"If the 1939 proposals for the Metropolitan line in England hadn't been abandoned due to World War II, which station would have stayed open during peak hours for interchange with the Bakerloo line?",1,Jubilee line
fa59b830-6719-44c6-b8b9-198aec46a53d,ifqa,"If Jim Barton and Mike Ramsay, the creators of TiVo Inc, hadn't developed equipment to record digitized video to a hard drive, what was their original intention for the device?",1,TiVo
9580e398-a126-4156-92b7-70cbbe5b0062,ifqa,"If the Siriraj Hospital, the first western hospital in Thailand, had retained its original name, what would it be known as today?",1,Bangkok Noi district
19e17f6e-10e2-4e27-8336-db37f005f320,ifqa,"If the Hudson Highland Suspension Bridge Company had successfully built their proposed bridge over the Hudson River in 1868, which two locations would it have connected?",1,Walkway over the Hudson
33b6152b-0298-4511-a82e-b39b1b5516d0,ifqa,"If the band Disturbed hadn't covered the song ""Midlife Crisis"", which group would have remained as its sole performer?",1,Indestructible (Disturbed album)
98832971-0053-4bcb-9474-a13c08e0c68c,ifqa,"If the professional wrestling group Kai En Tai had retained the name initially given to them by the announcers, what would their name have been?",1,Kai En Tai
474587a4-d821-468a-9ac4-1ab7065d7cfa,ifqa,"If the maritime route hypothesis is accurate and Buddhism remained confined to its original practice areas, which modern-day regions in China would be associated with Buddhism?",1,History of Chinese Buddhism
3fb879d6-4e3e-49e1-98e2-d5c5c0e929b1,ifqa,"If American comedian Dana Carvey had followed his initial instinct for the production of ""The Dana Carvey Show"", which network would have aired the show?",1,The Dana Carvey Show
02803bf2-f170-4802-8da2-57c6db25714f,ifqa,"If KULA-TV hadn't commenced operations in 1954, which network's programming would KGMB-TV have continued to broadcast?",1,KGMB
9c9c9ce7-c9b6-4154-ac3a-8ccb65a80b8e,ifqa,"If there had been no setbacks, when was the North-South Line of the Amsterdam Metro originally planned to be fully completed?",1,Amsterdam Centraal station
1f2604f1-bfa0-4699-b547-c82fa55c3517,ifqa,"If Channel 39, originally owned by the WKY Television System, was sold in 1976, who became its new owner?",1,KIAH
c6a40e4e-065e-4889-b142-cad0712cf05a,ifqa,"If the term G4-DNA was originally used to describe tetramolecular structures, what does it currently signify in molecular biology?",1,G-quadruplex
8468f116-da33-4f21-b26f-4c9ebf213eca,ifqa,"If Lady Mary Fox had decided not to sell the Anthony Roll to the British Museum in 1858, where would it likely be located today?",1,Anthony Roll
abeb62ec-baeb-4edc-88dc-5275a199686a,ifqa,"If Abdul Hamid II had followed the tradition of other Ottoman sultans, which places would he not have visited nine years before his ascension to the throne?",1,Abdul Hamid II
044fd976-3424-4bbe-97d1-74f19f5658e8,ifqa,"If there hadn't been a heavy downpour, at what time would Aerosmith have begun their performance at Woodstock '94?",1,Get a Grip Tour
c18ab18d-970a-4969-b662-06ae1a7533a1,ifqa,"If the Mossad, the Israeli intelligence agency, had proceeded with their initial plan to assassinate a high-ranking Syrian official in London, who would have been the targeted individual?",1,Operation Outside the Box
a36db3e8-b071-43bf-9cf9-250701f9f868,ifqa,"If there had been no manufacturing issues, when was Despised Icon's DVD ""Montreal Assault"" originally scheduled for release?",1,Despised Icon
546b55c7-95a0-4817-acdb-6a2a2ab65041,ifqa,"If Janet Jackson's ""All for You Tour"" hadn't encountered technical issues at the Canada–United States border, which city would have hosted the first show?",1,All for You Tour
e5f7ef10-2096-4046-82eb-0a63a0ad7baa,ifqa,"If the ""Regio corpo truppe coloniali della Somalia Italiana"" had retained its original name, what would it have been referred to as in English in 1910?",1,Italian Somaliland
417bfda5-a3f0-4fd0-bcda-396c1ec625ad,ifqa,"If a New York City judge hadn't ruled in favor of Max B, which record label would have been prevented from releasing the album ""Vigilante Season""?",1,Max B
d7eb78e2-ceb4-43da-8ff3-1f1c69387914,ifqa,"If the Roman Catholic chapel dedicated to the Holy Family Upon its Return from Egypt in Comino on the Maltese Isles had not been enlarged or modified after its initial construction, when would have been the last time it was structurally worked on?",1,Comino
989a834f-173e-4d24-90b1-67a1293d7fc4,ifqa,"If the London Victoria station had kept its original name in the 19th century, what would we be calling it today?",1,London Victoria station
42368abb-afaa-4c2f-b136-71d3be3c3668,ifqa,"If the members of Quest Crew hadn't disbanded, which dance troupe would they have continued to perform with?",1,Quest Crew
4aa8f112-c52f-4e64-822e-86edbabd2ead,ifqa,"If Emily Hampshire had not been selected in the auditions for the American TV show Schitt's Creek, which character would she not have portrayed?",1,Schitt's Creek
38ccdec9-3f80-4710-a7d8-287314e4d26a,ifqa,"If Mike Torrez had joined the New York Yankees as initially planned, in which month would his first game have taken place?",1,Mike Torrez
7a844555-2db5-4ab6-88ab-b6efcc1f1317,ifqa,"If William Donovan had not raised objections to the portrayal of the Office of Strategic Services in the film ""13 Rue Madeleine"", which spy group would not have been created for the movie?",1,13 Rue Madeleine
5be79ea0-a783-4541-b3f9-82f6d3caaaee,ifqa,"If Bruce Willis's character had battled terrorists on a Caribbean cruise in the movie, what would the original title of the film have been?",1,Die Hard with a Vengeance
763fbcf3-fa19-41e1-aad0-c5f091bcae57,ifqa,"If the Shadipalli–Hyderabad section had seen more passenger transportation in 1900, what type of gauge would the railway line have remained as?",1,Thar Express
797264a9-e1a2-42d7-9043-47db220bc07b,ifqa,"If Fritz Redl had retired a year earlier in 1948, which theory would Ladd Wheeler not have been able to analyze in 1966?",1,Behavioral contagion
53d85e25-b3a8-4266-855e-e73ceee61f8c,ifqa,"If Sennacherib, the King of the Neo-Assyrian Empire, had not altered his decision about his successor, who would have ascended the throne after his demise?",1,Sennacherib
fa035b64-9176-4663-b1d3-6141c247d08c,ifqa,"If Lyons Avenue in the Fifth Ward of Houston, Texas had not been renamed, what would its original name be?",1,"Fifth Ward, Houston"
0270b11c-7c3f-4cde-b433-366ad8f88799,ifqa,"If Paris Jackson were to discuss the school that subjected her to extensive abuse, which institution would she likely mention?",1,Paris Jackson
5300f5f9-ba38-494d-9314-8dd092fab75f,ifqa,"If Ruud Lubbers hadn't pursued a career in economics, what profession would he have originally planned to follow?",1,Ruud Lubbers
84af0c21-f9b3-4c61-8fc4-e3b6e6b95234,ifqa,"If one were to read the earliest major comic crossover event, which character would they find appearing in other comics?",1,Crossover (fiction)
fc3b75a0-d72f-432b-910d-114bfe29e31c,ifqa,"If Mindless Self Indulgence, a band that started in 1995, decided to take a break, when did they announce their hiatus?",1,Mindless Self Indulgence
6b085439-362a-4c98-b4e0-5b5ccbb4e7bc,ifqa,"If M-PESA had not been expanded to serve as a general money-transfer system, what would its primary function have been?",1,Safaricom
2b99866f-edcd-4309-ae5d-1c7235c38e8a,ifqa,"If cap gun toys continued to be made from their original material, what would that material be?",1,Cap gun
0bf11b33-3034-4044-b23c-d5148051051a,ifqa,"If the East Side Access project hadn't been delayed, when would Amtrak have initiated the repair of the East River Tunnels?",1,East River Tunnels
5c62ce48-406a-4be7-b594-3420e409f941,ifqa,"If Aaron Pauley had not left the band Jamie's Elsewhere, who would have potentially become the new official vocalist?",2,Jamie's Elsewhere
22209331-2dbd-4586-95ba-4c36d00dab89,ifqa,"If Prince Vijaya had not landed on the island of Tambapanni, who would have originally inhabited it?",1,Sinhalese people
c01cd01e-e5a5-4c5c-b5a5-fde7f301408d,ifqa,"If Bart Andrus, the American football coach, had not transferred to the College of the Canyons in Santa Clarita, California in 1977, which institution would he have continued his education at?",1,Bart Andrus
43c865fd-9fae-45ab-9889-bfbdaf1fa8f1,ifqa,"If ale continued to use the original bittering agent from its early production days, what mixture would be used to bitter all ale?",1,Ale
13dd4d00-aca7-4fe7-9c9b-985a3b07011e,ifqa,"If Michael Eisner had his way, what style of helmet would the title character of ""The Rocketeer"" movie have worn?",1,The Rocketeer (film)
4abc0b13-b21f-4652-afef-a8575f029380,ifqa,"If Adam Chandler hadn't interfered and replaced the sperm donation for Liza Colby's artificial insemination, who would have been the biological father of Colby Marian Martin?",1,Colby Chandler (All My Children)
cf19c87e-2403-45ad-aa86-325cee0a8512,ifqa,"If the 105th Infantry Brigade and the Omega special-police company hadn't been required elsewhere, from which location would they have been deployed by the ZNG during Operation Swath-10?",1,Operation Swath-10
e2d01792-fdcd-45f2-8856-b1752576e211,ifqa,"If KKTV station hadn't relocated to South Tejon Street in Colorado Springs in 1956, where would it have continued its operations?",1,KKTV
bb7a334e-cdb0-4d8f-a412-8b9ff14f5e58,ifqa,"If Brad Buxer hadn't been a classically trained keyboardist, what would his role have been?",1,Dangerous (Michael Jackson album)
4d66be57-a98e-45ab-b2c8-ef685a98e35e,ifqa,"If Lucas Radebe hadn't transitioned from central midfield to defence, what would have been his original position in the Kaizer Chiefs?",1,Lucas Radebe
ad76c9b4-63ac-4fd9-a446-4858307dafcf,ifqa,"If Peter Hesketh-Fleetwood had decided on a two-word name he was contemplating, what would the town of Fleetwood be known as today?",1,Fleetwood
38f45789-2ef3-4584-b144-03f9c113c5da,ifqa,"If Percy Cradock had been defeated in the 1950 election for Chairman of the Cambridge Union Society, who would have taken the position?",1,Percy Cradock
f70ca491-7b81-4e7a-b853-e6bb51440109,ifqa,"If the Art Gallery of Greater Victoria had not postponed its expansion due to rising costs, when would the construction have originally commenced?",1,Art Gallery of Greater Victoria
ae46e34d-0e89-4f6a-a2b7-cfe073f6ae79,ifqa,"If the United States Air Force (USAF) had not renamed the variant of the A-12 they ordered in December 1962, what would its original name have been?",1,Lockheed SR-71 Blackbird
3933560e-1a3b-4c69-9471-5b9b5ea75363,ifqa,"If the title of ""capitanei"" was not a special concession for lower vassals, what would they solely be referred to as?",1,Locarno
3a5444d9-391b-446c-9b08-f87f3c48f09c,ifqa,"If KJTL station had continued to operate from its original studio facilities, which road would these facilities be located on today?",2,KJTL
099e3c05-d3e9-4352-94d1-18ee36290198,ifqa,"If the Great Falls Historic District hadn't been designated as a historical district, which route would have extended through Paterson?",2,New Jersey Route 19
92125770-0640-42e2-87a3-c0c7bc9f381d,ifqa,"If the sentence for the two sisters hadn't been reduced, what would have been their original punishment?",1,Dolours Price
27ca2ec6-f337-4593-a1b8-7d9a25900b12,ifqa,"If Ma Ying-jeou had been defeated in the 1998 mayoral election, who would have served as the mayor of Taipei in 1999?",2,Ma Ying-jeou
9e1812f2-1ff7-4086-b6be-15cbb35ff144,ifqa,"If the Atlanta Airport adopted the same roof design as the London Stansted Airport, which animal would its roof appear to mimic?",1,London Stansted Airport
b71957a6-bdb3-4c0a-a083-d05f2f06847c,ifqa,"If no retconning had occurred, where would the original base of the Flash have been?",1,Flash (Jay Garrick)
dddb57f6-1d7b-403a-af74-d8899f1efa12,ifqa,"If Captain Luís Romero de Piñeda hadn't received part of the lands of the Pago de los Arroyos by royal decree as payment for services to the Spanish Crown, which groups would have been the original inhabitants of that land?",1,Rosario
c58d41b1-7e22-4a0d-915e-dfdb8d5ca258,ifqa,"If the well at Luya Urqu was referred to as Yana Yaku, what was its original name?",1,"Chachapoyas, Peru"
f251fb5a-8101-4ab1-baa8-4497731ed9d4,ifqa,"If the developers of Perfect Dark Zero hadn't cancelled several intended features during its development, what milestone would the game have potentially missed?",1,Perfect Dark Zero
2dabe51a-399c-431a-b96a-d7a52d6a661c,ifqa,"If Larry Adler hadn't been blacklisted in the United States, which 1953 film would have originally credited his work on the soundtrack?",1,Larry Adler
4368f80c-f12c-44d3-83f3-8264a6664479,ifqa,"If the series ""Metalocalypse"" hadn't encountered trademark issues, what would its original name have been?",1,Metalocalypse
c3ec9845-61f5-4bd1-8639-673519bb1d67,ifqa,"If there hadn't been time constraints during the filming of ""Colony"", which scene would have been included in the series?",1,End Game (The X-Files)
52ed1e57-7908-467a-b6ea-ddf93ca699a6,ifqa,"If Inasmuch House in Hamilton, Ontario, had maintained its original purpose, who would have been its primary clientele?",1,Women's shelter
5f3d108c-b0ba-48c8-817b-5ceace1ef7da,ifqa,"If Grand Crown Marshal Stanisław Herakliusz Lubomirski had utilized the garden pavilions in the Ujazdów Castle for their original intent, what kind of facility would have been initially established?",1,Łazienki Park
7a261fe2-6fe0-4165-8bce-c85f0de4c720,ifqa,"If James Madison had not been concerned about the potential for corruption through the creation of unnecessary public offices and salary increases for personal gain, at which event would he not have voiced this fear?",1,Saxbe fix
dfb74c94-897e-4515-a1f5-0ead2e2fc659,ifqa,"If the inclement weather in spring had not occurred, where would the first game originally have been played?",1,Boise State–Idaho football rivalry
17363cbd-d7d9-4e0e-a5ae-8926d647c9ea,ifqa,"If the satirical American television sitcom ""F Troop"" aired on ABC from September 14, 1965, to April 6, 1967, how many episodes would it have?",1,F Troop
dc694048-d8f1-437d-bda9-d97609a40b5e,ifqa,"If the Mongolian horse has connections with other breeds, where were these horses originally imported from?",1,Mongolian horse
74ebf36a-223a-4b8e-acad-30b6d9d9e961,ifqa,"If Charles Carroll of Carrollton hadn't donated the bricks to the Sulpicians, what was the original intended use for these bricks?",1,St. Mary's Seminary and University
cb2151ad-3d10-44e0-b51d-07b1c5052e0e,ifqa,"If the ring stages in Superman 64 hadn't been incorporated into regular gameplay, what would their original purpose have been?",1,Superman 64
adc67572-ec46-4593-a451-adbeb262ce9a,ifqa,"If Matt Skiba had released his solo album ""Demos"" as initially planned, in which month and year would it have been released?",1,This Addiction
43bd4148-50b7-453d-822f-4b1fcb0e9bed,ifqa,"If Jeff Maggert had been defeated in the 1999 WGC-Andersen Consulting Match Play Championship, who would have been the winner of the tournament?",1,1999 WGC-Andersen Consulting Match Play Championship
20cc875d-64b6-4c97-a141-adddd7ffe852,ifqa,"If the American sitcom ""That '70s Show"" had retained its initial title, what would it be known as?",1,Danny Masterson
372a274d-8841-45ab-b6dd-4f80ade3f42e,ifqa,"If Barbados eventually became one of the world's leading sugar industries, when was sugar cane first introduced to the island?",1,History of Barbados
f680d35f-70bd-4179-8fd1-1e9d282b8614,ifqa,"If the construction of the Ryugyong Hotel in Pyongyang, North Korea had been completed as initially planned, how many revolving restaurants would it have featured?",1,Ryugyong Hotel
789064c5-9412-4eab-ad04-6def0f55a933,ifqa,"If the episodes of Betty Applewhite's show had been broadcasted as initially planned, where would the characters Betty and Matthew have delivered food to a captive in the finale of the first season?",1,Desperate Housewives season 2
a6924fe7-abfd-4b62-b475-04b83c106503,ifqa,"If Sharon den Adel had not become pregnant, when would the album ""The Unforgiving"" have been recorded?",1,The Unforgiving
edb5c3ea-17a0-4c24-8557-8af4d26f0e52,ifqa,"If William Johnson's paternal grandfather had not Anglicized his surname to ""Johnson"", what would it have originally been?",1,"Sir William Johnson, 1st Baronet"
5834ef44-0c7b-4fb7-b620-2849685c16d7,ifqa,"If the region where Central Cortada is currently situated had retained its original name, what would it be referred to as during the 1700s?",1,"Santa Isabel, Puerto Rico"
556e21cb-bdca-476f-a641-db3f68af4f7c,ifqa,"If Sheila Kuehl had not portrayed the character of Zelda Gilroy, which character in ""The Many Loves of Dobie Gillis"" would she not have been the aspiring girlfriend of?",1,Sheila Kuehl
b78232e0-85cb-4121-8ade-7fdeca0efaf6,ifqa,"If the comic opera ""The Sorcerer"" by Gilbert & Sullivan had opened as originally planned, on what date would the production have taken place?",1,The Sorcerer
afc09202-96e9-4731-bbb7-140887399a33,ifqa,"If Lewis Collins had been cast in the role he claimed he was initially signed for in the movie Wild Geese II, which actor's place would he have taken?",1,Wild Geese II
c10267c3-9327-4928-a761-585c1fa4d2d1,ifqa,"If the Kashmiri poet Habba Khatoon had never decided to change her name, what would she have continued to be known as?",1,Gurez
d43bd678-6ba4-496a-b11f-50d4148a9211,ifqa,"If the name ""Old Trafford"" originated from the existence of two Trafford Halls, Old Trafford Hall and New Trafford Hall, when was Old Trafford Hall demolished?",1,Old Trafford (area)
ef51f0b9-a3af-47a4-8c54-00a355b101e0,ifqa,"If Ethnic studies was established to contest the existing curriculum and concentrate on the history of various minority ethnicities in the United States, what academic field can be considered its antithesis?",1,Ethnic studies
0636fedb-f008-4289-bba8-ddb03f672b99,ifqa,"If the statue of Roberto Clemente had never been moved from its original location, where would it be situated?",1,Roberto Clemente Bridge
1dce4955-340a-4b7c-b83a-7232f332e42b,ifqa,"If World War II had not occurred, what would have been the original purpose of the main tower at Maine East High School?",1,Maine East High School
135a7f55-9591-4d92-9a9e-30c2d3429b52,ifqa,"If none of the towers of the Citadel of Damascus had been lost, how many towers would it have today?",1,Citadel of Damascus
7b56fa93-26fb-4246-9e3e-de55dee4edd9,ifqa,"If the WWE had not adopted the term ""Extreme Rules"", what terminology would they have continued to use for their matches?",1,Extreme Rules (2012)
77a840df-dcf7-41a4-bf29-cb9e4eb4f75b,ifqa,"If ""Millionaire Hot Seat"" hadn't been given a weeknight timeslot, what type of series was it originally promoted as?",1,Millionaire Hot Seat
c068ac1f-5fac-4677-92c0-218217beb147,ifqa,"If Screamin' Jay Hawkins and his band hadn't been intoxicated during the recording session, what style would ""I Put a Spell on You"" have been performed in?",1,Screamin' Jay Hawkins
af838153-57ae-4eff-8471-c4aef013e03e,ifqa,"If a clan does not possess its own chief, what is such a clan referred to as?",1,Scottish clan
c92d1e36-8829-4208-b827-91049de3d4ff,ifqa,"If the ""Little Chief"" figurine mascot hadn't been lost during the Second World War, what material would the Hastings and Prince Edward Regiment's mascot have been made of instead of solid pine?",1,Military mascot
f6cc1ec4-a635-4d47-aa2b-28f4825c7739,ifqa,"If ""The Sitter"" had been released as per its original schedule, in which month would it have premiered?",1,The Sitter
fcbcc984-e470-4964-9dab-2e78e7390d25,ifqa,"If the infantry units originally assigned to Price hadn't been redirected, which theater would not have received his infantry units?",1,Price's Missouri Expedition
0185d40b-be25-40e4-aad8-0294ac401cfd,ifqa,"If the developmental issues with the Agena B stage had been resolved on schedule, when would the U.S. Air Force have initiated the flights of Ranger 3?",1,Ranger 3
57e97308-343b-4429-9ad5-185b1b269371,ifqa,"If the original lease of the Bronx Opera House had not changed, who would have been the leaseholders?",1,Bronx Opera House
ae437c75-7229-4d49-a78c-f62f17b82ffa,ifqa,"If the settlement on the north side of Rickreall Creek in Oregon hadn't been renamed as Dallas, what were its original names?",1,"Dallas, Oregon"
f1046523-1454-4963-a254-6fd9c606876a,ifqa,"If the character of Van Statten in the episode ""Dalek"" of the BBC show had retained his original name, what would it have been?",1,Dalek (Doctor Who episode)
8e206049-c436-4325-a812-b189f97cf1f2,ifqa,"If Norman Smiley hadn't been referred to as ""Lord Henry Norman"", what was his original wrestling name?",1,Norman Smiley
1b1f4a3f-d895-48ac-b44d-fc5d75f62684,ifqa,"If the government had not initiated the modernization of the existing bus fleets for minimal environmental impact, which type of buses would not have been introduced in Pakistan?",1,Transport in Pakistan
25b2d3fa-ad28-48ef-8e8c-934b13a93ae6,ifqa,"If there were no technological constraints during the development of ""Bulletstorm"", which types of multiplayer modes would the team have experimented with?",1,Bulletstorm
afce7501-f4d8-4cd1-9968-ceab9b2f2f59,ifqa,"If the mu meson had turned out to be the particle that Hideki Yukawa had predicted, what could it have been named?",1,Muon
57e7013d-3e7c-4d75-98ce-aba3184474ea,ifqa,"If NASCAR had never faced issues with ensuring spots for full-time teams and their sponsors when more than 50 cars attempted to race, which rule would not have been implemented in 2005?",1,2013 NASCAR Sprint Cup Series
9b5e3a9e-9253-4bfd-ae94-bf9c8edb7620,ifqa,"If Batista hadn't suffered tricep injuries, who would Vince McMahon not have recommended to join the Evolution Professional Wrestling group?",1,Evolution (professional wrestling)
f78059e0-86e8-47c0-a4a3-74478ea4f0af,ifqa,"If filmmaker Frears hadn't attended the Berlin International Film Festival and watched ""Mifune's Last Song,"" which actress would he not have identified for the female lead role?",1,High Fidelity (film)
70995fe9-0424-43b3-b0ac-724c14b5a4cc,ifqa,"If the Maldon line from Castlemaine to Maldon had been extended as per the original plan, which station would it have ultimately connected to?",1,Deniliquin railway line
4114ffc1-8ef0-42f0-bebe-e3cd984cd8db,ifqa,"If the expedition's officers hadn't decided to change their destination during the council of war, which location would they have joined with the Irish Protestant forces instead of Belfast Lough?",1,Siege of Carrickfergus (1689)
978a104e-ff37-442f-a4cf-5ff781a0021b,ifqa,"If Vince Van Patten and Tony Dunst hadn't replaced the original commentators in the 2014 World Poker Tour, who would have continued in those roles?",1,World Poker Tour
6271990b-61d0-4e27-8bad-8c0871574b04,ifqa,"If Metro-Goldwyn-Mayer (MGM) hadn't altered the release schedule for the 2014 RoboCop film, when was it originally set to premiere?",1,RoboCop (2014 film)
a2a18944-9513-445f-bee0-dccdb2d15373,ifqa,"If there hadn't been a coffee shop in the same building, what type of shop would Hudson Soft's founder Yuji Kudo not have opened?",1,Hudson Soft
8d8b6fac-aa26-4a2f-a410-6a897a29f58f,ifqa,"If there hadn't been any concerns about potential insurgent attacks, when was the CPA originally scheduled to transfer power to the Iraqi Interim Government?",1,Coalition Provisional Authority
9079b43f-804b-4187-95e8-f901a86cafae,ifqa,"If ""Red Rose Speedway"" had been released as a double album as originally intended, which three-word titled song by Denny Laine would have been included?",1,Red Rose Speedway
9ec7d51e-326b-45d8-8702-fc661948b90b,ifqa,"If the band Echoes had never been formed, which group including members Sakurai, Tahara, and Nakagawa would not have been influenced by them?",1,Mr. Children
a921b2fd-bbde-45ab-bcb2-3c2ada9777ba,ifqa,"If the company had not rebranded, what would Dimension Cable Television be known as?",1,Times Mirror Company
548c6f17-cedf-43e5-b68b-eb48560690c1,ifqa,"If Brie Larson had not accepted the role in ""The Glass Castle"", which actress was originally considered for it?",1,Destin Daniel Cretton
dcabb55f-2e3b-48ca-8e3b-f28a52aafd84,ifqa,"If the Spanish officials hadn't found maintaining the mission in Nacogdoches too costly, where would the settlers not have been ordered to move to?",1,"Nacogdoches, Texas"
c60b7eff-2b9e-4512-b123-e48c791a6178,ifqa,"If the film ""Blue Steel"" had been produced with its original budget, how much money would have been allocated for its production?",1,Kathryn Bigelow
55bbd681-7e36-4a48-a1d5-1619248ba18b,ifqa,"If Warner had chosen to distribute the live performance of ""I Love You Goodbye"" on TV stations, what would they not have created for the song?",1,Nina Live!
ee1946b0-4459-437a-ade6-63e180daea82,ifqa,"If the initial recording of ""Carnival of Carnage"" had been published, who would have been the vocalist?",1,Carnival of Carnage
55415c2f-ad92-400f-aad0-058ba0a77272,ifqa,"If the rectification works to link up with the new Beltway in the city of Maua hadn't been carried out, which stream would have retained its original vegetation?",1,Mauá
ad3efc22-832e-49f7-96b7-1f87fac3a9ca,ifqa,"If the weather conditions had been favorable, which stage of the race would have commenced in Bormio?",1,1988 Giro d'Italia
1db82502-07a4-47f6-9d72-da25f8cf19da,ifqa,"If the directors of Pecunix hadn't relocated the gold bullion to an undisclosed location in 2008, where would it have remained?",1,Digital gold currency
55e2e06d-c8c4-477f-8600-8c529215e099,ifqa,"If terrestrial tetrapod fossils were not predominantly discovered in lacustrine environments, which eutriconodont's aquatic occurrences would be considered less significant?",1,Aquatic mammal
c7e511a2-15fc-40e6-82d6-5bfc76063cfa,ifqa,"If political reasons were not a factor, which aircraft would not have received fighter designations?",1,Fighter aircraft
4336b692-d15e-4629-bc16-4f7b82ff732e,ifqa,"If Father Greaton hadn't constructed the chapel in 1733, where would he have continued to conduct mass in Philadelphia?",1,Old St. Joseph's Church
6b86cccc-bcd3-4089-9148-832875e0cf39,ifqa,"If electronic dubbing hadn't been introduced, what would physical editing of a taped audience show cause on the soundtrack?",1,Laugh track
ab9e8397-e5f9-4c26-90ca-9eb0894d185b,ifqa,"If the consortium had not altered their proposal to relocate the proposed stadium to Denbigh North, where would the stadium have been originally located?",1,Milton Keynes Dons F.C.
f40924fd-c346-4f87-b595-dac9e7932878,ifqa,"If the Rockefeller Drug Laws hadn't been passed in New York State in 1973, who wouldn't have faced mandatory minimum prison sentences?",1,Prison–industrial complex
6e5ccfac-6c1d-46cd-bb20-2471f7a37ca7,ifqa,"If Pocatello High School had retained its original name, what would it be called?",1,Pocatello High School
5d5923ec-997d-4f33-ab5f-ce41122e5371,ifqa,"If the village of Cadgwith had retained its original name, what would it be known as today?",1,Cadgwith
2ca8422a-5a58-48d5-8d09-43e4ab6b2060,ifqa,"If the name of ""Poudre B"" hadn't been changed arbitrarily to distract German espionage, what would its original name have been?",2,Poudre B
7b067817-54e1-443f-bfb6-18dc35a00743,ifqa,"If the Dornier Do 17 had been equipped with the initially planned engine, what would that engine have been?",1,Dornier Do 17
6b2d071a-bb1a-4810-beb7-9160b1b0acca,ifqa,"If the ""Octeon"" brand name had been successful, when would it not have been abandoned?",1,Alstom Traxx
aa27638f-0758-46bb-bd1e-dfae73c737b5,drop,Who is the Panther's Field Goal Kicker?,3,2017 Carolina Panthers season
7d4eda92-fe7e-43a3-9d53-b317013ea852,drop,What area did the Sipahi guard?,1,Siege of Belgrade (1456)
e925cf82-fdf3-4ec5-b007-375c416fe846,drop,Which team won the game?,1,2010 San Francisco 49ers season
3f36aec9-b6d2-4986-8ecc-5859e89aec9d,drop,What year was the second Crimean campaign?,1,Russo-Turkish War (1686–1700)
e4a6a292-d861-4434-9ab6-e57c1655f414,drop,Who fumbled in the redzone?,1,2006 Philadelphia Eagles season
5d486cd8-cae8-498b-8c3b-9ee7c6e3dec4,drop,Which team does Qwens play for?,1,2008 Philadelphia Eagles season
db55c4cf-0e88-433e-a246-ade3f21d65cc,drop,How many minimum amount of Russian POWs was Boris Savinkov head of?,1,Polish Land Forces
d08335d1-5cb0-4d19-9710-116b3010e685,drop,Who threw the longest touchdown pass?,2,2008 Tennessee Titans season
885ca9c2-9936-4404-8368-78a6ea797f11,drop,Who kicked the longest field goal?,1,2008 Washington Redskins season
94541294-aee8-4b04-92f8-6dbbc0742ab9,drop,Who won the game?,5,2008 Carolina Panthers season
897fd100-3c01-41d4-8988-f2c0295ad84a,drop,How many months before Borbor moved to Paris?,1,Dariush Borbor
d5e1f3f3-2d44-49e0-a588-8c295ae91d12,drop,How many yards did Morten Anderson kick?,1,2006 New Orleans Saints season
2ae93cea-b81e-4286-b3a1-f0eb820689c0,drop,Who was the Giants coach?,4,2015 New York Giants season
0a1a47b0-572c-4fcb-87ae-d53c84d87d36,drop,What name was dropped from the regiment?,1,1915 Singapore Mutiny
36f6a18e-393e-4ffb-bf73-e28226dbcb6b,drop,"Out of the 50,000 men how many cavalry regiments and infantry battalions were organized?",1,Third Anglo-Afghan War
1304c973-f835-4d4b-a1e5-ce55db8ae290,drop,Who had the only rushing touchdown of the game?,1,2013 Baltimore Ravens season
0c400d7c-64d2-4936-8d4f-6815f40c35e1,drop,Who got a 41-yard field goal?,1,2007 Detroit Lions season
0a2b8ab0-7ed2-4d5d-be39-90e9c85f3f15,drop,How many different groups of people occupied the railway line from Murmansk south as far as Kem?,1,Viena expedition
dd30b3ed-573a-4e5b-a462-412aaf8381c6,drop,Who is the Viking's kicker?,1,2012 Indianapolis Colts season
5d26bb34-339b-4c96-a573-e6a9db8d2025,drop,Who threw the longest touchdown pass?,1,2008 Arizona Cardinals season
97fb2e3b-9f01-42bc-859d-16f6b3485c69,drop,Who scored the first touchdown of the game?,1,2011 San Diego Chargers season
2b0e1725-439d-42da-9849-8dc02ac54a19,drop,Which team the won the football game?,3,2017 Buffalo Bills season
17e8fed0-e3ec-48ab-bb10-3541de9f31b4,drop,What militant group was kicked out of Mongolia?,1,Mongolian Revolution of 1921
79882373-6b25-4910-8da7-d12271148d65,drop,Who scored the first touchdown of the game?,1,2011 Miami Dolphins season
651f0de3-1f18-43c5-b80d-ee5bcc7199fa,drop,Who had the shortest TD run?,1,2009 New York Jets season
80f56a79-f8ce-4a13-b2a4-311372683ca6,drop,"Which gender under the age of six populated the area more, males or females?",1,Padmanabhapuram
835c5d69-4b54-4145-96f8-79be79ca599c,drop,What did the Court of Chivalry do for the first time in over 200 years?,1,Revived Cornish Stannary Parliament
c713ae73-8b89-48a4-b67f-4ecf2af0d7d0,drop,When did the Ossetian peasants rise in rebellion?,1,Rebellion in Tskhinvali
41334074-016c-4182-b960-15f0022e038b,drop,Who was the conspirator that wasn't beheaded?,1,Epiphany Rising
bcf65ad3-56e5-4b35-bfae-4658f26b2c2a,drop,Which age group consisted of most of the population?,1,"Bibb County, Alabama"
7fa5b806-8ab1-4992-9089-a2bc74be1490,drop,What 1/12 of a year did Erard and Philippa land in France?,1,War of the Succession of Champagne
a801cd2e-b0b3-4c55-97cb-6e2e4d44b7b6,drop,During what year was Korea under Japanese occupation?,1,Sohn Kee-chung
58010a61-9d18-4bc7-a84f-56d1561192a3,drop,Which age group had the highest population?,1,"Tate County, Mississippi"
8fe26556-52b1-401e-a2b3-59bb17c5f8c5,drop,How many dollars did the monthly pension drop between 2001 and 2004?,1,Economy of Uzbekistan
177bf3f0-d556-4049-a760-ddcefad7e649,drop,Who presented the 5pm bulletin before Deborah Knight?,1,TEN (TV station)
d5531971-ca43-4e11-8ddc-c7881f1cd8de,drop,How many more people did France officially reach in 2017 compared to 2014,1,Demographics of France
b6283193-64c2-4482-99f5-2019d0c5cb85,drop,Where did the Italians retreat to?,1,History of South Tyrol
205757f1-4e5d-4997-8103-f9f61bf5a418,drop,How widespread was resistance to the conscription upon the introduction of the new law?,1,Green Corn Rebellion
5ddbb70a-9da2-44ab-9a07-fc04388f86d2,drop,Which corps of the Imperial Army had the most troops in 1664?,1,Austro-Turkish War (1663–1664)
15632e23-f8e8-4f9a-afdc-ad85aef2f4c8,drop,When did Lawrence serve in the West Indies?,1,Charles Lawrence (British Army officer)
fed71452-d123-487c-a454-10e12966c980,drop,Who was 1-0,1,2016 Cincinnati Bengals season
ec3494cf-726a-457a-912d-dbf4475ec64f,drop,PSA provides what?,1,Pacific Science Association
cf142fd6-1e91-431a-a841-9bd1cb511887,drop,Which realm had an agreement with the Qing state?,1,Zhonghua minzu
801b0edc-ad98-4ddd-a7f3-719b72f7514f,drop,What was the Georgian rebellion called?,1,August Uprising
3eda9e58-5ef0-4389-ae22-916f9e5c3725,drop,"Who raided Lodoga first, Eiríkr Hákonarson or his brother Sveinn?",1,Swedish–Novgorodian Wars
8e1a66da-530d-4413-8ce2-20b0fe13630a,drop,Who did Tokhtamysh betray after an alliance with him?,2,Tokhtamysh–Timur war
a0132739-bafd-4738-9bc1-6e3d55814af7,drop,What had a murderous flow?,1,Dano-Swedish War (1470–1471)
cd3daf59-41cb-4bcf-ae0b-7cfa7a8942d4,drop,What general did the 37th and the 84th regiments belong to?,1,Battle of Neuburg (1800)
269c7ada-dd8f-4ae1-9ebf-9f908b02c94c,drop,How many hours were acquired between July 2007 and April 2008?,1,AAI RQ-7 Shadow
591637dc-1283-48c8-b353-f9fd4f4f2569,drop,Which year Scotland was involved in the Wars?,2,Scotland in the Wars of the Three Kingdoms
00bdf195-a662-411d-9b1f-e03d702e1296,drop,What was done to the Wayuus?,1,Viceroyalty of New Granada
990ff6b1-632e-4da1-ab5f-10f6ae57d6ad,drop,What was the age span of men who were eligible for conscription?,1,Conscription in the United Kingdom
fdf51f03-64b1-4a60-8e7f-aa21fe346522,drop,"What happened first, the Venetians attacked Lepanto or Kemal Reis bombarded the Venetian?",1,Battle of Modon (1500)
2816c1fa-da0f-4d9b-9828-9caa430cc325,drop,what was the result of the peace treaty?,1,Polish–Ottoman War (1620–1621)
aa70d5e4-e100-4c6c-a561-6ee388ad035a,drop,What was the new name of the CPNLAF force?,1,Kampuchea Revolutionary Army
fcc09e15-eaee-4b89-967f-872ff90092e9,drop,Where did the Athenians escape to?,1,Siege of the Acropolis (1687)
8a05a56a-0748-4cc0-a45c-54c703d324ce,drop,Which team scored first?,2,2015 Minnesota Vikings season
21eaa653-e048-4e5b-a94b-e7188475b5fb,drop,When was the mayor of Munster installed?,1,Münster rebellion
3e923e28-3c3e-42be-a625-10e2c8490194,drop,What was the first year that the Beja Congress sabotaged the oil pipeline to Port Sudan,1,Beja people
d92debc8-43ac-4c18-bb4b-9c4b0169ce51,drop,What are Mount Everest and K2 a part of?,1,Tibetan Plateau
f2172975-cce3-4ca7-bdf7-6c35bbb8eaac,drop,Which ships did Gato sink on her fourth war patrol?,1,USS Gato (SS-212)
cf1bc247-f803-409c-a07f-62968ded07de,drop,Which three islands did the S-26 visit from 1923-1925?,1,USS S-26
63697393-a0e6-4f65-b43c-ff18329329bf,drop,Which production designs were cancelled between 1964 and 1966?,1,Neutron bomb
3ec6cb41-68b2-4f4b-8657-3ebc9c9206af,drop,Which of Millicent's grandmothers was born first?,1,Millicent Fenwick
1c0904b7-e749-4c1f-8165-974ecf9d3594,drop,"Which month in 2010 did less North Koreans own mobile phones, May or September?",1,Telecommunications in North Korea
473e1586-0f73-4fb9-a3bc-fcbd83f8af90,drop,What are the names of the South Korean pension schemes?,1,Pension policy in South Korea
d7bdda25-6780-45dc-ac77-b3c9e47adbdd,drop,What 21-gun salute state had the largest population?,1,Princely state
da3e3235-a9db-4ecf-9718-19ef7b990378,drop,How many ships did Suzuki captain between 1909 and 1912?,1,Kantarō Suzuki
b6299c37-1caa-465d-bf60-c80084f899cb,drop,Which battalions formed the Czechoslovak military forces?,1,Polish–Czechoslovak War
16b7bfa5-c2d1-4226-8b6a-929d0571796d,drop,Who threw the only touchdown of the fourth quarter?,1,2017 Indianapolis Colts season
fb199403-151e-4752-83eb-730d96641559,drop,"What year was the index's intraday high 1,552.87 exceeded?",1,Closing milestones of the S&amp;P 500
603a1c2d-7c68-4e4c-b5e2-93db7be46f65,drop,How many years after the first Kandyan War did the second Kandyan War happen?,1,Sri Lanka–United Kingdom relations
ab3bef34-df7d-4532-bf0a-a7771c33974e,drop,Which groups in percent are larger than 21%?,1,"Cedar County, Missouri"
1dee6629-6849-492e-bcc5-cbe36f2227b1,drop,What age group made up the highest percentage of the poplation?,1,Cunter
6ca0acc8-fa5e-457a-9a35-33dbcf6a7063,drop,Which two teams were the earliest to play at Bosse Field?,1,Bosse Field
6623f09e-47d5-466c-80fb-842032403b38,triviaqa,In which branch of the arts is Patricia Neary famous?,2,Patricia Neary
421fcc28-68b1-4385-96ac-70f3dadea18c,triviaqa,What was Scarlett O'Hara's real first name?,1,Scarlett O'Hara
7708bd6d-ade7-4cbf-a851-5ce43095fa62,triviaqa,In which 70s musical did Paul Michael Glaser star?,2,Paul Michael Glaser
e61d5448-87dc-4eed-b54e-bd5c61ce205c,triviaqa,Who was Jermaine O'Neal playing against when he made his debut in 1996?,1,Jermaine O'Neal
f0f64bbf-ba62-46e0-b1fc-de92ad9fcae9,triviaqa,What was Jane Russell's real first name?,1,Jane Russell
63df2250-3d7f-4681-8dbd-d86adca9ec98,triviaqa,Who did Hubert Green beat to win the US PGA Championship in 1985?,1,Hubert Green
f559eede-48bd-4f3a-a3ab-01466c47f8d1,triviaqa,Richard Gere won a scholarship to the University of Massachusetts in which sport?,1,Richard Gere
086c6af8-80cf-4c09-b3ae-625182efb19f,triviaqa,Madeleine Gurdon is the third wife of which millionaire?,2,Madeleine Gurdon
f38c5a21-b444-49f0-b75a-462216d102b7,triviaqa,What was advertised by Rod Stewart and Tina Turner's version of It Takes Two?,1,It Takes Two (Marvin Gaye and Kim Weston song)
cd98ca75-b9a0-46ac-b55f-b5ac00ae2367,triviaqa,Which Norwegian explorer did Robert Feary beat to the North Pole?,1,North Pole
9e7c690a-42ec-4496-bc3c-34640d58f1ac,triviaqa,Oxygen forms approximately what proportion of the atmosphere?,1,Oxygen
cd0da025-cee4-462b-ba19-7f37e42695ae,triviaqa,Who wrote The old man of Lochnagar?,1,The Old Man of Lochnagar
30f37d6b-fbb8-4990-b259-19f9168424aa,triviaqa,What colour is Santa Claus' belt?,1,Santa Claus
5eae5b82-a87a-4a0e-883c-8bd5bd122ce7,triviaqa,Who did Sue Barker replace as host of the BBC quiz show A Question Of Sport?,1,A Question of Sport
50faf00e-a660-4d74-83b8-76c35a61949f,triviaqa,Which childrens novel by Raymond Briggs has a main character whose job it is to scare people?,1,Raymond Briggs
ba9c99d9-cf37-4974-bc29-a8d0defd094d,triviaqa,"In kilometres, how long is the coastline of Brazil?",1,Coastline of Brazil
59c948a0-872f-40a7-94c4-b1dab3cba2c2,triviaqa,Who hosted the BBC gameshow Going For Gold which featured contestants from various European countries?,1,Going for Gold
3dafee3c-d361-4a48-89ee-20d9a82ecdee,triviaqa,Who presented Ask The Family when it was revived in 2005?,1,Ask the Family
971a1f87-21ec-4347-b1eb-fdb55db6d219,triviaqa,Who played Fusilier Dave Tucker in Soldier Soldier?,1,Soldier Soldier
5c368ea9-e54d-4dcd-aa9b-7bad2dfe5348,triviaqa,Who were Tom and Barbara's neighbours in The Good Life?,1,The Good Life (1975 TV series)
172fe957-162a-430c-9a4f-11289f050966,triviaqa,In what year did the first Red Nose Day take place?,1,Comic Relief
61324bc8-fc8a-4262-a8e0-24d4bcc4800e,triviaqa,The Smurfs are described as being how tall?,1,The Smurfs
abbabbd6-89ff-4ae1-b8ab-4436ed9992d3,triviaqa,What was the name of the episode in which Rodney first met Cassandra?,1,Cassandra Trotter
4a21e82c-2242-444f-8bd1-c2455e287054,triviaqa,Who played Aunt Renee in The Frogs Legacy?,1,The Frog's Legacy
fe0f88d6-b7fe-44e1-99eb-281eb5c05c14,triviaqa,Which famous actor played Roy Slater?,1,Roy Slater
f231bc10-cb14-4e41-b365-2a5e2bfa169c,triviaqa,Brinsley Forde who went on to become the lead singer of Aswad starred in which children's TV series of the 1970s?,1,Brinsley Forde
37fc0e5c-95ad-4022-b6fb-896ce980f3d2,triviaqa,What is the name given to the fur of a polecat?,1,European polecat
56787fe4-6c53-4256-8f02-2ba74bc49737,triviaqa,Who presented the National Lottery quiz show Jet Set?,2,Jet Set (game show)
e461eee1-9c72-4d01-9f84-5fad86ec3589,triviaqa,Which ex-comic is married to Billy Connolly?,1,Billy Connolly
3f5fe11b-6f3b-4780-8384-92b0ea4e6b4a,triviaqa,Instrumental composition by Henry Mancini written as the theme for this 1963 film?,2,Henry Mancini
1fb8d252-e1fe-42df-9c10-48eb863e889a,triviaqa,Who is the TV personality brother of radio presenter Janice Long?,1,Janice Long
778c37c7-956a-4d9c-bfb6-736952164b63,triviaqa,Which famous piece of music was commissioned for the reconsecration of Coventry Cathedral in 1962?,1,Coventry Cathedral
b4875cd9-6990-4819-bb3e-e8bf671032df,triviaqa,What is the name of Frank and Betty Spencer's daughter in Some Mothers Do Have Em?,1,Some Mothers Do 'Ave 'Em
7e2a4673-3293-418c-9203-de81cda31dc3,triviaqa,In Rising Damp what was the christian name of Miss Jones?,1,Rising Damp
836c0797-a661-4020-98f7-3a36c311f53e,triviaqa,Whose debut album released in 1998 was entitled The Voice of an Angel?,1,Voice of an Angel
67edefdd-de97-46a1-a381-edcb74451378,triviaqa,Who was the first foreign player to score a hat trick in the Premiership?,2,List of Premier League hat-tricks
5ebe7c2f-6879-48e1-ac8e-16d3a1ed62c3,triviaqa,What was the nationality of Pedro Proenca who refereed the final?,3,Pedro Proença
b1d2ee95-c53d-493d-b132-59f56b95e33f,triviaqa,Samantha Bond starred as Miss Moneypenny in four James Bond films between 1995 and 2002. She also plays the recurring character of Auntie Angela in which BBC semi-improvised comedy series?,1,Samantha Bond
58bb136c-7cf3-4dda-84a4-d3c64b1cfcb4,triviaqa,Launched in 1906 & became a generic term for modern battleships and the name of a class of battleships in the Royal Navy.,1,Battleship
a6efe547-0e82-4537-92bc-59d22ee475ec,triviaqa,"In the cartoon Roobarb and Custard, what colour is Custard?",2,Roobarb
9f21c683-4b9e-4b61-87b5-a24e1e3cd96d,triviaqa,"At the end of the novel 'The Day Of The Triffids', on what island do the two sighted protagonists Bill Masen and Josella Payton eventually find refuge?",2,The Day of the Triffids
1b872580-c4bc-4a1c-9709-ffb324385315,triviaqa,Soul Limbo is used as the theme tune for which radio programme?,1,Soul Limbo
3b597123-a60a-4afb-ac55-208e6aebda29,triviaqa,"And currently, at what age are taxis required to have an MOT certificate?",1,MOT test
270f526c-fae5-48fb-8158-d7377575bd9a,triviaqa,What is the first name of cricket umpire Dickie Bird,1,Dickie Bird
bad311ec-005d-4371-b17c-4d468a157c43,triviaqa,Who wrote the story collection Portrait of the Artist as a Young Dog?,2,Portrait of the Artist as a Young Dog
0589e768-dfe1-4502-a928-0336db8b9d2c,triviaqa,Who captained the whaling ship Pequod,1,Pequod (Moby-Dick)
f4741e68-830f-4438-8fdc-5c5a2e973fd7,triviaqa,"A TV series starring Bill Maynard in the early 80's, or the electrician in charge of a film set?",2,Bill Maynard
20f193bb-4bcd-43a3-be07-48f593b9dbe9,triviaqa,Who starred alongside Polly James in the first series of The Liver Birds?,1,The Liver Birds
35301663-f56e-4376-a511-7c7916321a60,triviaqa,"Which comedian was the host of the short lived Channel 4 programme, TV Heaven Telly Hell?",1,"TV Heaven, Telly Hell"
ba410c5d-882f-4fff-88f7-bd1ed82646c2,triviaqa,In which year was the Ford Anglia car first produced in the UK?,1,Ford Anglia
4f068bb1-03f1-4fe8-bbdc-77ec749f1fd1,triviaqa,Which ex-Playboy Bunny sang in a band called ‘Wind in the Willows’ before becoming the singer in one of the most famous bands of the 1970’s and 80’s?,1,The Wind in the Willows (band)
ac2abd2a-47ea-4a36-842b-4890b376fdef,triviaqa,Under what names were Janet and John books sold in the US?,1,Janet and John
ce58a19f-e776-4505-8b25-52f295072848,triviaqa,A ‘Flying Mare’ is a term used in which sport?,1,Throw (grappling)
6be15985-0e47-4019-81a6-e7ef264ad2da,triviaqa,Which playing card is known as ‘Hector’?,1,Jack (playing card)
ad82b428-802a-40ec-9455-242dcbc315c8,triviaqa,"In religion, which King is referred to as the ‘Conquering Lion of the Tribe of Judah’?",1,Lion of Judah
af480d35-671c-46ae-a922-64d77e3377a4,triviaqa,"In the UK television game show ‘The Exit List’, how many rooms are there altogether?",1,The Exit List
93faeb1a-87ae-4fda-9371-e96add6029a2,triviaqa,"In the nursery rhyme, who met a Pieman going to the fair?",1,Simple Simon (nursery rhyme)
5009faa0-2d70-4531-a022-cd46def4fd7d,triviaqa,Singer Doug Trendle is better known by what name?,1,Buster Bloodvessel
d75f6f7c-55d0-4f13-b1d4-8062b0b4259b,triviaqa,Who did actor Jack May play in the BBC radio series ‘The Archers’?,1,Jack May
fac6ba22-ba9d-4f45-8620-15ba46181ea3,triviaqa,"‘Bankable Productions’, an independent film and television production company, was founded by which former model?",1,Bankable Productions
cf8cf49c-6347-49ab-b5a1-d6c56a39cbd5,triviaqa,David Evans is the real name of which Irish musician?,4,The Edge
db33c04c-5c94-4f8a-a49a-a4c8d536c564,triviaqa,What is the name of the twin sister of the Disney character Donald Duck?,1,Duck family (Disney)
e4fc9217-11ff-4d64-b147-1726153504c9,triviaqa,In which South African country was Australian rugby player George Gregan born?,1,George Gregan
11d11d00-e611-4683-a770-c9cce4569bc1,triviaqa,Which soft drink ‘Gives you wings’?,5,Red Bull
cfbcf6a0-6ab1-4590-b824-a20d85b6a26c,triviaqa,Who was the trainer of three-times English Grand National winner Red Rum?,1,Ginger McCain
e753ac75-c9a2-413f-ade8-cf79c7c10db6,triviaqa,In 1994 Wendy Toms became the first female official in which sport?,1,Wendy Toms
af0186f8-6063-408b-a8b8-97adb9abbfd1,triviaqa,‘Here Comes the Fuzz’ was the 2003 debut album of which English dj and musician?,2,Here Comes the Fuzz
d1af5927-3d25-4770-be46-994985744fca,triviaqa,"Rafflesia Arnoldii, the world’s largest flower, is better known by what name?",1,Rafflesia arnoldii
2702770f-9f6c-4fea-b941-1348fcfbc216,triviaqa,Which British fashion designer created the UK television series ‘The Clothes Show’ in 1986?,1,The Clothes Show
3d973c5e-9c1b-427a-90f8-e01309730c07,triviaqa,Which bird was depicted on a British pre-decimal farthing?,2,Farthing (British coin)
a9f5a3ff-62ac-421a-8847-ab5d8a813454,triviaqa,Who’s got ‘A Lovely Daughter’ in the 1965 hit by Herman’s Hermits?,4,Herman's Hermits
b92ff7e3-5469-45fb-9373-c32acb051fb2,triviaqa,Who was the host of the first two series of the UK television panel game show ‘Odd One In’?,1,Odd One In
19cf1ede-a7a6-4e11-ad94-9730f6e79ca6,triviaqa,What was the name of the boutique opened by fashion designer Jeff banks in London in 1964?,1,Jeff Banks
14ac488e-3de8-41eb-9f80-b986d3eb936b,triviaqa,Albert Finney played ‘Sir’ in which 1983 film?,1,Albert Finney
73a22839-64d0-4408-89dc-ac57e85d41c9,triviaqa,How many ‘beds’ are there usually on a Shove Ha’penny board?,2,Shove ha'penny
5037e848-57cd-4320-94f7-c123e4c832a0,triviaqa,Who wrote the 1973 novel ‘The Dressmaker’?,1,The Dressmaker (Bainbridge novel)
21bec091-acd7-4d7f-b940-5457dfe53c00,triviaqa,Who plays Debbie Aldridge in the BBC 4 radio series ‘The Archers’?,1,The Archers
00797510-92d0-4289-965d-8f69978bcdd0,triviaqa,Historical figure Robin Hood is associated with which shade of green?,1,Robin Hood
1ac0a267-5a8b-4dfc-a276-f231783dfc41,triviaqa,Who is the only driver to have completed and won the Triple Crown in motor racing?,1,Triple Crown of Motorsport
6c3ecfee-7cb7-4d34-b159-94afa026a4c9,triviaqa,Tennis player Mary Pierce was born in which country in January 1975?,1,Mary Pierce
342ae83b-e8e7-4880-bd5d-47cf6e604010,triviaqa,Who sang the theme song to the BBC television series ‘Dad’s Army’?,1,Dad's Army
9dfa3dfe-f131-49be-9aaf-a0f25282459f,triviaqa,Laguna del Carbon (Coal Lagoon) is the lowest point in which South American country?,1,Laguna del Carbón
73ff6b5c-1d31-4066-8a65-2f5f775627c6,triviaqa,‘What You See is What You Get’ is the autobiography of which British businessman?,1,What You See Is What You Get (book)
46d1d27f-becf-4388-84a2-5c0c57030179,triviaqa,The Cowal Highland Gathering (the Cowal Games) are held every August in which Scottish town?,1,Cowal Highland Gathering
766d13f3-652d-44c8-b645-268f6ea77af2,triviaqa,English singer/songwriter Paloma Faith was born with which surname?,2,Paloma Faith
1b75a2f0-b63d-4138-921b-4d1647c389bd,triviaqa,What flavour is the liqueur Creme de Noyaux?,1,Crème de Noyaux
c0c3ed09-f331-4d1e-9691-132c24318157,triviaqa,What is the middle name of cartoon character Daffy Duck?,1,Daffy Duck
612fc545-54a2-4c77-982a-a4ca16fb9938,triviaqa,The Swiss pastry Carac is traditionally covered with which colour icing?,1,Carac (pastry)
8368ef4c-8344-403d-87f9-dc58d997ecdb,triviaqa,The Banoffee Pie was invented at the Hungry Monk restaurant in which English county?,1,Banoffee pie
0d10cd84-6073-410c-890d-f2c222e55d6c,triviaqa,Who wrote the 1902 autobiography ‘The Story of My Life’?,1,The Story of My Life (biography)
57c55b49-9bbc-4529-956b-d1aebb830417,triviaqa,UK television fitness guru Diana Moran is better known by what name?,1,Diana Moran
ec710fdf-f00d-4397-8085-6187c00303d5,triviaqa,The theme tune to the UK television series ‘The South Bank Show’ is by which composer?,1,The South Bank Show
428565e3-a23b-4fc8-b327-04dd88291f18,triviaqa,British television commentator Kent Walton was associated with which sport for 33 years?,1,Kent Walton
5806ad8d-250a-44f7-a3e5-742b4d56aab6,triviaqa,In which English city was singer Chuck Berry’s live recording of ‘My Ding-A-Ling’ recorded in 1972?,1,My Ding-a-Ling
fdf7fac4-859f-4c61-9779-60eba6374567,triviaqa,"What is the name of the sheriff in the children’s television series ‘Four Feather Falls’, co-created by Gerry Anderson?",2,Four Feather Falls
6f94e9a2-d9e5-4ae9-a3bd-01b215c3fa23,triviaqa,Who is the patron saint of Winchester Cathedral in England?,2,Winchester Cathedral
a364ab8f-2848-47ce-ae9a-05956dda4255,triviaqa,What is the first name of former Irish boxer Barry McGuigan?,1,Barry McGuigan
27a50eed-6fc9-4f08-bab1-14afb8333a05,triviaqa,The British brewery Abbey Ales is based in which city?,1,Abbey Ales Brewery
d6ff8597-46e3-4e3f-a487-0b586580d1a2,triviaqa,Which UK Christmas number one single featured ‘Two Ton Ted from Teddington’?,1,Ernie (The Fastest Milkman in the West)
cb44080b-0543-4023-95db-94fac311b768,triviaqa,Which actor played the title role in the 1960’s UK television series ‘Adam Adamant’?,2,Adam Adamant Lives!
daec420a-f2fb-43f6-afce-d34f71c98cb0,triviaqa,Playwright Alan Bennett taught medieval history at which university?,1,Alan Bennett
d32cc62a-72c7-41c4-80bf-ba900cf284a6,triviaqa,To which British entertainer did songwriter/composer Lionel Bart sell the rights to the musical ‘Oliver!’ for a reputed 350 pounds sterling?,1,Lionel Bart
69df7331-8b5f-4f4d-8e10-9f169ed2ed71,triviaqa,The Rutshire Chronicles is a series of romantic novels by which author?,1,Rutshire Chronicles
5a6cf7be-2e1c-4b1d-9cb9-f7560e641f19,triviaqa,"Which Ukip politician was in trouble for talking about ‘bongo, bongo land’ in the summer?",1,Bongo Bongo Land
7af5ed06-c40c-4c37-b69f-802b811ae8d4,triviaqa,What was the band Madness’s only UK No.1?,2,Madness (band)
be833a34-023b-4fc5-adb6-44bff85c3a69,triviaqa,"In 1996, which duo got to no.11 in the UK pop charts with ‘Ocean Drive’?",1,Ocean Drive (album)
b3699144-a68d-41c9-b8da-ebdf61700149,triviaqa,Which is the most northerly of the Met Office shipping forecast areas?,1,Shipping Forecast
ba55452b-f8e4-4537-ac1b-2df391aff45b,triviaqa,Which poet had a dog called Boatswain?,1,Epitaph to a Dog
7dcaf7ad-45b9-4b32-b4ab-9989a63ab5e2,triviaqa,Who is the long-time judo sparring partner of Arkady Rotenberg?,1,Arkady Rotenberg
75b66adb-e7e5-485b-ad5b-992fe7147315,triviaqa,Who appeared for 30 years with the jazz outfit John Chilton’s Feetwarmers?,1,John Chilton
78aa8040-fbad-4002-ac7c-aaa901ea3cfc,triviaqa,Boris Rankov was on the winning side six times in which famous event?,1,Boris Rankov
6985b856-df4f-4e9c-8d72-bcd50c8ed0c8,triviaqa,"Who is commemorated by a museum at Alloway, Strathclyde?",1,Alloway
7164c9e1-9b56-441f-a3fd-abb4e34cf77c,triviaqa,Strabismus is more commonly known by which one-syllable word?,1,Strabismus
ac761da1-ae5d-4df5-a508-9a8c09ce6a5f,triviaqa,Who is the famous actress mother of the actress and playwright Amy Rosenthal?,1,Amy Rosenthal
052d8f76-ada6-40c6-9874-7f6cb3126184,triviaqa,"""Which animal is """"Me"""" in Roald Dahl's book, 'The Giraffe And The Pelly And Me'?""",1,The Giraffe and the Pelly and Me
ad2b27a6-bc56-4d5a-a3f1-0c96e28719cc,triviaqa,Both Hairy Bikers have tattoos on their right arms depicting which iconic figure?,1,Hairy Bikers
4e519df3-f1e8-4dfa-9a54-9d60806d22c4,triviaqa,Which eponymous operatic heroine leaps to her death from Rome’s Castel Sant’Angelo?,1,Castel Sant'Angelo
e4228993-d064-46f0-a471-20461c7c4769,triviaqa,To whom did Clive Anderson say ‘Is there no beginning to your talents’?,1,Clive Anderson
ee369587-0f6e-495b-98c7-4240ae101d13,triviaqa,What was Lester Piggott’s first Derby winner?,1,Lester Piggott
42cd5a97-fecd-4574-9424-031a02225c7c,triviaqa,What did The Band of Hope pledge not to do?,2,Hope UK
401b9a8e-4e3a-4a2a-b4c7-f7c5f9020210,triviaqa,Villa Park in 1999 was the scene of the very last ….what?,1,Villa Park
5c64bc5e-f990-4f74-8c98-d14e6b9f1457,triviaqa,Which recent ITV three-part drama was based on real-life wife killer Malcolm Webster?,1,Malcolm Webster (murderer)
080d9bca-93bf-4964-8b74-deaf21afd3a5,triviaqa,Who was the bridesmaid at Dame Edna Everage’s wedding?,1,Dame Edna Everage
ff5d20cd-68d5-4741-8249-3e9c7afca036,triviaqa,Who currently coaches England’s women team?,1,England women's national football team
bca2cd0e-2a9c-4b8f-832d-267950550082,triviaqa,"On Nov. 7th 2013, what landmark did A.P. McCoy reach, in terms of number of winners?",2,Tony McCoy
aa52eb04-6037-49fe-bb9e-59b2aa8f60a9,triviaqa,What is the name of Hyacinth and Richard’s son in ‘Keeping Up Appearances’?,1,Keeping Up Appearances
44af1713-ad11-4542-a7ae-5c8534f9acad,triviaqa,Who plays Lee Mack’s father in Not Going Out?,2,Not Going Out
f32d377f-b5f2-4fdb-8b3e-32205fdc044a,triviaqa,Who plays Miranda Hart’s mother in her comedy series Miranda?,1,Miranda (TV series)
061f8ed7-a458-4093-88e0-0da993e3c354,triviaqa,Who plays Vic Reeves aka Jim Moir’s wife in the comedy Hebburn?,1,Hebburn (TV series)
65b38e8f-12d9-47fd-b5be-28929f3ec284,triviaqa,Count Duckula was a spinoff from which other children’s animated series?,2,Count Duckula
7067bda4-0fff-4335-be54-9e34a167ef8e,triviaqa,Who won the African Cup of Nations recently?,1,Africa Cup of Nations
0d87691a-0d30-4abd-a5b3-11faeec2df68,triviaqa,The first ball of the 2014 Major League Baseball season was pitched in which stadium?,1,2014 Major League Baseball season
c88ba5f2-e9c6-4cba-b860-414ebcd5081c,triviaqa,What word links a walrus and a telecommunications pioneer?,1,Walrus
3ccc162b-fa93-4539-ad39-282bfe401cd0,triviaqa,Who had a 1974 UK No 1 hit with Ms Grace?,1,Ms Grace
85bb83ac-5350-474b-8d42-a5ece7af1b7a,triviaqa,Who starred as Dan Matthews in ‘Highway Patrol’?,1,Broderick Crawford
db33fbcd-990c-4718-a29b-0a65774526d2,triviaqa,What part did the late Kevin Lloyd play in ‘The Bill’?,1,Kevin Lloyd
2e23e359-180e-47bf-b365-38aad2dff6df,triviaqa,What was snooker player Cliff Thorburn’s nickname?,1,Cliff Thorburn
660b1e1b-1659-4036-8a43-99276eef5b1d,triviaqa,What was Sir Malcolm Sargent’s nickname?,1,Malcolm Sargent
5049053b-e5bd-4966-9e11-84ba7387a427,triviaqa,"Object, Nature, Random, Person, Action and World are terms used in what game?",2,Articulate!
98a0e366-ae16-43ad-bf75-7ef84ebb1345,triviaqa,Who played consultant surgeon Mr Gordon Thorpe in Only When I Laugh?,1,Only When I Laugh (TV series)
f48292e8-a210-4fa5-98a4-b6d6b03dea8d,triviaqa,Darts had their last Top Ten hit in 1979 with which song?,1,Darts (band)
ee01d569-a3f5-4cc4-a601-ec70d24433e0,triviaqa,The word 'stannary' refers to which metal?,5,Stannary
c31db8dd-956d-4c03-a4a6-ae2d86b6e3e9,triviaqa,What role did Henry Travers play in a famous and still-popular 1946 film?,2,Henry Travers
f5094a9c-87e6-4857-a138-02e295259035,triviaqa,What is the poetic name for the song thrush?,1,Song thrush
2862fdb0-2756-4839-9a3e-9c446bdc929d,triviaqa,What was the name of the bird killed and eaten by Captain Edmund Blackadder?,1,Corporal Punishment (Blackadder)
44bb8b8c-cb38-4564-85fe-fbd6f8eca62c,triviaqa,Which car company currently sponsors the Kennington Oval?,1,The Oval
713c2850-b44d-41a9-9f1e-4cc436896526,triviaqa,In “Open All hours” which actress delivered the milk?,1,Open All Hours
653ed1b8-5fae-489e-a640-3312f71d4657,triviaqa,“It’s the way I tell ‘em!” was one of the catchphrases of which comedian?,1,Frank Carson
82a690de-f5e5-4fcc-8f79-d67888b62018,triviaqa,In which European country does/did the late Norman Wisdom have a huge cult status?,1,Norman Wisdom
ed96535a-1bdb-423a-a560-834f8ed74e3e,triviaqa,What is added to Scotch to make a Whisky Mac?,1,Whisky Mac
67271d76-3801-40ae-b094-2365edab905a,triviaqa,What was Esther and Abi Ofarim's only number one single in Britain?,1,Esther Ofarim
af6bfda9-5eae-4ae2-8e46-3f4e39aa8f68,triviaqa,"Although she represented the UK in ‘Eurovision’, what nationality was Gina G?",1,Gina G
764adbcf-2dfd-479b-aa4c-5c5cd1dbcd78,triviaqa,The group 'Bananarama' made a record which got to number 3 in the pop charts in 1984. The title of the record contained the name of what film star?,2,Bananarama
b8bbddc4-2c2e-4ed0-91a0-5d73e9793568,triviaqa,"""The song """"If I ruled the world"""" came from which musical?""",1,If I Ruled the World
67b3547f-091a-42a1-8e77-b9d820db359c,triviaqa,Which actor from 1979 to 1984 played the role of James Shelley in the TV comedy series Shelley?,1,Shelley (TV series)
7d3f06d9-962b-47be-9a42-53afc0861f3a,triviaqa,Which famous trademark can be seen on one of the bottles featured in Manet's canvas The Bar at the Folies-Bergere?,1,A Bar at the Folies-Bergère
7142f96b-b89d-4734-9efd-274679603e8e,triviaqa,What was the original title of Radio's The Goon Show'?,1,The Goon Show
fe2d4396-795e-49f6-a602-bf69f0b56072,triviaqa,Which band member is organising this year's Diamond Jubilee concert at Buckingham Palace?,2,Diamond Jubilee Concert
f719ae9a-10c6-45ad-b58b-8018cdf4b9c2,triviaqa,"If a capstan is a winding machine on a vertical axis, what is the equivalent on a horizontal axis?",1,Capstan (nautical)
6cd3fb53-64e2-4595-a584-9cdf252eb5fb,triviaqa,In which country was former Essex and England bowler Derek Pringle born?,1,Derek Pringle
b8e1ecda-24e0-41e1-9717-795f19302ec6,triviaqa,"""Which jockey rode 50/1 outsider """"Last Suspect"""" to victory in the 1985 Grand National?""",2,1985 Grand National
f4d722c4-84e3-472c-b53b-ce3acaa81efa,triviaqa,"""The pop group """"The Small Faces"""" had 11 top twenty records in the 60s and 70s but only one number one hit - what was it ?""",1,Small Faces
6119295f-c1f7-48f3-a7dc-efd5eb33d084,triviaqa,"""Which comedian had a top ten hit record in 1958 with the record """"Splish Splash"""" ?""",1,Splish Splash (song)
908f0d80-827e-4e4c-8c29-61b332122259,triviaqa,What are salmon usually called during the first two years of their life?,1,Salmon
3026d37b-edd3-48de-a36c-0c9c472952d7,triviaqa,How did a woman named Ethel Jane Cain become very famous in Great Britain on July 24th 1936 ? She remained so until 1963.,1,Jane Cain
e0bbf366-060d-4acf-9ddd-ebdde692ed0b,triviaqa,What nationality was artist Mark Rothko who lived from 1903 to 1970?,2,Mark Rothko
4eeb6e6e-356a-4762-a1ed-f9dfc2c3bd51,triviaqa,Which northern English town is associated with the manufacture of Uncle Joe's Mint Balls?,1,Uncle Joe's Mint Balls
80257a03-7495-4b98-9f69-5ca800268163,triviaqa,Who is the mother of the actor Toby Stephens ?,1,Toby Stephens
89841b00-a949-491a-b739-2da64bc68ee0,triviaqa,Who wrote the song 'I'll See You Again' ?,1,I'll See You Again
b8525cd2-2f2a-40e6-a87f-d0d3569fa26c,triviaqa,Which restaurant chain employed waitresses known as 'Nippies' ?,1,Nippy
3c5ccd7a-0d01-464a-a9c5-a0c2238fb55f,triviaqa,Who is the mother of the actor and director Samuel West ?,2,Samuel West
b38fab1f-82e9-4fd9-b0c0-5f406ac11e2f,triviaqa,Which Radio 2 programme was presented for many years by Alan Keith ?,1,Alan Keith
bf8dba93-7ef4-4a9b-b068-0d797cd23c6a,triviaqa,What product was the first to appear in a UK TV commercial (in 1955)?,1,Television advertisement
70e1fdf6-042c-413c-9cbf-df999745c8e4,triviaqa,Welsh rugby union flanker Andy Powell was banned from driving after celebrating his team's Six nations win over Scotland by driving what vehicle on the M4 motorway while drunk?,1,Andy Powell (rugby)
23cda6e6-cdc8-4622-8e75-9d9a460bb469,triviaqa,How many stars are on the national flag of The Cook Islands?,1,Flag of the Cook Islands
03af9326-825e-4195-aec8-a999f526b744,triviaqa,"The quirky activity in the news in Australia due to its first fatality, previously called 'the lying down game', became an internet photo craze now known by what less obvious name?",4,Planking (fad)
9cf048ef-e897-4d33-9d30-25dce120551f,triviaqa,What is the chess playing robot called in TV's Thunderbirds?,1,Brains (Thunderbirds)
fadd5740-4423-4275-a9f3-596b7189badd,triviaqa,"Lachryma Christi, an old Italian sweet red wine translates to mean 'whose what'?",1,Lacryma Christi
36257a84-ad5f-453d-b9fc-1cd5e1dd8314,triviaqa,"Name the German tribe which settled in Britain during the 5-6th centuries, whose name persists in a region of Denmark?",1,Denmark
0ba4cfbe-68cb-4c87-857f-d7422eae0a08,triviaqa,Labanotation is a system for coding/recording/analyzing what movement?,2,Labanotation
9695f880-c5df-4dd1-9556-cc3bb6cf738e,triviaqa,"A metal ring or grommet in a sail or other nautical attachment, through which a rope passes is a?",1,Grommet
885f5fb8-0140-4e3e-a679-d31db5ebf78c,triviaqa,German-British businessman Hans Snook founded which phone company in 1994?,1,Hans Snook
141ab35d-ddb6-42cc-bb2f-e224cab125b5,triviaqa,The cylindrical roller in a traditional typewriter is a?,1,Typewriter
ddd05c6c-5749-4d02-af93-7a560ca5674d,triviaqa,Contralto refers to a singing voice/range equating to?,1,Contralto
54ef43a0-c866-4350-a87f-12837b292f06,triviaqa,"The 18C legal term 'Ragman Roll', a record of crimes, originated what modern word for a long complex procedure?",1,Ragman Rolls
9671841d-bf53-4ca8-a6bf-6d2c540cf3de,triviaqa,How many international caps did English footballer Stanley Matthews (later Sir Stanley Matthews) win?,1,Stanley Matthews
f8e9b4ac-a830-48e7-b982-9b41bde6b1d6,triviaqa,North America's 'Boeing Apache' is a?,1,Boeing AH-64 Apache
a36990bd-7250-43aa-a636-0aba3a7495af,triviaqa,What liqueur goes into making a 'snowball' cocktail?,1,Snowball (cocktail)
2abc1d65-4195-4536-a40e-92e3b3f9941f,triviaqa,Which comedy actor had a novelty hit with My Boomerang Won't Come Back?,1,My Boomerang Won't Come Back
d606098b-721b-4f7d-9246-431c88b2e904,triviaqa,Who wrote the instrumental A Swingin' Safari and led the orchestra which played the original hit version?,2,A Swingin' Safari
15784d44-45fe-48be-81e7-53e597525847,triviaqa,Which London Bridge designed by John Rennie was opened in 1817?,1,John Rennie the Elder
0e31e64b-8901-44dd-a38e-88ebdc92c047,triviaqa,A nap hand is a series of how many winning points or victories in a game or sport?,1,Nap hand
0a6e0a60-519a-4d20-a1e0-6230081800e8,triviaqa,Which British cyclist crashed out of the 1998 Tour de France while wearing the Yellow Jersey?,1,1998 Tour de France
d9f2c71b-bc7c-446a-b761-f8aafa5ca2a4,triviaqa,Sir Edward and Lady Joan Downes made the headlines in July 2009 for their joint what?,1,Edward Downes
0971290c-bc99-4237-b963-2f482d12f3d2,triviaqa,Jan Kaplicky the architect who died in 2009 designed the space-age-like building at what sports ground?,2,Jan Kaplický
29a2dbf6-722c-4d04-af04-48194931134c,triviaqa,"Actor Laurence Payne who died in February 2009, aged 89, played which fictional detective on TV?",1,Laurence Payne
86ce9bee-c339-4fe7-88a0-615bbe3f5cb9,triviaqa,Which Sussex town hosted the G20 Summit in March 2009?,2,2009 G20 London summit
3efb224c-29cc-4282-80f3-c4f02ffc7b9c,triviaqa,John Lydon (Johnny Rotten of the Sex Pistols) fronted which dairy product ad campaign?,1,John Lydon
40d5e1f2-f3cf-4cdf-b47c-8ba262d5dc9e,triviaqa,US Jazz guitarist Huey Long who died aged 105 was a member of which famous 1940s male vocal group?,1,Huey Long (singer)
9b7d07d6-58e7-4afb-b9f6-da1ad2369f9d,triviaqa,"What stage character is based on a real life medieval merchant, politician and Mayor of London?",5,Richard Whittington
4f03aa18-87b9-4243-af3a-14f4f62b01e2,triviaqa,What game involves throwing rings to get them on or near a pin?,5,Quoits
681af748-0575-4261-a035-98aa743c2393,triviaqa,"What is a feud where the relatives of a murdered man take vengeance on the family of those who killed him, for generations?",1,Feud
5db41e3f-5d92-4d3f-8e39-c5a6791200fc,triviaqa,Australian professional golfer Greg Norman is known by which nickname?,1,Greg Norman
62645976-d393-4dd6-912b-8f7f8c24b1ee,triviaqa,"In badminton, how many times may the shuttlecock be struck by each side before it passes over the net?",1,Badminton
1bd93105-c261-4e43-be3c-e58113ac2442,triviaqa,"Who, in 2004, riding the prototype KTM 250-SXF four stroke, won the MX2 World Championship?",1,Ben Townley
0ce02421-d4aa-4eee-8601-dd4395aba298,triviaqa,"Nathan, Caleb, Matthew and Jared Followill are better known as which pop group?",5,Kings of Leon
a78fbd8e-431c-4448-a1f4-317e5a54f7fd,triviaqa,"What was the dolphin that accompanied vessels near French Pass, a channel used by ships sailing between Wellington and Nelson, New Zealand between 1888 and 1912?",2,French Pass
56a8b067-1640-4781-a594-372fab4e8d29,triviaqa,Loch Ness is part of which canal?,3,Loch Ness
f1861737-ef1a-4006-893e-bedda07f447f,triviaqa,A tabard is a type of what?,1,Tabard
76459174-893e-4064-9492-c2460b943d83,triviaqa,Barbi Benton was famous as whose girlfriend from 1969 to 1976 ?,4,Barbi Benton
c9a2c3fb-45cb-4ee8-bccd-319779ac4cb6,triviaqa,"Who announced his engagement to New Zealand cellist Jiaxin Cheng, to be his fourth wife, in June 2009?",1,Jiaxin Cheng
68744abb-83f3-4cae-ba5d-10d7710adbee,triviaqa,"Of the 37 venues used to host events at the 2008 Summer Olympics, how many new ones were constructed for use at the Games?",1,2008 Summer Olympics
efbda100-755d-4bc6-a0e1-7e63c1fb3f1f,triviaqa,What was worn by the leader of the first Tour de France?,1,1903 Tour de France
38a893a9-74dc-4c21-80ac-11ae328763df,triviaqa,"""The song """"Shall We Dance"""" is from which musical?""",1,Shall We Dance? (1996 film)
b7774dc2-f755-42ba-90b7-7b845ebf8f5b,triviaqa,"What word was used by poets and nineteenth-century Irish nationalists in English as a romantic name for Ireland, that is the name sometimes given to the female personification of Ireland?",2,Erin
c8281156-0b60-4a1f-bda4-19884ad7bf2c,triviaqa,"In what year was the Married Womens Property Act passed into British law, that recognised husband and wife as separate legal entities, and gave married women the legal right to sue and be sued, be liable for their own debts, hold stock in their own names and to own, buy and sell separate property?",1,Married Women's Property Act 1882
064659e9-febc-4bc3-b4c9-a2355f830d67,triviaqa,"""In 1904 the Russian cruiser """"Rossia"""" used what, the first time it was used by a warship on the high seas during a time of war?""",1,Russian cruiser Rossia
68221e3b-d896-4472-a1dd-40aba315b7ae,triviaqa,"""The Royal Lichtenstein Quarter-Ring Sidewalk Circus, a street theatre troupe that toured the USA between 1971 and 1993 as the self-described """"world's smallest circus"""" was a ministry of what religious order?""",2,Royal Lichtenstein Quarter-Ring Sidewalk Circus
2a724b31-76e5-4b9a-b0ae-a197422ceee0,triviaqa,Why was wrestler Ara Abrahamian of Sweden disqualified by the IOC and stripped of his rejected bronze medal at the 2008 Summer Olympics?,1,Ara Abrahamian
539e123a-8054-4277-be2e-57ad70206e65,triviaqa,Ashley Jensen played Maggie Jacobs in which TV series?,1,Ashley Jensen
b2353bc4-2873-47bc-8e50-9e3debec6005,triviaqa,"""According to the nursery rhyme """"Polly put the kettle on"""", who took it off again?""",1,Polly Put the Kettle On
f336d3c4-eb36-468c-8e54-01a96192b12a,triviaqa,"What is the title of Geri Halliwell's autobiography, published in 1999?",1,Geri Halliwell
103c01e3-95a1-405e-81af-4b5e0135d8bc,triviaqa,"Andrea Jaeger of the US had a successful career in professional tennis, becoming World Ranked number 2, between the ages of 15 and 19, but it ended prematurely due to major shoulder injuries. What profession did she take up in 2006?",2,Andrea Jaeger
7558f9b2-8a96-47c4-8228-0aa2307fe941,triviaqa,"What is the British Engineerium, in Hove?",1,British Engineerium
0210b1b1-43ec-4b18-9859-9f8ea31269d3,triviaqa,"After 2007, which boat class was not run as a World Rowing Championship event?",1,World Rowing Championships
60098b7d-4c6d-4e3a-9475-2f9900eda278,triviaqa,The blend of tea known as Earl Grey was named after someone in what profession?,1,Earl Grey tea
7f9eb1b6-429a-487f-9e06-a98c451e88ce,triviaqa,"The 50.5 km Channel Tunnel, built under the English Channel or, in France, La Manche, to link the UK and France with road and rail access was finally opened in 1994. When was the first official Anglo-French protocol established to create the railway aspect of the link?",1,Channel Tunnel
5e547f99-4501-40a9-801f-a3131557799b,triviaqa,"In central and northern Italy, the Guelphs, who supported the Pope, and Ghibellines, who supported the Holy Roman Emperor, became a metaphor for rivalry between individual families and cities. When was this?",1,Guelphs and Ghibellines
d09e5ade-1adc-4279-8383-f746e3f6a9e4,triviaqa,In falconry what is a tiercel?,1,Falconry
2f666af0-2210-4270-9f09-7254eaf2fe3e,triviaqa,"The New Spitalfields Market in Leyton, East London, deals in what?",1,New Spitalfields Market
f5561782-11fa-4d9d-9440-050eaa861cf9,triviaqa,"""The line """"Frailty, thy name is woman"""" is from what play?""",1,Thy name is
d8516d24-b0c2-42ee-ba3f-9e20eb8825c5,triviaqa,What name is given to a brightly coloured and very wide tie?,2,Kipper tie
a4b54f36-2dd0-442e-aa0f-f9e634cb96f5,triviaqa,Who was the first left handed golfer to win one of the four majors?,1,Mike Weir
0dac082a-769d-4f3a-bc2e-0ef1f983bdb4,triviaqa,Ludwig Leichhardt was a Prussian naturalist and explorer explorer of what area between 1842 and 1848?,1,Ludwig Leichhardt
4eae776f-d532-4f09-a9d4-90786993a57a,triviaqa,What was the first standardised system of measurement established in Mesopotamia?,2,Ancient Mesopotamian units of measurement
13e8a90a-0977-483d-b76b-2730567193da,triviaqa,"""Who made the musical sculptures called """"Pythagoras"""", """"Kepler"""" & """"Galileo"""" that were installed between the tracks of Kendall Station in Cambridge, Massachusetts from 1987 to 2007?""",2,Kendall Band
53733c82-12f0-4723-b5e6-5c5c290b031e,triviaqa,A single flame gas burner frequently used in student science laboratories is named after whom?,4,Bunsen burner
4553b840-a62c-4673-9b44-37b1ac24fedd,triviaqa,"""What does the Latin phrase """"ad infinitum"""" mean?""",1,Ad infinitum
6f7e3667-77b9-4df2-bc47-f94842bc78e7,triviaqa,One of the forms of music usually sung a capella is...?,1,A cappella
556fc6de-8add-4dc8-a342-ccd142ca3b5e,triviaqa,"""What does the term """"baroque"""" mean?""",1,Baroque music
e5a60729-6bb1-4530-88f4-8df49764f7ee,triviaqa,"""Who entitled his autobiography """"Memoirs of a Professional Cad""""?""",1,Memoirs of a Professional Cad
4f5787c7-17d0-4df5-813f-cd6f02a975b7,triviaqa,"The name of the science, mathematics, derives from an ancient Greek word meaning what?",1,Mathematics
569eac81-f9d9-47ba-93a9-03a96417cbd8,triviaqa,Bodyboarding is recorded among Hawaiians when?,1,Bodyboarding
a571a74d-a73d-4fe1-9b86-ba5380eeae08,triviaqa,"In the 1960s Tom Elwes instituted which championship in Congham in Norfolk, England?",1,Snail racing
506ada10-b702-4960-824c-d3d8c5030836,triviaqa,The Tumuc-Humac Mountains are between Brazil and where else?,1,Tumuk Humak Mountains
d03a1c40-2b18-41f7-b8ad-646d611949e4,triviaqa,"The early Great Wall of China built in the tears following 221 BCE, new or by reinforcing existing remains of walls, by the Emperor, Qin Shi Huang, was intended to protect the newly unified empire against whom?",1,Great Wall of China
12d7218a-fd03-45df-bced-1cb8e829f551,triviaqa,Prolonged deep-sea diving was first made possible in Europe by the invention of a diving bell in what century?,1,Diving bell
8f3885af-7dab-42f3-b116-936adb09cfa9,triviaqa,A Blue Ringtail is a type of what?,1,Blue ringtail
aa3fc9ff-f896-4947-b06f-cbf8a933cebd,triviaqa,Which sport is track designer Udo Gurgel most associated with?,2,Udo Gurgel
934a66c4-3d88-4a6a-90fd-2d4844d47bd3,triviaqa,Dame Barbara Hepworth is known mainly for her work in sculpture but later in her career was known for work in what other medium?,1,Barbara Hepworth
5dac1b59-b9bc-45fd-bc1e-a4ebd6c2b7e7,triviaqa,"The Camel Cup, first held in 1970 in the dry bed of a river, is held where?",1,Camel Cup
375ac7ae-6b24-4a6f-985c-7ecdf265168b,triviaqa,"""The band Aqua, well-known for their chart-topping single """"Barbie Girl"""", released three albums - Aquarium in 1997, Aquarius in 2000 and which other?""",1,Aqua (band)
51415023-cb8a-4445-b010-d18740eef4ea,triviaqa,"Considered by many to be the saltiest lake in the world, Don Juan Pond is found where?",1,Don Juan Pond
a8812c64-ba2f-44ac-a77f-532c92e662ce,triviaqa,An organisation formed in 1890 to promote cooperation across the countries of Latin America and the U.S was established under what name?,1,Organization of American States
84bf5ee9-e34c-4c1c-899e-49a9b1051a3e,triviaqa,The mediaeval wind instrument called a shawm typically had a cover over its keys called what?,1,Shawm
e02d49f4-22c4-49e8-b7b6-693f8ac91f2a,triviaqa,Who were the parents of Ricky Nelson?,1,Ricky Nelson
df511a67-fe5b-4ac5-a384-1e9e72438064,triviaqa,Which Italian poet and librettist was known under the name of Metastasio?,1,Pietro Metastasio
0c0a3ca9-1ace-46d7-bd1e-839bbd0892db,triviaqa,Where does the Republic of Djibouti have a coastline or coastlines?,1,Djibouti
1fa27000-9f6d-4e4b-961d-d071e2958556,triviaqa,What is likely to be found in the Pantanal?,1,Pantanal
7c039e5f-f8b9-438e-ba72-74abd36e2fcd,triviaqa,"""Who was a British political reformer, writer and politician, noted for her long-standing championship of the Single Transferable Vote system of elections who is the author (1974) of """"How Democracies Vote"""", a standard reference work on electoral systems?""",1,Enid Lakeman
0f538fab-5a94-44ad-a12b-f203f53a37d8,triviaqa,"""Who says """"Th-th-that's all folks""""?""",3,Porky Pig
7f4d9917-bc72-4be6-a60e-848c50408892,triviaqa,"""What object was used as a murder weapon at the end of the movie """"There Will Be Blood""""?""",1,There Will Be Blood
f008750a-8a6d-4488-84b2-6a839c26b76b,triviaqa,Which football team play their home games at the Don Valley Stadium?,2,Don Valley Stadium
a1548a09-d3a3-4762-ac88-96baf285b3fb,triviaqa,Since November 2006 the voice of Sara Mendes da Costa can be heard supplying which service?,1,Sara Mendes da Costa
761d6be0-033b-4464-8dea-fa48de31e1e6,triviaqa,The late Jean Muir founded what type of store in London in 1966?,1,Jean Muir
7c7d1576-bb9b-4d4e-a0f2-41cdd17f1b04,triviaqa,"In warfare, what name is given to a hastily constructed temporary defence or a parapet a few feet high, the name deriving from the approximate height that it is built to?",1,Parapet
b61f46d1-7286-4e5d-a59a-4e370a09db2d,triviaqa,Who wrote the novel 'Hungry as the Sea'?,1,Hungry as the Sea
d3d3b00a-5d27-4b40-9b30-9f4cd0af85f3,triviaqa,What was the title of the Ronnie Barker sitcom in which he played a Welsh photographer?,1,Ronnie Barker
454da1f2-1275-4e13-919c-9ebfa23ef454,triviaqa,Who was replaced by Jonathan Ross as presenter of BBC TV's 'Film Review'?,2,Jonathan Ross
ca5eba2e-266c-4b4e-b1ae-ca6af46b37f3,triviaqa,"Which 1970's American TV detective series, was created by film writer Abby Mann?",1,Abby Mann
f5e44827-3ebd-494d-89df-a5bf63b303e6,triviaqa,'Glass's Guide' is a publication to interest a buyer of what?,1,Glass's Guide
aa5c2760-e643-4aa7-911f-99a86b839ec8,triviaqa,Lawrence Fox married which actress in January 2008?,1,Laurence Fox
821e5c7d-4475-4d2f-a34b-21af6ab95d46,triviaqa,"Actress/singer, Millicent Martin was married to which pop singer from 1958-65?",1,Millicent Martin
3a135e7e-b41e-4273-a997-8a31fbfaf68c,triviaqa,Who regularly delivered the monologue 'Albert and the Lion'?,2,Marriott Edgar
ddcbf944-fd9b-4b85-be97-ae12d5187fc9,triviaqa,Who played John Wilder in TV's The Plane Makers?,1,The Plane Makers
b4a52f76-b295-416b-adf8-b0a2534beec1,triviaqa,Who has the nickname of the thinking man's crumpet?,1,Thinking man's/woman's crumpet
acda8c0c-183c-42a4-81e3-7ccb0db80d88,triviaqa,"""Who wrote the Irish classic play """"Cock A Doodle Dandy""""?""",1,Cock-a-Doodle Dandy
3829606a-94c2-4d7b-b305-a501b9d85860,triviaqa,"""The song, """"I Whistle A Happy Tune"""", comes from which stage and film musical?""",1,I Whistle a Happy Tune
b0e9db73-48da-4143-888b-62766fc41d06,triviaqa,What is combined with potato to create the dish 'Pommes Dauphine'?,1,Pommes dauphine
3f2968d6-af4d-4f70-9f53-5be951e0d497,triviaqa,Which sporting technique was invented by the father of ITN newsreader Reginald Bosanquet?,1,Reginald Bosanquet
3edb5743-becc-4d43-82f3-c8688bf4fd3c,triviaqa,In which TV drama series would you find the actor Graham Cole?,2,Graham Cole
967341b8-189d-4bac-a511-817e952414a5,triviaqa,Brian Fletcher won the Grand National on Red Rum and which other horse?,1,Brian Fletcher
366905dd-b66e-420d-8830-7e4cc757ac37,triviaqa,"""Who in the 1960's had a number 1 hit with """"Come Outside""""?""",1,Come Outside (song)
ffde32d8-9038-4a41-b9c0-0a1cbe995247,triviaqa,Who wrote the music for the 1948 film 'Scott of the Antarctic'?,1,Scott of the Antarctic (film)
ac9fa4dc-86d4-4beb-98cb-3dfc26572b7b,triviaqa,In which Yorkshire town was the opera singer Lesley Garrett born in 1955?,1,Lesley Garrett
5cf17b88-a8eb-4b5f-9ef4-bd44606cbdeb,triviaqa,"""Which British comedian used the catchphrase, """"Can you hear me mother""""?""",2,Sandy Powell (comedian)
29bb4122-010f-4d22-b956-3d6f19a62942,triviaqa,Which breed of dog won Supreme Champion at Crufts in 2008?,1,Championship (dog)
3714b7a8-d26f-41bd-ba4c-996b8eaf808c,triviaqa,Malcolm Morley was the first winner of what in 1984?,2,Malcolm Morley
9a73ada6-1fbf-477d-981d-569d1e0ee9c6,triviaqa,Which award was made to the Unknown Warrior who was buried in Westminster Abbey in 1920?,1,The Unknown Warrior
fef21b2c-5ed6-425b-8c33-0ad358eb4ac2,triviaqa,'Britain's Got Talent' judge Amanda Holden's first TV appearance was in 1991 on which programme?,1,Amanda Holden
b2c49293-90b2-4d30-ba92-88cbbf6f0bd2,triviaqa,Who is Prime Minister of Russia?,1,Dmitry Medvedev
d18cf08a-eb1c-4bb1-8576-9eb2423bda68,triviaqa,Whom did Malcolm Williamson succeed as master of the Queens Music?,1,Malcolm Williamson
bb1f0667-7953-4fbf-a8e9-7eb14702d341,triviaqa,Who played the TV detective Maisie Raine?,1,Maisie Raine
e79dd316-7cda-4502-b65c-4bc9c3a6d759,triviaqa,Who hosts the new version of ITV's The Krypton Factor?,2,The Krypton Factor
6e169986-2006-41d6-94e6-47cca36eda2a,triviaqa,"In November 2008, Madelin Payne Dunham died aged 86. Who is her famous grandson?",5,Madelyn Dunham
44262628-f077-432d-becf-f0f5924a2644,triviaqa,Who was the commander of the British Battle Cruiser Squadron at the Battle of Jutland?,2,Battle of Jutland
6e67d53c-9287-4b16-b5f7-079f81445d19,triviaqa,Who played the part of Mildred Roper on television?,1,Mildred Roper
6659642f-d226-47c0-ba46-29c71f42ce11,triviaqa,Rose Sunday is another name for which day?,1,Refreshment Sunday
41631620-7b57-4bc6-8da1-7d9a1948c099,triviaqa,In cricket what score is known as 'Nelson'?,4,Nelson (cricket)
6e825f45-8a26-4c66-a86b-351d4f7625d6,triviaqa,"Ben Fogle, the TV presenter and adventurer is the son of which well-known actress?",1,Ben Fogle
f8a46f4a-3018-43af-8f3d-bd702b0470ca,triviaqa,On which TV programme has the voice of Marcus Bentley been regularly heard for the last ten years?,1,Marcus Bentley
4448d645-ab16-46f5-91a8-944ea378c30b,triviaqa,PH Newby was the winner of the first what in 1969?,1,P. H. Newby
db295645-e388-43ba-bb5f-06c59bd61bd3,triviaqa,Who drew the cartoon strip The Fosdyke Saga?,2,The Fosdyke Saga
8c2b1c02-376b-43a6-970a-3e48c5046e28,triviaqa,Justin Lee Collins hosts which TV show?,1,Justin Lee Collins
d02da43c-2af0-440c-b795-a8376f90d988,triviaqa,A National Hunt flat race is generally known as what?,3,National Hunt flat race
82536fe8-2646-448f-aca2-f3ab7380c84e,triviaqa,"""In which TV comedy has fictional actor Andy Millman cried on """"Celebrity Big Brother,"""" his agent Darren Lamb suggested anyone other than his only client for roles and Ross Kemp tried to steal sweets off the BBC?""",1,Ross Kemp
cee012b7-e608-4b7f-aae4-2f32e30033fb,triviaqa,"The cricketer Derek Randall had which, racehorse -related, nickname?",1,Derek Randall
c3f17171-8af9-4fbf-9121-2bdc5836acf9,triviaqa,"Who, better known as an actor and comedian, released his debut blues album in 2011 called 'Let Them Talk'?",1,Let Them Talk (Hugh Laurie album)
c742318b-6aa5-4e81-82b5-9fe9d6bd9858,triviaqa,Who painted 'And When Did You Last See Your Father' in 1878?,3,William Frederick Yeames
3fc76092-a842-4aae-a71a-574b4813d2e6,triviaqa,Which comic and actor was seen and heard in the adverts for Money Supermarket?,2,Moneysupermarket.com
67cb0e43-d47f-47bd-aa34-fce53e183bd5,triviaqa,In which country is the Ascari Sports Car built?,1,Ascari Cars
f3f28926-843b-4ef2-b807-9489b996a33b,triviaqa,"In darts, which score is called 'bed and breakfast'?",2,Glossary of darts
2a5c40dd-ac90-4e3d-a294-4bbc58f2b15b,triviaqa,"Who, when aged 42 years and 103 days, is the oldest footballer to play for England?",1,Alexander Morten
8d120566-5f7b-4594-b888-3638311972be,triviaqa,During the mid 90's the baldy man with the bad comb-over was in the adverts for which products?,2,The Baldy Man
bd1f174b-d7d9-423d-a740-3b4af5702143,triviaqa,What nickname did goalkeeper Brian Jansen have?,1,"Brian Jensen (footballer, born 1975)"
dfaa97d4-72f7-41b8-929a-79b3364afb36,triviaqa,Leila Williams was the first female presenter of which children's TV series?,1,Leila Williams
eb0753f2-404e-4941-bc08-db6e93c30684,triviaqa,Which ice-cream business was founded by Rueben and Rose Mattus?,3,Reuben and Rose Mattus
92076032-f694-4c50-be6e-c56e7981c3fa,triviaqa,In which radio comedy series does Andy Hamilton play The Devil?,1,Andy Hamilton
148db984-9ccd-4d18-b953-56c0b4a9e277,triviaqa,Who was the first host of the TV show Pets Win Prizes?,1,Pets Win Prizes
1b5fe03d-3bff-4cf6-9b6a-ac9fd930434c,triviaqa,"Death of a Princess, a TV drama based on a real event, caused a diplomatic incident between Britain and which country in 1980?",5,Death of a Princess
bece91ce-44f9-47f1-ad4f-b5dc3d6dda68,triviaqa,Which Scottish port lies on Loch Ryan?,3,Loch Ryan
36919b36-1c99-4f7f-bfe4-2c337e403ebe,triviaqa,Geraldine McQueen is the comedy character creation of which comedian?,2,Britain's Got the Pop Factor... and Possibly a New Celebrity Jesus Christ Soapstar Superstar Strictly on Ice
9340a8f7-db05-44d6-a615-bdfa8d35dd9a,triviaqa,Who owned a teddy bear called Archibald Ormsby-Gore?,1,Archibald Ormsby-Gore
77b8554b-01af-43e9-bd4f-90e6fc01e264,triviaqa,In literature whose manservant was Bunter?,5,Mervyn Bunter
4dd85e7a-3dec-46b6-b3b2-d168c3b0bf9e,triviaqa,Barbara Euphan Todd wrote a series of children's books about which popular character later the star of several TV series?,3,Barbara Euphan Todd
146f6846-cf24-4f98-a6c2-a06751332d20,triviaqa,'That's Livin' Alright' was the theme song to which TV programme?,1,Breakin' Away / That's Livin' Alright
16c7306a-922b-4638-af66-c177346d935d,triviaqa,Who wrote the play Chips with Everything?,1,Chips with Everything
9f9908ba-fc53-4d01-9765-8f7c9564a2ed,triviaqa,What is Ken Dodd's middle name?,1,Ken Dodd
8ade6272-dc16-4850-b00d-f35421bdc640,triviaqa,What fish is the base of 'Gentleman's Relish'?,1,Gentleman's Relish
1a588db6-941c-46c9-ac26-af64960e6dc1,triviaqa,Shelina Permalloo won which TV show in 2012?,1,Shelina Permalloo
87c80dd2-551d-444e-aef5-a056cda183b8,triviaqa,Which pop singer sang Lost in France in 1976?,2,Lost in France
d214fe91-0685-417e-80eb-aece8a1e987c,triviaqa,"""According to the advertising slogan-which product """"does exactly what it says on the tin""""?""",1,Does exactly what it says on the tin
04c2dc97-f1eb-408b-84a3-fc1ed27dabb4,triviaqa,Monica Rose was a hostess of which 1960s TV quiz show?,2,Monica Rose
5b95cca5-525e-4e93-9a4b-d06f0e6dcf5e,triviaqa,What fruit is the main ingredient of Cumberland sauce?,1,Cumberland sauce
e8366125-20b9-4ba3-92f5-636d67162cdf,triviaqa,Which artist painted 'The Singing Butler' in 1992?,1,The Singing Butler
91359971-7847-47d0-a54e-3515be26c5a8,triviaqa,"""In sport, whose victory song is 'Under the Southern Cross I Stand""""?""",2,Under the Southern Cross I Stand
9ef319ac-1e7d-436f-a2fb-f821c74bb298,triviaqa,The Red Sea is a submerged section of what 4000 mile long geographical feature?,1,Red Sea
8a9510c4-f915-404c-8ad6-9bae5c4548d3,triviaqa,Which rowing race first rowed in 1715 is believed to be the oldest continually running sporting event in existence?,1,Rowing (sport)
b1f18e70-6175-4180-a778-8950c22d5626,triviaqa,In the Diamond Jubilee Thames Pageant what was the name of the boat carrying the Queen?,1,Thames Diamond Jubilee Pageant
bf0009b9-c887-4571-8fb0-9a550e7a9033,triviaqa,"In the 2012 Grand National, who became the first woman jockey to finish in the first three, riding the joint favourite Seabass?",2,2012 Grand National
67f6f18f-206c-46b7-869f-0b4c0bbd8377,triviaqa,Which performer's signature tune was 'Mary From The Dairy'?,2,Mary from the Dairy
f4190af7-bc8e-4786-9fbd-ea7fb5fe0c49,triviaqa,"""Who is the female presenter of the Channel 4 quiz show """"Five Minutes to a Fortune""""?""",1,Five Minutes to a Fortune
da60025d-43d0-4fd5-b741-4a62c8c9b5f6,triviaqa,For what name does the 'E' stand in Richard E Grant?,2,Richard E. Grant
4a56d4e9-3f5b-4430-ba77-84cca2db2737,triviaqa,In which 1960's TV series did Clarence the cross-eyed lion appear?,2,"Clarence, the Cross-Eyed Lion"
eeb22eac-d76d-445e-b59a-83efa4ca49f6,triviaqa,What was the name of the ground-breaking 'thought experiment' proposed by an Austrian Scientist in 1935?,1,Thought experiment
ae7b4440-6151-405c-b428-9b3cf0c33577,triviaqa,The 'Notting Hill Mystery' is aometimes claimed to be what?,1,The Notting Hill Mystery
bf55c8cd-a173-4b42-b799-b89a06f4b298,triviaqa,"Who, in 1974, was the first PFA Player's Players of the Year?",1,PFA Players' Player of the Year
452caee6-69fb-4f94-b8be-f671fe8a388c,triviaqa,Who sang the 1968 hit Indian Reservation?,2,Indian Reservation (The Lament of the Cherokee Reservation Indian)
ebc2605c-80f4-4b69-8fc9-77c72ce64997,triviaqa,Who wrote the play 'Fear and Misery of the Third Reich'?,2,Fear and Misery of the Third Reich
dd72b9fc-e7dd-462e-abd3-99df23f4b4ee,triviaqa,"Which singer appears as bar-owner 'JD' in the film 'Lock, Stock and two Smoking Barrels'?",2,"Lock, Stock and Two Smoking Barrels"
bddf97e2-1f32-492a-98fd-fdea404db07b,triviaqa,Which character appeared for the first time in the book 'Call For The Dead'?,1,Call for the Dead
6e02b0c1-1082-4fe6-92f7-a30ff2f7aa3f,triviaqa,Who hosts the BBC quiz show Perfection?,1,Perfection (game show)
b6b09b0a-d2ff-4037-b1a7-387cc32a5939,triviaqa,The characters Dame Caruthers and Jack Point appear in which Gilbert & Sullivan opera?,1,Jack Point
70bf057e-5dc3-4360-9040-ef079105bf24,triviaqa,"Brown Panther, the winner of the Goodwood Cup in 2013, is owned by which ex-footballer?",2,Brown Panther
9157cd57-93b4-4d12-b3dd-4a185307b14d,triviaqa,Which rugby league team formerly played their home games at Hilton Park?,2,Hilton Park (stadium)
f8e2269d-9b7f-45c0-830d-ed9699b85189,triviaqa,"Who was Britain's longest-serving Foreign Secretary, being in office from December 1905 to December 1916?",1,"Edward Grey, 1st Viscount Grey of Fallodon"
69f1ab84-f0c5-4cc8-9df9-5ab773f6a3fc,triviaqa,Alice Arnold is the lifetime partner of which other broadcaster?,1,Alice Arnold
d9d7ac05-05f8-426a-a3a5-388b76fce2b3,triviaqa,The Anti-Federalist League was the fore-runner of which political party?,3,Anti-Federalist League
61218353-afd8-4dfd-900d-11ec9f341438,triviaqa,What was the nickname of Arsenal and Republic of Ireland footballer Liam Brady?,1,Liam Brady
4bd29a5e-32ba-4b29-9e44-6f8ddc6acb6a,triviaqa,"Liverpool’s Walker Art Gallery was named after its founding benefactor, who made his fortune in what industry?",1,Walker Art Gallery
62af3cad-844c-4177-a58f-375ddd804418,triviaqa,How many digits make up a bank’s sort code?,2,Sort code
0d328f27-2f61-4643-95e8-e38b8e98389c,triviaqa,Which pensioner is played by Caroline Aherne?,2,Caroline Aherne
9964fd1d-7e6c-462b-a5d7-26408888f4a3,triviaqa,What is the name of the actress who is the mother of actor Rupert Penry-Jones?,1,Rupert Penry-Jones
79c25ba6-e4b2-4c92-8947-740b538fff49,triviaqa,For which Premiership club was Anelka playing when his contract was terminated?,1,Nicolas Anelka
a6fc1955-7725-4bd2-a556-ec71741ba670,triviaqa,Nicolai Petrovich Poliakov became better known as who?,1,Nicolai Poliakoff
160a1e5f-74b1-45fc-8f55-822d40e3c1b4,triviaqa,On which racing circuit would you find Ginger Hall and Kate’s Cottage?,1,Ginger Hall
4c071807-1266-4a5d-8074-7f3a2c32fcc6,triviaqa,Which film and TV actor is the son of actress Wanda Ventham?,1,Wanda Ventham
7d051df5-9055-4c4b-9ec9-aa492f16d01f,triviaqa,In which country are the Spenser Mountains and Garvie Mountains?,1,Spenser Mountains
a3f745b4-6079-453e-a83c-55657cc5e537,triviaqa,Which king was Prince Rupert of the Rhine's grandfather?,2,Prince Rupert of the Rhine
4f3d6e58-bd68-4780-af6a-cee9cd0b7b1b,triviaqa,Who presents the TV quiz The Link?,1,The Link (game show)
1b742b6b-d49b-4373-b019-e7184a452a80,triviaqa,Who wrote the play A Chorus of Disapproval?,2,A Chorus of Disapproval (play)
c36642bb-7394-4daf-ad67-fe26ece1266f,triviaqa,Susan Stranks was the female presenter of which ITV children’s programme designed to rival BBC’s Blue Peter?,1,Susan Stranks
6a77f209-1dd1-4261-9190-9f8e0206e762,triviaqa,Which 1972 film starring Dick Emery took its title from the catchphrase of one of his characters?,1,Dick Emery
9588db8f-3801-4689-b5bb-00c0b0e7a593,triviaqa,Who narrated the children’s animation called 'Bod'?,1,Bod (TV series)
fe69fd66-cacf-4a55-92b9-3d6075067163,triviaqa,John Bacchus played by Lee Ingleby is the sergeant to which TV police inspector?,2,Lee Ingleby
b3487072-274e-48fb-92fd-ecaa9590b68a,triviaqa,"By what one-word name is the painter, born around 1260 in Siena with the surname di Buoninsegna, usually known?",1,Siena
92339613-5d2f-40bc-a4f5-c569b6c9e12b,triviaqa,Which Cabinet member is the MP for Runnymede and Weybridge?,1,Runnymede and Weybridge (UK Parliament constituency)
362cef17-3561-40c8-b62b-8a150d60f8cc,triviaqa,In 2008 who became the first British female jockey to ride one hundred winners in a calendar year?,2,Hayley Turner
2c95aac9-98db-4107-9e29-d7b30b543b5a,triviaqa,Lottie Dod was Wimbledon ladies singles champion five times and also represented England in which sport?,1,Lottie Dod
bc69e250-5cdc-4544-a839-bee1846ed85f,triviaqa,"Appropriately, which company's NYSE symbol is 'BID'?",1,Ticker symbol
7d2b2c6c-c32d-465d-be00-3c7757962efd,triviaqa,What phrase used by Jack London in John Barleycorn to describe alcoholism was later referenced in Dumbo when the elephant hallucinates after drinking water spiked with champagne?,1,John Barleycorn (novel)
dfaccaff-2c5c-4ad1-b91b-fcf81c6f91e7,triviaqa,"If you are given the words - City Slickers and push-ups, can you name the person?",1,City Slickers
1bb03be6-c759-4e5c-b952-338a2dc137cb,triviaqa,The Shatt al-Arab waterway constitutes a part of the border between which countries?,5,Shatt al-Arab
e1ee9517-4e9e-42bc-a4de-04eaf59abed0,triviaqa,The cartoon Dropping the Pilot was published when which world leader was forced to resign in 1890?,1,Dropping the Pilot
ea8c1141-f002-41c4-adf7-35e18035090b,triviaqa,What are 'Potemkin villages' which were purportedly erected at the direction of Russian minister Grigori Potemkin to impress Empress Catherine II during her visit to Crimea in 1787?,1,Potemkin village
c6e8f86e-4a52-466b-9805-4769e279b23d,triviaqa,American poet Dixon Lanier Merritt's well-known limerick is about what bird?,1,Dixon Lanier Merritt
cf34eb95-6708-499c-96b3-ddeb06b3ab5d,triviaqa,The Russian scientist Vasili Samarsky-Bykhovets has what pioneering connection with the periodic table of elements?,1,Vassili Samarsky-Bykhovets
0066d36e-f0e8-4cbb-a302-4c4d0b0498f2,triviaqa,"Derived from the name of an ancient King of Pontus, what is the practice of Mithridatism?",1,Mithridatism
ed7bcfbf-5e32-4f5e-9674-6317b9266c5c,triviaqa,A one-hole course at Camp Bonifas that is surrounded by minefields prompting Sports Illustrated to call it 'the most dangerous hole in golf' is at what Asian location?,1,Camp Bonifas
4ed4112f-04d1-45cc-bd83-fe35aa739a3e,triviaqa,"In 1956, while he was a race car builder at Kurtis Kraft (a famous builder of Indy race cars during the 1950s), Art Ingels assembled the first one of what?",1,Art Ingels
8cc0d2fb-5ced-4ea3-9519-2e5dff225734,triviaqa,"""Which comedy actor played 'Uriah Heap' in the 1999 BBC adaptation of """"David Copperfield""""?""",1,Uriah Heep
fbd2e8fa-166b-4a68-bd32-c9a5975c4a24,triviaqa,"Reaching number 3 in the charts in 1998, 'The Bartender And The Thief' was the first UK top ten hit forwhich group?",2,The Bartender and the Thief
3b1b4ed4-3d69-472d-bb4a-aca665af709c,triviaqa,"At what type of shop does 'Albert Herring' work, in the opera by Benjamin Britten?",1,Albert Herring
da267761-9371-4084-af3e-8089fda7b27b,triviaqa,On which celebrity quiz are the scores kept by 'George Dawes'?,2,Matt Lucas
097f1314-6cfc-47f3-93cb-efc92810f3a5,triviaqa,Which pop group recorded the hit album 'The Lexicon Of Love'?,4,The Lexicon of Love
813eb361-28cd-458e-8e6a-5451c9afb300,triviaqa,Which fashion designer was responsible for the trend of slogan-bearing T-shirts in the 1980's?,1,T-shirt
b818173e-f59d-4165-8776-d74bee1a17dd,triviaqa,"Which actor, most famous for the TV series 'Spooks' was the first to play the 17-year-old 'Alan Strang' in the play 'Equus' in 1973?",1,Equus (play)
0724752a-546d-435e-b642-b658f1cc1a3c,triviaqa,Who plays 'Ian Fletcher' 'Head of Deliverance of the Olympic Deliverance Commission' in the BBC TV comedy 'Twenty Twelve'?,2,Twenty Twelve
8187a931-905e-4d74-960e-0045e604c12a,triviaqa,Who created the newspaper strip cartoon The Gambols?,2,The Gambols
ded8506e-b8c4-47a9-8d96-0dcbca69314f,triviaqa,Who is the wife of retired footballer Lee Chapman?,1,Lee Chapman
b55a77f3-8235-4690-9911-05139adc0318,triviaqa,"In the 1978 film 'International Velvet', who plays the character 'Velvet Brown'?",1,International Velvet (film)
8a3b14e8-bd88-4621-a7ec-5df348a568da,triviaqa,"""Which English author famously helped to create the """"Go to work on an egg"""" advertising slogan used by the United Kingdom's Egg Marketing Board during the 1950's?""",1,Go to work on an egg
dacb239f-5b88-4a84-903b-7281ba3c7ad9,triviaqa,"Sold in 2004 for $104.2 million, the most expensive painting ever sold by Sotherby's was Garcon a la Pipe. Who painted it?",4,Garçon à la pipe
df71939f-6f8d-4443-bb3a-64868c653cfb,triviaqa,Which post was held by Miss Merlyn Lowther from 1999 to 2003?,1,Merlyn Lowther
12a2cef1-79fe-437a-ac5b-fe0e1c71858e,triviaqa,Over which course is the 'Whitbread Gold Cup' run?,1,Bet365 Gold Cup
693c6db8-bf72-40c8-9ca6-78a9f92d02a9,triviaqa,With which singer did Lee Hazlewood sing 'Did You Ever'?,1,Lee Hazlewood
f5ce2a07-7244-4c2e-b9aa-4204b4385c8f,triviaqa,Which group had a number one hit for two weeks in 1961 with 'Blue Moon'?,2,Blue Moon (1934 song)
ce64d29d-7b1e-452a-8c64-78d5dfef4e17,triviaqa,"In the television programme 'A Year In Provence', which actress played the part of Peter Mayle's wife?",1,A Year in Provence
e3cfe80e-afee-48e7-8c9d-29c4a3dfeea4,triviaqa,For what did the 'S' stand in the name of American author William S. Burroughs?,2,William S. Burroughs
f92cdef5-21b6-43cb-a8ae-3ca5a16c8ef6,triviaqa,Which two comedy actors had a hit in 1978 with you're the one that I want?,1,You're the One That I Want
f7905a83-06cf-43ef-aef3-d0dedd86de15,triviaqa,What nickname is often used for a male with the surname of Miller?,1,Nickname
c619d0df-d274-4ba3-ac4c-7763ba256e51,triviaqa,Who founded 'Auto Trader' in 1975?,1,Auto Trader Group
b3d8545d-8d9d-4695-a084-2ebd159430d9,triviaqa,Which artist became Ireland's first ever medallist at the Olympic Games when his painting 'The Liffey Swim' won a silver medal in the Arts and Culture segment of the Games in 1924?,1,The Liffey Swim
27e5d8e9-a2af-45a5-8cae-9720161ffd5b,triviaqa,Who is the famous mother of TV presenter Claudia Winkelman?,1,Claudia Winkleman
24b9452c-cba7-42bc-8296-887e66bdb736,triviaqa,"Who rode the winner of the 1956 Grand National, when Devon Loch slipped on the run in?",1,1956 Grand National
8ae9f6e7-5d08-434c-8822-185aa80e74bf,triviaqa,Who won his ninth 'Skol World Darts' title in January 2001?,2,2001 PDC World Darts Championship
b03aab06-ba23-45a4-82da-888344582d11,triviaqa,Who wrote 'The Soldier's Art' in 1966?,1,The Soldier's Art
877a440d-b00c-48ba-bf8c-e47b7345e828,triviaqa,Who was the unlikely European correspondent of The New York Tribune in 1853?,1,New-York Tribune
9814b3d9-c102-4662-8332-1896910c56b9,triviaqa,Which horse won the 2014 Cheltenham Gold Cup?,1,2014 Cheltenham Gold Cup
1113f5d8-3b3b-4275-9f8b-a2b54b380e5c,triviaqa,Who would usually use a sword called an 'Estoque'?,1,Lamborghini Estoque
5c0640bb-aeb2-476f-8013-06eca1a63999,triviaqa,The 'Naughty Forty' are/were a gang of football hooligans who supported which Midlands club?,1,Naughty Forty
c3b978d3-4fa5-4df5-84f3-df6481e84556,triviaqa,In which country is Cabo (Cape) Verde (now Cap Vert)?,2,Cap-Vert
c593d616-fb00-4b7c-b642-431a4f1e66ab,triviaqa,What position is currently held by Peter Maxwell Davies?,2,Peter Maxwell Davies
1a27414f-61b4-4d14-a658-e36dc4e173b4,triviaqa,What is the name of the Spanish National Lottery?,3,Spanish Christmas Lottery
63ed0609-ec2d-4f20-a260-4cfb1d98b844,triviaqa,What is the meaning of the word Cenotaph?,1,Cenotaph
83c92444-7831-4a21-8d6e-cf7c90718f20,triviaqa,Who along with Ernest Saunders was jointly convicted for their roles in the 'Guiness Scandal'?,1,Ernest Saunders
1a827790-949f-4461-9707-3ba5cabb3de6,triviaqa,"Released in 2006, 'Why Won't You Give Me Your Love' was the first top ten hit for which group from Merseyside?",1,Why Won't You Give Me Your Love?
1f805004-ee9c-439a-99ea-1103c3b98b3a,triviaqa,The poet John Suckling is credited as the inventor of which card game?,2,John Suckling (poet)
dceb259e-a0ca-4e96-9ea0-d0ab47577577,triviaqa,Of which magazine is Rachel Johnson the editor?,1,Rachel Johnson
ec00afc7-2010-43c1-8d92-65b994f262c6,triviaqa,"In the film 'Transformers', who plays 'John Keller', the US Secretary of Defence?",1,Transformers (film)
c017e747-d4aa-4725-b214-7bfa4d3863c5,triviaqa,"What is the occupation of Oliver Smallbridge, played by Windsor Davies, and Simon Peel, played by Donald Sinden in the long running sitcom Never the Twain?",1,Never the Twain
0d71e03c-a9dc-457a-a249-92a4397ce931,triviaqa,What was the first name of 'Captain Darling' in the TV series 'Blackadder Goes Forth'?,1,Blackadder Goes Forth
4ba787dd-89dd-4a27-b72f-48d998f865e7,triviaqa,Which creature features on the logo of the French clothing company Lacoste?,5,Lacoste
ab3b47b2-a548-47f6-8d7f-bdd40db97acc,triviaqa,Which 'Oscar' winning actor's last film was 'The Naked Edge' in 1961?,2,The Naked Edge
1fda21bd-6168-4b0c-9e6e-d4144b5ed336,triviaqa,"On television, what is the name of the Panda that advertises Fox's biscuits?",1,Fox's Biscuits
a4785fd9-da2a-44eb-9750-7e76b88452fa,triviaqa,In which northern city is the National Football Museum based?,1,National Football Museum
bf769bfd-ad92-4a41-b8fb-07c0bd0e84ff,triviaqa,'Night Train' was a 2010 UK number one album for which band?,2,Night Train (EP)
5ad442f5-308c-4af4-9ba7-89163372a338,triviaqa,Which British golfer finished runner-up to Oosthuizen at this year's Open Championship?,1,Louis Oosthuizen
3882b391-52a1-4af3-af26-626f7ebd0016,triviaqa,Hildegarde Neil is the wife of which actor?,1,Hildegarde Neil
dddd8421-271a-4ee2-b64e-80b8da5570dd,triviaqa,Who is the husband of the actress and model Summer Phoenix?,1,Summer Phoenix
9ec0478a-968d-4a54-b858-dc0a7f229b9f,triviaqa,Which famous actor married Shakira Baksh in 1973?,1,Shakira Caine
942522c4-091b-43d9-aa5b-89b79cad3cc2,triviaqa,"What type of covering,once often used on scientific instrument cases, is called 'Shagreen'?",1,Shagreen
ee495dcc-b3dc-43c5-acc8-2dbf7451a5a2,triviaqa,"What was the occupation of 'Keith Barrett', played by Rob Brydon, in the t.v. comedy 'Marion and Geoff'?",1,Marion and Geoff
b75ede57-0e02-4ff3-bfda-0241079e4078,triviaqa,"What was the title of Japp Stam’s autobiography, which led to his departure from Manchester United?",1,Jaap Stam
796e130c-a42d-4e8d-a3ae-33bc66ad6c66,triviaqa,"Please, Mister Postman is the second volume of memoirs by which current politician?",1,"Please, Mister Postman (book)"
0fb61016-e054-41e4-b4ef-bb734bd175f3,triviaqa,What was the setting for the TV sit-com 'Slinger's Day'?,2,Slinger's Day
d31c9738-63e3-45a6-b349-7036e019e418,triviaqa,Which TV series made Jonathan Routh famous?,2,Jonathan Routh
aec3fbe0-281d-4d0d-acc5-6eeee4c13cab,triviaqa,"""""""The flight of the Bumblebee"""" comes from which Opera?""",3,Flight of the Bumblebee
fdb381d0-8862-41ae-b36c-3fe6e9d547ec,triviaqa,What position does Amber Rudd hold in the Cabinet?,2,Amber Rudd
418fe703-0592-4959-acd3-3a22f7b9f70e,triviaqa,Which Actress was the mother of the actress Janette Scott?,1,Janette Scott
64e72fa7-cde4-4c78-ace8-5be0d671f195,triviaqa,"""In Rene Magritte's painting """"The Son of Man"""", what is obscuring the man's face?""",1,The Son of Man
b1e425e3-7da0-43a5-a7df-f6f54186d06e,triviaqa,Which company produced the first mail order catalogue?,1,Mail order
35acf327-9166-4c73-9c2a-763378805933,triviaqa,Eight year old Bailey Matthews who has cerebral palsy won an award at the BBC Sports Personality of the Year in 2015 ‘for outstanding achievement in the face of adversity’ named after which late female Sports presenter?,1,BBC Sports Personality of the Year Helen Rollason Award
112295cd-d0b5-4b6c-8ae8-0815c5dcba53,triviaqa,"""""""Barwick Green"""" is the name of the title music of which serial drama show?""",1,Barwick Green
ed634bb0-98a6-4483-9532-14a604a38b57,triviaqa,The album If You Wait reached number two last year for which band? Their name sounds like it could be the name of a school in the capital.,2,If You Wait
472709c8-d8ab-412c-82d9-960a7d3b882d,triviaqa,'Juice FM 107.6' broadcasts from which town/city?,2,Capital Liverpool
8dbf10ce-3326-4cb4-b7bc-d3934367bd59,triviaqa,With what instrument would you associate the classical performer Murray Perahia?,5,Murray Perahia
99749e59-e21c-41a5-9813-00312814b360,triviaqa,"Of which football club was Sammy McIlroy Caretaker Manager, then Manager from 2005 until this year?",3,Sammy McIlroy
1f19a0bb-96c0-4f46-b71f-fd1f9f18dd5a,triviaqa,Who presents the ITV quiz show ‘Take on the Twisters’?,1,Take On the Twisters
758ce8a6-c85d-4769-b16c-f5220374c981,triviaqa,What are below the map of the island on the flag of Cyprus?,2,Flag of Cyprus
b5db1996-0047-4aa2-ae9b-bee42a7cd22e,triviaqa,What is the middle name of TV producer William G Stewart?,1,William G. Stewart
5aaf7305-6208-416a-93e2-5cfbf712e605,triviaqa,"Ex baseball player Randy Moffit has a famous sister, name her",1,Randy Moffitt
4f517e7d-2a48-43d5-9aa4-3db492690208,triviaqa,In the sitcom My Wife Next Door which actress played Suzy Bassett,1,My Wife Next Door
7f07b72b-40f9-462b-9466-ffa224e1c224,triviaqa,Who is the Earl of Merioneth,1,Earl of Merioneth
f93c7c1e-c60f-49a9-8ccf-023363843cb1,triviaqa,At which sport did Richard Corsie compete,1,Richard Corsie
6a986c33-831d-4271-bc45-2a2444fe243f,triviaqa,In which town is the retirement home in Waiting For God,1,Waiting for God (TV series)
cf910037-c7ee-4a1a-922b-4a0cec2b5c91,triviaqa,Which actress plays the title role in the TV series Linda Green,1,Linda Green
4c9d15bc-f0dc-4a12-8cc8-dd8db59d2d25,triviaqa,Who wrote an Evening With Gary Lineker,1,An Evening with Gary Lineker
12fa49f5-33c3-4a1e-acb7-dc33ff025047,triviaqa,Who was the first cricketer to take 300 test wickets,1,List of bowlers who have taken 300 or more wickets in Test cricket
371c73cb-c372-4f54-a87c-89ed1bf4c965,triviaqa,Who was Desmond Lynam's co-presenter in the first series of How do They do That,1,How Do They Do That?
7706759f-9df7-41f1-b8e1-40fcd005cbfd,triviaqa,Who had a hit in the nineties with Don't Marry Her,1,Don't Marry Her
12ee17c6-e62e-4703-a9e9-deba4c05d8a7,triviaqa,Which female newsreader threw a glass of wine over Tory MP Jonathan Aitken in 1983,1,Jonathan Aitken
970c78dc-a776-4504-8d4e-0577467435c6,triviaqa,Who played Fliss Hawthorne in the TV sitcom The Cuckoo Waltz,1,The Cuckoo Waltz
684d271c-ae4f-4504-96a3-2b7b13c12246,triviaqa,"Actor Norman Lumsden's most famous role was in an advert, who did he play",3,Norman Lumsden
5e08b364-56f6-49dc-90ea-af0492ed54fb,triviaqa,What was advertised with the slogan It's slightly rippled with a flat underside,1,Boost (chocolate bar)
6c0f7f40-9ee9-44bc-8718-5a67a956d3e8,triviaqa,What was the only UK hit for The Pipkins,1,The Pipkins
55220de8-1733-4350-824c-434c49f50af0,triviaqa,What kitchen tool was invented my William Lyman in 1870,1,William Lyman (inventor)
84828016-423a-4796-8bc2-281cf438c957,triviaqa,What was the sequel to the TV sitcom And Mother Makes Three,2,...And Mother Makes Three
97bbb3a3-7b73-4b75-9a5f-1c5df596caa5,triviaqa,What position was held by Sir Francis Graham Smith 1982-1990,1,Francis Graham-Smith
a6c8541c-ecde-4319-ae11-cd7a489c9152,triviaqa,Where is Newcastle Brown Ale now brewed,3,Newcastle Brown Ale
a4bd6ae9-2fa0-43d8-8268-25781d471847,triviaqa,What are the small pair of wooden paddles used for working butter called,1,Butter
51225bf4-6986-4415-800e-6eee8c3b7de8,triviaqa,What was jockey Harry Wragg's nickname,2,Harry Wragg
fc193018-1483-4bdd-a18e-ea9cf4910d6f,triviaqa,Which group had a hit single with a 1995 cover version of the Small Faces Itchycoo Park,2,Itchycoo Park
192ade55-3c4d-4a3e-bb8f-00b712a7e8e9,triviaqa,Who wrote a book of short stories called a Quiver full of Arrows,1,A Quiver Full of Arrows
386d3ce0-3c4f-4943-8634-91ed7759cf33,triviaqa,What physical handicap was Dudley Moore born with,1,Dudley Moore
0eeadce1-c554-42ad-91c6-277e2a871a4c,triviaqa,Which TV game show was devised by ex Sunday Night at the London Palladium compere Norman Vaughan,1,Norman Vaughan (comedian)
5ef78b60-17ad-4a85-8d27-900007cad162,triviaqa,Who presents the TV quiz show The People Versus,1,The People Versus
e49b9409-5e3d-49fa-913e-8246112be82a,triviaqa,Who was the host of the TV game show Bognor or Bust,1,Bognor or Bust
7daa2f03-b832-4a46-b59a-9d92870191d9,triviaqa,In which children's comic did Keyhole Kate originally appear,2,Keyhole Kate
8983bf5f-5055-45ce-9f78-cd145176bd90,triviaqa,How many players are there in a rounders side?,2,Rounders
a68a6e5d-00cb-427a-9616-4cabcfd23c73,triviaqa,Which annual world championship is held at Coxheath Kent?,1,Coxheath
1478597b-c550-4c4f-9f6c-db1936e46a24,triviaqa,What is the name of the home of Clydebank?,1,Clydebank F.C.
9494bd4c-a401-4c54-828f-57378826a71a,triviaqa,The 1988 album 'First of a Million Kisses' was the first album by which group?,1,The First of a Million Kisses
67a517fb-fc2c-4598-8b5b-c3b2fa3c1aa3,triviaqa,"What was the name of the taxi company, shown on TV's TAXI?",1,Taxi (TV series)
44594d58-2bd9-4afb-9975-c0a34916aa68,triviaqa,"What was the name of the female police officer, shot outside the Libyan Embassy?",2,Murder of Yvonne Fletcher
f9af0b34-dd37-48f4-8fad-1f2458bbc1c0,triviaqa,Who played Alison in At Home With The Braithwaiteâs?,1,At Home with the Braithwaites
27f64c24-3b4c-4578-bcd1-c46433f67c42,triviaqa,Which English footballer was accused and later cleared of stealing an emerald bracelet in Colombia in 1970?,5,Bogotá Bracelet
96a744f7-b6bb-488b-aa66-72697fceab3b,triviaqa,"Also at the closing ceremony, what song was sung by Eric Idle?",2,Eric Idle
f36f2d19-8e51-4996-b8e4-d0bea7acaf38,triviaqa,What sort of fish is a kipper?,1,Bloater (herring)
a3ec76ab-0e13-4714-89aa-31f0d6d74def,triviaqa,Who plays Mrs Overall in Acorn Antiques?,2,Acorn Antiques
39693317-13e7-4e1c-a05e-25368ea5133e,triviaqa,Who was the 1987 World Darts Champion?,1,1987 BDO World Darts Championship
835e0624-60e4-4bcc-adf6-1a5a35f3ff6b,triviaqa,Who had a hit in 1965 with 'England Swings'?,1,England Swings
285f26f4-d672-4358-b801-8325d8bf640c,triviaqa,Which female singer had a top ten hit in 1999 with Not Over You Yet?,1,Not Over You Yet
d104c268-dc19-4f05-9bd9-9b3884062ceb,triviaqa,"Thanks to the color scheme used on cans and jars of Sanka, the handles on restaurant pots of decaffeinated coffee are traditionally what color?",1,Sanka
f6c2120b-66fb-40e4-8b3a-c29afd200cf3,triviaqa,"In what language game, common among children, is the first consonant cluster moved to the end of the word and followed by an ay?",1,Language game
6323b1c6-7039-4856-b9b0-da297c2a59ca,triviaqa,What nation was eventually held liable for the bombing of the Navy destroyer U.S.S. Cole in 2000?,2,USS Cole bombing
bd8d130f-06bb-4772-b474-67fe2dd224b0,triviaqa,"Forcing you to pay $75 to the bank, what is pictured on the Luxury Tax space on a standard Monopoly board?",1,Luxury tax
8ab73029-b8d9-4a35-b456-36260bc846b6,triviaqa,"What salad dressing (containing mayonnaise, anchovies, chives and sour cream) was named after a 1921 play?",1,Green goddess dressing
f37189e0-1278-4b8c-bdfd-4a5e44d4fdb6,triviaqa,"According to the nursery rhyme, who's pocket did Kitty Fisher find?",1,Kitty Fisher
525e1c48-b225-4cba-af16-0dc7dff01c5e,triviaqa,Chow Mein is a dish typically served over what?,1,Chow mein
ececea77-6dbf-4d81-a2ab-e09febed8025,triviaqa,"Played by Jack Webb for the 14 year run of the series, who wore badge #714 on the TV show Dragnet?",1,Jack Webb
77ea8160-b564-41b9-881d-82d332910216,triviaqa,What was the name of the first Hollywood movie released by D W Griffith in 1910?,1,D. W. Griffith
7451b221-1160-42bc-8016-ef623cf03adc,triviaqa,What is the number of the court at Wimbledon which is nicknamed The Graveyard Of Champions due to a large number or seeded players being beaten on it by lower ranked players?,1,No. 2 Court (Wimbledon)
fa1f8a6c-0308-4f4e-a4f7-a3c57df9b052,triviaqa,"In the Harry Potter series of books, what is the name of Hermoine Granger’s cat?",1,Hermione Granger
9adf804f-cd6f-4f32-9282-0b8077708c27,triviaqa,Aberdeen’s Bridge of Dee has how many arches?,1,Bridge of Dee
170d9343-91e8-4ba6-a8bc-836a57b815f4,triviaqa,"In November 1990, British Satellite Broadcasting merged with which television service?",1,British Satellite Broadcasting
132a6295-b2b3-4784-a113-43c8f6504b7d,triviaqa,Which unlikely country qualified for the 2015 Cricket World Cup Finals by beating Kenya?,1,2015 Cricket World Cup
33df7b60-ec95-4844-9973-504de49956ba,triviaqa,What is the missing first word in the title of Rose Macauley's novel '… By An Idiot'?,1,Rose Macaulay
ee53dc8a-0b80-42c4-9d50-7759e96c880c,triviaqa,"In The Scaffold’s ‘Lily the Pink’, which young lady “had terrible freckles”?",1,Lily the Pink (song)
040c9e6e-a04e-4c74-9f0a-dd19a499f08a,triviaqa,"Of what breed was Schnorbitz, with whom Bernie Winters appeared in his later career?",1,Bernie Winters
a8c749d9-830d-4259-bd7a-4d41dd1765c1,triviaqa,"On TV, if Pete Waterman was the Hitman, who was Her ?",1,Pete Waterman
d1dade1f-730a-4cb7-8b7b-08bda3814f56,triviaqa,Japanese haiku poems loosely comprise how many syllables?,2,Haiku in English
124fe9fe-024a-4bae-8448-a08dd01a60aa,triviaqa,"In 1990, mountain climbers Rob Hall and Gary Ball were the first to do what in 7 months?",1,Rob Hall
9cd9fb12-5068-443e-8976-ca67db4550a0,triviaqa,"""What is the legal tender (face) value of the """"American Buffalo"""", a 24-karat gold bullion coin first offered for sale by the US Mint on 22 June 2006?""",1,American Buffalo (coin)
555fabde-85b6-4da2-936e-e21288e1c128,triviaqa,"The Western Roll, is a long disused technique, once practised in which sporting event?",3,Western roll
2a3cc65d-fb0a-48e6-aba6-53dcc17ec2eb,triviaqa,The traje de luces that means 'suit of lights' in its native tongue is the traditional costume of whom?,1,Traje de luces
e886ba87-f614-4f44-a15c-f7a744df1b3c,triviaqa,How do we better know a list compiled in ancient times by Antipater of Sidon and by an observer identified as Philo of Byzantium?,2,Antipater of Sidon
178a6b37-803e-411f-bf0a-af96b4fecc5b,triviaqa,In which year did Burges and Maclean defect?,1,Donald Maclean (spy)
3f4332f5-464f-4c2b-9005-40215aa29570,triviaqa,Which is the sixth book of the 'Old Testament'?,5,Book of Joshua
301ef397-4379-4aea-9e19-3c0dfdda1133,triviaqa,"In the 2009 series of 'Big Brother', by what name is the housemate Sophie Reade better known?",1,Sophie Reade
a4514348-8527-42bd-8e33-10f84204abd0,triviaqa,What was the name of the fictional paper company whose offices provide the setting for the British sit-com 'The Office'?,1,Dunder Mifflin
ad15d4c8-0d7a-4729-9da9-dec66083710d,triviaqa,What was Walter Matthau's first movie?,1,Walter Matthau
fcb4be42-07f5-4505-9f19-aabc0744d4e2,triviaqa,Which musician founded the Red Hot Peppers?,1,Red Hot Peppers
a646c25e-9ade-427a-a6d8-6c68893353b8,triviaqa,Which Oscar-nominated film had You Sexy Thing as its theme song?,1,You Sexy Thing
d08e24ab-7e8e-453f-9825-dd11ad883bfa,triviaqa,What was the name of Roland Rat's gerbil friend?,1,Roland Rat
a241e010-ac3f-45c0-b9ed-304892915d10,triviaqa,Poopdeck Pappy is which fictional character’s father?,5,Poopdeck Pappy
f703b3cb-8ba8-4cac-8d78-d5019e22a23b,triviaqa,Which Radio 2 DJ christened ‘Dallas’ character Lucy Ewing ‘The Poison Dwarf’?,1,Lucy Ewing
294bf7e0-5cf1-448e-8fb6-085bfb06d87a,triviaqa,The Lansdowne Cup is competed for in rugby union by which two countries?,1,Lansdowne Cup
82aa8ee4-8697-4be3-bee4-dc24159551d1,triviaqa,Who bought Donington Park’s Dunlop Bridge at a memorabilia auction?,1,Dunlop Bridge
ac0223ab-69e0-4d15-aabc-5e15e0ac234f,triviaqa,Which hit programme is filmed in a tent at Harptree Court in Somerset?,1,Harptree Court
b091be28-b860-41b4-8afe-c4841a05f53d,triviaqa,The books were Alice and Jerry in the USA – what were they here?,1,Alice and Jerry
c464c0d9-6ccb-426a-b603-e1f72465bc3d,triviaqa,Who co-founded CND with Canon Collins?,2,Campaign for Nuclear Disarmament
ddd9afbf-5816-4a8d-81fc-51ff59883571,triviaqa,Which society was founded in 1946 by barrister Roland Berrill & scientist Dr Lance Ware?,1,Roland Berrill
7c9c964e-3091-4b73-84d4-3daed59ced11,triviaqa,'Indian Love Call' is a song from which 1924 operetta?,1,Indian Love Call
ff545cf2-da7f-4cc6-ac93-461bb1bb089c,triviaqa,Daniel Casey played the role of Detective Sergeant Troy in which TV series?,1,Daniel Casey
028633ba-c1b3-4705-8045-1b419bea970e,triviaqa,What name is given to the syndrome which involves a delusion that the affected person can transform or has transformed into an animal?,5,Clinical lycanthropy
bf5c2b35-0094-4da6-89c2-1d65493ecd24,triviaqa,"June Middleton, of Melbourne, Australia, who died aged 83 in 2009, was in the Guinness Book of Records for spending the most time in what?",1,June Middleton
9f3f395e-5cd3-4ce0-9ab0-284ac3cae235,triviaqa,Which English town is known for its collection of concrete cows?,4,Concrete Cows
6b9c0e54-c137-4932-b849-ad763fed14ff,triviaqa,"""In what country, between the 1950s and 1980, would one have found """"Rusticated Youth""""?""",5,Sent-down youth
a6900293-c9cd-4098-b0da-b59a289c6764,triviaqa,What is a commmon name for the United Nations peacekeeping forces?,1,United Nations peacekeeping
0d2faa83-e8a9-43d2-b91e-16f8829cd297,triviaqa,"""Joss Whedon's 2002 US TV series """"Firefly"""" won a 2003 Primetime Emmy Award for what?""",1,Firefly (TV series)
3ff01924-7930-46bc-ad1f-1c60bf7a2d0e,triviaqa,"""In the TV series, """"The Rockford Files"""", which actor played Rockford's father, """"Rocky""""?""",2,The Rockford Files
8a260e1b-b080-41d2-bb7e-5aa20ed58ab0,triviaqa,"Actor John Hewer died early in 2008 aged 86; under what name did everybody know him better, in a series of TV adverts?",1,John Hewer
92fa12b9-eb36-4c82-b268-3b45ea72a3c6,triviaqa,Which television detective was created by Glenn Chandler?,1,Glenn Chandler
b14e6d3f-bd64-4c0e-a099-0115d6f5b3de,triviaqa,Which actress played The Sculptress on TV?,1,The Sculptress
fd23bc06-3175-4c5f-ab32-dd5b724f4ab5,triviaqa,"Which rust free cars were built in Dunmurry, Northern Ireland in the late 1970s?",1,Dunmurry
e5690e71-1fd7-42a0-829c-ee0beb081174,triviaqa,Rebecca Front plays Detective Chief Superintendent Innocent in which TV series?,2,Rebecca Front
70d41028-bd6f-4671-a042-07e4f69d2ad9,triviaqa,"Len Martin, who read the football results on BBC from 1958 until his death in 1995, was succeeded in the job by whom?",1,Len Martin
a922c97e-b425-4c9b-aa53-845f2a9f07bb,triviaqa,Who is the patron saint of cobblers?,2,Crispin and Crispinian
a53ad0f9-791d-4c78-aa5f-b38d4e5b723d,triviaqa,What was the name of the frog in the children's TV series Hector's House?,1,Hector's House
5382cf61-9e3e-4a2c-9302-e320164949df,triviaqa,Who is the female presenter of the Channel 4 quiz show '1001 things you should know'?,1,1001 Things You Should Know
085a548c-d457-44dd-8811-2b61dff301b4,triviaqa,Published in 2013 who wrote the novel 'The Kill List'?,1,The Kill List
e5f1a36e-cf92-4e07-a4fb-8709ea7dad82,triviaqa,"The TV presenter Sir Patrick Moore, CBE, was a keen amateur musician, composing and playing pieces for which instrument?",1,Patrick Moore
0ee3147d-5f04-4255-a7f5-f5eb87a64241,triviaqa,The A57 road runs from Liverpool to which English town or city?,1,A57 road
3eafa723-9560-40c3-bdd6-f036e23220c9,triviaqa,"'Eureka', the National Children's Museum is in which town?",1,Eureka! (museum)
572a66ab-426e-4080-99c7-8b685af3a995,triviaqa,"Bill Wyman has had the highest chart entry of any of the Rolling Stones as a solo artist in the UK charts, with which song?",1,Bill Wyman
e2764142-1686-4462-8911-2c103ad24923,triviaqa,Which competition was won by Caroline Flack in December 2014?,2,Caroline Flack
316bf10b-245f-4054-8551-880e094bb106,triviaqa,Which Government post is held by Chris Grayling?,1,Chris Grayling
948cdc05-ee68-4dc4-83a9-e034b846e173,triviaqa,In 1995 who famously walked out of the play 'Cellmates' after three days of its London run?,2,Cell Mates (play)
4db84348-2b74-4f34-8ad7-02692fc44c7f,triviaqa,Which root vegetable pie was named after a Minister of Food during World War II?,2,Woolton pie
76bacca3-4f45-482b-a566-e4680c1ef8b2,triviaqa,What was Louise Rednap's maiden name?,1,Louise Redknapp
067f15ff-c2ec-48a4-8898-fe8284df2883,triviaqa,Where in the human body can you find the 'Olfactory Bulb'?,1,Olfactory bulb
7a27f75e-6a16-4404-8835-5812eb45bd39,triviaqa,Which group had a number one hit in July 2010 with 'The Club Is Alive'?,2,The Club Is Alive
bee8e6a5-90ce-4add-8f70-a6fbe68d86ba,triviaqa,"In 'Coronation Street', what was the name of the character played by Roy Hudd?",1,Roy Hudd
8234b166-b966-4b3f-a6fe-3617e9e0fd49,triviaqa,What is a dish of pickled herring fillets wrapped around an onion or gerkhin called,1,Pickled herring
a60fdeec-3f77-4a82-9b2e-820fb41e88e3,triviaqa,What was bandleader Joe Loss's signature tune,2,Joe Loss
511df25f-5109-49d7-b62d-ad885dc58e55,triviaqa,In the Inspector Morse series what is the christian name of Sergeant Lewis' wife,1,Inspector Lewis
6826a007-db7e-4858-99bd-dd66c112a6bc,triviaqa,What nationality was Aristotle Onassis originally,1,Aristotle Onassis
4f10c7fb-dcf8-4936-a60f-0ad55382a7d8,triviaqa,Gerald Thomas directed what series of films?,1,Gerald Thomas
3bf0c671-f9ac-455e-8a00-873e7c7f12ac,triviaqa,Who was the author of 'The Overloaded Ark'?,1,The Overloaded Ark
fc6d78d3-e279-4ca9-8154-94d21c6d2436,triviaqa,In which sport did Duncan Goodhew excel?,2,Duncan Goodhew
caa99d25-f00b-4157-953e-c6f32f9ab150,triviaqa,Snidely Whiplash was the arch-villain on what cartoon series?,1,Snidely Whiplash
473afedb-aaf5-42c7-abbf-233b2bd5093c,triviaqa,"Who is the only Rugby League player to win two consecutive Lance Todd trophies, doing so in 2007 and 2008?",1,Lance Todd Trophy
c38b8a74-f360-4de1-894b-683f4a69edf3,triviaqa,"According to Sammy Haggar, what can't he drive?",1,I Can't Drive 55
d7a9d85b-7c67-4828-be16-7f597d0c4b58,naturalqa,who is the president of costa rica 2017,1,Luis Guillermo Solís
afe7f69c-a2fd-4f63-b2be-44ca56a2543e,naturalqa,what is the largest catholic high school in america,1,St. Francis Preparatory School
63c32270-cee7-4318-8f20-82f98ce60fb1,naturalqa,the p-wave phase of an electrocardiogram (ecg) represents,1,P wave (electrocardiography)
78b1f1c5-9aa0-49d4-8975-4f3267cc08b2,naturalqa,when did the xbox 360 slim come out,1,Xbox 360
349a9a80-59ec-4c1c-93bc-a5b50bb3e2c5,naturalqa,fish appeared in the fossil record during the,2,Evolution of fish
ccf36c72-725d-4107-b2a3-381fc3eeadb8,naturalqa,when did fasb codification become authoritative u.s. gaap,1,Accounting Standards Codification
b4f0a6ac-59b3-48c1-90ef-ab0ca621adc4,naturalqa,the amount of light reflected from the front surface of common window glass is about,1,Optical coating
58d4cb82-30e5-4ec8-b7a3-7bf6410599d0,naturalqa,where was the ark of the covenant taken,1,Philistine captivity of the Ark
e3bca9d7-4d21-495d-b3de-0657f06d3cdb,naturalqa,where in the bible does it talk about manna from heaven,1,Manna
049ad3ff-2f8f-4ceb-8528-bc7d248ff0b2,naturalqa,what is the use of symbolic link in linux,1,Symbolic link
666b2fb9-7ccd-436a-b42c-69efea05292a,naturalqa,who sings i'm the one your mother warned you about,1,I'm the One Mama Warned You About
b7b35a07-3255-4141-bb40-03d96a0e8451,naturalqa,what is expelled out of the body as faeces through the anus,1,Defecation
48229712-c4f7-496e-847c-33eedfe0c37d,naturalqa,when did india conduct the nuclear test at pokhran,1,Pokhran-II
9ef73c4f-b016-414b-bf3d-9486822c00fa,naturalqa,when does mark show up in grey anatomy,1,Mark Sloan (Grey's Anatomy)
c72fb511-af46-48ec-a55e-5197b532a643,naturalqa,who played jono on star trek next generation,1,Suddenly Human
24fd005a-d9ef-4c92-b20a-cd05741e5f87,naturalqa,when was the myers briggs type indicator developed,1,Myers–Briggs Type Indicator
7702c894-eaa5-4312-ae39-3e898433942b,naturalqa,where is the lighthouse in lighthouse point fl,1,"Lighthouse Point, Florida"
11af7419-3b63-49ac-9b6d-80539e5f0131,naturalqa,where do the golden knights hockey team play,1,Vegas Golden Knights
a7690a39-2f44-4ba5-b316-ac5f7272cd48,naturalqa,what year did the drummer lose his arm,1,Rick Allen (drummer)
8e0cd17a-598a-46b6-a6ac-641c15257dca,naturalqa,when do the red sox play sweet caroline,1,Sweet Caroline
0b77ce0f-3166-445c-a599-679a7025ec3a,naturalqa,who played the scare crow in wizard of oz,1,Ray Bolger
716194a8-c7fc-4bbb-95b2-0e18d9fe2e36,naturalqa,when did the battle of bannockburn take place,1,Battle of Bannockburn
5d9b4a38-f4a4-4b07-b3fc-c96cf7bc66c9,naturalqa,who played tj on head of the class,1,Head of the Class
81a56d5c-17d9-496f-a31c-a39e1a5c214a,naturalqa,when was the internet introduced in the philippines,3,Internet in the Philippines
d3c0a130-361f-4932-ae76-01624dbb7701,naturalqa,when did disney's 101 dalmations come out,1,One Hundred and One Dalmatians
af704051-e515-4807-9e11-f68dd7fd0b26,naturalqa,theme of the movie akeelah and the bee,1,Akeelah and the Bee
6dd71132-a5fa-4603-8e63-d8e7a1b1292e,naturalqa,where does the name iron maiden come from,1,Iron Maiden
3ef072e1-b22b-450b-b2ff-62068dac07dd,naturalqa,when did the secret service start guarding the president,1,United States Secret Service
9e204bb2-ac74-43b4-a232-d6fc056a066a,naturalqa,at what output is marginal product of labour the highest,1,Marginal product of labor
d9d83c30-d947-4455-861b-03f41bcb7ffa,naturalqa,when is halley's comet coming around again,1,Halley's Comet
4c759f9f-8358-467f-a5ee-550d19c18a12,naturalqa,who played sunshine in the movie harlem nights,1,Lela Rochon
1bc11cba-64e9-4b0e-9db1-ae565a969de9,naturalqa,who is the managing director of hdfc bank,1,Aditya Puri
a0c25b02-aa27-408f-aa48-c9b0d7ab3a19,naturalqa,who is considered to be the first pope,1,List of popes
61b5863b-e9ac-4875-ac6b-745f2f9cc471,naturalqa,how long does it take grape juice to ferment into wine,1,Fermentation in winemaking
9eb958ea-475c-4e67-b6cc-20dc0d568971,naturalqa,when did the cross become a symbol of christianity,1,Christian cross
7562896b-cce1-47ea-a77e-5630c9ce2034,naturalqa,when is a breast cancer patient considered a survivor,1,Cancer survivor
f84bfd8e-6933-4a5a-9549-065e202ee34c,naturalqa,how much impact does the tourist industry have on the icelandic economy,1,Tourism in Iceland
2f418736-0551-40c4-b2f1-a105d0f76496,naturalqa,who played little jack in meet the fockers,1,Meet the Fockers
17da6808-526d-4a8c-b83a-0a9892866cab,naturalqa,how many new zealand soldiers died in ww1,1,Military history of New Zealand during World War I
206bfb54-8177-455e-90af-acc9b44a5b43,naturalqa,who is the minister of karnataka in 2018,1,Government of Karnataka
2e0da916-f674-4122-9e5b-180bd68f266b,naturalqa,when did the song 99 problems come out,1,99 Problems
bf5eb4b0-f46a-4241-b927-6f85a50dc290,naturalqa,when is bring your daughter to work day,1,Take Our Daughters and Sons to Work Day
33be0a10-a00f-4bc7-9d1b-35e800ea00d6,naturalqa,where are receptors for water soluble hormones located,1,Hormone receptor
d37fd16a-b2b5-4609-ac81-32ed89b544d6,naturalqa,when did sendong enter the philippine area of responsibility,1,Tropical Storm Washi
82e91d60-b7f9-4fd0-98e0-0d0143cc1749,naturalqa,who is the girl in the bon jovi it's my life video,1,It's My Life (Bon Jovi song)
27c22a53-035d-4058-b2d1-c6090fd245cb,naturalqa,what is the function of the super vena cava,2,Inferior vena cava
5cbc5546-d332-4e97-8043-2c50811ff32f,naturalqa,who is doing the half time super bowl,4,Super Bowl LII halftime show
0723acca-39c2-4abe-9c8c-2b5532c95bbd,naturalqa,what is the significance of the nodes of ranvier,1,Node of Ranvier
b14f309e-ca35-4314-bd33-29c45a8549c4,naturalqa,where did jason voorhees get the hockey mask,1,Jason Voorhees
e3e27d0c-6d16-4750-868e-9bc89dd1f0e9,naturalqa,who founded the first french colony in north america,1,French colonization of the Americas
05e7948a-819b-40df-96d4-60d22fce8156,naturalqa,when did half pennies stop being legal tender,1,Halfpenny (British decimal coin)
da140de3-6b91-4d21-8790-6dfb89e36924,naturalqa,when was the first weather satellite launched into space,1,Weather satellite
fa5cebb6-818c-463b-8f86-adac53547da4,naturalqa,when did nigeria launched its first satellite nigeriasat-1,1,National Space Research and Development Agency
4b629cc7-7453-48fc-9f27-b773ec2c5e17,naturalqa,advantages of drying as a method of food preservation,1,Food drying
1129d336-556d-46d9-b4ae-d822190c47e4,naturalqa,who was the shrew in taming ofthe shrew,5,The Taming of the Shrew
82bc8ebb-b0f1-49b4-8fc1-56bdbd5dafa7,naturalqa,who plays dwight's brother on the office,1,The Farm (The Office)
0365f13f-76bd-4691-8b18-a72eafa2426c,naturalqa,where is the chichen itza located in mexico,1,Chichen Itza
b6c3207e-8f0b-4bd1-8af2-295a237d1ef6,naturalqa,what is an example of a radical in chemistry,1,Radical (chemistry)
6b126cc6-ee4b-45c2-a75d-9d9331376cb4,naturalqa,guy who played opie on sons of anarchy,1,Ryan Hurst
0a0de41c-a767-4d56-8c6c-beab6e30f3ff,naturalqa,where did the chinese tallow tree come from,1,Triadica sebifera
0e149b64-525e-444d-bf9c-3ea03b0df238,naturalqa,where are most of the potatoes grown in idaho,1,Eastern Idaho
05660480-3a84-4fc7-8c6c-65fcb5cdc882,naturalqa,how i met your mother barney 200th girl,1,"Right Place, Right Time (How I Met Your Mother)"
07a3e440-dd7f-46a3-8e01-bc8cb824bd23,naturalqa,who is featured on drake in my feelings,2,In My Feelings
c673eed2-de99-4cb3-ac6c-640997fc3acc,naturalqa,when did prairie home companion change its name,1,A Prairie Home Companion
bb89df0b-c14c-46da-9de8-a7e6f879e83b,naturalqa,when did all i do is win come out,1,All I Do Is Win
d0535a73-4d14-4974-8470-37d3e7a3b1a0,naturalqa,what are the coordinates for the south pole of the moon,1,Lunar south pole
8a5341bd-ba47-41dc-866b-2c9491de7a2a,naturalqa,who did jim tavare play in harry potter,1,Jim Tavaré
75a3fbf5-44cc-4579-83da-703a473ece96,naturalqa,when did costa rica gain independence from spain,1,History of Costa Rica
c73b3b09-f008-4d0a-91d1-5f7dd2521169,naturalqa,factors that contribute to the spread of hiv in nigeria,1,HIV/AIDS in Nigeria
5a079b9e-bab6-45d0-8821-890d9fff1708,naturalqa,when was the new york stock exchange created,1,New York Stock Exchange
8d2ecd8e-fb74-4b0a-994d-0e40b3798cfc,naturalqa,who is the character dirk diggler based on,1,The Dirk Diggler Story
0efa7935-9812-43fa-aa9d-512584e7c5c4,naturalqa,where does blood leaving the left ventricle go,1,Pulmonary circulation
f119c9b8-c245-4f37-8f58-0523f454f075,naturalqa,what is the bean made of in chicago,1,Cloud Gate
5404bced-9d96-4bdd-b726-fae6b1bee8f7,naturalqa,when did the rosary become a catholic devotion,2,History of the Rosary
20cc6546-752b-4659-a034-53b40175ac9c,naturalqa,what is the main goal of an exploratory committee,1,Exploratory committee
17959ebd-370b-4576-bf73-b938f2a1710b,naturalqa,a severe vitamin b12 deficiency results in what form of anemia,1,Vitamin B12 deficiency
94c7b9b5-cce3-47fc-a0d7-4e84c0c1f4b8,naturalqa,what was the phony name that armand and val called their maid agadore during the senator's visit,1,The Birdcage
f691172d-34a5-4110-850f-72e72baa4d67,naturalqa,what time can you buy beer in oregon,1,Alcoholic beverages in Oregon
97ac8668-e239-451c-920d-59990e413279,naturalqa,who was the one who got away katy perry,1,The One That Got Away (Katy Perry song)
a533daab-859a-4f0e-a8de-70fae456c257,naturalqa,when did jennifer lawrence start her acting career,1,Jennifer Lawrence
f0e9a744-2c78-4d65-86ca-a73036ce8db0,naturalqa,where did the solar eclipse last the longest,1,"Solar eclipse of August 21, 2017"
b3c09350-0d7e-49b9-bfc9-c05d8134fa32,naturalqa,who did robert hardey play in harry potter,2,Robert Hardy
a7fdeeb7-2e55-4edc-a03b-9f4af971833e,naturalqa,who does tj miller play in gravity falls,1,T.J. Miller
393f61ac-c3bc-41c0-b739-219fe1b8c162,naturalqa,universal joint is an example of which pair,1,Kinematic pair
bd26b500-44f6-42b7-9e8e-15c9bdcc2865,naturalqa,who is speaking in the book of revelation,2,Book of Revelation
a2b3018d-24a8-4f74-8758-c4c72894f301,naturalqa,who wrote thank god and greyhound you're gone,1,Thank God and Greyhound
e04838f0-fa24-4548-aa97-c7b078dd191f,naturalqa,when was life of the party released shawn mendes,2,Life of the Party (Shawn Mendes song)
ec33a3c7-8fd0-444c-b62b-a3c821279e38,naturalqa,term of office judicial branch in the philippines,1,Government of the Philippines
ccae202a-2f8b-40d4-a32b-3f3d9ca31ee0,naturalqa,who was the girl in what do you mean,1,What Do You Mean?
ad79733d-5ab5-4307-a45a-6d805b7da0ba,naturalqa,when did the national drinking age become 21,1,U.S. history of alcohol minimum purchase age by state
edd4e105-1022-4ee2-a621-d7d4cd38676d,naturalqa,when was the mission san francisco de asis founded,1,Mission San Francisco de Asís
f64de834-d7f7-44da-98a7-429b09a33631,naturalqa,who sings lonely day system of a down,1,Lonely Day
34ef0016-601d-4e72-9bef-521445119220,naturalqa,who plays martha cox in high school musical,1,Kaycee Stroh
f9caf3b2-1332-4ba0-a4c6-3fd45eee3dcf,naturalqa,when was the church of the nazarene founded,1,Church of the Nazarene
ac1ff3d9-c14a-41cd-956c-bdf57df636f1,naturalqa,what is the connective tissue that covers the epiphyses of a long bone,1,Long bone
c68283eb-2693-4f12-a8c9-39bbf9233005,naturalqa,when was dont ask dont tell policy created,1,"Don't ask, don't tell"
99afd562-50e3-466f-be8a-a240ade21a97,naturalqa,who did the government of western australia vest the ownership of perth arena to,2,Perth Arena
c4981e5a-9e5f-4363-a709-0b7382ea2d3d,naturalqa,whats it called when a story starts at the end,5,Reverse chronology
af08fc19-3ab5-44f6-b387-40e19172ab31,naturalqa,what is the rolling stones song lady jane about,1,Lady Jane (song)
6a86f578-f74e-4594-8cef-f16bf01aa59b,naturalqa,two examples of short term health care facility,1,Health facility
8426541c-d02a-4327-95e8-2615d8f4a41e,naturalqa,when was the dome of the rock painted gold,1,Dome of the Rock
c863c163-d2bb-4792-a31c-3e7924ec108b,naturalqa,when was death penalty abolished in new zealand,1,Capital punishment in New Zealand
00577db7-7b43-4364-b29e-ff4cb606c8ed,naturalqa,what is software asset management (sam),1,Software asset management
0e42d212-bb10-4929-b3db-99eb28071414,naturalqa,which barbarian groups entered the western roman empire through germany,2,Migration Period
34ed6cd0-26b1-474e-aee9-b1206428da3d,naturalqa,who is the guy that does spongebob's voice,1,Tom Kenny
cf167245-01fc-4c65-8cf4-fcf8afa5fb30,naturalqa,where was the first rugby union world cup held,2,History of the Rugby World Cup
d9486f30-1240-4fd3-9dc4-9191f650a9f7,naturalqa,when did grocery stores start using plastic bags,1,Plastic shopping bag
c7e2a5a2-1e91-4beb-aba9-13ba941bf489,naturalqa,who wrote save it for a rainy day,1,Save It for a Rainy Day (Kenny Chesney song)
51c28c36-650c-496c-9ff9-8e8ed8342070,naturalqa,largest producer of mica in the world is,1,Lists of countries by mineral production
ca576078-84d3-439c-9379-1666d5638230,naturalqa,when are the new 20 dollar bills coming out,1,United States twenty-dollar bill
cfb2b848-b37d-4173-8155-5838c22b25b9,naturalqa,who believed in separation of powers and checks and balances,1,Separation of powers under the United States Constitution
965241ad-626b-4ddb-be22-104ffc813813,naturalqa,who benefits from a quota on imported goods to the u.s,1,Import quota
5454efd5-ba29-4d2f-96b2-174d19b2214d,naturalqa,what year did they stop making the saturn vue,1,Saturn Vue
2cab2af2-c7cc-4521-ae92-409db5b77675,naturalqa,who did whitney houston sing i will always love you for,1,I Will Always Love You
f8f41d95-0c77-4875-b8a9-4b5959232e44,naturalqa,where is the ovule found in a flower,1,Ovule
6101ba2c-8b4b-46a8-bcd9-e3888cc9a602,naturalqa,where does the conductor sit on a train,1,Conductor (rail)
dc502673-bf4b-4262-b023-c44478cadcaa,naturalqa,what is the net worth of united states,1,Financial position of the United States
1a4fdd77-87e2-4e55-affe-e00e112fb85a,naturalqa,who is telling the story in twas the night before christmas,1,A Visit from St. Nicholas
4e73f648-3506-4d5a-bb2c-260dd5101ce5,naturalqa,when was the first roll of toilet paper invented,1,Toilet paper
5ecee7f2-b775-43a7-84cf-6075058a1764,naturalqa,how many hotel rooms are their in the hilton university of houston,1,Hilton College of Hotel and Restaurant Management
04cba23f-a6b6-4971-a7cc-866cb54a9300,naturalqa,8. in 1936 which state became the first to be formed on linguistic basis,1,"States Reorganisation Act, 1956"
0d005c3a-3131-46d8-85b0-183d392b2999,naturalqa,who was the smoking man on the x-files,1,Cigarette Smoking Man
bc0a2992-2f39-46c0-a9c5-8751261a2c28,naturalqa,ek veer ki ardaas veera meaning in english,1,Ek Veer Ki Ardaas...Veera
b906bca8-8c5d-4bc2-b2ea-1801081d9531,naturalqa,which amendment guaranteed the equal protection of laws to all american citizens,5,Equal Protection Clause
159bc6b6-38a3-4e53-897e-4b9230c05936,naturalqa,who has been elected as the new president of finland,1,President of Finland
25a275e2-b300-45d5-a5f9-a903980a9233,naturalqa,where does the prime rib cut come from on a cow,1,Standing rib roast
05423dcf-ce71-4a41-b02f-5805e72b504a,naturalqa,where does the last name corbett come from,1,Corbett (surname)
c94ca118-540e-4a70-b764-ad5cf6de69bc,naturalqa,who plays wes in how to get away,1,Alfred Enoch
6c5e8934-db43-4fe7-b3dd-1d35144e495b,naturalqa,when did the word nerd come into use,1,Nerd
4971a40b-e179-46f7-8cdc-4a483e7ed430,naturalqa,when did the canon 5d mark iii come out,1,Canon EOS 5D Mark III
a5f11780-9729-43e5-af14-423251495888,naturalqa,where do most tornadoes occur in the us,1,Tornadoes in the United States
f4fd2b28-b0d8-43d1-b787-18f0247fc709,naturalqa,where did the tradition of the christmas tree originate,3,Christmas tree
f9657e1e-998f-46a8-ba0b-7c16ba2f3b1d,naturalqa,who is the former president of south korea,3,Park Geun-hye
9c8c8cbf-58c1-499e-a69a-34c563adbb63,naturalqa,where does the permanent fund dividend come from,1,Alaska Permanent Fund
553955d3-a200-4fa4-a93c-ceee03108127,naturalqa,when did ripley believe it or not start,1,Ripley's Believe It or Not!
891a65a1-1b1d-4084-9140-60e74def7a88,naturalqa,who plays barney's father on how i met your mother,2,Legendaddy
4508fc4b-500e-4455-80e7-ea4941a8e392,naturalqa,when were seat belts first required in cars,1,Seat belt laws in the United States
865e4600-850c-424f-a416-b5318f961a17,naturalqa,who sings the national anthem for the pittsburgh penguins,1,Jeff Jimerson
00524f4e-d3ab-49db-9a50-d0ba72c77882,naturalqa,what is the wild card team at scotties,1,2018 Scotties Tournament of Hearts
5ff71654-db98-49f7-b9d7-dfa3c1f8f9fe,naturalqa,where was the movie the quick and the dead filmed,1,The Quick and the Dead (1995 film)
f17f0975-d90d-4b9d-9199-f5097ced94d2,naturalqa,when did the first electric dishwasher come out,1,Dishwasher
5c6aa6b1-9ac9-4b5f-ba3d-00dd8ec70bbb,naturalqa,who was involved in the soviet invasion of afghanistan,1,Soviet–Afghan War
699d81b3-0575-4589-8313-b853b632d144,naturalqa,how much money does bank of america have,1,Bank of America
13950a42-453b-4cdf-8f3f-1e3016241c7f,naturalqa,who killed robert baratheon in game of thrones,1,Robert Baratheon
eb4d0f4a-2929-4857-b1d4-483105b0197c,naturalqa,who sings i love you a bushel and a peck,1,A Bushel and a Peck
1175d227-b449-4e17-b591-973251873a44,naturalqa,where is sussex inlet in new south wales,1,"Sussex Inlet, New South Wales"
fed73767-cba0-40fd-bbf3-14f9f077e704,naturalqa,who is the warlock in game of thrones,1,Ian Hanmore
2eea4fa0-e562-4706-850b-77df4e8527bd,naturalqa,where do bumble bees live in the wild,1,Bumblebee
29af5fec-3e3b-4153-9846-a8480618e799,naturalqa,what does the wallpaper smell like in the yellow wallpaper,1,The Yellow Wallpaper
1e5f3ded-1372-4569-82c4-850f8eeb048c,naturalqa,who dies at the end of three sisters,1,Three Sisters (play)
48d98c40-dc1e-48cb-8421-04717c5041b7,naturalqa,where did the robot come from in lost in space,1,Robot (Lost in Space)
6e272360-70b8-49b0-b57a-a7d440adc36c,naturalqa,who plays lead guitar on my old school,1,My Old School
2c0fff65-aa48-4349-a889-b6134a03a199,naturalqa,when did wizards of the coast buy d&d,1,Wizards of the Coast
fd222cd4-2057-494d-9e23-03147e1b7055,naturalqa,who plays timon and pumbaa in the lion king,1,Timon and Pumbaa
ab993165-a7a9-42f8-adb4-f8c3b7e7cc1e,naturalqa,when did running start begin in washington state,1,Running Start
9254abe8-cbf5-42cc-95f4-b199cee89cee,naturalqa,how many students attend new palestine high school,1,New Palestine High School
88fc49e6-c019-4580-a9ae-d1442fa1af63,naturalqa,who played the crippled guy in shallow hal,1,Rene Kirby
65e53ffc-9968-4e4a-88e3-cad86ef33305,naturalqa,who was the man in charge of the us military at harper's ferry,1,John Brown's raid on Harpers Ferry
1de51e97-f979-4375-a745-af71f68b88e6,naturalqa,who originally sang counting flowers on the wall,2,Flowers on the Wall
28c52e9b-d927-4617-865f-e5d9d3e62e85,naturalqa,who wrote the song the age of aquarius,1,Aquarius/Let the Sunshine In
1073ba39-89e7-4335-82bc-00c72001e481,naturalqa,all that remains what if i was nothing album,1,What If I Was Nothing
34f43b3a-bd19-4538-b970-4862f1dde380,naturalqa,who believed that human ability is due to a combination of both nature and nurture,1,Nature versus nurture
b33c2b74-0646-422a-b98c-dbedc31ac16e,naturalqa,function of international bank for reconstruction and development,1,International Bank for Reconstruction and Development
ca6079b8-fba4-4ab3-b53a-f6de0eb2829f,naturalqa,who played wally in last of the summer wine,1,Joe Gladwin
fe7a8105-813b-4a9f-a924-b67063cf19d5,naturalqa,what is the function of the dense connective tissue,1,Dense connective tissue
d3ce3b7d-70b6-4a8c-a6da-be0f61ce122a,naturalqa,who was the first woman elected to the us senate,2,Women in the United States Senate
87e8048d-f546-4907-b9be-b38e27c95072,naturalqa,where did german immigrants to the united states tend to settle,1,German Americans
f52ee940-e182-44da-bb70-8468301b584d,naturalqa,where does the last name baez originate from,1,Baez
af126e70-ff3a-48e1-abf5-f27d02fcc0e0,naturalqa,who equated 12 roman gods with the 12 olympian gods/goddesses of the greek pantheon,1,Twelve Olympians
5c2b81a4-e8c1-443b-a2eb-39b57eeb3e2b,naturalqa,who sings i dont want to fall in love,2,Don't Wanna Fall in Love
ea3472c4-8872-4c6d-b8a3-7442f0bba733,naturalqa,when did the song high school by nicki minaj come out,1,High School (song)
80614577-18f1-48c0-9a66-1958099e4e29,naturalqa,two horses on the nigerian coat of arm represent,1,Coat of arms of Nigeria
802c65ea-875d-49b6-b716-f82f3a0164d6,naturalqa,who wrote i was born under a wandering star,1,Wand'rin' Star
e5842024-2fdd-4d44-8d35-573b40e1b637,naturalqa,who played the voice of salem the cat,1,Nick Bakay
9a89ba58-3d16-4f9f-b257-8e99cbfcd782,naturalqa,where was the book of adam and eve found,1,Conflict of Adam and Eve with Satan
2a704990-d2a3-4368-a5d4-3cc947139f51,naturalqa,who plays the asian girl in deadpool 2,1,Deadpool 2
6b2cf678-10ed-4dd2-b79a-6b20ad1a48fa,naturalqa,how does a main-sequence star's lifetime depend on its overall mass,1,Main sequence
6b0793a0-f387-4739-972e-fd5ca5b844e2,naturalqa,who is the lady on the australian 5 dollar note,1,Australian five-dollar note
add2c42e-529c-4469-94e2-cc57f334a52d,naturalqa,who coined the phrase war to end all wars,1,The war to end war
9d64b640-34dd-47b5-9913-a6ddcab71af5,naturalqa,who sings how far i'll go from moana,2,How Far I'll Go
526986a7-c956-43ad-8cd3-effcb38850ff,naturalqa,where was the first long distance phone call made,1,Long-distance calling
df56134a-019b-4623-a953-16c2ff353878,naturalqa,what year did adam sandler sing the thanksgiving song,1,The Thanksgiving Song
a149a45b-b202-403d-aeac-de54855b78ca,naturalqa,when did 1 and 2 cent coins stop,2,Australian two-cent coin
d0bb285a-17a2-495d-8271-f0c14f69e237,naturalqa,when was the presidency moved from lagos to abuja,1,Abuja
cc82179a-e34b-41d3-8a79-0d97e8388881,naturalqa,the nucleoli found within the nucleus are the sites of ____ synthesis.​,2,Nucleolus
70dccf83-25b6-4b61-8cca-2a6fe2666df2,naturalqa,what school is educating greater manchester set in,2,Educating Greater Manchester
02e5183b-bda3-4832-8729-595172edc25f,naturalqa,who played tony in only fools and horses,1,Philip Pope
cd1b2ce6-bd00-49f5-a1ad-0e1cd1e0e475,naturalqa,where did the agni-iii test launch and failed,1,Agni-III
09a38db4-3c5c-450a-896a-58729cb6895e,naturalqa,how does a plane wing create lift which physics concept applies,2,Lift (force)
1b8c71f7-fa06-4a8e-afb1-9058dd03f76e,naturalqa,when do the fontanelle close on a baby,1,Fontanelle
6c8b4908-a3d0-45d2-950d-aa546fe514b2,naturalqa,real name of wanida in youre my destiny,1,You're My Destiny (2017 TV series)
fba879a6-d616-4175-a27d-f75d59de775d,naturalqa,where is the fonz statue located in milwaukee,2,Bronze Fonz
afa051f5-12f8-4936-9312-7bfce3279b9b,naturalqa,when was an occurrence at owl creek bridge written,2,An Occurrence at Owl Creek Bridge
7d940f4a-727a-4fff-b7b1-69c9144a23f5,naturalqa,what weapons did they use in the battle of saratoga,1,List of infantry weapons in the American Revolution
5fff70cc-fa6b-4101-8e63-b7c6eb977929,naturalqa,where did they film harry and the hendersons,1,Harry and the Hendersons
e5da59d8-e4a4-49d7-9f27-4283329a84d6,naturalqa,who was involved in the waterloo creek massacre,1,Waterloo Creek massacre
66b8cc62-a60a-486c-8e9d-89f8a46411bd,naturalqa,where is the microchip placed in a dog,1,Microchip implant (animal)
b7a27437-0266-4521-bfc2-58391de1b993,naturalqa,where does iowa rank in wind energy production,1,Wind power in Iowa
d21fa234-e5fd-4842-94aa-f26fd3561f57,naturalqa,who wrote the music for the hymn jerusalem,1,And did those feet in ancient time
9daefd53-ceed-44da-ac22-70a7c1e0a649,naturalqa,when were the levees in new orleans built,1,Drainage in New Orleans
b4906f4a-bd14-47ab-9f6b-7660090a0ef0,naturalqa,where does red beans and rice come from,1,Red beans and rice
76d96d8e-bad1-4473-9f6f-248eb998a2a8,naturalqa,what type of company is select portfolio servicing,1,Select Portfolio Servicing
c874e8d2-2e61-401f-91f8-9e10a6c0cac2,naturalqa,when did it become law to wear seat belts,1,Seat belt legislation
9a406ee0-3223-47b0-bf90-cbe2be21e657,naturalqa,who sings the original magic school bus theme song,1,The Magic School Bus (TV series)
29d0478f-6724-4c8f-ba11-1ce2e84b8d0c,naturalqa,when's the last time the los angeles dodgers won the world series,1,Los Angeles Dodgers
b810cf1c-4146-4fc0-8b93-311b3439fc32,naturalqa,girl who played dodie on my three sons,1,Dawn Lyn
097eb557-bae8-48b2-b281-a1465805ae5b,naturalqa,how many years did moses malone lead the league in rebounds,1,Moses Malone
7ed31d8b-9930-491a-916f-11b4d41ab9f3,naturalqa,longest continuously serving female mp in house of commons,1,Women in the House of Commons of the United Kingdom
ba4d646e-7068-4215-99fb-6b130ada03fe,naturalqa,when was the national anthem of pakistan first played,1,Qaumi Taranah
47970194-e653-4da4-8912-a1c84dda2394,naturalqa,who became the first leader of the united russia,2,United Russia
5de30d25-8d53-4cb7-b866-80c53087d376,naturalqa,which country was the first to adopt communism as the way to develop it economy,1,History of communism
88d5ddf3-8316-414c-a8ca-4a233da5b2ab,naturalqa,who owned and controlled the town of pullman,1,"Pullman, Chicago"
927ba90e-3e2b-40cd-8ef3-5ab8a6a035c2,naturalqa,bug that looks like a centipede with long legs,3,Scutigera coleoptrata
f5d5a078-1c6b-4dfc-bae9-0a40f60c415e,naturalqa,where does the northern ireland assembly meets in,1,Northern Ireland Assembly
6188e5a3-09eb-4fb9-a13f-13aa1bf5eab1,naturalqa,who sang the original song the last kiss,2,Last Kiss
4fd2d74d-8bba-4829-8e71-5fa46429d2c9,naturalqa,when are trains required to blow their horns,1,Train horn
c10760b5-c5f0-46b9-9293-59f5867c3c2d,naturalqa,the sexually dimorphic nucleus is part of the ____.​,1,Sexually dimorphic nucleus
643c1975-b1a6-4fd5-940a-148a4cc4a33a,naturalqa,why is the game of bridge called bridge,1,History of contract bridge
dc2fe8e1-ec22-4dbc-8fb4-a89b09941ffa,naturalqa,what type of wood was the santa maria made of,1,Santa María (ship)
30158556-f797-4b72-beb7-a49bf059e2f6,naturalqa,who did nancy dow play on beverly hillbillies,1,Nancy Dow
061474d2-cc81-4e86-be23-5a16ca6ef48a,naturalqa,who plays luke and mark on the following,1,Sam Underwood
664bc634-b604-4e39-886b-ef72a949b514,naturalqa,what was the name of the aztecs capital city,2,Tenochtitlan
71029731-7433-416e-b95b-f3fa2add3eb6,naturalqa,who is the first person that went to space,1,Yuri Gagarin
9f0a659a-3be3-4c47-a1be-c39369377f8c,naturalqa,when was the neutrality act of 1937 passed,1,Neutrality Acts of the 1930s
a5b08d97-c32d-44c7-8f4d-dc03ae6f2a4c,naturalqa,when are two bodies said to be in thermal equilibrium,1,Thermal equilibrium
46f23b1a-9843-46f7-83c1-3f3a6f389351,naturalqa,where is san miguel de allende located in mexico,1,San Miguel de Allende
37fd0f8d-1dd6-4c71-b7e1-f3f1e34220d4,naturalqa,which animal appears on the left side of the abacus on the national emblem of india,1,State Emblem of India
63196349-bf35-4ee2-94f1-86b3a82a622c,naturalqa,what i have written i have written in latin,4,"Quod scripsi, scripsi"
7d0cf215-81e3-43e1-bae9-c029fed037ed,naturalqa,where does kevin probably saves the world take place,1,Kevin (Probably) Saves the World
cd32ef6b-b582-4c8c-bd13-b8ddc7183ceb,naturalqa,where does central mountain air land in vancouver,1,Central Mountain Air
e0492b92-a4fa-4bb3-aa45-3ab4bdfccb94,naturalqa,where was the location of the yalta conference in 1945,1,Yalta Conference
d97db4c0-6c2e-4a95-9cc3-0bc391c9b4e3,naturalqa,who played woody from suite life on deck,1,List of recurring characters in The Suite Life on Deck
1a7dcc8f-4625-4706-97eb-8eed7bfa1d23,naturalqa,number of catholic high schools in the united states,1,Catholic schools in the United States
bef5eca8-23b8-43e0-bf04-c4c894d1a889,naturalqa,who sings no one ever is to blame,2,No One Is to Blame
a6617450-6d04-4ff8-948f-627849b6854a,naturalqa,who plays young shawn in season 5 of psych,1,List of Psych characters
80c509eb-6822-4e94-a07e-7a97bbe1430f,naturalqa,who is playing susan banks on dool august 2018,2,Susan Banks
9b83f1c0-bd4f-4517-8691-66738f3966e0,naturalqa,when was sometimes it snows in april releases,1,Sometimes It Snows in April
878fc9eb-a7a8-4d47-a13d-b203042a743d,naturalqa,who played scott grainger on young and restless,1,Scotty Grainger
6a19b2ae-2ce1-4b71-a997-8293a9f1cea1,naturalqa,who sang don't fall in love with a dreamer,1,Don't Fall in Love with a Dreamer
e0796bec-3304-4886-bc98-d348e210d121,naturalqa,where is st.augustine located on the map of florida,1,"St. Augustine, Florida"
c50a049a-e978-4fbd-af3b-6ffc912e6306,naturalqa,test used to identify the presence of fibrinolysis,1,Fibrinolysis
fbd73d72-340e-402d-a63a-2d730c97ccc3,naturalqa,who announced a vague offer of dominion status for india in 1929,1,Gandhi–Irwin Pact
eef9df36-2d80-4f18-ac25-cd2303d07ee4,naturalqa,where are most of the divergent boundaries found,1,Divergent boundary
ad81b044-5d1e-42e8-9ea7-d62626dd4f66,naturalqa,who said the pen is mighter than the sword,1,The pen is mightier than the sword
d2708924-73f8-42b9-a793-1b38ac81632a,naturalqa,when was the preamble of the indian constitution amended,1,Preamble to the Constitution of India
4ced57ad-4b47-4f63-a94e-cea856de0def,naturalqa,who is the father of amba ambika ambalika,1,Amba (Mahabharata)
a5764eb4-051b-44a8-8b0e-54bc18293b47,naturalqa,when was the rose that grew from concrete written,1,The Rose That Grew from Concrete (poetry collection)
af883138-b98f-4a4d-ae1e-4bd83ae2b0c1,naturalqa,in which year 6 major commercial banks were nationalised in india,1,Banking in India
ac9c705d-c24b-4717-86e5-98ede6a11ed1,naturalqa,who has won the indy 500 the most,2,List of Indianapolis 500 winners
ac1213b5-4d99-4b81-8f80-eb856385da60,naturalqa,actor who plays david platt in coronation street,1,Jack P. Shepherd
e5032c42-fb3d-4ab0-94b7-88e86045ea7d,naturalqa,who wrote the song don't you ever get tired of hurting me,1,Don't You Ever Get Tired (Of Hurting Me)
61354447-5e1d-4bd0-a4bd-0c305ca659ab,naturalqa,who plays jj in days of our lives,1,Casey Moss
a3fa120b-4488-40d0-9a64-fecc08fd8809,naturalqa,what is provided in article 368 of the constitution,1,Amendment of the Constitution of India
836ed3c8-e0e1-4d6a-a895-3569a6e74af1,naturalqa,where was the adventures of the wilderness family filmed,1,The Adventures of the Wilderness Family
d3b45b92-b82d-4cc8-a79a-895490b283a8,naturalqa,who founded the national alliance to end homelessness,1,National Alliance to End Homelessness
7009d6fb-765c-4fb4-9216-96c359be11ba,naturalqa,where did australia come in the winter olympics 2018,1,Australia at the 2018 Winter Olympics
5b1060aa-0be7-42a1-b2bc-11d57077cf84,naturalqa,who made it to the top of everest,1,Edmund Hillary
4c492bfc-c195-4b23-b9ce-acaa465ed0e3,naturalqa,when does episode 7 of the tick air,2,The Tick (2016 TV series)
0f0044f1-a690-4e21-8f0d-361e1ca529bc,naturalqa,who played the dead guy in weekend at bernie's,1,Weekend at Bernie's
6ca595e6-5a15-45e0-8cc6-82b6f371d8a9,naturalqa,who sings lookin for love in all the wrong places,2,Lookin' for Love
54d37077-93d1-4ac3-851f-8fb871dee5c6,naturalqa,who won the women's elimination chamber 2017,1,Elimination Chamber (2017)
924366a0-0f16-4ac0-915c-b68886b4f307,naturalqa,who played brenda in tupac's video brenda's got a baby,1,Brenda's Got a Baby
e85b95b8-f669-4991-be46-b801db1ca34b,naturalqa,when did the philadelphia flyers win the stanley cup,1,Philadelphia Flyers
004c15be-5a80-4261-a93e-5e92d5e96ac1,naturalqa,when did mac miller release best day ever,1,Best Day Ever (mixtape)
571c94a6-54f9-43cd-85c0-59cf9bd81c89,naturalqa,who developed the fundamental principles of document examination,1,Questioned document examination
dc6f257a-586a-447f-a94e-a264f9e68bad,naturalqa,where did the founder of hotmail work before he founded the webmail service,1,Sabeer Bhatia
a822a713-346e-4244-bd4e-12549b8353cb,naturalqa,who sang i can make you feel good,1,I Can Make You Feel Good
ac85f19e-0f21-4941-b36b-9188945fcaa5,naturalqa,when did the star wars ride open at disneyland,1,Star Tours
de5ce042-5937-4cd0-82fa-81a9d4d7cce8,naturalqa,where are the iron ore deposits of pakistan located,1,Mining in Pakistan
84951cdd-140d-46ef-91b5-60bb4fc0e76e,naturalqa,who were known as turanis at mughal court,1,Persians in the Mughal Empire
4ee26a9b-80f3-44d6-b735-c690c061cc5a,naturalqa,who sang best things in life are free,4,The Best Things in Life Are Free
35d1a885-4321-49dd-8210-e8d49c62709c,naturalqa,what is the name of the first french movie,1,Cinema of France
664a3e04-cd39-41be-8f20-dea30fbe7593,naturalqa,where are baby back ribs located on a pig,1,Pork ribs
35454d10-6976-4d46-b127-7ff0f79d1322,naturalqa,what year did my pet monster come out,1,My Pet Monster
885c08ad-2662-40c3-8de4-b47595493dff,naturalqa,walking dead who let the walkers in the prison,1,Killer Within
7ef2ac1b-0170-4481-88aa-c66cf61cc9d4,naturalqa,who played michael jordan as a kid in space jam,1,Space Jam
749f3c64-f71b-41cd-8682-d61dcba302ac,naturalqa,where does the train go from st ives,3,St Ives Bay Line
31886229-08bf-4fce-b40c-cf7220d8ed1a,naturalqa,who plays the yoga instructor on orange is the new black,2,Constance Shulman
3886d838-cf48-40ff-b0a2-dffb2ad108c1,naturalqa,who played uncle woody on sanford and son,1,Raymond Allen (television actor)
80c86713-8e83-41e3-a346-8661ee538799,naturalqa,where are eccrine glands found in the body,1,Eccrine sweat gland
b54b35c0-4ae9-4c31-bac0-6be66bb82226,naturalqa,what does thom yorke say at the end of daydreaming,1,Daydreaming (Radiohead song)
6897830f-d9ad-4494-9081-fd5406200c0c,naturalqa,who sang the song it's such a pretty world today,2,It's Such a Pretty World Today
e7f063fb-3942-4461-bd91-6daadb5b19b3,naturalqa,hot springs hotel in japan that's run since 705 a.d,2,Nishiyama Onsen Keiunkan
0166cf7e-2a3b-495d-845f-6427f2f4d8cd,naturalqa,the earliest surviving building in india containing a true dome is,1,Tomb of Balban
a4becd7d-32df-49b2-b6c8-f907637b7f48,naturalqa,who sings with neil young on four strong winds,1,Four Strong Winds
a8b5f0a0-ff72-4e12-9ab5-c8dbfccc1320,naturalqa,when was the three point seat belt invented,1,Seat belt
958d76cc-85d9-4267-a640-e67eda2a3783,naturalqa,who plays wade kinsella on hart of dixie,1,Wilson Bethel
39fdb905-60f0-46fc-ac6d-91c05e43b1b7,naturalqa,who killed marquis in tale of two cities,1,Marquis St. Evrémonde
0ae7e5c0-b587-42f9-b70d-5865ea2c6f45,naturalqa,when was the story of an hour published,1,The Story of an Hour
c3aa2345-58e0-46cb-8939-f8dda670fa2d,naturalqa,who played shawn hunter on boy meets world,1,Rider Strong
31d8eda0-aa35-46e8-9d9b-ed6ddb733132,naturalqa,who hosted the table tennis 2017 itf women's world cup,1,2017 ITTF Women's World Cup
3b30cdfc-a81e-4dd3-aeee-f47e76b54e6f,naturalqa,who is the girl in the we don't talk anymore video,1,We Don't Talk Anymore (Charlie Puth song)
8be5e962-2f5a-4633-8acf-fa146c0e883c,naturalqa,who are the real characters of paid in full,1,Paid in Full (2002 film)
d7cb34a6-20ad-4821-8b8a-742096cd2c2f,naturalqa,when did the old pound notes go out of circulation,2,Bank of England £1 note
04bd2837-d429-41a9-a1a3-f5479d8affb9,naturalqa,who did muhammad ali fight in croke park,1,When Ali Came to Ireland
e1f668ac-638d-4cf0-8b10-722a9cfc6161,naturalqa,who was the first female general officer in the air force,1,Janet C. Wolfenbarger
5040697a-39b6-454f-9439-1b1b4f27de4b,naturalqa,who sings sometimes you're the windshield sometimes you're the bug,1,The Bug
8159d5f1-b8ff-4371-aace-89a802e599f2,naturalqa,when did tony and carmela get back together,1,Carmela Soprano
aa9970df-2a64-452a-9175-50c298824cfc,naturalqa,who wrote the song in school of rock,1,School of Rock
98615f67-5f51-49b7-88e6-a003ed683c54,naturalqa,what is the purpose of the civil service commission,1,Civil service commission
7ea6c691-028d-4229-9865-9ae27a106baf,naturalqa,who has tracking numbers that start with 1z,1,Tracking number
a3b43cd6-1092-4737-9883-12c052fbbb70,naturalqa,when did sri jayawardenepura kotte become the capital,1,Sri Jayawardenepura Kotte
7419ec12-8834-424e-ad09-0c5a61219572,naturalqa,where is the mekong river delta located in vietnam,1,Mekong Delta
ec566230-0587-4c25-b6aa-bf9b350f7d75,naturalqa,who sings the song julie julie julie do you love me,1,"Julie, Do Ya Love Me"
7883b3aa-ab35-403e-bafb-5052b3d17bb2,naturalqa,who plays sandy in life of the party,1,Life of the Party (2018 film)
a0faed1f-5332-4173-b441-3e0e75fca15f,naturalqa,who sang love take me down to the streets,1,Role Models
c3fc6a03-31f5-47ae-bb0f-d90516d6604a,naturalqa,who plays sonny's father on general hospital,1,Ron Hale
eb51b406-f8bb-4733-8a52-6505835715aa,naturalqa,imperial russian edict or decree that had the force of law,5,Ukase
2f13d3ff-3285-4fe9-98f6-707449221d7c,naturalqa,who is the german national soccer team coach,1,Joachim Löw
41612a2b-d2e6-451e-8d8c-be0caa57f86e,naturalqa,who wrote the song i love you truly,1,I Love You Truly
7ae4feaa-27ec-4014-b5e7-b84e65a633a4,naturalqa,where is coral bleaching most likely to occur,1,Coral bleaching
fe0f26e3-1e71-4042-8b52-04c7812fad16,naturalqa,who did jesse palmer propose to on the bachelor,1,Jesse Palmer
a21e8e88-b99d-4114-a423-ece58488c3de,naturalqa,where is the 9th ward in new orleans,1,9th Ward of New Orleans
44d2b2c1-4fea-4f27-92e2-be20b1120b62,naturalqa,where does cat in the rain take place,1,Cat in the Rain
8362e67f-dc97-4d46-8783-46b20155e5f5,naturalqa,when did the republic of ireland leave the commonwealth,1,Ireland Act 1949
e8b8b9b8-82ff-4b06-8f15-8c7190ec293c,naturalqa,when will batman and harley quinn be released,2,Batman and Harley Quinn
000c77ba-2399-41ae-b0c6-c31dc9b6fa59,naturalqa,who played violet in willy wonka and the chocolate factory 2005,1,Charlie and the Chocolate Factory (film)
54c6db04-261d-410b-b60a-60bb26f295ab,naturalqa,who has scored the most goals in international soccer,1,List of men's footballers with 50 or more international goals
10a7a696-7b17-47c8-9f80-848c47f80124,naturalqa,who is the original singer of feeling good,2,Feeling Good
01bbcb80-eac2-45e9-90e1-00d67dabb6bb,naturalqa,when did bert and ernie first appear on sesame street,1,Bert and Ernie
43434c45-acec-4f08-8d32-907491566202,naturalqa,where was love on a branch line filmed,1,Love on a Branch Line (TV series)
076e50d0-1ad6-4d07-87f8-d626f7506fb3,naturalqa,who sang the original shake your tail feather,1,Shake a Tail Feather
839f20a7-cbc2-46ff-8482-1a7e1bc1a0a1,naturalqa,the superior vena cava returns blood to the heart from the,1,Superior vena cava
72dfd50c-d1ab-4814-99d8-4e0672023da9,naturalqa,how do we measure the distance to other galaxies,1,Cosmic distance ladder
961997e6-97b0-411e-adf4-909aaa768ae2,naturalqa,india has the largest deposit of which mineral,1,Natural resources of India
494d0e88-05ae-4937-8437-56d8f2dc5cd1,naturalqa,normal range for nuchal fold at 12 weeks,1,Nuchal scan
37549006-619e-41b6-a05b-4a6b2b4c7b02,naturalqa,who sang he going to step on you again,1,He's Gonna Step on You Again
5a7d6a2c-140a-4426-8564-79bbde78efc0,naturalqa,who has won the 2018 men's singles tata open maharashtra tennis tournament,2,2018 Tata Open Maharashtra
991a80c7-d7b6-4158-b8cc-17a1521ad8be,naturalqa,who coined the term swaraj is my birthright,1,Joseph Baptista
eecc5299-b9c9-41ce-a8ed-184b583d7bb9,naturalqa,where is the skywalk located in the grand canyon,1,Grand Canyon Skywalk
bca804e3-e3f0-480f-85ef-4e97beef9889,naturalqa,where does the last name stevenson come from,1,Stevenson
a6fa9a4f-4d86-419b-b007-af674e7cb865,naturalqa,who had the longest tenure as chief justice of india,1,Y. V. Chandrachud
ca2bdaf6-cf4b-4085-9c6a-109537627fbd,naturalqa,who played frankie on days of our lives,1,Frankie Brady
42165f81-acf6-413d-b0ef-7aa443c72338,naturalqa,when was a sharp intake of breath made,1,A Sharp Intake of Breath
25c49743-d04d-4826-b5df-7ead00e76590,naturalqa,who was the golfer who died in a plane crash,1,Payne Stewart
a20ae2d1-7d04-4724-9a70-da628e9ac067,naturalqa,who sings the theme song to dog bounty hunter,1,Dog the Bounty Hunter
08c4af2d-213f-43ca-8d99-cf00bf73abf3,naturalqa,when did scotland yard become new scotland yard,2,Scotland Yard
ca2ffce1-34b5-4c95-9398-c18b68da3d17,naturalqa,where is the rod laver cup being played,1,Laver Cup
e96d8005-03ab-441b-b4dc-353dc392295a,naturalqa,don't be afraid of the dark creatures origin,1,Don't Be Afraid of the Dark (2010 film)
99abd9d3-4c09-4137-8ee6-db61615739ae,naturalqa,what part of rome is the trevi fountain in,1,Trevi Fountain
fcdc651d-2f53-434f-954a-63b1468b52fa,naturalqa,where did the name kentucky fried chicken come from,1,KFC
59c5d52a-6384-4ef1-bf6e-9885c7e8742c,naturalqa,where did the phrase no pain no gain come from,1,"No pain, no gain"
7e4b14a0-3b9c-46bd-93ff-61cf5e2159d5,naturalqa,who plays tom on the secret life of american teenager,1,Luke Zimmerman
d7aa1952-cd55-4ab5-9668-2a660d391bc5,naturalqa,what is the highest unemployment rate ever in the united states,1,Unemployment in the United States
c4236eb9-0dde-4888-b744-0f7c1761ded8,naturalqa,when did pirates of the caribbean open at disney world,1,Pirates of the Caribbean (attraction)
d92da8e1-e114-4894-8740-cd4973f53913,naturalqa,who helped spread the ideas of the reformation,1,Propaganda during the Reformation
a5a5de7b-327a-47a5-bf7d-9ed7e7ee813c,naturalqa,who quarterbacked the minnesota vikings the year they won 15 games,3,1998 Minnesota Vikings season
2a409eb3-7029-4229-ab97-5fd77b1b21e7,naturalqa,who wrote in the presence of the lord,1,Blind Faith (Blind Faith album)
b03d9ca3-7cd2-4548-9848-930dd00e10b8,naturalqa,when does season 5 of bring it come back on,1,Bring It! (TV series)
e54c408a-9e5e-4d6f-b855-21660539e462,naturalqa,who authored the contract with america plan for government,1,Contract with America
b3fbcb91-cb68-4468-b3d2-a0129b93acd9,naturalqa,who plays the dark fairy on once upon a time,2,Jaime Murray
543d3a03-dc7f-4880-952c-cfd0370b1b2a,naturalqa,which is the oldest sofitel in north america,1,Sofitel
8c2451fb-754e-4f2b-b94c-36e50336a0fe,naturalqa,who plays wyatt spencer on bold and the beautiful,1,Darin Brooks
0094a9d1-99e6-442c-bd8f-25d4f13c587f,naturalqa,when did series 2 ve commodore come out,1,Holden Commodore (VE)
bb5ec754-5844-4fac-bff7-0e8666d5c451,naturalqa,who owns the windsor court hotel in new orleans,1,Windsor Court Hotel
7ad4c9ac-0a4a-43e4-8445-b22fcd211b5d,naturalqa,what links does blues music have to the pop music we listen to today,1,Pop music
1ac04de3-5bbc-48bf-8c06-472351d0abad,naturalqa,what is the most common extended ascii set,1,Extended ASCII
102fab12-b007-46c7-aba2-88d4f03ba78c,naturalqa,who has written the poem udayavagali cheluva kannada nadu,1,Huilgol Narayana Rao
e729161e-2b3d-4868-811f-4ca710ec0dbe,naturalqa,where was the movie the great raid filmed,1,The Great Raid
42460020-6b8e-4fb4-9995-6ce6e87100fb,naturalqa,who played glenda in last of the summer wine,1,Sarah Thomas (actress)
bcd34d7f-2088-460b-877d-aeac72b4599d,naturalqa,when did the beatles play at shea stadium,1,The Beatles at Shea Stadium
8e567513-b2ea-49f4-9ca6-2998c3e5df41,naturalqa,when do new episodes of berserk come out,1,Berserk (2016 TV series)
03757aa3-d324-4798-8a49-b9aec9977b0f,naturalqa,when did west brom fc change its name,1,West Bromwich Albion F.C.
5394c483-4042-4a01-b97e-bf6d9a8117ff,naturalqa,where does brian's dad live in the book hatchet,1,Hatchet (novel)
74def7ee-cbef-42ca-8964-2afc794e7594,naturalqa,which military action led to us boycott the 1980 olympics,2,1980 Summer Olympics boycott
d10c134c-db33-499e-b9b7-c6b76b23d838,naturalqa,when did the first kitchenaid mixer come out,1,KitchenAid
9194162e-8876-4ccc-a106-b6c02c9b4605,naturalqa,who sings the song what was i thinking,3,What Was I Thinkin'
8629583d-8c3c-49d1-895b-433053dcc280,naturalqa,who founded anushilan samiti at dhaka (decca),1,Dhaka Anushilan Samiti
f6b0158d-9c53-488a-b57f-c4d8291e1552,naturalqa,who sings the end of bullet by hollywood undead,1,Bullet (Hollywood Undead song)
f6c0a3b6-0e07-4e64-9c1d-493e8078c194,naturalqa,who plays blanca in orange is the new black,2,Laura Gómez (actress)
823e23e0-819b-4155-b2ca-465695dd8975,naturalqa,where did they film the witches of eastwick,1,The Witches of Eastwick (film)
331b1909-ec99-47a8-a9f5-17fbf5f82e17,naturalqa,where did the first sweet potato come from,1,Sweet potato
09245c5c-197f-40bb-997c-e5fbe6475f96,naturalqa,who shot caesar in dawn of the planet of the apes,2,Dawn of the Planet of the Apes
3082f4e3-5b8e-4caa-b51b-07fdfcc0e923,naturalqa,who sings the song i love you i hate you,3,"I Hate U, I Love U"
c5aa7ffb-640b-4a57-b32f-fd00761acff0,naturalqa,the fusion of the male pronucleus and the female pronucleus results in development of,1,Pronucleus
769cfeba-f2da-441d-8dd4-ee9f1fe32392,naturalqa,who sings i'll be there for you 2018,1,I'll Be There (Jess Glynne song)
ce962dda-44e0-4267-8aa1-68629b53c508,naturalqa,what is iron man's comic figure real name,1,Iron Man
2bb47a91-0fad-4004-9d75-f3ca7357ceb3,naturalqa,what is the main industry in buffalo ny,1,"Economy of Buffalo, New York"
0c6ace49-bf56-43f7-b89a-9712b6808c3e,naturalqa,when was the first battle of panipath fought,1,First Battle of Panipat
852482a9-5482-4ae3-b348-5b77125d8e6e,naturalqa,where did kings of leon name come from,1,Kings of Leon
d24d5f05-ff9b-4665-8d7e-bb0208cc372a,naturalqa,when is the europa league round of 16 draw,1,2017–18 UEFA Europa League knockout phase
d3e5b444-5f71-4339-ac19-7c4ec4ab6eb8,naturalqa,who lived in the house of the faun,1,House of the Faun
8e4a7098-2724-4219-85e7-f7791ed0a038,naturalqa,what is st jordan the patron saint of,1,Jordan of Saxony
0c9ae80b-1b6b-40dc-90cc-061c22434948,naturalqa,who is talking at the end of blame game,3,Blame Game
df23792f-f01b-44e9-970c-5242a790c0da,naturalqa,what percentage of the country lives in california,1,Demographics of California
73d892b0-f4ac-4f00-8511-040624f66191,naturalqa,where did the bunny come from in easter,1,Easter Bunny
dabf4dac-b65f-4c1c-9904-81fdda4e1e9c,naturalqa,what episode of er does sam get kidnapped,1,Samantha Taggart
0ea07d65-b83a-4273-90e7-31859433636d,naturalqa,what was the purpose of the 1864 geneva convention,1,First Geneva Convention
2c0df335-9632-4abc-81f8-5bed09f8df2b,naturalqa,when was annapolis the capital of the united states,1,"Annapolis, Maryland"
03e79b2b-5133-45a4-aeec-0831d99df702,naturalqa,what is the most popular beer brand in germany,1,Beer in Germany
1d6cfcf8-b2db-47e4-9e90-0768d9d9bb31,naturalqa,when did the first goosebumps book come out,2,List of Goosebumps books
0981a1d4-df10-4e08-b3e2-15c5ad8db229,naturalqa,what is the name of frosty the snowman's wife,1,Frosty's Winter Wonderland
d184fcfb-191b-4e16-a09d-54b5eddf8fd4,naturalqa,when was it required to have a driver's license,1,Driver's license
f9a42e8c-adae-493c-b380-c9d7e18affb3,naturalqa,when did chelsea flower show move to chelsea hospital,1,Chelsea Flower Show
0b498359-a818-435f-823c-21e266d77e89,naturalqa,when did nsync bye bye bye come out,2,Bye Bye Bye
deb724ca-b3b8-4809-809d-fd4c0c296ab6,naturalqa,if the president disapproves of a measure and sends it back to the congress for reconsideration,1,Presentment Clause
efe0d324-145a-4d41-ae33-c543fd692b05,naturalqa,who lines up next to the center in football,1,American football positions
63e36b67-dee9-4433-bfee-b03ef90cb0d3,naturalqa,when did the nba 3 second rule start,1,Three seconds rule
7b21a3dc-4e7d-4cb6-a256-9a6b66631bee,naturalqa,what year did the movie deuces come out,1,Deuces (film)
c9fd920d-ae1c-47fe-b55b-bc76103331ee,naturalqa,where is the best farming soil in the us and where did all the dirt come from,1,Black Dirt Region
52f294bf-c0e9-41ed-9a1e-1d37844acb4a,naturalqa,who plays claire underwood's mom on house of cards,1,Claire Underwood
b5dbcc1c-b7f2-4d5d-a00d-bac888656d9a,naturalqa,who sang theres a rat in my kitchen,2,Rat in Mi Kitchen
71671c8c-3639-417a-ba1c-22d885121ab6,naturalqa,who sang nice one cyril nice one son,1,Nice One Cyril
0ce5e74f-8564-4d6c-ab2a-1d46d9da5f88,naturalqa,how many species of plants are found in india,1,Flora of India
77503ab5-4f1b-42aa-b622-15b38b499736,naturalqa,at what level is the clavicle with reference to the ribs,1,Clavicle
510aab59-34ba-4574-83c6-4bdd940a5dba,naturalqa,who does frank kill in the wasp factory,1,The Wasp Factory
726c1baf-b346-4a87-95a6-09febd7b6c28,naturalqa,where was the newhart show filmed in vermont,2,Waybury Inn
09b28d92-eb70-4f90-afce-b40eba1dd85a,naturalqa,who is making everyone sick in minor details,1,Minor Details
15504e18-41c1-4867-91de-f8c7bf6c2c90,naturalqa,when does the full paladins game come out,2,Paladins (video game)
4fbbd07d-864d-48c6-a24d-5fefe2ed4a69,naturalqa,where is the guy who plays calvin on 227,1,227 (TV series)
9278b64f-9034-4320-96a6-13cfb64f1e3c,naturalqa,what was the purpose of the national resources planning board,1,National Security Resources Board
a90322c2-14ff-4dc1-a585-804ca8c8ef15,naturalqa,when was free movement in the eu introduced,1,Freedom of movement for workers in the European Union
bb3c3acb-24e9-4828-b5ba-e467c3624edd,naturalqa,when was the first tower block built in england,1,Tower blocks in Great Britain
febc2697-acd9-44d2-a5ea-18152f5d4eed,naturalqa,who is known as the father of india cricketer,1,M. Suryanarayan
900785af-a56e-4639-be9a-4131c0b352c0,naturalqa,who were the pro football players in little giants,1,Little Giants
6948930e-9d28-49a7-95ab-e17c077e6416,naturalqa,where was the film that'll be the day filmed,1,That'll Be the Day (film)
b842cc0d-7969-438f-bfef-1cd6020cde52,naturalqa,what is the name of arasamaram in english,1,Ficus religiosa
344a25c3-7827-4084-97de-28abd138170f,naturalqa,where did jaren jackson senior play college basketball,1,Jaren Jackson
1a3a18da-97e1-4b8e-ae66-fb64368c17b4,naturalqa,where is national open university located in abuja,1,National Open University of Nigeria
6cb30be3-4b2b-49a5-a13c-ff97ef6602a6,naturalqa,who played bass on barney miller theme song,1,Barney Miller
13c2a82d-e51e-46b5-9502-d912c64a6890,naturalqa,when does between shades of gray take place,1,Between Shades of Gray
08937bf2-a4af-4e05-a226-13d0307bf842,naturalqa,where was the first police laboratory established in the us,1,Crime lab
8ebbe742-9d96-40d9-9469-38b71f6648a4,naturalqa,where is palm beach florida located on the map,1,"Palm Beach, Florida"
e46d8a09-1994-4370-bf90-85b996e03e33,naturalqa,what college newspaper refers to itself as the oldest college newspaper in michigan,1,The Collegian (Hillsdale College)
7b93c403-c192-461b-8d54-19df5be569c2,naturalqa,when was the first looping roller coaster and what was wrong with it,1,Roller coaster inversion
98288e5a-54a1-4e7c-99f1-03811e344413,naturalqa,how far do honey bees travel from their hive,1,Forage (honey bee)
1ac67faf-731c-416b-8744-d9ea1b64d179,naturalqa,why did zeus turned io into a cow,1,Io (mythology)
32f815dc-929c-49cb-b5d6-dfb7b6ea21aa,naturalqa,who plays tom riddle in harry potter chamber of secrets,1,Christian Coulson
a1b108ab-da92-466a-ab0f-047879eadc53,naturalqa,who plays penny's boyfriend on big bang theory,1,Brian Patrick Wade
f965250b-57ac-4cb2-b080-038478aa672a,naturalqa,when did opp by naughty by nature come out,1,O.P.P. (song)
dd7bd1f2-8138-4c83-9a0b-f28a66243f5a,naturalqa,what is the origin of es cells in development,1,Embryonic stem cell
2ff991c3-54a7-47c1-a8e7-0abb7cf443f5,naturalqa,who is the lead singer of all american rejects married to,1,Tyson Ritter
a5718390-977d-4add-827b-c7b0ed73503a,naturalqa,when does the eagle fly at auburn games,1,War Eagle
f971fb49-a2c0-4c65-8263-70f35ebd0085,naturalqa,who is mulder's father on the x files,1,Fox Mulder
4f124836-81fd-492f-8598-907ed14e3ae7,naturalqa,who played willie lopez in the movie ghost,1,Rick Aviles
0cd7d029-4b92-4553-9409-d684b3747940,naturalqa,where was the white man's burden published,1,The White Man's Burden
612125bf-e2f3-47b9-b3fc-4cb794ca3860,naturalqa,who played barry in close encounters of the third kind,1,Cary Guffey
1fb48561-c84d-44c5-b127-60834b512330,naturalqa,where is the new not going out filmed,1,Not Going Out
e65d93e3-96c3-4baf-ae61-c714a5894fef,naturalqa,where was keep it in the closet filmed,1,In the Closet
97205201-9a22-41ff-932a-fb440d679679,naturalqa,who is the owner of phoenix mall pune,1,Phoenix Marketcity (Pune)
00e02ea6-9cca-4c59-9425-b2454cb95776,naturalqa,when do we celebrate the modern olympic games,1,Olympic Games
283a1591-e8e0-490d-b9e5-c48aaf3e9074,naturalqa,how many songs did lennon and mccartney write,1,Lennon–McCartney
d3df1d59-40e3-4250-ad0a-30df30167943,naturalqa,who did the original version of handbags and gladrags,1,Handbags and Gladrags
6a4815cc-38b6-4c88-9d05-6ab7ef2de7be,naturalqa,what is the significance of april 27 1994 in south africa,1,Freedom Day (South Africa)
547b9b1b-3b52-4c7b-8c6d-fa26f7b39f0a,naturalqa,who had the rights to the krays book,1,Our Story (book)
7baaf2b7-01ef-44c3-ac35-cfda0cb80511,naturalqa,when does carlos find out about the affair,1,John Rowland (Desperate Housewives)
ce4e23f8-e118-4102-b28d-686e3c18b2bf,naturalqa,what is the population of eagle river wi,1,"Eagle River, Wisconsin"
41a67d1f-1a9d-4caa-91d8-a8001154fbfc,naturalqa,when will olaf's frozen adventure be on dvd,1,Olaf's Frozen Adventure
acea06bb-f860-4566-8e87-f659ed688db8,naturalqa,where does the xbox 360 controller plug in,1,Xbox 360 controller
828e64a2-27bd-4b81-9f53-43af8aaf5c39,naturalqa,who is the girl in wake me up when september ends video,1,Wake Me Up When September Ends
f28732b1-c6f5-4ad6-93ae-7078dda488c7,naturalqa,who wrote the famous song say it loud i'm black and im proud,1,Say It Loud – I'm Black and I'm Proud
17832d0c-2fd4-4372-a8ce-f88ae101636d,naturalqa,who sings there's no smoke without a fire,1,No Smoke Without a Fire
44367b50-2ff1-4149-a564-4bc9dfb64161,naturalqa,agitator wash technique is used in which type of washing machine,1,Agitator (device)
695fad0a-3c7c-4e41-927c-76e1d98a9878,naturalqa,who has the power to issue a subpoena,1,Contempt of Congress
7d096820-562b-48b4-9391-0cf074901327,naturalqa,who sings i like it like that yeah baby,1,I Like It Like That (Pete Rodriguez song)
3bbeb3a2-a3d9-4834-ad21-02348d70860f,naturalqa,who has the most mvps in mlb history,1,Major League Baseball Most Valuable Player Award
ec1405ab-5516-4306-be4f-b26a9202984b,naturalqa,who published the book the presidential succession of 1910,1,Francisco I. Madero
4e187ded-2a88-4db7-9ba7-5ecce998c75d,naturalqa,who is she's got a way about,1,She's Got a Way
f8561046-d678-43b0-b692-c737efa303b3,naturalqa,who played katie douglas on my three sons,1,Tina Cole
139023a6-336e-4d78-bdea-239aa2c2c3c8,naturalqa,what is target disk mode on a mac,1,Target Disk Mode
4a93d119-2ae8-4b75-a860-7d145437a28d,naturalqa,the american pilot who flew nonstop across the atlantic in 33 hours in 1927 was,1,Charles Lindbergh
6fedf773-ae0f-4267-9bbd-047d786c010f,naturalqa,when did the battle of waterloo start and end,1,Battle of Waterloo
143622fe-f333-40a8-a181-26f6637868fb,naturalqa,first person to sail around the world by the clipper route,1,Clipper route
a34812dd-d061-4788-96cc-c30e42d18417,naturalqa,who played fred rutherford on leave it to beaver,2,Fred Rutherford
6b09b7d4-0fac-468f-acd6-6f333e06209c,naturalqa,what was the theme of national science day celebrated on 28 february 2017,1,National Science Day
72650c50-5025-4ed2-80f9-1af5466f752c,naturalqa,when did the last surviver of the titanic die,1,Millvina Dean
1da611c4-882b-4da3-8ffe-207f725da6e1,naturalqa,who sang what do you want from me first,2,Whataya Want from Me
23c27e9f-fee0-4675-b313-09db6b2b68ba,naturalqa,what is the westernmost point of the united states,1,List of extreme points of the United States
35554388-01b0-4f38-8e4b-9e83b3a901df,naturalqa,who sang cherish is the word i use to describe,3,Cherish (The Association song)
63fb6599-069b-42d5-818b-4fea8e4a67e6,naturalqa,who was the 39th president of the united states of america,2,Jimmy Carter
e153072a-ccb0-4b4d-8c87-af3dee7f02dd,naturalqa,who sings in the eye of the storm,1,Eye of the Storm (Ryan Stevenson song)
8fddfd70-4174-4916-92a1-a0a8a7a68ea5,naturalqa,when did the song hooked on a feeling come out,1,Hooked on a Feeling
fae73374-f746-4e97-8a00-aa4c6a6e5966,naturalqa,what is to all the boys ive loved before,1,To All the Boys I've Loved Before
d63f282b-b42c-4611-a265-2c4bb2443455,naturalqa,where was chitty chitty bang bang car made,1,Chitty Chitty Bang Bang (car)
6eddacff-870b-48b3-8acf-050b90b80fe2,naturalqa,who did kyle play in little house on the prairie,1,Kyle Richards
ff6f674a-78fd-4eef-84e1-bd9188e29370,naturalqa,where does the sangamon river start and end,1,Sangamon River
156de4ec-1b00-4a87-b531-f6e2433308b2,naturalqa,what type of division makes possible the development of multilayered epidermis,1,Epidermis (botany)
a38720a3-adce-460b-bd28-219c6176f283,naturalqa,who was the first doctor to perform a heart transplant,1,Christiaan Barnard
e9787be3-b82e-4070-82c9-1acc0ed26831,naturalqa,what was the drug on 21 jump street,2,21 Jump Street (film)
f311fbbc-39d0-4be9-85d3-bc91d28d4b78,naturalqa,how many times has everton won the fa cup,1,History of Everton F.C.
b12b1970-7bde-45a3-87ab-7b506e8bf29f,naturalqa,the general historie of virginia new england and the summer isles,1,"The Generall Historie of Virginia, New-England, and the Summer Isles"
4da24d24-5c6b-4905-b4e1-6578989a2120,naturalqa,when did the ambulance service start in the uk,1,Emergency medical services in the United Kingdom
85e994b9-72fc-4691-aa8c-2d4dc5804e26,naturalqa,who has the most gold gloves at catcher,1,List of Gold Glove Award winners at catcher
fd7b33a9-7cb6-47b9-97db-4b58b71d3c66,naturalqa,who played too tall in we were soldiers,1,Ed Freeman
89c0aa6d-870b-47d3-b110-eba1d74cbbbd,naturalqa,who was the host of jhalak dikhla jaa in season 2,1,Jhalak Dikhhla Jaa
8e5162b4-46a2-4d9a-a772-8467a7b0fc9f,naturalqa,where was the cowboys with john wayne filmed,1,The Cowboys
9284ec27-efe5-4c18-8bd4-5c5018598896,naturalqa,the act that restricted the sale of drugs by requiring a prescription was the,1,Prescription Drug Marketing Act
b2ea8047-cf2b-4cd3-a3b1-cbed3a7cfd9d,naturalqa,what were the demands of the populist platform of 1892,1,Omaha Platform
756ac1c9-ff35-459b-8830-90eb86969f48,naturalqa,what is unique about the digestive system in platyhelminthes,1,Flatworm
6d35ac83-921d-4d7c-8614-daad1c0fcb6c,naturalqa,essex town used to house the terminus of the london underground,1,Central line (London Underground)
49649677-b4e1-4878-9d82-346aebad8be6,naturalqa,what movie is i cross my heart from,1,I Cross My Heart
2861b2cf-2031-46ae-bb56-df3ee1d4a7dc,naturalqa,who wrote the lyrics for guns n roses,1,List of songs recorded by Guns N' Roses
d6c85328-9889-4b8a-b7aa-1e6b22c0d6ce,naturalqa,when did marks and spencer stop using the name st michael,1,St Michael (brand)
2ccf4196-ffb7-4931-ad26-c893656666ea,naturalqa,where does i am princess x take place,1,I Am Princess X
be691ef4-0e05-4c92-93db-abc8e9110112,naturalqa,where was the music video for jumpsuit filmed,1,Jumpsuit (song)
7fdabfc1-f9b1-4522-83f0-fb07c5d34d61,naturalqa,who was the longest prisoner held captive in vietnam,1,Floyd James Thompson
cf6b8a6f-da1b-47d9-a3f4-ff3d8a3a5b29,naturalqa,what type of books does sidney sheldon write,1,Sidney Sheldon
3aaf2382-87d8-4c86-aa9e-24f49f42d943,naturalqa,when did southwest missouri state became missouri state,1,Missouri State University
74b686e2-96ad-4b6a-af00-2ef9ff18a368,naturalqa,when did miss kobayashi's dragon maid come out,1,Miss Kobayashi's Dragon Maid
53828e3c-3ee3-4c62-adc9-6e72e1b1d787,naturalqa,who was the slytherin seeker in harry potter 1,1,Will Theakston
4bd81c97-06f9-4adb-b255-a8642cf6bf46,naturalqa,when did the mountain meadows massacre take place,1,Mountain Meadows Massacre
24bfec2f-703c-43c4-acae-cd69a594d361,naturalqa,who played bass on i'll take you there,1,I'll Take You There
3d706c37-1b24-4f40-a6c4-8d8c1ea1ebfd,naturalqa,when do white walkers appear in game of thrones,1,White Walker
dbb8d7d8-bad6-475a-bffb-ca328d42fae3,naturalqa,what part did glenne headley play in lonesome dove,1,Glenne Headly
5e90964b-6359-49fc-bd94-ebdc3da02ea6,naturalqa,when did china become a member of the wto,1,China and the World Trade Organization
517c9dd8-04a5-498f-b3a0-c4c4b73bd098,naturalqa,when did canadian tire buy mark work wearhouse,1,Mark's
535b58ce-5fcc-40e7-b4d9-fdb76b2698e1,naturalqa,when did once upon a time in venice come out,2,Once Upon a Time in Venice
fffc8943-e9be-4e85-a2a0-dc629503a7a8,naturalqa,where is the rachel maddow show broadcast from,1,The Rachel Maddow Show
9dfa41dc-e1f7-48a4-ad13-b293165bd8a9,naturalqa,where does the last name oliver originate from,1,Oliver (surname)
a6e3f899-6b29-4a12-a914-e993579a653d,naturalqa,who played the first alice in the honeymooners,2,The Honeymooners
fa410833-cf8c-4c5e-9300-688e21fe7c01,naturalqa,who won nobel prizes in both physics and chemistry,1,List of Nobel laureates in Chemistry
74b4a0f8-26eb-4a22-92a2-4a472b175924,naturalqa,when do cells in the kidneys secrete renin quizlet,1,Juxtaglomerular cell
6bb362de-b2fa-4580-a734-d514c25ba36e,naturalqa,who sings i'm gonna hire a wino,1,I'm Gonna Hire a Wino to Decorate Our Home
03ee8b9b-473b-410c-a391-24e52ad16ccb,naturalqa,who sang how do you talk to an angel,1,How Do You Talk to an Angel
6bdddd9c-926c-4311-834c-cbdd650517c1,naturalqa,who sang black cars look better in the shade,1,Black Cars
73d1facf-c852-4109-a1c9-8b8e75a6c0cb,naturalqa,who won australia's first olympic gold medal,1,Steven Bradbury
ab871a81-f693-4915-8156-08c1a13382ba,naturalqa,what's the percentage of canadian hockey players in the nhl,1,Race and ethnicity in the NHL
d72730cc-a9d5-4e3d-9ece-24e329eb997c,naturalqa,when did the vw beetle body style change,1,Volkswagen New Beetle
17580c75-7aa8-4100-bd90-c2b672cd1c9c,naturalqa,who plays gwen on as the world turns,1,Jennifer Landon
6df7fc75-a161-44a5-a0e8-88ab16eb195a,naturalqa,who sang the song give me some sunshine,2,Suraj Jagan
6176d542-6c01-47f7-a143-c4a63a945bc8,naturalqa,who sang i've never been loved like this before,1,Never Knew Love Like This Before
23f8c423-505c-43a0-bd6c-39dd328bea43,naturalqa,who sang last night a dj saved my life,1,Last Night a D.J. Saved My Life
8f09fab1-d8e4-40e1-8190-c450392e5e82,naturalqa,when did mcdonald's start selling happy meals,1,Happy Meal
56200601-10c5-4d1a-9a8b-a967c6cc3b4a,naturalqa,what drug did tony soprano take in vegas,1,Kennedy and Heidi
fabf5fe6-18cb-405c-a0b4-a8124c183c4f,naturalqa,who is the person who plays black panther,1,Chadwick Boseman
d6b9b2ca-8a5b-48fc-9c69-c3e1919d289d,naturalqa,who is the hero of film main aur charles,1,Main Aur Charles
774c15f5-afe6-491c-98c3-2a78b768bd9e,naturalqa,where does the last name allen derive from,1,Allen (surname)
31aaabd2-a729-482c-87fd-9a845b398bc3,naturalqa,how long do you have to live in brazil to become a citizen,1,Brazilian nationality law
54772abe-f212-4032-afa3-284f9709614f,naturalqa,who plays michael's nephew on the office,1,Nepotism (The Office)
cb7aab71-322d-474c-abd0-7d15726deb06,naturalqa,who plays gale in think like a man,1,Think Like a Man
024603ab-90df-48c4-9e93-8a2b9441f92b,naturalqa,where are the headwaters of the colorado river in texas,1,Colorado River (Texas)
6300b3ae-500c-4543-845f-78d2b64d653d,naturalqa,who is the actor that plays kurt seyit,1,Kurt Seyit ve Şura
a6d0bda3-4722-42d1-88c2-928e778df266,naturalqa,who played alice tinkers sister in vicar of dibley,1,The Christmas Lunch Incident
bc3530ff-018d-45fc-b299-98de8c2c14f9,naturalqa,who is the voice of the clown in toy story 3,1,Bud Luckey
e9a1d28d-644e-4043-a651-d7f8bd40f6b6,naturalqa,where was the movie dogs of war filmed,1,The Dogs of War (film)
cb013c0e-4cfe-4b21-bdd7-2148c2c23eb6,naturalqa,which mountain man rediscovered south pass and brought back important information about this trail,1,Jedediah Smith
2da8d424-3fbd-4d99-9123-3b30af50f647,naturalqa,diurnal motion look like from the north pole,1,Diurnal motion
96e4407a-32c9-4061-9691-0b27cb9e55fd,naturalqa,where is valrico florida located in the state of florida,1,"Valrico, Florida"
4c5952f2-10eb-4d3d-a434-d8c5b04e8273,naturalqa,where was the uss gerald ford ship built,1,USS Gerald R. Ford
fc2047aa-29a5-49ba-b98a-6f3991948a6f,naturalqa,who killed the girl in the movie horns,2,Horns (film)
f1158f82-8e23-4f86-8961-34a4d3f7e4c8,naturalqa,when did you rock my world come out,1,You Rock My World
cf67c9f9-dd25-4bc0-9252-661ba78c9dea,naturalqa,when did the first aquaman comic come out,1,Aquaman
4f04645c-af41-46c7-9e4c-c5bd0937b908,naturalqa,when did england stop hanging drawing and quartering,1,"Hanged, drawn and quartered"
0cf089d6-7451-4d8c-b2a7-c927b0596742,naturalqa,who played andy on the cult of chucky,1,Alex Vincent (actor)
26c66dfa-22d2-4ca9-a8c6-6c91d17566c6,naturalqa,when did hershey's special dark come out,1,Hershey's Special Dark
3c5bc844-540a-4836-83e1-7e86090519a6,naturalqa,when did the fist star wars movie come out,1,Mark Hamill
b2e3c91a-fa60-4bc0-acf1-9eb0c9a74bbd,naturalqa,who sang kookie kookie lend me your comb,2,Edd Byrnes
60eecbfe-add0-4e0f-be43-7090decf88ba,naturalqa,what is the queen mother's full name,2,Queen Elizabeth The Queen Mother
ecbda5b0-de8d-4cc6-9c7a-8cb3981d2d7d,naturalqa,the threshold on a dose-response curve is the,1,Dose–response relationship
b3f9f339-5cd2-42f3-8bd2-a20c0acfa363,naturalqa,who sang don't you stop the music,3,Don't Stop the Music (Yarbrough and Peoples song)
c9a9ce81-660f-44e1-a881-c90f1cb39c5e,naturalqa,who sings the oldie song i do love you,1,I Do Love You (Billy Stewart song)
7b13c99c-753a-423f-b623-2c7d60ba80c3,naturalqa,who is responsible for preparing the rules of engagement (roe)/directive on the use of force (duf),1,Rules of engagement
411c4b53-fe48-48b9-be0c-8da5db757a6b,naturalqa,the purkinje fibers are responsible for sending the electrical impulse into which area of the heart,1,Purkinje fibers
1c13ede4-5f13-4cf1-8906-ec9fbbee0398,naturalqa,who owns the rehabilitation center of hollywood florida,1,The Rehabilitation Center at Hollywood Hills
3d00609e-ce92-401a-86b6-cfc8d9bfdc9c,naturalqa,the name of the staff used for higher pitches,1,Staff (music)
29707a7e-9a79-4b1f-ba5d-079f01158a10,naturalqa,what happened to guam during the spanish american war,1,Capture of Guam
0094491c-79a7-49b4-a2f2-fe4d9f9981c8,naturalqa,who said aint nobody got time for that,1,Ain't Nobody Got Time for That
f46c04c1-6e64-4940-8a4f-0a90ca01122f,naturalqa,who is the chief minister of delhi one served as the youngest minister of the haryana government,1,Sushma Swaraj
b381a5ea-9fd0-4213-9ff9-27ee5d656d42,naturalqa,what is the oldest horse race in england,1,Horse racing in Great Britain
4f7d7abf-6125-4f02-b3b6-35b731823b23,naturalqa,which president appointed four justices to the supreme court,1,List of federal judges appointed by Richard Nixon
54d1fb3b-f9d4-4f1b-a46c-2c073348c1bb,naturalqa,who did the cubs beat to go to the world series,1,2016 World Series
d192707f-30be-49b0-ad4a-679047e38a68,naturalqa,who sings with john denver on fly away,1,Fly Away (John Denver song)
4dbf94e2-462c-4d6a-b9a0-b9223bb1ce3e,naturalqa,where is the engine located in a smart car,1,Smart Fortwo
3550998a-28fd-4e12-a8c6-dcdda1bf4b4f,naturalqa,who wrote break up in a small town,1,Break Up in a Small Town
b85e559b-cf0b-4677-9248-cf7a818722d8,naturalqa,where are goods produced in the domestic system,1,Factory system
2b3446a6-8f90-4136-b224-4a29150d0c72,naturalqa,where was 20 million miles to earth filmed,1,20 Million Miles to Earth
d27040cb-85e0-40ea-b0d7-268d7a433e9d,naturalqa,where did the columbus blue jackets get their name,1,Columbus Blue Jackets
3b95c507-58f5-49b9-add2-62ac9d271469,naturalqa,who plays theo carver on days of our lives,1,Kyler Pettis
213bd9c1-46c2-4e1b-b43d-273bcd481a9f,naturalqa,where did the red herring phrase come from,1,Red herring
cc9929af-0174-46bb-9fcc-cbdea4d4e47f,naturalqa,where was the movie the in laws filmed,1,The In-Laws (2003 film)
6cf792cd-6db9-433f-ad51-69ca2306c48d,naturalqa,who sings in the middle of the road,2,Middle of the Road (song)
d6d2c151-14ae-4ee4-b4f5-8f785304a0a7,naturalqa,when was the last time duke won a bowl game,1,Duke Blue Devils football
aae6c792-93f3-40b8-98f3-fd88b43902d8,naturalqa,when did the war start in sierra leone,1,Sierra Leone Civil War
e5a72edd-a42b-4bfc-a499-81341d98c3cd,naturalqa,where did the oil industry began in the south in 1901,1,Texas oil boom
83e0cb6c-4bae-4ba2-8c09-fb5b2306c7af,naturalqa,what type of plate boundary does iceland lie on,1,Geography of Iceland
c055075a-89a6-49b4-a366-0095d445a6fc,naturalqa,who wrote the song the cowboy rides away,2,The Cowboy Rides Away
e26c2746-e40f-4904-87e3-f5a088022218,naturalqa,who was the girl that survived the titanic,1,Violet Jessop
85f87fbb-5518-4312-a7c6-42c8947b954b,naturalqa,how many soul eater manga books are there,2,List of Soul Eater chapters
4450f0e2-0a34-431b-be66-0c75a1896055,naturalqa,where did the tragically hip get their name,1,The Tragically Hip
1fe32b3a-4526-4cd7-9259-cf2980fd316e,naturalqa,when did lil wayne drop his last album,1,Lil Wayne albums discography
9b5a854e-016a-477e-a7fc-f1134eb0378f,naturalqa,what is the meaning of the hebrew name yael,1,Yael (name)
8f0875e4-9021-4c89-85e9-4e0f439e4322,naturalqa,who is the host of season 4 spring baking championship,2,Spring Baking Championship
0395ddee-dec7-4a7c-b28a-71e9e7906f79,naturalqa,who played the sheriff in carry on cowboy,1,Carry On Cowboy
e1a874ff-bb68-4f5a-992f-a7a4ff85c7f8,naturalqa,who is the largest tractor manufacturer in the world,2,Mahindra Tractors
d63f6b89-8c93-4ff6-83f3-a7297f5b111f,naturalqa,who is pope air force base named after,1,Pope Field
e5be9464-deef-465d-9b43-084b134d57e7,naturalqa,when did the last civil war vet die,1,Albert Woolson
2f4fa94c-51bc-48a8-9f75-1b3898458672,naturalqa,when was the last time tampa was hit with a hurricane,1,1921 Tampa Bay hurricane
ba8358f5-0efa-49dc-a79d-85c8c47f60ef,naturalqa,what's it called when you change the lyrics of a song,5,Mondegreen
5602fd33-4290-4f84-833d-e944f189942b,naturalqa,who is the guy in avicii the nights music video,1,The Nights
64bb9554-0e36-419c-8ba5-2264427a0974,naturalqa,what was the purpose of the easter island statues,1,Moai
d9e8ac30-3c14-4b28-8909-7db08059def0,naturalqa,where's the pga championship being held this year,1,2018 PGA Championship
dbced2f0-3855-4714-8718-085722225187,naturalqa,where is robb stark in season 3 episode 1,1,Valar Dohaeris
5209fdf3-aa4e-40d9-b6d0-772a055954b3,naturalqa,who wrote you and me against the world,1,You and Me Against the World (song)
44a95b6b-b338-434b-9a6c-aead6eb76acd,naturalqa,who is the band in wish upon a star,1,Wish Upon a Star
cb9af02c-a9d7-4f5e-9134-10ac8857263b,naturalqa,when did sputnik 2 come back to earth,1,Sputnik 2
99c5ad15-ce3b-4994-9902-fd53159f1a76,naturalqa,when was the last time that it snowed in miami,2,Cold wave of January 1977
b5116800-e8ff-4bee-8284-7e2290fe7a08,naturalqa,what is an adaptation of a cave dwelling animal,1,List of troglobites
1bdde6a0-d4d3-49bf-b830-96bbd31dc445,naturalqa,who makes up the state council in russia,1,State Council (Russia)
64eaa4b9-9dd6-4df3-98e9-527dc4b60b0e,naturalqa,keep talking and nobody explodes how many copies,1,Keep Talking and Nobody Explodes
30627f80-437e-423c-b8de-30a1e9174f16,naturalqa,who played the milk lady in open all hours,1,Barbara Flynn
74a50dc1-5cb5-465e-a4b6-cc076844ccd7,naturalqa,who is the groom in the i write sins not tragedies video,1,I Write Sins Not Tragedies
6bb8df8f-de55-4d99-b3fb-3ff15d04a2a3,naturalqa,where did hurricane agnes make landfall in 1972,1,Hurricane Agnes
7963363e-e2b8-4069-a33d-2704e12b7100,naturalqa,who played brad on sabrina the teenage witch,2,Jon Huertas
6d7acfff-dfee-4f0f-b068-48eda89de4b0,naturalqa,who owns acme feed and seed in nashville,1,Acme Farm Supply Building
03255872-1d85-48da-beaa-abc69d25d9a3,naturalqa,who was in the arms of an angel written for,1,Angel (Sarah McLachlan song)
69c5fc23-e6d2-4449-b755-dd02f4fb6154,naturalqa,when does daddies home 2 come out on dvd,1,Daddy's Home 2
27bc0c58-ba8f-4690-9b8e-d7bfc2868be8,naturalqa,who was the last republican mayor in chicago,1,William Hale Thompson
fded4675-5539-4259-b5f1-c43d22312f46,naturalqa,who sang the diva song on the fifth element,2,Inva Mula
d1d4608e-905f-4df4-85b0-075fd3733fd6,naturalqa,religious tests for officeholding are prohibited by the,1,No Religious Test Clause
cf0f71d9-f2ec-42df-b445-afa7000d5148,naturalqa,who made the song i want to be rich,1,I Wanna Be Rich
13d081f3-29ce-4a8f-8205-2f0424f90ecd,naturalqa,who plays dave coaches in gavin and stacey,1,Steffan Rhodri
50292cbd-8838-4bc8-a376-24920b5c400e,naturalqa,where does the federal legislative branch get its power to create federal crimes,1,Federal jurisdiction (United States)
32a702a4-06b1-4f10-897f-203c070f1950,naturalqa,how many black eyed pea restaurants are there,1,Black-eyed Pea (restaurant)
41c2e224-ccfb-45ac-935f-725ddc1dd008,naturalqa,when was the first gaelic football match played,1,Gaelic football
1074a722-8858-4da8-8563-963daf0c8a98,naturalqa,what is the priority when the nurse is establishing a therapeutic environment for a client,1,Nurse–client relationship
79bb45bc-b90f-4999-b85b-faee565d9bbe,naturalqa,what is the us conference of catholic bishops,1,United States Conference of Catholic Bishops
0290fb8f-fbb9-4c1f-b0cd-a36c1976d0cf,naturalqa,where do they grow wheat in the us,1,Wheat production in the United States
60e3c0b8-da69-4ab2-b4e6-3726fde159b1,naturalqa,blood sweat and tears who wrote spinning wheel,1,Spinning Wheel (song)
ea5162cb-7af2-4f9e-819e-8b8d583d27c6,naturalqa,who sang i can hear the grass grow,3,I Can Hear the Grass Grow
6d2bc73f-3683-4468-afda-f5b9353b72b9,naturalqa,who is luke air force base named after,1,Luke Air Force Base
abc6a353-a853-48ee-be55-5139c7c5a5e3,naturalqa,who plays stanford in sex and the city,1,Willie Garson
6343e342-931c-4ff2-befe-3362427e18b7,naturalqa,who sang since you've been gone by rainbow,1,Since You Been Gone
04edf5b8-0e13-450c-8722-8976e34f57b4,naturalqa,where are the superstition mountains located in arizona,2,Superstition Mountains
e9bd0ec8-9b95-40e8-b969-1a6d27706825,naturalqa,how many station roads are there in the uk,1,High Street
64a7f589-0515-4d61-bbc9-78eb3fc215b4,naturalqa,when did they start using 925 on silver,1,Silver hallmarks
c9f8c268-c70b-442c-b496-e925d2e41c46,naturalqa,who had a number one hit with moon river,1,Danny Williams (singer)
d16d96eb-ee14-4c74-b341-b4573a825fe5,naturalqa,the early work into the phenomenon called instinctive drift was performed by,2,Instinctive drift
8020fa6a-6b32-4987-a170-3249865cfa8c,naturalqa,where did the golden globe awards take place,1,74th Golden Globe Awards
ae4dff11-d0ba-4212-a856-b2b2fd09e036,naturalqa,what number planet is jupiter in the solar system,1,Jupiter
567197cd-9d6a-46e7-aae9-5bee012ff818,naturalqa,who sang putting out the fire with gasoline,5,Cat People (Putting Out Fire)
3cf290bf-ed6d-4598-894b-f6dda7743b1f,naturalqa,when did the evacuations from dunkirk beach happen,1,Dunkirk evacuation
0eedcbd3-8883-4749-be5a-5d2127312d65,naturalqa,where did betty meet the leader of the pack,1,Leader of the Pack
8ff1e6a4-2e56-4d66-aa4d-846bd59b9b7a,naturalqa,which american colony's economy was based primarily on shipbuilding and fishing,1,Shipbuilding in the American colonies
9fe32e06-3091-4096-a527-7d222606ed22,naturalqa,when did the song candy rain come out,1,Candy Rain (song)
fd836273-6e0c-484f-9478-e3be0ea660a5,naturalqa,where was the clean bandit i miss you video filmed,1,I Miss You (Clean Bandit song)
b9427fdb-dc92-4c44-9422-d994146ff648,naturalqa,who did rumor willis play on pretty little liars,1,Rumer Willis
5345f727-16e1-4689-ade6-0b33e589b0ed,naturalqa,who wrote the song kind of a drag,1,Kind of a Drag
89c38cf5-4f29-4b8b-bcd8-eb062861d70d,naturalqa,who invented child safety caps on medicine bottles,1,Child-resistant packaging
4daaee55-4c25-4100-b47e-2c596c20b485,naturalqa,when does season 4 of the thundermans start,1,List of The Thundermans episodes
a33b3008-c79e-48eb-b601-5a4904c0dc92,naturalqa,when did johnny galecki first appear on roseanne,2,Johnny Galecki
9ce7e34a-7895-4cc5-b4ae-e697ca220ce3,naturalqa,where is vina del mar located in chile,1,Viña del Mar
e75e985a-267e-4d68-8304-533d0868d035,naturalqa,who sings why didn't i think of that,1,Why Didn't I Think of That
25629f3e-d895-4895-b3a5-419d818b09b6,naturalqa,what do whiskers on a box plot represent,1,Box plot
97aec0a8-dc8e-4c70-96e9-81889d0d62dc,naturalqa,where was the movie murphy's romance filmed,1,Murphy's Romance
542245b2-92f3-48a6-a6da-3145ca1cfbfe,naturalqa,what episode does holly come back to the office,1,Holly Flax
82b6a218-e8c6-4621-b3f6-19823b1d9bd6,naturalqa,when did gta 5 come out on ps4,1,Grand Theft Auto V
78c8a359-c5c8-473e-9459-26543c00b82d,naturalqa,when does scooby doo mystery incorporated take place,1,Scooby-Doo! Mystery Incorporated
ef674b25-bdc9-453a-85c6-81aee760555c,naturalqa,when does the shadow of the colossus remake come out,1,Shadow of the Colossus (2018 video game)
aeccad4a-724a-40fa-b31c-7e35459e94af,naturalqa,family guy episode where stewie gets a girlfriend,1,Mr. and Mrs. Stewie
3b3c474c-f408-49e5-b06e-4d69c60557dd,naturalqa,when was the first sex and the city movie made,1,Sex and the City (film)
21144292-f442-4446-939e-8c8e9618ac7e,naturalqa,who is playing in the all ireland hurling final,1,2017 All-Ireland Senior Hurling Championship
4c3744fc-e5e4-4e9b-bd5b-64119a76372f,naturalqa,mobilization of an army was considered what in 1914,1,Mobilization
0317da46-096c-4182-9630-3089e0014790,naturalqa,where was the movie giant filmed in texas,1,Giant (1956 film)
85d6c567-6d2c-44a3-a342-a74af916d01e,naturalqa,who discovered neptune in the late 19th century,1,Discovery of Neptune
86b9bb6f-96ed-485a-9aab-0f6b61e292ad,naturalqa,who discovered the first skull of a fossil ape on rusinga island,1,Rusinga Island
1514c1e9-c538-40ca-8a5f-af51a869ef0d,naturalqa,who is the girl on lets make a deal,1,Tiffany Coyne
eacc1c34-6403-4763-8b8d-e035d722c1b0,naturalqa,legal educator and founder director of national law school of india university,1,N. R. Madhava Menon
fe587594-5731-4367-8bf0-78cc60e7fba3,naturalqa,what is the source of the river niger,1,Niger River
4dcca427-81be-49c7-9e0b-315cba3f8df8,naturalqa,where are villi found in the small intestine,1,Intestinal villus
47f8a0f8-057d-4f3b-8dba-593a33274df3,naturalqa,what does a county board of commissioners do,1,County commission
473318d3-c109-48fa-a742-d0efa1508346,naturalqa,where is lars and the real girl set,1,Lars and the Real Girl
de608728-a632-4a44-8b15-a4f1e5bbe854,naturalqa,when did the old 7 mile bridge close,1,Seven Mile Bridge
c09ad33c-8be3-4941-98b5-a0805176c78d,naturalqa,who plays nate's mom in gossip girl,1,List of Gossip Girl characters
95a4f411-bc49-460b-92ca-05c6b8250ed7,naturalqa,when was late night woman’s hour created,1,Woman's Hour
9e531c4c-65b7-4fe6-97b1-d1bf700a6fa1,naturalqa,who defeated the jets on monday night football in 1970,1,1970 New York Jets season
709ca3d7-a73e-4809-985f-9fc6f8aea9f8,naturalqa,where is the bachelor winter games taking place,1,The Bachelor Winter Games
d6f6c23a-3ba6-4b5e-b0ed-af9c7369a259,naturalqa,who tried to evaluate attitude through the social distance,1,Bogardus social distance scale
8df9d74b-5902-44fd-a676-f3dd3ac6387e,naturalqa,when did butterfly effect come out travis scott,1,Butterfly Effect (Travis Scott song)
59ee6070-0f7a-4e6f-a3ae-46554b45709c,naturalqa,where was the hunt for the wilderpeople filmed,1,Hunt for the Wilderpeople
03fd2331-da35-4d21-a2f4-8e464f95dd67,naturalqa,when was abbey national taken over by santander,1,Abbey National
7f010192-ae58-459e-8592-2d53c062bf25,naturalqa,the cno cycle dominates in which types of stars,1,CNO cycle
87573c36-4910-4796-a0e0-7bc4123ac937,naturalqa,when is season 3 of life in pieces coming out,1,Life in Pieces
e20bde46-a1ec-4163-ac24-f43633c58501,naturalqa,what is tobias in the amazing world of gumball,1,List of The Amazing World of Gumball characters
389cef15-395d-48b3-9a89-d1f540939473,naturalqa,who played tooey on leave it to beaver,1,Tiger Fafara
d65ffb98-94f9-45b8-9f08-1e00f641698a,naturalqa,when was the first photo of earth from space taken,1,The Blue Marble
81281434-5f2c-4a50-ba32-e61d185eef39,naturalqa,how long do eastern tent caterpillars stay in their cocoons,1,Tent caterpillar
2160e46b-d876-4921-a72f-b49b6a930bbd,naturalqa,who is flute in a midsummer night's dream,1,Francis Flute
bcb06c92-7a80-4403-bd53-194245b72897,naturalqa,when is carbohydrate loading recommended to be used,1,Carbohydrate loading
880d1c95-3de8-4176-8f30-1df48209f61f,naturalqa,where does the sporophyte of a hornwort develop,1,Hornwort
ca803992-40b1-4b14-b136-7f13311af56c,naturalqa,who plays richard harrow sister on boardwalk empire,1,Richard Harrow
1bf1e722-c1fc-4324-bb62-cb1fc33a195a,naturalqa,who sang the original groovy kind of love,1,A Groovy Kind of Love
519e1cd1-bbf1-455f-b791-318fdabac1c1,naturalqa,where was the original amityville horror movie filmed,1,The Amityville Horror (1979 film)
c3f5ae6a-dd40-4028-93cb-bc56b3bd5064,naturalqa,who wrote jesus keep me near the cross,1,Near the Cross
d2184303-8123-4b59-95f1-9a39649b0bf3,naturalqa,where did thank you for your service take place,1,Thank You for Your Service (2017 film)
34377f94-fdac-48e4-a773-59d82d779252,naturalqa,who sang lead vocals on twist and shout,1,Twist and Shout
6fe7d346-0db4-4e6f-9398-7c5cfa632ce4,naturalqa,what does coup de gras mean in english,1,Coup de grâce
4417f0ca-6254-4fca-a4f0-216b6f38e5a2,naturalqa,where does the action of royall tyler's play the contrast take place,1,The Contrast (play)
34274fbd-1193-48ae-9c70-36466f0656d7,naturalqa,when did gst come into effect in australia,2,Goods and services tax (Australia)
0136c6f6-a24a-4cef-a6e0-18c84b30339f,naturalqa,who is the oldest monarch to be crowned,1,List of British monarchy records
6fd067da-0585-4574-bbf5-7a84ef1dc1ce,naturalqa,what is the meaning of coexist bumper sticker,1,Coexist (image)
7a0935f2-19eb-48b7-a152-c7104918eec6,naturalqa,what is the life expectancy of a chesapeake bay retriever,1,Chesapeake Bay Retriever
14ac73af-68a8-4b93-bdad-687647f93c29,naturalqa,where does arrowhead mountain spring water come from,1,Arrowhead Water
095f8e34-8358-4265-911a-e31c2dcbbe9f,naturalqa,who founded the national association for nursery education (nane) which later became naeyc,1,National Association for the Education of Young Children
09611bcc-fc2d-4bf6-8a08-40d0325af842,naturalqa,who sings the song i keep holding on,2,I'll Keep Holding On
a409db16-a948-4eb6-b5ed-e06316b752b3,naturalqa,who sang theme song for life of brian,1,Brian Song
885fd154-afca-4ed8-a269-76c40559ae32,naturalqa,who sings the song don't turn around,1,Don't Turn Around
08ac21f8-8e4c-499a-82b0-cb4e4227a21f,naturalqa,who was a free man in paris written about,1,Free Man in Paris
c69cfc25-552a-41bc-b500-df0397f63dba,naturalqa,is nursing a blue collar or white collar job,1,Pink-collar worker
4c91d42b-d6e3-4fe7-bafa-5dd5af44203e,naturalqa,what is the car in dude where my car,1,"Dude, Where's My Car?"
39693745-a574-4003-9796-18cd8b31dcdb,naturalqa,who did ian mercer play in coronation street,1,Ian Mercer
f30e93f4-3ff9-4cf6-b35e-0313c3eb9ebb,naturalqa,when are wheel lock lug nuts commonly used,1,Lug nut
3dc6955c-0572-4370-8fb6-47011a66fb53,naturalqa,what is the setting of shadow of the dragon,2,Shadow of the Dragon
d9e2c415-7826-4464-8258-b2b955c2e77e,naturalqa,who sang the song jean from the prime of miss jean brodie,1,Jean (song)
29cd4f57-0250-4aca-8682-1956efc89cbd,naturalqa,where did the darling family live in peter pan,1,Peter and Wendy
c8bba31b-f39d-4171-b011-437e3a833651,naturalqa,when did the first ys game come out,2,Ys (series)
897b974a-350e-4f9a-9a69-0b19d22d5b47,naturalqa,who played lead guitar on still of the night,1,Still of the Night (song)
6eb1a656-9f15-4195-9251-7f507457a095,naturalqa,who sings some say i have a drinking problem,1,Drinkin' Problem
613c52df-70b4-4454-b767-e61d3886378c,naturalqa,who played uncle arthur in the comedy company,1,The Comedy Company
aa2f7505-15fa-4ec5-b9db-10b797294188,naturalqa,what did the gi bill provide for returning veterans,1,G.I. Bill
a23c9c07-88d4-4140-a330-ad490589a35c,naturalqa,what is the name of the compound lis,1,Lithium sulfide
7a29ee01-965e-4888-9806-1f8afa2ee17a,naturalqa,why is there a different girl in now you see me 2,1,Now You See Me 2
8f3c3fbe-f29d-4e0f-b204-c780bf6e63fe,naturalqa,what category of instruments do synthesizers fall in,1,Musical instrument classification
72ba4e1e-ca6d-4438-ac2e-70955b1ad00e,naturalqa,what is the other name of astable multivibrator,1,Multivibrator
d44481cc-fecc-4886-be6e-c055eac2c17d,naturalqa,how many episodes of black clover is there,1,List of Black Clover episodes
4a5cfa1f-2867-4405-ae1e-28deb8e98554,naturalqa,how long was the israeli war of independence,1,1948 Arab–Israeli War
3be76b5f-412a-40ce-959c-896f047012e1,naturalqa,where did lucy jones come in the eurovision 2017,1,Lucie Jones
49a22007-b8a9-4176-b4e8-273982488d94,naturalqa,where did the cherry blossom trees in washington dc come from,1,National Cherry Blossom Festival
765621c8-3338-4ef6-ae11-aff4b65ab8b6,naturalqa,where is mount etna located on a map,1,Mount Etna
89e025be-2958-4069-9e6e-7de5ed51135f,naturalqa,what is the bay of fundy known for,1,Bay of Fundy
4c7da603-d5a6-4988-a7ab-49fd7c6362f1,naturalqa,rhyme that occurs at the ends of lines in poetry,1,Rhyme
954926d1-ee2e-4cbe-9676-e8ce78a55ef2,naturalqa,what do you use to test for lipids,1,Emulsion test
498918aa-d666-47e4-b225-824a84771e40,naturalqa,where does the strong side linebacker line up,1,Linebacker
e60db8b0-8b24-428b-8d5e-6f26b28a66b1,naturalqa,who won the raw women's championship at extreme rules,2,Extreme Rules (2018)
1a20098a-9db2-42fb-b663-32e7b3b7d767,naturalqa,when did the nintendo ds lite come out,1,Nintendo DS Lite
2bd133ae-771b-4e47-b6b8-208e4ea200d1,naturalqa,who discovered the heating effect of electric current,1,Joule heating
8d236971-57f8-416e-aa75-7ea16c791008,naturalqa,when was the last time the eagles toured,1,History of the Eagles – Live in Concert
f2648b3b-e420-46c2-afcc-ec85b1b17415,naturalqa,the extinct martian volcano olympus mons is about the size of,1,Olympus Mons
20b1cc4b-728b-44e8-9982-136957a4e3b6,naturalqa,who played george foreman in the movie ali,1,Ali (film)
7a9b5d7c-2317-4b8d-8ce8-f047b8da0487,naturalqa,when did lion king come out on broadway,1,The Lion King (musical)
327f2582-50b0-4869-a2a6-82790cc9bf67,naturalqa,who is playing eric on days of our lives,3,Eric Brady
07ffb521-4dac-4af4-97b0-74ed34be2efa,naturalqa,who does the voice of mcgruff the dog,1,McGruff the Crime Dog
0390e565-7496-4fb3-8502-691b08c8752c,naturalqa,who has the most assists in college basketball history,1,List of NCAA Division I men's basketball career assists leaders
33b03735-88db-48ee-bb6e-0650cd80f99e,naturalqa,who led the successful america's cup campaign in 1995,2,Team New Zealand
7c2321c0-afef-4d49-ae86-6993575b2431,naturalqa,who was australia's shortest serving prime minister,1,Frank Forde
ba47a831-d696-4bb8-b2d1-2604fc75394a,naturalqa,mountain range in western us home to giant sequoia,1,List of giant sequoia groves
d8a1a300-c805-4961-b937-7b9477a104a7,naturalqa,how long does it take for titan to orbit saturn,1,Titan (moon)
e6b7a583-0e66-428a-a053-505603f26351,naturalqa,how many episodes in mr robot first season,1,List of Mr. Robot episodes
cb7199aa-b4db-4840-8a8f-a81f254cf0ab,naturalqa,what type of government does gambia have today,1,Politics of the Gambia
c9f26cd7-af41-4ea7-b197-9dddd1fe34f2,naturalqa,when did witney carson start dancing with the stars,1,Witney Carson
5cef4a98-bf6b-4001-beb9-a908d4420888,naturalqa,how many siberian tigers are in the wild,1,Siberian tiger
3b95ca01-f683-4cc0-a710-478ecbdaee1b,naturalqa,where do the north and south platte rivers meet,1,Platte River
f35facce-9399-48dc-a567-0520a75880f7,naturalqa,where does the phrase freedom of speech come from,1,Freedom of speech
a9207f52-dc4f-4045-affa-e920bd3a7803,naturalqa,where did dr crusher go in season 2,1,Beverly Crusher
c02f7145-aa77-42ac-a442-47a9eb488b24,naturalqa,when does it rain the most in ireland,1,Climate of Ireland
c2899888-8287-4db6-bf3d-bf1a65a5e025,naturalqa,what is the position of hindi language in the world,1,Hindi
eaa273bd-aeb4-446a-8d65-f9cd63d458cf,naturalqa,who produced walk it like i talk it,1,Walk It Talk It
5267b6ac-28cf-4899-9d7d-a2bd9e00c39e,naturalqa,when do you find out why mary alice kill herself,1,Mary Alice Young
a657466c-85c9-4d35-a48f-a9e3d0ac87fb,naturalqa,when did queen of the damned come out,1,Queen of the Damned
04828747-0476-4034-b5c2-3213c4227eda,naturalqa,who sang heaven is just a sin away,1,Heaven's Just a Sin Away
7efdb3f8-0bfc-448a-a4b1-225df09770d9,naturalqa,where is the tv show the coroner filmed,1,The Coroner
b6c83b02-d1df-4bac-936d-ebb215800e7c,naturalqa,what happens to gisele in fast and furious 6,1,Gisele Yashar
b24a2bc8-a5e1-46be-bf84-5bd98d6119cc,naturalqa,how far is the crease from the wicket,1,Crease (cricket)
83800f50-d848-4558-8692-dd43067a0ee1,naturalqa,when did child labor start in the philippines,1,Child labor in the Philippines
a7fdc3fb-04c2-4ec7-8674-8eb52af57cd5,naturalqa,guy who traded a paper clip for a house,1,One red paperclip
965ae9c0-f80d-44ba-aec1-743a546bf609,naturalqa,who played billy in buffy the vampire slayer,1,Jeremy Foley (actor)
a36cdad9-8006-451a-9ee9-6d4c642a85bd,naturalqa,what are the last words of the oldest known copies of the gospel of mark,1,Mark 16
90cb1b71-69fb-48c5-8e55-2887f28ee720,naturalqa,who puts the dollar sign after the amount,1,Dollar sign
219c9551-082c-4f5f-86e3-f553798a95d3,naturalqa,where was the battle of fort ticonderoga located,1,Fort Ticonderoga
f7cca7cd-5aef-447e-9416-c9a64d06c887,naturalqa,who played john ross ewing in the original dallas,2,John Ross Ewing III
d6566ee0-1d80-4e3a-bf38-d440bcbd7458,naturalqa,what is the shape of mandatory traffic signs,1,Mandatory sign
e7695581-9cdd-42cc-b29f-919beb44b689,naturalqa,who does the anti discrimination act 1977 protected,1,Anti-Discrimination Act 1977
78623b87-2169-4edb-a1f5-500a3b11a764,naturalqa,who owns count's kustoms in las vegas,1,Counting Cars
bd847a3f-464d-449f-b2d6-58600ace8c7b,naturalqa,icici bank was set up in which year,1,ICICI Bank
6962e09a-2754-4fea-baad-12c64afbaeaf,naturalqa,once upon a time season 2 episode 3,1,Lady of the Lake (Once Upon a Time)
2defd12b-8d21-4fca-83e6-55cc5d37f48b,naturalqa,article 25-28 of the indian constitution deal with __,1,Freedom of religion in India
fb41a3b3-305b-4403-ac30-6872da743f08,naturalqa,when did the newsboy strike of 1899 end,1,Newsboys' strike of 1899
d612b7a1-21ba-4712-9d55-2c9c64e97b6e,naturalqa,what is the postal code for warri nigeria,1,Warri South
ade6d62c-5911-4ab7-8b31-5c2c194e8b62,naturalqa,who invented candy corn and when was it first created,1,Candy corn
930396b6-efb2-4764-8ff6-d3ca16240c96,naturalqa,who wrote i am a woman in love,3,Woman in Love
9fd0c481-44be-47bc-96a9-e361e84d2ff6,naturalqa,who sang the theme song to beverly hillbillies,1,The Ballad of Jed Clampett
44ee8b15-56cb-4877-91cb-8c1fb7fd051e,naturalqa,who organized the original creole orchestra in los angeles,1,Freddie Keppard
aabf8f9c-fd72-4d0f-a6f8-a74bd8ae9f64,naturalqa,where has phoebe gone in home and away,1,Phoebe Nicholson
ef3d5041-3360-4f5e-b9e0-e5f28af2386d,naturalqa,where was the curse of sleeping beauty filmed,1,The Curse of Sleeping Beauty
9dff56f7-1741-4006-92df-c99c81c19a99,naturalqa,where did the orange river get its name,1,Orange River
b03adb85-c918-4892-91e8-39101bc4b1aa,naturalqa,when do we find out big's name,1,Mr. Big (Sex and the City)
332d5e90-8a44-4bec-9916-120884cfe0b7,naturalqa,when was the minute hand added to clocks,1,Clock face
a8611f36-7dc6-4db7-a19a-9279f5efd9cd,naturalqa,where was father of the year netflix filmed,1,Father of the Year (film)
a4866c3e-c91c-4662-bd42-d678372cdecc,naturalqa,when was the last time the mariners went to the world series,1,Seattle Mariners
2ed67b2e-96a5-42ce-a506-b0a4d8a40878,naturalqa,when was the first woman admitted to harvard,1,Harvard University
fa44cf84-ed6d-43c9-9c15-c786217f30f2,naturalqa,what names are given to the two main types of particle radiation found on earth,2,Particle radiation
6da7e88d-af2e-42ce-87f4-ec0685347631,naturalqa,who sang nothing compares to you with prince,1,Nothing Compares 2 U
fa557665-4187-4246-bfcf-8ce4cff75fa5,naturalqa,when were seats added to the green monster,1,Green Monster
5f607e3b-a8ed-4bec-8c5c-739aaeedade9,naturalqa,who played the original nick tilsley in coronation street,1,Nick Tilsley
fb525fd3-0a5b-4dd2-b128-10b456177edd,naturalqa,who sang call me and i'll be around,1,I'll Be Around (The Spinners song)
a81d53cd-0693-4541-aaa4-3106f3a67abd,naturalqa,who sang i think it so groovy now,1,Reach Out of the Darkness
aac0ff23-7536-408d-a451-452ff152873c,naturalqa,when can a point of order be raised,1,Point of order
2b94932b-e5e7-4ad2-87c5-65227341a998,naturalqa,where is the brazilian highlands located on a map,1,Brazilian Highlands
17db1957-2c95-4281-9951-e643dac1b307,naturalqa,who played in the first monday night nfl game,1,History of Monday Night Football
d2920a30-8b65-46b6-bbf2-878f9588d8e4,naturalqa,how many points does it take to win the president cup,1,Presidents Cup
a9b3105e-f620-46da-ba87-fc3982d0a970,naturalqa,where is the short rib located on a cow,1,Short ribs
986cacc6-2df7-4146-af39-c00a9096c49f,naturalqa,what team was case keenum on before the vikings,1,Case Keenum
fcbfdfe2-72de-483c-8eb8-d9aeb334aaa3,naturalqa,when did rabbits become a problem in australia,1,Rabbits in Australia
bf03310d-e199-4ac6-b806-03f47cb600a4,naturalqa,when was the carnival of the animals written,1,The Carnival of the Animals
b519920a-5736-456c-abcb-4bc6c5ee9206,naturalqa,where was the movie the last survivors filmed,1,The Last Survivors
27cb196d-5635-4c0e-9c52-73df62c44d6d,naturalqa,who discovered south pass in the oregon country,1,South Pass (Wyoming)
21ec27b3-94f4-4070-8224-b32199f3f3a3,naturalqa,describe four different aggressive behaviors that should not be used in professional communication,1,Behavioral communication
3d9be9b1-2516-4548-9f8d-5caed2d9cc33,naturalqa,how many core editions are there of windows server 2012,1,Windows Server 2012
85894617-04be-4597-8484-33fc8d093496,naturalqa,what is the tomatoes name in veggie tales,1,List of VeggieTales characters
ff4702b8-0270-48d7-85cd-513576769e19,naturalqa,what is the british army oath of allegiance,1,Oath of Allegiance (United Kingdom)
c9edc586-02ce-432c-9097-f8f3de07e34c,naturalqa,who wrote leave a light on for me,1,Leave a Light On (Belinda Carlisle song)
c3f7fe33-27ec-4c09-96f6-b435cb795cd7,naturalqa,who won the first season of last comic standing,1,Last Comic Standing
845bf5b9-9751-4b29-9c19-bdcc31554fa3,naturalqa,how many episodes of the pjs are there,1,The PJs
66e28676-798f-421d-9e0b-de40c3946f43,naturalqa,who sings the theme song for dawson's creek season 3,1,List of Dawson's Creek home video releases
d353675a-0b02-481e-8c2e-a86217d78d6d,naturalqa,who plays brody on one life to live,1,Brody Lovett
0dacdcb2-0528-47f7-8934-ba3af33052ec,naturalqa,actress in weezer video i want you to,1,(If You're Wondering If I Want You To) I Want You To
c47f3a43-839c-4d90-9290-189e16de632d,naturalqa,who declares when a recession starts and ends,1,Recession
3cac3a26-7f99-42ea-bb0c-412dec564c2d,naturalqa,where does the ct river start and end,1,Connecticut River
663deb41-f25b-4ff2-8f4d-79bc42ad5965,naturalqa,when did the seattle pilots move to milwaukee,1,Seattle Pilots
6819c2c1-003f-4f3c-9af8-e2a8f1a600eb,naturalqa,who played bill sikes in the 1968 film oliver,1,Oliver Reed
9ddc6e83-6283-48b6-925b-6f61a858678d,naturalqa,a word where q is not followed by u,1,List of English words containing Q not followed by U
78dea2a0-a039-4689-9537-559a87a54beb,naturalqa,who invented the paperclip and in what year,1,Paper clip
9fed9f8f-8bc0-4e1e-bb6e-26e08117b322,naturalqa,who sang total eclipse of the heart in old school,1,The Dan Band
f813dc98-51a5-4c01-aa75-93b6dfa8f620,naturalqa,where did they film places in the heart,1,Places in the Heart
f7743463-d820-4ce6-9d98-0091ff577602,naturalqa,who played judy hensler on leave it to beaver,1,Judy Hensler
0dd653ee-7b35-44f6-a60a-8f2b4c752d75,naturalqa,where did cliff richard come in the eurovision,2,Congratulations (Cliff Richard song)
b889961b-60e6-4b07-82df-93f7b1928409,naturalqa,who played the twins on i love lucy,1,The Borden Twins
076f69f9-97e5-42c9-a17a-29605ad09b3a,naturalqa,where was the movie six days seven nights filmed,1,"Six Days, Seven Nights"
36f8d443-d2e6-4b7c-89ef-7e50f1a21e45,naturalqa,what kind of fish did arthur treacher's use,1,Arthur Treacher's
d8615bb6-2fe8-4295-b86f-be9f5c3fdefd,naturalqa,where is the rose garden at the white house,1,White House Rose Garden
3a8e1972-0653-4b2c-a9dc-3c64215f4a5e,naturalqa,when does the new la liga season start,1,2017–18 La Liga
1574ea3c-fa53-4789-9d5f-6c0ce8d0f95d,naturalqa,what is the theme of the song daylight by maroon 5,1,Daylight (Maroon 5 song)
49ac8307-7ca0-4849-887c-1bbf889dc122,naturalqa,the cost of poor quality also referred to by the acronym copq refers to the,1,Cost of poor quality
15186a9f-84dd-4ed6-b56a-068b0e5b1b56,naturalqa,what key is mirrors by justin timberlake in,1,Mirrors (Justin Timberlake song)
aa186e10-b48f-421e-8518-0a7c00ea06ef,naturalqa,when was oil first discovered in the north sea,1,North Sea oil
fb48ac27-90b3-4159-b30e-ec5e10199121,naturalqa,where did jackie bradley jr go to high school,1,Jackie Bradley Jr.
e4614368-a88b-4d2f-8ab4-178dd97ba88d,naturalqa,18. what was a lasting effect of the korean war,1,Aftermath of the Korean War
7b2a6953-13ae-4340-8119-f9da848f2307,naturalqa,when did the battle of the boyne start,1,Battle of the Boyne
aa20f070-667d-4d0c-b971-a3e04d71e9e0,naturalqa,the outermost layer of the kidney is called the,1,Renal capsule
4496c898-d9d3-4b32-9da1-1bfa43ccef5a,naturalqa,where does live free or die come from,1,Live Free or Die
07ec9a92-e373-48b2-b358-427337fd48bb,naturalqa,who plays eustace in courage the cowardly dog,1,List of Courage the Cowardly Dog characters
a715546e-73b2-43aa-822d-c233cdc862a6,naturalqa,what is the present name of hindu collage,1,"Presidency University, Kolkata"
0aa85bc3-20a5-41fd-b669-596b66305e9d,naturalqa,who made patliputra the first capital of magadh,1,Pataliputra
e3c7068b-a2b8-493b-acd1-c4626edb1f3d,naturalqa,what do the names on the eiffel tower represent,1,List of the 72 names on the Eiffel Tower
a3c9cd08-cbb5-4c0f-aa5a-d9297e3717c1,naturalqa,when did the nba start using breakaway rims,1,Breakaway rim
1852bbb6-33fb-4e9f-b27a-38c8e0a4656e,naturalqa,olap (online analytical processing) tools enable users to,1,Online analytical processing
43878318-31ca-4f7c-abda-00ee8099ee7f,naturalqa,where was the movie den of thieves filmed at,1,Den of Thieves (film)
e7c38a45-0e24-4785-a1d7-1c0124a9189d,naturalqa,who sang the things we do for love,1,The Things We Do for Love (song)
7c689e70-09f9-481d-b4f3-694cfe187774,naturalqa,the price of a cheese pizza and large soda at panucci's pizza,1,A Fishful of Dollars
43685568-ca5f-4475-b764-307a37a0be25,naturalqa,when was keep your lamps trimmed and burning written,1,Keep Your Lamp Trimmed and Burning
2e3d438d-76f6-4c06-87f0-ca84a31d4d23,naturalqa,when was the first us aircraft carrier built,1,USS Langley (CV-1)
c8a396d8-ec97-44a5-8698-f47b9d6241fc,naturalqa,who is playing in the national league championship,5,2017 National League Championship Series
6fab2cb9-5801-445f-9944-189c715e0212,naturalqa,who played the role of shahid khan in gangs of wasseypur,1,Gangs of Wasseypur – Part 1
743c0dd9-c6be-439f-a788-eb1e8ce206a4,naturalqa,powder actuated tools are similar in operation to which other device,2,Powder-actuated tool
3461acac-83d8-49d2-ac56-bc5e268bcc1d,naturalqa,who sang long legged woman dressed in black,1,Long Legged Woman Dressed in Black
4a3ae445-d54d-42c7-a138-d7103e8f2b2d,naturalqa,when was the great temple of tenochtitlan built,2,Templo Mayor
7362bf29-fa92-423c-9487-505e724901a1,naturalqa,who died in real life in harry potter,1,Rob Knox
d2c1d816-a695-48f0-a3b5-eec682298db5,naturalqa,when did congress meet for the first time,1,1st United States Congress
d622f7d7-c718-49f4-b84d-e30d3935c447,naturalqa,who is the original singer of in christ alone,1,In Christ Alone
363bbe91-127c-44bc-863c-aedfc840c73b,naturalqa,when did the ford plant in norfolk close,2,Norfolk Assembly
8f26a4bb-276c-43fb-b402-80cc7304c27b,naturalqa,who plays canes mother on the young and the restless,2,Cane Ashby
6c4322e4-6c88-488e-a949-29abc994e7ca,naturalqa,who did the vikings play in their first playoff game,1,1998 NFC Championship Game
b87c449e-f5a6-4c69-807a-1a28c18936dd,naturalqa,who played betty in some mothers do have them,1,Michele Dotrice
ef8f0100-fe1c-45ee-a8aa-b5a2e5fbe8a3,naturalqa,who played rat boy on sons of anarchy,1,Niko Nicotera
7d300c92-cee6-4c7b-bcf6-ba4d634c1fc1,naturalqa,what type of business is the body shop,1,The Body Shop
65a100c4-b895-4640-84a8-f8e6b740cc76,naturalqa,what does senior airman mean in the air force,1,Senior airman
25d8aca7-3190-4827-b70b-ec32b1658838,naturalqa,where does the term stiff upper lip come from,1,Stiff upper lip
3e2d80bd-7cc6-483f-83df-dad192d0a19a,naturalqa,where is jt barrett playing in the nfl,1,J. T. Barrett
95a2b38a-a3e4-4bc9-a052-05e1beea199a,naturalqa,how many cards do you deal in canasta,1,Canasta
0c811d5d-6ca6-49bd-8bb1-67574c736d5e,naturalqa,when did mcdonalds start baking their apple pies,1,Fried pie
acedb33a-25e2-4267-b4a8-0671aece079c,naturalqa,who sang the original i can love you like that,1,I Can Love You Like That
0c52e6ac-c7d9-4c91-a7c7-c0616da03e8d,naturalqa,who sang what do i have to do to make you love me,1,(What Can I Say) To Make You Love Me
69cbfad9-6a16-442a-a7f5-968fbacd93ac,naturalqa,when did shawn johnson win dancing with the stars,1,Shawn Johnson East
8348549b-73b6-4ddc-8585-f25925bc3fc0,naturalqa,who has won the nobel peace prize twice,1,List of Nobel laureates
0066e289-2ead-48be-a6bc-f75f0d1ce85d,naturalqa,who played the female lead in the film pushpak,1,Pushpaka Vimana (1987 film)
119efcbb-377b-414d-996f-d9d4b06f2c3b,naturalqa,where was the movie pet sematary 2 filmed,1,Pet Sematary Two
3b51d8df-0628-451f-9325-01d8d45c9413,naturalqa,who sings the song you got to keep your head up,1,Keep Your Head Up (Andy Grammer song)
72d268f0-2bcb-4afd-ac03-8134090269d2,naturalqa,when was susan barlow killed in coronation street,2,Susan Barlow
07ff60fe-d2af-4207-9bf0-4db9eed1e351,naturalqa,when did the $50 note come out in australia,1,Australian fifty-dollar note
eae71e9f-3ffd-4197-90d4-dabad7731e5c,naturalqa,where did my ding a ling come from,1,My Ding-a-Ling
2bfcdda1-a7e3-464e-8466-f4e7928cac7e,naturalqa,where did the bristol stool chart come from,1,Bristol stool scale
f61b75df-bfd0-4a3a-8297-25da3ad0130b,naturalqa,what does aunt em feed the farm hands,1,Aunt Em
c8296c50-a44b-4e2e-9292-376316127f99,naturalqa,who plays jennifer lopez's daughter on shades of blue,1,Shades of Blue (TV series)
8ae6d7e3-068f-4e2b-bf95-128833177163,naturalqa,when did germany become part of the un,1,Germany and the United Nations
80091daa-b79a-4891-b35b-0e436184ed47,naturalqa,what channel is the foxhole on sirius xm,1,The Foxxhole
121715b6-9816-4743-b09d-c1799af86318,naturalqa,whats the difference between powerball and powerball plus,1,South African National Lottery
0b809488-b93f-4714-b96a-03bf6f7ae106,naturalqa,what's wrong with elise in mr nobody,1,Mr. Nobody (film)
1c40991e-1314-4e5f-893d-a2eda191b694,naturalqa,who sang i was born in saginaw michigan,1,"Saginaw, Michigan (song)"
440fed4a-ca0d-4f90-a4a5-8135a361389a,naturalqa,where was the first american eagle store located,1,American Eagle Outfitters
fcb0b745-f734-47cf-991a-9a3ff4e2e905,naturalqa,who sang lead on 25 or 6 to 4,2,25 or 6 to 4
f175acae-0901-4556-8a10-2caf7377eb73,naturalqa,when did west brom join the premier league,1,List of West Bromwich Albion F.C. seasons
25ae824d-691b-47c5-a906-7fa01a7ec346,naturalqa,who played floyd talbert in band of brothers,1,Matthew Leitch
0856c4ee-1b0c-4b7c-bfd8-f5e3ae8e18b0,naturalqa,where did jim thome go to high school,1,Jim Thome
f9d432a5-ff54-45f1-93e5-0698bcb1f628,naturalqa,who sings the song blame it on me,1,Blame It on Me (George Ezra song)
e7ae8ef3-abca-45b2-9f8e-37d713affe18,naturalqa,who played the doctor on little house on the prairie,1,Kevin Hagen
6631ee72-686b-40e2-81c4-2bfa01186d0f,naturalqa,the english east india company acquired the dewani of bengal bihar and orissa by,1,Treaty of Allahabad
931db897-e4b7-48ea-84a7-6458dc5c60e1,naturalqa,who goes first after a go in cribbage,1,Rules of cribbage
e397af7e-aa78-4ad2-87e9-47a253b38de3,naturalqa,who qualified in group h fifa world cup,2,2018 FIFA World Cup qualification – UEFA Group H
1b1078d7-f4a6-459c-ac54-b5f3a95a8a3f,naturalqa,when did eminem's new album come out,2,Revival (Eminem album)
144f7349-2bef-4b5a-902f-378e944b3c11,naturalqa,who does raven symone play in the little rascals,1,Raven-Symoné
82fb9281-4562-4559-b7fe-12232ff8fe30,naturalqa,where did alex karev go to medical school,1,Alex Karev
5813f9fe-7c05-4b0a-ac83-4320275b9f50,naturalqa,what part of the ship is the hull,1,Hull (watercraft)
1cc8cb3b-9681-4007-8bca-f558551e8e7e,naturalqa,why australia has animals not found anywhere else,1,Fauna of Australia
31e5339d-1b53-4e3c-87af-279c805370a4,naturalqa,where does the last name montenegro come from,1,Montenegro (surname)
6c3c9692-92fc-468c-9652-b54dd3b2c4cd,naturalqa,who started the slogan of right to work in france,2,Right to work
3198440f-415c-47c4-a28f-43c77de008f1,naturalqa,who wrote we were soldiers once and young,1,We Were Soldiers Once… and Young
760e8032-7a1b-4ccb-bf1b-a29fcdd62521,naturalqa,who sang sister mary robert in sister act,1,Andrea Robinson (singer)
7b2ff42d-1cd5-4e0c-a397-2322884ebf62,naturalqa,who sings in the middle of a memory,2,Middle of a Memory
7095303e-f104-4256-ab72-dc6ae2d7ca15,naturalqa,when did every child matters come into place,2,Every Child Matters
b6f6490e-be77-48e0-8bdd-943b2940bc4e,naturalqa,who sings the cw dare to defy song,1,Crystals (song)
6f095d55-3f80-40a1-8beb-e91d78e4602b,naturalqa,who does the voice of sanjay and craig,1,Sanjay and Craig
7a6474d5-f41a-423d-905a-0147d3b2b9e8,naturalqa,when was the old testament translated into greek,1,Bible translations into Greek
3f5ccf08-9dc2-4ad7-9179-9bedfb7df077,naturalqa,who won the abu dhabi grand prix 2017,2,2017 Abu Dhabi Grand Prix
ff9d5073-82da-4698-9991-58304b18a870,naturalqa,the name of the first ever vax that was sold in the uk,1,Vax (brand)
ff219b54-1433-4343-b960-7602f7158513,naturalqa,what episode do dean and sam meet castiel,1,Castiel (Supernatural)
83ba6f84-ea5b-437d-a65b-b4fea5df9a55,naturalqa,when is the bobsledding event in the winter olympics,1,Bobsleigh at the 2018 Winter Olympics
4bad9595-5eca-4310-9a06-8ecfb7f38524,naturalqa,who is a pilot and what does he do,1,Aircraft pilot
07136b78-083a-4324-a297-f8202d817a26,naturalqa,where was the movie devil's pass filmed,1,Devil's Pass
3b64667c-3445-45b5-80e2-d43c33be89a5,naturalqa,who sings the song a penny for your thoughts,1,A Penny for Your Thoughts (song)
8a057048-334c-4aa6-92f2-36b13683b622,naturalqa,what time period is rock of ages set in,1,Rock of Ages (2012 film)
7a215982-aafb-444c-89fd-91d726c62d2d,naturalqa,when was the kashmir issue presented in united nation,1,UN mediation of the Kashmir dispute
b9423902-8a69-49a8-9fa1-c1351338e8f7,naturalqa,michael buble it's a beautiful day actress,1,It's a Beautiful Day (Michael Bublé song)
636e9659-14b4-4801-b332-a8d0b0b1dad8,naturalqa,who sings the blue bell ice cream song,1,Aaron Barker
4a117f52-4825-462d-93d5-95ea54eba370,naturalqa,who invented the coat of arms of trinidad and tobago,1,Coat of arms of Trinidad and Tobago
91f5b5c7-c226-437c-8425-23bacb8322be,naturalqa,what's the largest dam in the united states,1,List of tallest dams in the United States
186eb190-58b8-41d6-ab33-78e25cea7dce,naturalqa,who built the great mound near anderson indiana,1,Mounds State Park
09ef8ab4-fdfe-4b3e-b669-c8e2acc7a268,naturalqa,what does the simple service discovery protocol (ssdp) do,1,Simple Service Discovery Protocol
afdb7e48-3fb9-47b9-9625-9a851cb06c08,naturalqa,who sings we all die young steel dragon,1,We All Die Young
3e87aa4a-e8c7-4236-a0b3-c526265d887f,naturalqa,when did the us start putting ethanol in gasoline,1,Ethanol fuel in the United States
629ab98c-3522-42bf-960d-d2912022d214,naturalqa,who wrote i'll never find another you,1,I'll Never Find Another You
efa316ef-89a8-4ffd-bb09-bce2fa38d01b,naturalqa,when did dark shadows start airing in color,1,Dark Shadows
e8fe3e87-ea19-404f-ab81-b6b403d0cbd2,naturalqa,who sings did i shave my legs for this,3,Did I Shave My Legs for This?
c7077d76-f9ce-4df9-9598-392ebdc09bb3,naturalqa,when did the samsung gear s come out,1,Samsung Gear S
947b6675-e80a-4553-a34a-92d117651b48,naturalqa,where is the path train on 33rd street,1,33rd Street station (PATH)
e03eeb82-3cd0-4df9-b257-af31d4877028,naturalqa,who is the actor who plays jj on speechless,1,Micah Fowler
d054156f-abb5-4ad1-826d-6df27dd93ac8,naturalqa,when did birth control become legal in ireland,1,Contraception in the Republic of Ireland
b5ec0b0e-2d8e-4e01-8163-57fa5735fac3,naturalqa,who played sugar cane in beach blanket bingo,1,Beach Blanket Bingo
f3f238ff-bbb0-46e9-b69a-356d92f9d0cf,naturalqa,when are the six nations 2018 fixtures announced,1,2018 Six Nations Championship
5cf6bc15-6628-4055-89f1-b85b00e23547,naturalqa,where did nelson agholor go to high school,1,Nelson Agholor
d9e55af7-1b6e-4ba8-b454-1a24ba4270f4,naturalqa,what was the strongest hurricane to hit long island,1,List of New York hurricanes
7850a226-14fe-4c4f-97d0-073a202b5509,naturalqa,france’s june days were a huge defeat for which revolutionary group,1,June Days uprising
d5a0bf77-8853-4e51-be72-cf9002b8b7b4,naturalqa,what happens to hermann at the end of the story,1,The Queen of Spades (story)
71ffd526-3e02-4534-a408-a85cdf06e871,naturalqa,who plays alex on the tv show wings,1,Wings (1990 TV series)
a1685594-1578-4185-b688-b56f4715b495,naturalqa,who sang the theme song for love boat,1,Love Boat (song)
40d332b1-4a84-4f17-b966-2d5e5869114f,naturalqa,where was the movie fundamentals of caring filmed,1,The Fundamentals of Caring
8e5dea14-a43c-44a4-81e2-03abdf84e7ce,naturalqa,how many episodes will tada never falls in love have,2,Tada Never Falls in Love
356c9212-1584-428c-bf1a-58323ff0dc83,naturalqa,what is the song state of love and trust about,1,State of Love and Trust
2dded8bd-ec6f-4205-9f21-621c9efd8666,naturalqa,who won the most medals in 2008 olympics,1,2008 Summer Olympics medal table
43dbe0e0-354b-49d1-adba-f29f4aafc673,naturalqa,who sings peep and the big wide world theme song,1,Peep and the Big Wide World
d414123a-3938-404d-9f10-5623ecdcbda0,naturalqa,where is the medial meniscus located in the knee,1,Medial meniscus
d17505e0-5429-4c59-abf8-d032bf0697b4,naturalqa,according to the nursery rhyme in what was little poll parrot sat whilst eating toast and tea,1,Little Poll Parrot
74f2435f-cdf6-41d7-b6ee-158248e292ce,naturalqa,how many locks in the caen hill flight,1,Caen Hill Locks
456bab97-9158-42ae-8ae8-7d25af4c2d70,naturalqa,who is on the australian $10 note,1,Australian ten-dollar note
d3ae0521-ab05-4d39-b62e-8c4d80e63082,naturalqa,goods that can be delivered over a digital network are called,1,Digital distribution
3aed4aef-51b1-4026-b95b-ca24f7ebdfa1,naturalqa,where did argentina come in the 2002 world cup,1,2002 FIFA World Cup
917c8d16-1c66-40e2-b82e-3f66fa3a32e4,naturalqa,movies about bringing the dead back to life,4,The Lazarus Effect (2015 film)
9a12941a-a78c-4922-86d1-1309030e1959,naturalqa,how long does it take potassium cyanide to kill you,1,Potassium cyanide
24ed6c75-487a-4906-8467-570dc5941f89,naturalqa,when did don bradman plays his last test match,1,"Fifth Test, 1948 Ashes series"
f9b97a3f-700a-4d5f-bd6c-eb159c633d77,naturalqa,what are the characteristics of the age of oil,1,Age of Oil
7c82f2fe-7b95-481e-948d-65375a3e9e37,naturalqa,who is the captain twice upon a time,2,Twice Upon a Time (Doctor Who)
94e298e5-b6e5-4c7b-ada4-4c86db4235d0,naturalqa,who was ollie married to in holby city,1,Zosia March
6181c8c0-7d5e-435a-a675-bc6e7d7bea24,naturalqa,when did brooklyn and bailey start their youtube channel,1,Brooklyn and Bailey McKnight
0fa1ed3a-5fc8-4070-89aa-3e4af01ad31e,naturalqa,who plays fairy godmother in once upon a time,1,Keegan Connor Tracy
1eeaad54-e45d-4db0-bee8-cd3b465f94b8,naturalqa,who invented the order of letters on a keyboard,1,QWERTY
6464b1bf-4705-40e8-891d-1915268564a2,naturalqa,when did the welfare state began in britain,1,Welfare state in the United Kingdom
2cfa61ce-d4f4-45ed-a34c-2ed7a680bdc0,naturalqa,what is the name of an australian wasp,1,Aha ha
0f7754bd-0e9e-4fd3-b673-bd03515ee6cd,naturalqa,who sings it called christmas with a capital c,1,Christmas with a Capital C
b0795a22-ebc0-4cbe-a645-68d48f9f496b,naturalqa,who wrote the gospel song celebrate me home,1,Celebrate Me Home (song)
5ffdf2a5-33f9-41dd-8087-d6f14464c8de,naturalqa,when did the motorola e4 plus come out,1,Moto E4
53d1ef3c-f5f0-402b-9433-520dcfdc902f,naturalqa,when was national development council established in india,1,National Development Council (India)
15e2d3c7-55fa-4f90-9f6c-ba6018feee95,naturalqa,what do the opposite sides of a dice add up to,2,Dice
f7b7eaf0-3567-4fd4-ad2f-28c5a56f4c43,naturalqa,who plays sister bernadette on call the midwife,1,Laura Main
4593ac5d-4a25-43ae-9bcd-566d05a41473,naturalqa,where does dopamine come from in the brain,1,Dopamine
62eb9e11-9a1b-4282-8d95-e2951c4cfea6,naturalqa,who plays nanny plum in ben and holly's little kingdom,1,Sarah Ann Kennedy
a4a628ee-e99b-4379-9293-272f6070cf6a,naturalqa,where is bone marrow most commonly aspirated for diagnosis,1,Bone marrow examination
a01c3b74-136d-4076-a1af-b6e7b8b697fa,naturalqa,who wrote on the way to cape may,1,On the Way to Cape May
416d22a9-8e4f-4f33-a398-15ba2fc44717,naturalqa,when was the university of south carolina founded,1,History of the University of South Carolina
d96e7430-a9a2-4869-9ca8-9fe9ee937d81,naturalqa,who sang honey won't you open that door,1,Honey (Open That Door)
9fe969dd-da6e-473c-8ff9-cd073a51501f,naturalqa,when does dale die on the walking dead,1,Dale Horvath
4f7ed97b-857a-4ac2-8ad8-c42048f13622,naturalqa,where does a sydney funnel web spider live,1,Sydney funnel-web spider
391802e4-87b8-43f9-a028-e02a39297627,naturalqa,where is possum kingdom lake located in texas,1,Possum Kingdom Lake
f67c99e3-b7a2-4fc7-bf40-42342b89933f,naturalqa,who is the actress that plays baker on blue bloods,1,Abigail Hawk
af450055-0d02-4407-aea4-9eb038a08736,naturalqa,when was the first case of schizophrenia discovered,1,History of schizophrenia
5510e709-69fa-4b98-b0ca-71b43b7b53d6,naturalqa,what does going to see the elephant mean,1,Seeing the elephant
a994867d-665a-4833-95f6-fce5c0661378,naturalqa,who wrote the book playing it my way,1,Playing It My Way
00cbc86f-0170-4774-8d3d-452de0a94c0b,naturalqa,who won the last college football national championship,1,College Football Playoff National Championship
6709fd13-8799-47ed-8556-277119856cc9,naturalqa,name of the song in scent of a woman tango,1,Por una Cabeza
897eb2f1-34f2-4fad-bdae-e33e51107cff,naturalqa,what does sodium pentothal do to the body,1,Sodium thiopental
4a2d7241-d19b-4113-9b00-06a2105134c2,naturalqa,who sang the song when we were young,2,When We Were Young (Take That song)
4a5288bb-6824-42a6-acf8-b2ad011d11c7,naturalqa,where was a very merry daughter of the bride filmed,1,A Very Merry Daughter of the Bride
c999e1bc-4495-4290-8ec0-5f59053d214a,naturalqa,where does the sand come from on waikiki beach,1,Waikiki
460094a8-bb0f-4ffd-bb64-6d9b457257ef,naturalqa,who would take on the role of the director during the renaissance and through the 19th century,2,Theatre director
4998637a-e7c7-4f0c-ad08-0fdc32216805,naturalqa,when did the tiny and hungry caterpillar pop out of the egg,1,The Very Hungry Caterpillar
90d3204d-8e24-40be-998f-fec8173478a3,naturalqa,who plays deacon on the king of queens,1,Victor Williams
826fdfbd-af2b-4e79-a4fd-ccbbef74b1c4,naturalqa,where was the first heart transplant performed in the united states,1,Heart transplantation
c6a77b6c-1edf-41d2-93f6-2b8e721a2fae,naturalqa,who sings its to late to turn back now,1,Too Late to Turn Back Now (song)
aef275e9-441e-4bbc-9f8f-b1cd66e10608,naturalqa,what role does finn wolfhard play in it,2,Finn Wolfhard
6beb09f3-3135-4c79-8379-8b8813c698a9,naturalqa,who began the modern academic study of religion in the nineteenth century,1,Religious studies
f0795800-0944-42ac-9ff6-6f31c8474067,naturalqa,how did the toronto marlies get their name,1,Toronto Marlies
214d472d-eae2-403d-a94c-feceb839fbe5,naturalqa,where does the last name nixon come from,1,Nixon (surname)
0fbf2954-2ba9-47c9-bfbb-8c8d4d55b6df,naturalqa,who is the voice of the pak n save ads,1,Paul Ego
74133acd-dc52-428c-a0a9-3287e9102308,naturalqa,when is children's day celebrated in nigeria,1,Children's Day
54e02299-3c4d-47b7-be4f-03ddf3ab349c,naturalqa,who reveals penelope's ruse to the suitors,1,Penelope
7439c359-3c00-4077-984f-54833bd7a1a8,naturalqa,what condition results in a patient being aware but unable to move,4,Locked-in syndrome
46c3240f-d272-45e3-a1e1-304447830069,naturalqa,in what present day states were the spanish missions located,1,Spanish missions in Louisiana
0756f205-db3b-4680-8929-c18e46bc3995,naturalqa,when did town lake became lady bird lake,1,Lady Bird Lake
7a65a7b5-cbed-4983-ade8-9173522d5ecf,naturalqa,who is the new thomas forrester on bold and the beautiful,1,Thomas Forrester
67694aee-5537-4a8b-9767-651eb02ed099,naturalqa,where does a spider monkey live in the rainforest,1,Spider monkey
279ec1b6-63b1-4d4a-9579-f2cc3e2a3d52,naturalqa,what is the meaning of the name nasreen,1,Nasrin
08262270-cdfe-4426-b04a-f22c176db915,naturalqa,when were child benefits introduced in the uk,1,Child benefits in the United Kingdom
0f7826f7-1e9a-46b7-ad8c-2d9eacf615e2,naturalqa,where did the last name nettles come from,1,Nettles (surname)
1ce17e77-2748-4f71-8540-aaff25c63b04,naturalqa,who sang the theme song to fireball xl5,1,Fireball XL5
8c6646b2-a1a0-4491-832f-d545ebb89c2f,naturalqa,who established the criteria for identifying which specific organism caused a specific disease,1,Koch's postulates
39ae4df7-7ce0-421c-b0e4-2a857d015b0a,naturalqa,who founded india house in london and guided other revolutionaries,2,India House
df0fe709-632a-4254-8967-0779e01fadda,naturalqa,yesterday once more (2016 film) cast,1,Yesterday Once More (2016 film)
9247c1f0-1b37-4913-9828-36c8410e1bf9,naturalqa,where did pluvial lakes form during the last ice age,1,Pluvial lake
13fd93cc-0bf6-4a52-a73f-90cbab4736cc,naturalqa,who is the singer of waiting for love,1,Waiting for Love (Avicii song)
a12daf47-cbfd-4349-933f-816cd4d04f07,naturalqa,the first two characters in isin code for a security represents,1,International Securities Identification Number
15af627a-3c05-4cad-bcc9-82411d6818d8,naturalqa,what event most affected the passage of the national environmental protection act of 1969,1,National Environmental Policy Act
db501512-6df3-4bbd-a27e-f0770f2a1a8d,naturalqa,when did the mamba open at worlds of fun,1,Mamba (roller coaster)
b698386f-edd3-4647-b185-7dd14cf0d28f,naturalqa,when did donkey kong country returns come out,1,Donkey Kong Country Returns
77c0a09a-33de-4405-b9b7-dd09c0e5fecc,naturalqa,from whom did the trobriand islanders' learn to play cricket,1,Trobriand cricket
08bc4a5b-8e26-4a57-9a51-fd91d57991e8,naturalqa,what is the current version of symantec endpoint protection,1,Symantec Endpoint Protection
e2a8feda-8adf-485c-9c8a-3e8fd48fc658,naturalqa,when does contraband start in lake charles la,1,Contraband Days
038cfb8d-0af7-4fcb-adc7-edece7dcc8f7,naturalqa,why did dr carter need a kidney transplant,1,John Carter (ER)
83b3c89e-b8eb-46b6-9b2d-9900afdaae99,naturalqa,who played cadet alex stone in major payne,1,Steven Martini
fddc9e41-9fe2-4c76-906c-6de0111dab40,naturalqa,who plays mr sweeney in one foot in the grave,1,Owen Brenman
cbd76471-cd0e-49bf-a778-e802d9ef74a4,naturalqa,who laughs at the beginning of hungry like the wolf,1,Hungry Like the Wolf
d785edaf-567e-45fd-ae77-8bfebb140b39,naturalqa,who plays chad on sonny with a chance,2,List of Sonny with a Chance characters
bfc0731c-8da9-493b-bba9-0a4185b590eb,naturalqa,when is the next season of lovesick coming out,1,Lovesick (TV series)
5c7d1078-7317-48c0-a143-3587c506a6af,naturalqa,who sings i wanna wake up with you,1,I Wanna Wake Up with You
3dd1417f-c015-4938-84d3-bed4251fccbf,naturalqa,who introduced the earliest belief that life was spontaneously generated from nonliving matter,1,Abiogenesis
57f12253-aa52-4c4a-a0ed-e8476289c1fe,naturalqa,how does de beauvoir characterize human freedom in the ethics of ambiguity,1,The Ethics of Ambiguity
7466061e-f243-487d-91aa-4909461d82b5,naturalqa,when does the mls all star game start,1,2018 MLS All-Star Game
839255fb-b984-4a9d-b4ea-ed034dc727da,naturalqa,record amount of aces in a tennis match,1,Ace (tennis)
cfed5593-2ec5-49a5-9b4e-a963c79d8629,naturalqa,who wrote but you know i love you,1,But You Know I Love You
5edbbbb7-6483-4d45-ba9f-b02525df06a8,naturalqa,what is the last episode of battlestar galactica,1,Daybreak (Battlestar Galactica)
bea980d2-7274-4a71-92c4-5d7041ec57a6,naturalqa,who sings when the walls come tumbling down,1,Walls Come Tumbling Down!
a51cdee2-670d-458e-b276-b8812a469378,naturalqa,where are the top secret drum corps from,1,Top Secret Drum Corps
0eb97127-9ebf-4969-a84c-bf23a4016baf,naturalqa,who's on the 20 dollar note australia,1,Australian twenty-dollar note
42e84fb0-c8e4-4a70-bf34-00dfd6f9e863,naturalqa,who wrote the song the stories we could tell,1,Stories We Could Tell
dd3dc2c4-e6ea-4b0b-aa54-c14b83436483,naturalqa,who played audra barkley in the big valley,2,Linda Evans
b3677768-f9fa-496e-becf-b2b07843b040,naturalqa,what happened to the american embassy in saigon,1,"Embassy of the United States, Saigon"
fd19c3b1-59fe-4102-9e3a-e06bda5d0608,naturalqa,when did the first woman shave her legs,1,Leg shaving
2cf13e01-c3f9-4d78-8146-ef5069dc9cad,naturalqa,who sings the song i belong to you,1,I Belong to You (Love Unlimited song)
8f47e08c-4104-4989-9eb8-5eb87a1ebf72,naturalqa,during the 1920 what was the goal of the united states tariffs,1,Emergency Tariff of 1921
59025bb1-be37-444d-9d91-4b704ab2d887,naturalqa,who is i need money from how high,1,How High
035157a4-2ecd-4af4-8ad3-0433733ba50c,naturalqa,where is puerto plata dominican republic on a map,1,"Puerto Plata, Dominican Republic"
3020fe45-a110-4007-b925-6f68f1ab3967,naturalqa,who plays the president in house of cards,1,Michel Gill
ec34924b-340b-4a10-8353-aee3ab207869,naturalqa,what type of photography did edward weston do,1,Edward Weston
22a8957b-9c16-460f-bd43-9b7d0c2b0536,naturalqa,who is the mother of enoch in the bible,1,Enoch (son of Cain)
9ad28408-77d0-4f65-9774-949ed6e3e2f4,naturalqa,who is the winner of india's raw star,1,India's Raw Star
47f43ddf-189d-407e-a70e-72e192c9348b,naturalqa,when did they stop making the colt python,3,Colt Python
a1efd987-3437-4f11-8cf6-d932b3d4d5a8,naturalqa,ashley williams on how i met your mother,2,Ashley Williams (actress)
a693b154-cc3f-474a-8357-7601a8f607da,naturalqa,what is at the top of the portland tram,1,Portland Aerial Tram
c0a40eea-8607-4591-b197-6d39147590f5,naturalqa,when was marlena possessed on days of our lives,1,Marlena Evans
f9ad9978-e694-4f37-9c09-5030f700cd00,naturalqa,what are the ages for pony league baseball,1,PONY Baseball and Softball
bd53543f-1c7d-4400-bd95-9f1e7029a07a,naturalqa,who wrote the song long line of love,1,A Long Line of Love
207e813c-3aa7-4bcf-befe-eb778a417820,naturalqa,when did notre dame go to artificial turf,1,Notre Dame Stadium
7c7b16ef-c3bc-4772-ba64-0a073dd81178,naturalqa,where does pulled pork come from on the pig,1,Pulled pork
988a2260-e58c-4a66-86ae-9896c9dc41c2,naturalqa,who won the most money on the game show jeopardy,1,List of Jeopardy! contestants
b2b4e040-4d1c-42f0-a5ca-a19b938536e3,naturalqa,who smokes the hookah in alice in wonderland,2,Caterpillar (Alice's Adventures in Wonderland)
9eadeba5-9834-4db0-9e6b-ab7eef888d1e,naturalqa,when did the first contact lenses come out,1,Contact lens
afaa4fbc-d951-4e0a-af72-8f94f571f93d,naturalqa,what type of path do planets follow around the sun,2,Ecliptic
38b8ee57-3bea-436d-817d-1ae5ea9111f8,naturalqa,who paid for the new forth road bridge,1,Queensferry Crossing
d47c0db7-1fe1-40eb-b6bd-e19bbc26fc2f,naturalqa,where does here comes the bride come from,1,Bridal Chorus
b65047b2-b101-45b0-881f-3fe127be807b,naturalqa,when did york became the capital of upper canada,1,"York, Upper Canada"
62b265cb-7bda-4254-819e-bb536c458bf0,naturalqa,when was the first horrible histories book published,1,Horrible Histories (book series)
c369a731-443f-4f72-b3e7-7f1160ac0e5b,naturalqa,where was the movie molly's game filmed,1,Molly's Game
cd6f41b9-93e8-4bdd-a16f-36580c0cc471,naturalqa,when does the women's college basketball season start,1,2018–19 NCAA Division I women's basketball season
a6338363-c1be-4e24-9db6-156b26630146,naturalqa,what is the purpose of a form i-9,1,Form I-9
14238f50-3973-45ae-9ed6-86600da58416,naturalqa,when was from little things big things grow written,2,From Little Things Big Things Grow
78bbdc2e-aaa2-4820-88b1-8eecf3a0604b,naturalqa,who killed madame defarge in a tale of two cities,1,Madame Defarge
542ef803-b420-4848-b589-a5fe8303c06a,naturalqa,where do materials that decay or decompose come from,1,Decomposition
519b8033-6008-4ac1-9de2-3741f8e45ff4,naturalqa,who sang don't do me like that,1,Don't Do Me Like That
e2976387-e4e2-4867-b3f5-966bb4845752,naturalqa,who invent the first stock tricker in 1867,1,Edward A. Calahan
d9f0642c-7c09-4717-87be-74692a81e463,naturalqa,when was hallelujah by panic at the disco released,1,Hallelujah (Panic! at the Disco song)
9a224a5f-f746-42b1-a531-40793bac7161,naturalqa,when did the government of india appoint the sarkaria commission,1,Sarkaria Commission
1ce652a2-5b6b-45e9-8497-b58374437b72,naturalqa,where does bay to breakers start and end,1,Bay to Breakers
1d458e86-eff2-4fe5-87fa-415f9e60c84d,naturalqa,when did a bronx tale open on broadway,2,A Bronx Tale (play)
2886f7b9-4187-4aa0-a90d-d3f71de04ae8,naturalqa,who played johnny sacks wife on the sopranos,1,Denise Borino-Quinn
bcc4f2b2-2581-4bb3-92be-55ec3e62fe31,naturalqa,when did consuela first appear on family guy,1,Dog Gone
6cac4f76-7287-49f9-8e5e-d90a8d60cf91,naturalqa,where is sarah off the grid house located,1,Sarah Richardson
8afa258b-07df-4bc4-a7cf-b65214412641,naturalqa,when did french become official language of canada,1,Official Languages Act (Canada)
852005d2-7e3f-486a-9af9-7baa0dd00540,naturalqa,who is described as the father of surgery,1,Father of surgery
a3cdfda8-6df7-4279-8d31-d44fbab81340,naturalqa,de novo synthesis of fatty acids occurs in,1,Fatty acid synthesis
945b0c49-c8cf-4419-95b3-bc68e1f64cd0,naturalqa,what is the meaning of the name brendan,1,Brendan (given name)
ff428090-5812-4cc0-b981-6164fbc44332,naturalqa,which country won the sultan azlan shah hockey tournament,1,2018 Sultan Azlan Shah Cup
7a3a2b2c-22c1-4691-8a78-3b47af4c7a12,naturalqa,where did the movie the impossible take place,1,The Impossible (2012 film)
115ab207-03a5-471c-9318-3d14aed16ed3,naturalqa,who wrote the song if i ruled the world,1,If I Ruled the World
9fbd68c8-f6b1-45d4-a8ab-61842cf52939,naturalqa,when did factory farming start in the us,1,Intensive animal farming
d18197bc-737f-46f4-b8ab-c7626cb3ad31,naturalqa,when does the door in the wall take place,1,The Door in the Wall (novel)
f29405ef-7f75-45d9-a261-743621208874,naturalqa,effect of cascading double tuned amplifier on bandwidth,1,Double-tuned amplifier
76f9916a-d3a5-423b-b3bd-050af6e33238,naturalqa,who is the host of world of damce,1,World of Dance
c411d8ae-16ef-4a4e-99ad-0c0a0d7a6b8a,naturalqa,who wrote the lyrics to i'll name the dogs,1,I'll Name the Dogs
b05a106e-d2e9-4819-974a-bdb14fe50d2c,naturalqa,when did the us send advisors to vietnam,1,Military Assistance Advisory Group
177f3e17-fdae-44a2-a414-a223d023d7be,naturalqa,where is the show claws based out of,1,Claws (TV series)
e52dc891-aefe-4bc9-be18-ba77c3d06977,naturalqa,who was jay z talking about in song cry,1,Song Cry
0b9f4aab-25a4-4bb8-8601-b92db49b15a7,naturalqa,what film is the song my guy in,1,My Guy
a6882500-b071-43b6-9f81-6a4336118276,naturalqa,who wrote give it away by george strait,1,Give It Away (George Strait song)
186b3468-61dc-49cc-9381-38b439165db3,naturalqa,when does fundal height correlate with gestational age,1,Fundal height
1a608884-0a79-4eda-84ab-e15f84971f04,naturalqa,where does the dedication page go in a book,1,Dedication (publishing)
dcaa2542-203a-43b6-93ae-885d57fe7ba5,naturalqa,where did the idea of limited government first appear,1,Limited government
c3509189-5457-49fe-8229-2a2ca465537a,naturalqa,who sings give me something to believe in,2,Something to Believe In (Poison song)
1681d9e8-48ea-4f66-abe6-fada2e80ec50,naturalqa,what kind of offense does the patriots run,1,New England Patriots strategy
09f7d8e9-eb98-4b5b-b76c-810146740c34,naturalqa,where was born on the fourth of july filmed,1,Born on the Fourth of July (film)
4a986b44-c02c-48e1-81ec-4a2613152427,naturalqa,who sings let's fall to pieces together,1,Let's Fall to Pieces Together
d68a2632-1d45-4326-a252-d3caacd71401,naturalqa,when did the canon eos rebel t6 come out,1,Canon EOS 1300D
eba92683-2d35-46d0-abe2-4b29423044bd,naturalqa,when did the nhl start wearing dark jerseys at home,1,NHL uniform
25fae793-c7ed-4912-9fa1-073a05b5bd1a,naturalqa,sun's halo is produced by the refraction of light in,1,Halo (optical phenomenon)
60625475-c91e-4a7b-be04-fd894b86b602,naturalqa,where are world cup 2018 soccer balls made,1,Adidas Telstar 18
e5a17d2a-791b-4fb1-9599-42c90208f923,naturalqa,white flag with red border and blue star in middle,2,Service flag
22a5b9b9-79e3-4e40-84db-f4f066a6d27b,naturalqa,where does the last name jara come from,1,Jara (surname)
1901ecdd-7ea1-48dc-b7d2-1ed6ecf26512,naturalqa,where did badminton originate from an old and similar game select one,2,Badminton
973df882-3c03-4fd5-972f-19752e8395e5,naturalqa,who did charlotte hornets trade kobe bryant for,2,1996–97 Charlotte Hornets season
06a958ff-53dd-4628-8054-010b1b8b18e6,naturalqa,what is the definition of a sex offender,1,Sex offender
436e5459-7d9f-4037-95d2-44a995589300,naturalqa,where is the valuable oil called spermaceti located on a sperm whale,1,Spermaceti
bb56389f-f733-43d5-8520-5effa13f0011,naturalqa,who wrote you can't blame a girl for trying,1,Can't Blame a Girl for Trying (song)
97873f3d-c27d-42b1-9c9c-28bf1736def6,naturalqa,who plays ron's mom in parks and recreation,2,Ron and Tammys
1d5a8137-08e3-479d-a005-ab618e1428be,naturalqa,who was the first baseball player to have their number retired,1,List of Major League Baseball retired numbers
f9fffb09-465a-4930-8740-70dde4be5321,naturalqa,who sang i'll still be loving you,1,I'll Still Be Loving You
23bf3df1-cdac-435d-963b-612f02abfd66,naturalqa,when was fluoride added to water in the us,2,Water fluoridation in the United States
7ac7bb1d-a24d-44f5-9c2c-e0a7a59b37e3,naturalqa,who played alf garnett's son in law,1,Till Death Us Do Part
d912e200-daf1-4c10-93cf-bdfe9916c74e,naturalqa,when did long service leave start in australia,1,Long service leave
84521eab-c6e8-4f8a-8a3b-33a958e2199f,naturalqa,what was the cause of the nigerian civil war,1,Nigerian Civil War
b6816913-6d4f-48f5-88e6-f5e9f1930b51,naturalqa,who was the first navy chief to be awarded the medal of honor,1,John William Finn
df022919-e00e-49a8-b1fd-df2ebfb636ed,naturalqa,who is the onion knight in game of thrones,5,Davos Seaworth
202d4087-5677-44a8-a8cd-f450ce78d90e,naturalqa,where was the movie river's edge filmed,1,River's Edge
536e7c85-6775-4ba8-9c4d-7a4a2e5e6fd4,naturalqa,who played jack in lord of the flies 1990,1,Chris Furrh
b12d2c24-ffe6-4ab8-a041-adaab336d3ca,naturalqa,who said there stands jackson like a stonewall,1,Stonewall Jackson
a658541e-ab94-47a0-84a6-5c0a46c11947,naturalqa,who did bradley whitfird play in the post,1,Bradley Whitford
7c41ccb4-db57-42d6-b990-245be5d653d7,naturalqa,what movie was the song silent running in,1,Silent Running (On Dangerous Ground)
1e7e2b96-aa15-4ec5-8a9c-32033fef0430,naturalqa,who is the model in duran duran rio,1,Rio (song)
5487546f-9613-446f-9fcf-b690433f49d0,naturalqa,who sings in the beginning of centuries by fall out boy,1,Centuries (song)
1ae03ffd-d0ed-4db4-bc2c-9fcbd20aa97e,naturalqa,what is the most 3 pointers made in a ncaa game,1,List of NCAA Division I men's basketball players with 12 or more 3-point field goals in a game
d06eadee-1f31-46d6-aebe-73950ae73772,naturalqa,when was la casa de bernarda alba written,1,The House of Bernarda Alba
2a727282-5545-4bec-9f31-93c0fb43b7b8,naturalqa,where is mt isa in australia on the map,1,Mount Isa
c9db82d4-a698-4530-ba51-367a86dfdbc6,naturalqa,who has the most career pga tour wins,1,List of golfers with most PGA Tour wins
a7b8f9b5-f589-4852-a108-39c0296ef492,naturalqa,what is the ribbon colour of vir chakra,1,Vir Chakra
f769b50f-3a58-4908-9ef7-e15865d750ae,naturalqa,who made a sewing machine that became a bestseller,1,Sewing machine
438165c0-1a5c-4686-a293-f5ef27381eae,naturalqa,when did new zealand change from miles to kilometres,1,Speed limits in New Zealand
3f590c7c-0fbf-4db1-99b8-528b346c67b9,naturalqa,who plays larry on that's so raven,1,David Henrie
23717b65-f317-45d6-88b1-4702d35e58c6,naturalqa,who wrote i can't smile without you,1,Can't Smile Without You
14a97e9c-5739-4db5-b5d5-494c6b139cb3,naturalqa,how many years is a doctorate degree in business administration,1,Doctor of Business Administration
5f5e1a12-46e1-4f6d-841c-c4d52d68563c,naturalqa,chemical processes controlling the carbon flux between the ocean surface and the atmosphere,2,Oceanic carbon cycle
2341c0b2-55bb-466c-9420-5e975592edb1,naturalqa,who sings the x force song at the end of deadpool 2,1,Deadpool 2 (soundtrack)
56e2ac2d-38d7-4423-b797-4618630a4a95,naturalqa,in which queensland town is the bally hooley rail tour,1,Ballyhooley Steam Railway
d001c1bb-29c2-48f4-bb01-a38bff3f9349,naturalqa,where did bubba watson go to high school,1,Bubba Watson
96b32440-071a-44b3-887b-973a61e6f0c0,naturalqa,when was high hopes released panic at the disco,2,High Hopes (Panic! at the Disco song)
15d0d4f1-4789-4b4b-ac01-47094ebcc656,naturalqa,who is the actor in canadian tire commercials,1,Canadian Tire guy
b6f982e8-f7ce-4f75-afdd-434f6a703819,naturalqa,who plays as lizzie in the walking dead,1,Brighton Sharbino
b9bb54e8-8958-4777-ac6d-bbe63b730fab,naturalqa,what was the egyptian guide to the afterlife called,2,Duat
b3ae98dc-1465-4ec2-b896-a87b77d4ac10,naturalqa,who sang you don't know what it's like,1,You Don't Know What It's Like
21bc905d-0052-44f3-bfb2-1f91c9f5e01e,naturalqa,name for misty fog rolling in from ocean,1,Haar (fog)
3bc940ed-3121-4de3-9654-98ac99b0b8c1,naturalqa,when did the red wings move to joe louis arena,1,Joe Louis Arena
1a76c519-ae92-4d6b-8fdd-5d8952576b10,naturalqa,what three factors make up american political culture,1,Political culture of the United States
aa50687a-57c5-43db-87d5-db09a0ff3414,naturalqa,who sang you won't get me i'm part of the union,2,Part of the Union
9a8bf9db-9757-4d02-b09f-13c42143a43e,naturalqa,who sang with paula abdul in opposites attract,1,Opposites Attract
bfe8d1d4-42ef-4582-b989-2f17584a2958,naturalqa,who sings rock my world little country girl,1,Rock My World (Little Country Girl)
07822882-a245-435e-bbd6-2b233bcd9371,naturalqa,what episode of glee does kitty join glee club,1,Kitty Wilde
c2023837-0edf-4864-8c3d-eb362e046b9c,naturalqa,where is the rodeo held in las vegas,1,National Finals Rodeo
a9be5a16-a32d-4b5f-869a-2564cd1ef68b,naturalqa,where was the first north american indigenous games held,1,North American Indigenous Games
9e688f46-d625-4df5-b914-aadba463290b,naturalqa,when did jenny from the block come out,2,Jenny from the Block
37d2a3b0-d2fe-413d-b20b-03aa04776056,naturalqa,when did ivan the gorilla leave the b i,2,Ivan (gorilla)
9ff04972-74ff-4bda-b2ba-673b3193cb37,naturalqa,when does the third season of love come out,1,Love (TV series)
cc9fdc29-1957-4929-80e2-df86bdbde352,naturalqa,who sang the theme song in the movie alfie,4,Alfie (Burt Bacharach song)
da95a0b1-be85-456e-8e6c-bb41fd562ff0,naturalqa,where does the movie air bud take place,1,Air Bud
6edaf404-200d-4788-9d46-1a701cfe37b4,naturalqa,university of north dakota school of law ranking,1,University of North Dakota School of Law
a960717e-de91-4332-b8d0-cacab78f3f6a,naturalqa,meaning of the name ishmael in the bible,1,Ishmael
9f3a81f3-398b-4716-bb4e-28143f75fcfa,naturalqa,who became a spokesperson against the war in vietnam,1,J. William Fulbright
cfc1837b-8220-422f-b860-93a31af7ebb2,naturalqa,what is the meaning of the song games without frontiers,1,Games Without Frontiers (song)
31980afe-d284-43d3-93f9-1d38efcc4c57,naturalqa,what is the role of the health and safety authority,1,Health and Safety Authority
f9bb1268-7b3e-484d-b809-3c872d1abcee,naturalqa,who plays monica's friend will on friends,2,The One with the Rumor
2dd2755d-0a30-4e67-9db3-e5d8ce8a23aa,naturalqa,which is the india's first news paper,1,Udant Martand
e933323c-a222-45af-b60a-1192d217b651,naturalqa,who does the voice of james in pokemon,1,Eric Stuart
700fdf13-000a-4528-a1d0-66b26a3f0f9a,naturalqa,when does the town moor come to newcastle,1,The Hoppings
ef97489b-b0d7-4a19-b70a-e61c65344ae2,naturalqa,who sang the theme song to bat masterson,1,Bat Masterson (TV series)
959cca28-63ac-4031-8533-63c1f387a9f4,naturalqa,what airline was the first to offer in-flight movies to their 1st class passengers,1,In-flight entertainment
ddd49747-0f57-4079-96d1-c03d67022cdc,naturalqa,how many rooms in the royal york hotel,1,Fairmont Royal York
d4125b3a-0c05-4f47-9620-05b4820c29c9,naturalqa,who wrote if you've got the money,2,If You've Got the Money I've Got the Time
eba99d51-5f5b-4ebd-a523-f6867e0e8260,naturalqa,who plays claire on the big bang theory,2,Alessandra Torresani
f7ef6896-6924-4fd7-a65c-7d62d6a0f3a8,naturalqa,which part of the mcs produces the bow echo on radar,1,Bow echo
e402ddc0-afe0-43cc-b826-c0ab2b30b9d0,naturalqa,when was the last time the volcano on hawaii erupted,1,Kīlauea
1338a2da-0932-4bb1-a8a9-6f350afff26b,naturalqa,meaning of you ain't going nowhere lyrics,1,You Ain't Goin' Nowhere
3509c6a1-c1b2-423f-9d95-8f4f2bff1f80,naturalqa,who is on top of the atlanta capitol building,1,Miss Freedom
ff643cc5-c0aa-445e-9a50-0071136cf415,naturalqa,when did the first cake mix come out,1,Cake
e0ad30c7-c7c9-411c-ad2d-b06e0a4d545a,naturalqa,when did the samsung galaxy 5 come out,2,Samsung Galaxy S5
12d632e9-10cf-4c07-8548-086a759ae1c4,naturalqa,who sang it's good to be back,1,Hello! (Good to Be Back)
c4c75210-abc0-4317-a542-e17c9d390f76,naturalqa,when did the lead singer of inxs die,1,Michael Hutchence
cc01a280-371c-4792-8939-5a66205ac75b,naturalqa,what is the purpose of embalming a dead body,1,Embalming
a3b1e727-0898-429d-b221-43dd4aab06b3,naturalqa,what denomination is elevation church in charlotte nc,2,Elevation Church
93182d9c-b689-4351-833d-c3b3eff1a17c,naturalqa,what song did bbd sing on fresh prince,1,Gangsta (Bell Biv DeVoe song)
49064131-0a5a-4d6b-aaee-abda30ee2a0d,naturalqa,who plays the captain in sound of music,1,Christopher Plummer
366ac883-e9a1-4fb4-b324-971fdc8a2d9e,naturalqa,where was the movie a shine of rainbows filmed,1,A Shine of Rainbows
833c58dc-2427-40aa-b2d3-f7a857c878c7,naturalqa,who is the actress that plays hillary on the young and the restless,1,Mishael Morgan
2b6e0c34-e5e4-40dd-8ed6-b71e73a4f5cb,naturalqa,when did the deep blue sea 2 come out,2,Deep Blue Sea 2
53f8ddd6-0cf0-4756-9ca8-c2642068625e,naturalqa,who was the first soldier killed in vietnam,1,Richard B. Fitzgibbon Jr.
95069faf-3de8-47ec-a484-86887085fae8,naturalqa,when did the first primates appear on earth,1,Evolution of primates
d858c850-ada1-4114-9b4e-6482a11b8d09,naturalqa,where is the proposed pebble mine in alaska,1,Pebble Mine
847c60e1-34cd-4fa1-ba67-d404f509183e,naturalqa,who does joshua rush play on the lion guard,2,Joshua Rush
30a53471-ca45-4d1e-9a9b-047ea8f823ee,naturalqa,who did debbie allen play on a different world,1,A Different World
1d070c9c-281e-4211-a435-6e22bc25ea65,naturalqa,where was dancing in the dark video filmed,1,Dancing in the Dark (Bruce Springsteen song)
c2ab2d59-b342-4242-95f8-ac238bf2fe86,naturalqa,who played jack parkman in major league 2,1,Major League II
f8e2f368-4cc5-4edf-9a0c-ea13a25bcc48,naturalqa,who appoints the members of state human rights commission in india,1,Karnataka State Human Rights Commission
824aa9f7-e3ff-4184-a919-bafe6096ae7e,naturalqa,who has the most sheep in the world,2,Sheep farming
6f189e47-a2d4-43be-9766-3a7baa78971e,naturalqa,what is the type of government in guam,1,Government of Guam
099d3172-b891-4a1f-a54c-f2073dd484cb,naturalqa,when was kolhapur state merged into bombay province,1,Kolhapur State
406d65fa-3f79-4a17-a30a-d777a30ba615,naturalqa,who wrote the song i'm so glad,2,I'm So Glad
de2c57d0-bbd8-4116-8ba5-bed4af7d545d,naturalqa,what does a sfc do in the army,1,Sergeant first class
29f5a320-945e-4084-8073-284571fe5cc3,naturalqa,how many religions are in the world today,1,List of religions and spiritual traditions
57ed9676-d2c8-43e1-ad65-29d7075760ee,naturalqa,who played the father on what's happening,1,What's Happening!!
23022837-58cd-47a9-8b29-36966959d35b,naturalqa,who played joy's mother on hot in cleveland,2,Hot in Cleveland
2b1d8f62-f579-4600-9e5e-8f220a0aabeb,naturalqa,when does season 3 of wakfu come out,1,Wakfu (TV series)
6431bded-5b2d-4b5e-b68c-0b675b944ad4,naturalqa,who voices masha in masha and the bear,1,Masha and the Bear
ff366659-1b95-427d-aeff-7d3174c4814a,naturalqa,when did toot it and boot it come out,1,Toot It and Boot It
47851ede-ed92-4f73-96ac-a9e5d0bcfe14,naturalqa,who owns the horseshoe casino in las vegas,1,Binion's Gambling Hall and Hotel
55626e0a-a80a-458e-96b8-6c2a6a9299d6,naturalqa,where was the spiral jetty created before it disappeared due to erosion,1,Spiral Jetty
99da87b7-5205-4e8b-b191-2226f92584d0,naturalqa,which constitutional power of congress was used to establish the individual mandate under obamacare,1,Health insurance mandate
59524ca9-616f-4d78-8651-cd68d179a2b9,naturalqa,when did the soviet union declared war on japan and invade manchuria,1,Soviet–Japanese War
c1c37de0-9291-49ac-965f-6729782cfebd,naturalqa,who is the deputy speaker of lagos state house of assembly,1,8th Lagos State House of Assembly
1169e564-77df-455f-bb71-bc9e43ad47ac,naturalqa,when did the last lyons corner house close,1,J. Lyons and Co.
22352a5b-32ec-42ea-b0b5-8431deea815f,naturalqa,what is the meaning of joie de vivre,1,Joie de vivre
182bb9c2-4f8b-487e-8405-b24aee746f20,naturalqa,who played cassandra's mum in only fools and horses,1,Wanda Ventham
cddf887a-41cf-4067-b7ef-99efca8fd12f,naturalqa,when does kiss me first start on channel 4,1,Kiss Me First (TV series)
55f1ef0b-2129-4cbb-bcfa-74eba7814190,naturalqa,who sang it's so hard to say goodbye to yesterday,1,It's So Hard to Say Goodbye to Yesterday
064af868-7f66-49af-9c36-db3e160e7f81,naturalqa,who wrote the song are the good times really over for good,1,Are the Good Times Really Over (I Wish a Buck Was Still Silver)
08d0ba4d-7dc8-4dcd-8fe7-8c5af0bdc3d8,naturalqa,who plays princess jasmine on once upon a time,1,Karen David
88d484e0-67e2-4991-8f08-7f7c4c1d3a43,naturalqa,when did they start building the london underground,1,History of the London Underground
7e702540-aa42-4c92-ada9-f82c971a46bb,naturalqa,who does the voice of cow and chicken,3,Cow and Chicken
66d774ba-f222-4ae5-aa5e-c3a95f4ca685,naturalqa,when was the last time mount konocti erupted,1,Mount Konocti
faa840be-15d9-419f-85f9-e6de172209e6,naturalqa,who are covered by the labor code of the philippines,1,Labor Code of the Philippines
fc2b7674-fa82-40db-a37d-80b6e89bb5af,naturalqa,what was the larger effect of the deaths of the civil rights workers in mississippi,1,"Murders of Chaney, Goodman, and Schwerner"
04d35856-98e2-48ca-8e6d-5cb24a4b70f3,naturalqa,who sings with lionel richie on love will conquer all,1,Love Will Conquer All
3cc9588d-61dd-45da-84c3-eb0b93602860,naturalqa,who sings the song ask me how i know,1,Ask Me How I Know
e5aee44d-b784-4093-840d-ff58b85ab3eb,naturalqa,who founded the royal academy of music answers.com,1,The Royal Conservatory of Music
318d80c5-61d7-4b90-9941-8470f609ff40,naturalqa,who owns the stanley theater in new jersey,1,"Stanley Theater (Jersey City, New Jersey)"
357ff3cb-c939-424a-9ea9-07a4f300a70b,naturalqa,who is the actress that plays debbie gallagher,1,Emma Kenney
18362389-defa-43cf-b93c-29bb83843069,naturalqa,what do you mean by the term dewani,1,Diwani
f74a7905-10cd-4529-a4ca-6aaec3e63216,naturalqa,who sang i'll leave the light on,1,Leave a Light On (Tom Walker song)
1e2ac269-91c2-4510-a408-d7b0ff6b25aa,naturalqa,how old is ian from shameless season 1,1,Ian Gallagher
3abb3894-6fb9-4690-9413-e318e1c5ebf4,naturalqa,how many copies did back in black sell,1,Back in Black
310977de-b968-47e1-9982-93000e624305,naturalqa,who was the piano player in battlestar galactica,1,Someone to Watch Over Me (Battlestar Galactica)
9fd6f8a2-0442-477c-9351-bbbea644c053,naturalqa,india won the 2017 women's asia cup hokey by defeating,1,2017 Women's Hockey Asia Cup
e782c705-21e8-4196-a4f0-c2d6faf66164,naturalqa,what is the tallest building in richmond virginia,1,"List of tallest buildings in Richmond, Virginia"
5537b6f7-7d4f-405a-b5c5-b4b7e830e829,naturalqa,when is the predetermined manufacturing overhead rate computed,1,Pre-determined overhead rate
a070a22a-5878-46ce-83df-6e31302d2875,naturalqa,when was the model parliament first called to meet,1,Model Parliament
06e7b903-4695-4742-9449-b3099a8942e3,naturalqa,the babys everytime i think of you backup singer,1,Every Time I Think of You
d8efdb47-30e1-437e-88fe-8781789215da,naturalqa,what episode of house does wilson get cancer,1,James Wilson (House)
e5a0b319-8a5a-44cf-bd82-5dc956d8dc15,naturalqa,what was the name of mozart's first symphony,1,Symphony No. 1 (Mozart)
4cd4dabb-5b8d-4881-a86a-1354ff45e6d6,naturalqa,which character was originally left out of flintstones vitamins,1,Flintstones Chewable Vitamins
7ad6e809-3a8f-4ad5-89dc-4158d3c38ff9,naturalqa,who plays james nava in shades of blue,1,Gino Anthony Pesi
fe5f9fb6-b11a-4193-a5e1-6d5be8e67e5f,naturalqa,who wrote the song love is like oxygen,1,Love Is Like Oxygen
74242fb7-630b-4d9e-9c43-0e20ccf5db32,naturalqa,who wrote the song lord i hope this day is good,1,"Lord, I Hope This Day Is Good"
4677b3f4-08f9-4cb0-bdf5-63ec0def3bb1,naturalqa,where did will muschamp go to high school,1,Will Muschamp
9a1bdb37-ffea-47ed-9665-4756b92ecba2,naturalqa,who played the first concert at red rocks,1,Red Rocks Amphitheatre
29d2409a-6234-48b2-81f2-ce5dde93de80,naturalqa,who sang if i could see the rhondda one more time,1,David Alexander (singer)
80655729-7765-48eb-9cde-a1eec775cfa9,naturalqa,when did the movie 8 seconds come out,1,8 Seconds
d3da8ef7-c4e2-40aa-bc49-673313ac28a7,naturalqa,british colonial rule in west africa started in the year,1,British West Africa
c9235126-b768-4f93-b1bc-daef0c4eb091,naturalqa,when does the twisted cyclone open at six flags over georgia,1,Twisted Cyclone
b51126a1-6897-4deb-80a8-700bc5b3383a,naturalqa,who mapped the coastline of texas in 1519,2,Alonso Álvarez de Pineda
c6a9414d-f63d-4c99-a575-266e1ee98810,naturalqa,what is the biggest recorded earthquake in history,1,1960 Valdivia earthquake
97999a64-692b-480d-a1af-bda95f0f3941,naturalqa,the meaning of three dots in a triangle,1,Therefore sign
0003fe44-ab91-4b28-afd7-ae0b4b39043f,naturalqa,who does ben have a baby with in eastenders,1,Ben Mitchell (EastEnders)
f653a772-87c5-489a-9280-557a4cbe4186,naturalqa,when did mccrory's go out of business,1,McCrory Stores
e41c1f17-1e0a-4025-be34-dc1366bc8b7f,naturalqa,who is considered the founder of the theory of evolution,1,History of evolutionary thought
b92f586d-d2a9-413e-b867-e04817f99337,naturalqa,who sings the theme song for freaks and geeks,1,Freaks and Geeks (soundtrack)
a3446178-90b1-4237-b522-0f81dcd7084b,naturalqa,when is season 3 of bizaardvark coming out,1,List of Bizaardvark episodes
4678b815-2f26-4690-8ee0-f0588a2f2370,naturalqa,who hosted the 5th dead or alive tournament,1,Dead or Alive 5
2a69efa5-97a3-4d0a-aeb0-4b5854a174e6,naturalqa,what was the edict of nantes issued in an effort to do,1,Edict of Nantes
dfb78bf8-d84e-4bff-99a7-037e6617ec95,naturalqa,when did cool ranch doritos tacos come out,1,Doritos
491c3652-a404-4a7d-b374-2c9d6ba57cc7,naturalqa,when was 10 rupee coin introduced in india,1,Indian 10-rupee coin
dd746ad7-9d1a-4e0f-9374-ca42e51dcb9f,naturalqa,what movie is the song falling slowly in,1,Falling Slowly
c3fd60af-2487-4f89-be63-7a184f19a44c,naturalqa,when did red marauder win the grand national,1,Red Marauder
7e935d9d-9dd0-4bb7-a9f3-28668771ec99,naturalqa,who wrote margie at the lincoln park inn,1,(Margie's At) The Lincoln Park Inn
19c93e13-70cc-4ac1-995c-bd5b10628efc,naturalqa,who plays sonny kiriakis on days of our lives,1,Freddie Smith
d22ccd83-4c33-44c3-9426-60eb851b371e,naturalqa,where is serendipity located in new york city,1,Serendipity 3
6659a8d7-dca8-4226-8a69-cb12d717e3e7,naturalqa,who illustrated the original winnie the pooh books,2,Winnie-the-Pooh (book)
af4fbdf4-452d-4152-89f5-66da12c5d2f9,naturalqa,what is the ace star model of knowledge transformation,1,ACE STAR Model of Knowledge Transformation
23197a05-4e1e-459e-9b64-9bedffa71bf5,naturalqa,who wrote my baby thinks he's a train,1,My Baby Thinks He's a Train
43d8bff3-c3df-4dd5-91a9-cf7202ecb959,naturalqa,when did the largest swarm of earthquakes at long valley take place,1,Long Valley Caldera
c4ad0078-bfde-4697-a0cc-b9d20a91244c,naturalqa,who sang it's so funny how we don't talk anymore,1,We Don't Talk Anymore
2e0fe0cb-e8e7-42fe-91dc-0f07e6d77121,naturalqa,what was the celebration dedicated to athena called,1,Athenian festivals
62aa0f97-1df4-4fa6-ab16-9fa616e203a2,naturalqa,where was the first harvey's restaurant located,1,Harvey's
3a00abbe-19fc-4b84-a0cd-8a96659a9343,naturalqa,how many medals did france win in 2014,1,France at the 2014 Winter Olympics
1d20e7b6-2848-4857-a5f2-291f8acf9d9e,naturalqa,what nerve structure is just lateral to the bodies of the thoracic vertebrae,1,Sympathetic trunk
74b1ce79-465f-45fd-8eb0-853eb343f309,naturalqa,where did the phrase file 13 come from,1,File 13
2569cad4-22c5-47c2-b7d5-c56a9bf4041c,naturalqa,which one was the last formed district of haryana,1,List of districts of Haryana
21b24bba-3f5d-41a7-aedc-44536d4524ce,naturalqa,who won the women's super g 2018 olympics,2,Alpine skiing at the 2018 Winter Olympics – Women's super-G
4200b797-f436-4e9f-b076-d9a48b5fa37f,naturalqa,family guy episode where peter gets a vasectomy,1,Sibling Rivalry (Family Guy)
493fb48a-d170-4094-9a39-3309ec4c2bd6,naturalqa,who holds the record for rushing yards in a season college,1,List of NCAA major college football yearly rushing leaders
1a260832-c421-47d8-b687-32edb6771a8d,naturalqa,where is the witches market in la paz,1,The Witches' Market
c55d5c03-e3e4-400b-9bac-d434784ffb6f,naturalqa,who is on the queen is dead cover,1,The Queen Is Dead
fd822523-d9d1-4501-aba8-0c7a70a2cf65,naturalqa,who is the father of the air force,1,Billy Mitchell
8a0a73b5-0df6-4bde-909a-aebbe4e15af8,naturalqa,who is devon's father on young and the restless,1,Devon Hamilton
2fd74576-a443-4920-8508-c389dafa2e87,naturalqa,who won season 22 of the amazing race,1,The Amazing Race 22
bedbc878-a0f4-41d8-ae2c-3eb36763a65e,naturalqa,when does a presidential ordinance cease to operate,1,Ordinance (India)
1f63acff-3849-4611-9340-28918c705333,naturalqa,who has won the 2017 asian snooker championship,1,ACBS Asian Snooker Championship
451a9f46-d6f1-4143-901c-070a1babca91,naturalqa,who takes the iowa test of basic skills,1,Iowa Assessments
8b698546-25d1-4d3a-877d-0868d0af790d,naturalqa,what kind of bats do they use in college baseball,1,College baseball
6c50bb74-23d9-470c-b49a-3701ee74d029,naturalqa,who must approve the budget created by washington dc city council,1,Government of the District of Columbia
1efc00c0-2d3b-4719-97cb-2c8d0065e8a4,naturalqa,what movie has the song the candyman can,2,The Candy Man
584437dd-b1b0-44f1-9990-3ebf6ac45f52,naturalqa,what kind of squash is round and white,1,Pattypan squash
6655891e-7908-4e0a-8691-c175a5b4f016,naturalqa,when did australian troops fight in new britain,1,New Britain campaign
4e2d4e3b-19a4-4976-bd42-233e27d92570,naturalqa,who holds the mlb record for most hbp,1,List of Major League Baseball career hit by pitch leaders
dd8d2caf-2603-444b-856e-63fff9976547,naturalqa,where is the eastern caribbean central bank located,2,Eastern Caribbean Central Bank
e785838c-0542-4a22-9080-87480510fdcc,naturalqa,when was sing something simple on the radio,1,Sing Something Simple
ba9e0ace-fc7a-42e2-8a04-5be59aedbd3b,naturalqa,what type of radiation leaves earth as outgoing waves,2,Outgoing longwave radiation
b2e74dc1-9261-4df6-a6be-f4cc7f0b98e0,naturalqa,what is the name of the jewish celebrations,1,Jewish holidays
6d2b686f-0174-4447-a742-4b9fd0435de3,naturalqa,where did they film once upon a time in mexico,1,Once Upon a Time in Mexico
e696e602-aeeb-41cd-8b77-5bdbb335a3fb,naturalqa,where is taronga's western plains zoo located,1,Taronga Western Plains Zoo
25c88d24-a5a7-491c-924f-c30f18cd13f4,naturalqa,where does the last name esquivel come from,1,Esquivel
f8b92f12-b98f-4de5-94d5-27082f67cb76,naturalqa,where does giant hogweed grow in the us,1,Heracleum mantegazzianum
3e8d5255-27bb-444e-ad3a-8ebbb1547811,naturalqa,who wrote funkier than a mosquito's tweeter,1,Funkier Than a Mosquito's Tweeter
dbd77f16-d366-4f3d-a9f3-037323c186be,naturalqa,how long does it take to film a season of planet earth,1,Planet Earth (2006 TV series)
0e7f43b1-772b-415e-bba0-5033f32cfd31,naturalqa,where can you not carry a concealed weapon in south carolina,1,Gun laws in South Carolina
e07b1991-2f3e-487e-a6d1-1a20f7e7872e,naturalqa,who plays fat rhonda on that 70s show,1,Cynthia Lamontagne
f4a7cb18-7d07-4c0e-a42c-686dfff8be29,naturalqa,when does the fetus begin to develop memory,1,Prenatal memory
e8164c38-6944-40f3-a196-5a78daa365db,naturalqa,when did facebook go public (start selling stock),1,Initial public offering of Facebook
880a4150-7ecb-480f-b0e2-72684e2771a9,naturalqa,when did red solo cups start being made,1,Solo Cup Company
18537426-972a-45ad-9ea9-b57401c064ec,naturalqa,who led the first overland expedition to san diego,1,Portolá expedition
0e268868-8d0a-4999-866b-92869afe3b10,naturalqa,who did wes ramsey play on guiding light,1,Wes Ramsey
746277b1-1f7d-4ff7-970e-7d292fca245c,naturalqa,what was the first coin minted in the united states,1,Numismatic history of the United States
a69a07fb-fd74-4555-885c-f4b405a348b9,naturalqa,who is credited with coining the term sociobiology,1,Sociobiology
5a958661-e0da-45bf-b5f9-c0b1b5a887fb,naturalqa,what kind of drug is vyvanse classified as,1,Lisdexamfetamine
7982d942-f5c5-449a-a468-dbd478915ee7,naturalqa,who won the ladies roar of the rings,1,2017 Canadian Olympic Curling Trials
1f04e67f-4c70-40f6-8535-63b695a56ef4,naturalqa,where was the child and the fox filmed,1,The Fox and the Child
db01f479-7aae-4e3f-bdb3-03fdeeb95636,naturalqa,highest gold medal for india in commonwealth games,1,India at the Commonwealth Games
63e014a6-d6b0-4e87-b0f6-d140a9812dc9,naturalqa,where did the neuse river get its name,1,Neuse River
01a6b1a2-9c39-42d3-95fa-ecff7646063c,naturalqa,who sang the song here comes the judge,3,Here Comes the Judge (Pigmeat Markham song)
c8a474fe-ca9a-49d0-a661-f483aea06cd0,naturalqa,who sang don't say you don't remember,1,Don't Say You Don't Remember
139906c6-ffa9-4269-875e-565aff647f8e,naturalqa,who helped to found the royal australian historical society,1,Royal Australian Historical Society
526f4bb2-3b9d-4dc7-b8fc-bbffe8e40598,naturalqa,who votes for nba executive of the year,1,NBA Executive of the Year Award
b901204c-efed-400c-86e3-47e38f2160bd,naturalqa,when did realm of the mad god come out,1,Realm of the Mad God
be5c22db-6463-4008-9587-f3418da32e8e,naturalqa,who sings cleveland rocks on the drew carey show,1,Cleveland Rocks! Music from The Drew Carey Show
ed0ca79f-9665-47cc-b565-1e4496252f2f,naturalqa,who commanded the south sea exploring expedition from 1838 to 1842,1,United States Exploring Expedition
a9a5ce55-7ae7-44aa-8c01-c90d5bfda02e,naturalqa,what is brandon's last name in dork diaries,2,Dork Diaries
a104e0e2-d68c-4862-96f9-c576be005532,naturalqa,according to the zeeman effect the splitting of a sunspot's spectral lines is due to,1,Zeeman effect
51096593-0497-484c-a2b7-b47e16f24718,naturalqa,tales from the borderlands a telltale game series,1,Tales from the Borderlands
60be9f25-32fb-4b61-a664-6d5873bcc0fd,naturalqa,what is the marriage group in canterbury tales,1,The Wife of Bath's Tale
822fd3ad-a6ca-4c83-9e21-ed8e3fe0d3f2,naturalqa,who sings if there's any justice in the world,1,If There's Any Justice
b1b4983d-79db-4ab8-85a6-52b72f77eb59,naturalqa,who has won rte sports person of the year five times,1,RTÉ Sports Person of the Year
8b227bc6-9ce3-46b3-9e64-e13340437692,naturalqa,who had founded free india centres in rome and paris,1,Free India Centre
94d51804-a58d-4934-96a1-8daa163c1568,naturalqa,where was the tv version of the shining filmed,2,The Shining (miniseries)
18db08ec-26da-4e51-a8b2-d249d0c0b74f,naturalqa,the chapters (suras) of the qur'an are arranged roughly in order of,1,Surah
83c5f30b-450a-4cf3-8e5b-57b4352afbb1,naturalqa,where did they film the movie cabin fever,1,Cabin Fever (2016 film)
6329e84d-0d26-41ec-bfb7-83970b2bc7b8,naturalqa,what was the supreme court ruling in engel v vitale,1,Engel v. Vitale
c51e6814-80d9-4f45-b26e-05511d4cb103,naturalqa,which plateau lies to the west of sulaiman range,1,Sulaiman Mountains
faabcff2-499c-4612-9c14-340433f02435,naturalqa,when did allis chalmers go out of business,1,Allis-Chalmers
6de648cb-15f9-48a8-a79e-8f22848bb0e4,naturalqa,when did text messaging start in the uk,1,Text messaging
4499a20b-e3ed-49ab-93d4-2059659829df,naturalqa,when does the buyer take title when property is financed under a land sale contract,1,Land contract
e0f0b2ab-3202-4271-b00a-72bd99b55cc1,naturalqa,what is dont rain on my parade from,1,Don't Rain on My Parade
09f4f102-ed09-4d1d-9434-08cc3c591827,naturalqa,where does the time change on i 65,1,Interstate 65 in Kentucky
d37bb322-94a1-43e0-8f75-5418d0b3a9cc,naturalqa,when did the mudslide happen in sierra leone,1,2017 Sierra Leone mudslides
ba4ef6bf-5382-44ec-afc0-921729cdf710,naturalqa,who sings all i can think about is getting you home,1,Gettin' You Home (The Black Dress Song)
467b247b-f0c3-43e1-a645-29cc756dbd68,naturalqa,who is the issuing authority for nigerian passport,1,Nigerian passport
dfb5d9f4-161b-436e-ad22-324f9f4c6236,naturalqa,who provides the funds for a loan guaranteed by the veterans' administration,1,VA loan
24953884-d521-4a06-a152-b659281e7e5e,naturalqa,when did the samsung galaxy s7 edge come out,1,Samsung Galaxy S7
a7b27de0-3cb6-4044-a7b4-91530e5dfd7d,naturalqa,when was the monarchy abolished and france declared a republic,1,Proclamation of the abolition of the monarchy
29fb5a78-63aa-45d0-884c-7283c7ac63d3,naturalqa,when did the bribery act come into force,2,Bribery Act 2010
61a62176-c47d-4b33-a0f8-b4448f5e83d8,naturalqa,who sings it don't matter to me,1,It Don't Matter to Me
ddfc9eb5-a6b7-409e-9010-faa483f9de27,naturalqa,who believed the body was controlled by the heart,1,History of neuroscience
a9e62ef3-887c-4a03-8f32-8003217e98ef,naturalqa,who sits in the front row at the white house press briefing,1,White House press corps
1011301d-5012-48c3-85ad-d1c9c9af83fc,naturalqa,who sings i think i'll just stay here and drink,1,I Think I'll Just Stay Here and Drink
316cbe49-b163-4c16-8380-ab67bf4d38bd,naturalqa,who wrote have i told you that i love you,1,Have I Told You Lately That I Love You?
5d2ca7cd-d983-453b-a4d2-ece52c969821,naturalqa,who was the original singer of i swear,2,I Swear
fa47f5e2-2512-49c9-b358-bfd82a1c3068,naturalqa,who does mark hamill voice in regular show,1,Regular Show
04756e9b-6a7b-4684-964d-57bbd28f2d87,naturalqa,who has become the first indian to win an individual medal at the gymnastics world cup,1,Aruna Reddy
859d708f-2099-43dc-82db-1afc79d81427,naturalqa,what do you call a samurai without master,5,Rōnin
5fff4dfc-421d-4f12-a345-1ef0af175d2a,naturalqa,who painted the trees in the oma valley of biscay spain,1,Oma forest
e5cf885a-ae1c-4ea7-a8be-00dcdff79f3b,naturalqa,who played the wild boy in mad max 2,1,Emil Minty
cb3577aa-015d-4e42-a3fd-e38dcfe975b1,naturalqa,where are the world swimming championships being held,2,2017 World Aquatics Championships
ed234bce-430f-4298-87c9-4e488c84e7d9,naturalqa,where was the legend of the lost filmed,3,Legend of the Lost
0684ecaa-2357-4472-871b-0b6069134eb4,naturalqa,who was the voice of hr puff n stuff,1,H.R. Pufnstuf
777264e9-27c4-411f-b967-663e54e6bd92,naturalqa,when was the first cadbury chocolate bar made,1,History of Cadbury
9e5d9247-acbe-4566-9d16-baa554d60545,naturalqa,what form of government is used in norway,1,Politics of Norway
61a21667-fe23-4d02-baa6-bbcab3ff3482,naturalqa,who sings even the man in the moon is crying,1,Even the Man in the Moon Is Cryin'
3c4ffa70-db02-435c-86c7-e322613a3555,naturalqa,where did the convention of 1833 take place,3,Convention of 1833
dcbf77c1-6866-4235-95b9-e16a8be56fc0,naturalqa,who is the caddy in the greatest game ever played,1,Eddie Lowery
f4367c45-b9f0-4f3b-830b-e0f2bca939d1,naturalqa,who did butler beat in the final four,1,Butler Bulldogs men's basketball
81c63903-7eae-4573-847b-fb4d52f302a8,naturalqa,what channel is the highway on sirius xm,1,The Highway (Sirius XM)
702750a7-d896-4d91-bf9d-d0fe62ff74fd,naturalqa,who did boots grow up with in the orphanage,1,Puss in Boots (2011 film)
f710960b-1dae-4451-bee3-672336c0b6c9,naturalqa,when was the united federation of planets founded,1,United Federation of Planets
74d42c24-d4b7-4752-ad3f-258ca17362fa,naturalqa,who wrote in the morning of my life,1,Morning of My Life
689e6321-591e-43e0-b365-430749d4ef59,naturalqa,how is bobby related to sam and dean,1,Bobby Singer
84633e23-1015-4781-8995-12ed55eef1e8,naturalqa,meaning of the song beautiful day by u2,1,Beautiful Day
c9c7471e-d074-4af1-b8de-94713a5f1848,naturalqa,when was the department of social development established,1,Department of Social Development (South Africa)
6216531d-84d7-4a68-936a-9911d4658f65,naturalqa,when did the battle of st george's caye occur,1,Battle of St. George's Caye
9c0a9211-3a26-4278-b8dc-6db4753f2e5a,naturalqa,what was the original meaning of the term universitas,1,University
898bf90e-6221-4822-9a59-02bb3784350b,naturalqa,when was lodge of the four seasons built,1,Harold Koplar
e39c775c-906c-4c35-bca1-212e0261ce2d,naturalqa,what songs are in 2002 song anne marie,1,2002 (song)
25e86fd6-6301-4e13-acec-3a98139dd145,naturalqa,who played alotta fagina in austin powers movie,1,Fabiana Udenio
0fa63a37-b3e6-4349-afb1-96e55347bf83,naturalqa,sharks rays and skates belong to what group,2,Chondrichthyes
c4c60f4d-9dd4-4796-b28c-e9349013e374,naturalqa,who does zoey deutch play in set it up,1,Set It Up
75828460-b2a1-4aa5-84bc-161bfbcef644,naturalqa,who won the darts in auckland new zealand,1,2018 Auckland Darts Masters
971ce244-4901-4abd-a719-8594ff68e5c7,naturalqa,where is the world war 1 memorial located,1,"National World War I Memorial (Washington, D.C.)"
c4bdd37a-14f0-49a4-8294-9cf33d9346bd,naturalqa,when did us the duo audition for agt,1,Us the Duo
de34865d-e63b-4d8b-8e89-2ee1dc4ddb7f,naturalqa,who plays the little boy in maid in manhattan,1,Tyler Posey
d483e0ad-9164-4cfd-9128-fc58f4bafcbd,naturalqa,who was the killer in the movie snowman,2,The Snowman (2017 film)
af1bdd28-50ae-4a3f-9572-e5b1a6579cb5,naturalqa,when was chlorine first added to drinking water in the uk,1,Water chlorination
ab5c8640-01d6-4584-afcf-a291d826a939,naturalqa,where is the prostate located on a woman,1,Skene's gland
784f9f3e-667b-422a-8e06-c04cc4693d6b,naturalqa,how much is a piece of eight worth,1,Spanish dollar
b8a8c359-70ea-4c90-a65d-2fc0f10b9c6d,naturalqa,who wrote 13 books of the new testament,2,Pauline epistles
588a4e33-5bb8-41d8-b1d4-859d6498d57c,naturalqa,who has been struck by lightning the most,1,Roy Sullivan
f86954f0-de78-4f76-9b24-3391224a2cf4,naturalqa,who wrote whitney houston how will i know,2,How Will I Know
5ede229a-ec60-49ea-b725-3aeaf1a63fd9,naturalqa,who is the girl cop in super troopers,1,Super Troopers
9e2a902c-45bb-495a-8e95-8972d67e1e8e,naturalqa,who coined the term protoplasm for the fluid substance of the cell,1,Protoplasm
55b79fb5-f779-488d-a214-c0a00e62b01c,naturalqa,what song is virus alert a parody of,1,Straight Outta Lynwood
4e85a26f-d5de-4fcd-b375-bf7fa9227507,naturalqa,why did turkey build a dam on the euphrates river,1,Atatürk Dam
b03ff65d-efd3-4469-a6e0-5debd7387a67,naturalqa,who plays california's son in the office,1,Spooked (The Office)
eab7e3e1-f839-4a6e-8527-2e10e8a4d9be,naturalqa,who is the girl in one call away,1,One Call Away (Charlie Puth song)
fdbdb236-06c7-40c3-9bcb-ebb3cbb0802e,naturalqa,where does the peace river start in florida,1,Peace River (Florida)
d41baba8-4a5c-4a3e-867e-5c51a645ecf8,naturalqa,when was the prudential building in chicago built,1,One Prudential Plaza
6f84e880-26d7-48e6-9e38-88f20fca6467,naturalqa,when did iowa state college become iowa state university,2,Iowa State University
35516288-84c3-4a64-89b2-a7d2d47366cf,naturalqa,when is kong meng san phor kark see monastery founded,1,Kong Meng San Phor Kark See Monastery
147b5ccb-2d69-4b4f-8428-19c9c8a20f78,naturalqa,when was the fax machine invented and by whom,1,Fax
7fb802ec-eaea-407a-80e5-2f3a99c3da8c,naturalqa,what is the highest jackpot won on pointless,1,Pointless
53d333a9-4d29-4603-b554-7d4f684ccc9c,naturalqa,last italian driver to win a grand prix,2,Formula One drivers from Italy
0b08da21-1f6a-40db-996d-3ac979c3f096,naturalqa,what time was it when the first plane hit the twin towers,1,Timeline for the day of the September 11 attacks
ae2e70b8-5c05-4d5a-8e84-4030f07e8e41,naturalqa,when did the first rocket go into space,1,Spaceflight
20b31bc5-74f0-48a4-83f0-b851b018dd70,naturalqa,when was the canon eos rebel t6i released,1,Canon EOS 750D
9b0c86ed-68de-433e-85f5-87d80bf113cb,naturalqa,where are the oldest rocks in north america,1,Oldest dated rocks
6e0014d0-0e97-4588-9c4b-00bcf3322d5f,naturalqa,i can be your hero baby original singer,5,Hero (Enrique Iglesias song)
c4c14e2a-045c-4ce0-a828-b38c35b1ea23,naturalqa,who does the voice of mort on family guy,1,Johnny Brennan
1e1b117f-e498-4a89-813a-088fd41ffa28,naturalqa,who did the song once bitten twice shy,2,"Once Bitten, Twice Shy"
1f1074de-e25c-48ba-bc16-69ab6db2f706,naturalqa,where did 4th impact come in the x factor,1,4th Impact
2a3dafd3-7a83-43e1-871c-82543947f06d,naturalqa,what is the meaning of listen by beyonce,2,Listen (Beyoncé song)
767d3534-1e86-4705-9e11-cf47ffea4525,naturalqa,what event began the second front in world war ii,1,Western Front (World War II)
0ec8a4f9-178d-4d1f-9e9f-6304a5969d60,naturalqa,what is the girl ducks name in ducktales,1,List of DuckTales characters
4d77d0f2-b8a9-4190-b196-d6187003d681,naturalqa,which instrument is used to measure the speed of light,1,Fizeau–Foucault apparatus
52af9c7e-efbb-4502-8ac8-ab704b1da6b5,naturalqa,when does disney's freaky friday come out,2,Freaky Friday (2018 film)
d23b0163-9521-4c09-91eb-643aa7d18609,naturalqa,who is the guy in the don't leave music video,1,Don't Leave (Snakehips and MØ song)
7efb8c84-6f95-4a39-ae76-a4b3600c9dbe,naturalqa,who plays brian in the office season 9,2,Customer Loyalty (The Office)
3d6d1ae5-cf66-4e19-ab4f-e2a828b7c41f,naturalqa,1 kilobyte is equal to how many bytes,3,Kilobyte
4b178de6-c5b0-4ca2-a19b-ec45e418bfa6,naturalqa,1 marla is equal to how many yard,1,Marla (unit)
df7ad794-07a4-445d-a2f9-a3f7fe334be1,naturalqa,why did number the stars win the newbery medal,1,Number the Stars
ff2fed7c-3a33-4226-9fcd-2ee2e708252d,naturalqa,what is the origin of the name basil,1,Basil (name)
68dfe02f-c87d-4068-8ea9-85d4283dee31,naturalqa,who discovered penicillin and how did he make the discovery,1,Alexander Fleming
a9d644f8-bc61-41c7-93bd-2cb59ce1d0be,naturalqa,how many colleges are in the state of maryland,1,List of colleges and universities in Maryland
623bcee8-d522-4b77-9676-28cb1e58a5b4,naturalqa,who makes the kentucky derby garland of roses,1,Kentucky Derby Trophy
a2a2d971-2707-41fd-80b6-b197b29183f8,naturalqa,the cincinnati red stockings first loss was to which baseball club,2,Cincinnati Red Stockings
69821cc0-d1b8-44f5-a00a-2a3ed972de8b,naturalqa,where does a hamster live in the wild,1,Hamster
6578d5b2-fcf2-40dc-9602-9f0db3ceba24,naturalqa,who has the most hat tricks in cricket,1,List of One Day International cricket hat-tricks
eef839da-0270-46c8-a693-a599fd5f7340,naturalqa,when was the united church of zambia formed,1,United Church in Zambia
662f3b79-95ba-4df7-ae4b-95ba6923a3da,naturalqa,where did the portuguese establish brazilian sugar plantations,1,Colonial Brazil
a7c95884-bbbf-49ab-898e-838555e23cdc,naturalqa,when did christianity come to the british isles,1,History of Christianity in Britain
003fd9ea-073f-4cd6-a742-4d32d4c6b968,naturalqa,who plays coby in packed to the rafters,2,Ryan Corr
19e8ab5b-0454-404b-bf70-863adcd21316,naturalqa,in billings original version chester was written for,1,Chester (song)
63415140-96b4-4810-b154-5c05b3bb4e50,naturalqa,when did the norfolk broads become a national park,1,The Broads
2b054bae-e90f-4595-b44d-03442c8e7bda,naturalqa,when did dental floss come on the market,1,Dental floss
2ab03c30-eb0f-43a6-85c0-8b446b11bb71,naturalqa,which emperor started the second persian invasion of greece,1,Second Persian invasion of Greece
a902a750-2dc0-4052-8362-0c19cfd36472,naturalqa,who sings i'm begging you for mercy,4,Mercy (Duffy song)
9f4ab155-8b0d-4f02-a3f3-031309ced5b9,naturalqa,when do the presidents run at nationals park,1,Presidents Race
20f7bc49-2b17-4013-a274-ec0882d4cac1,naturalqa,when did the blues last win super rugby,1,Blues (Super Rugby)
2d45b5f9-d433-4bf5-90d3-0ad0aa507899,naturalqa,where do canadian seagulls go in the winter,1,Gull
5098afb3-330f-422e-9636-4bfa8b2f4fdc,naturalqa,difference between 0 and o on serial number,1,Slashed zero
b8a10639-1adc-4043-9f99-87d5f1e0868d,naturalqa,when did iced coffee become popular in the us,1,Iced coffee
7f79cfea-693a-43b0-973b-d07a00832b0c,naturalqa,where do we see the coat of arms,1,Coat of arms
07eb999c-943f-409f-820c-51653fab94e9,naturalqa,who played mr green jeans on captain kangaroo,3,Hugh Brannum
64b72e16-47f4-48a0-a78d-43e7e9fe53b1,naturalqa,who was the song night shift dedicated to,1,Nightshift (song)
9fc0502a-a04b-4e7d-ba75-8893f66ab2c6,naturalqa,where was the movie wish you well filmed,1,Wish You Well (film)
3d4f8eae-1ba1-48ce-ae87-7f56ff349669,naturalqa,when does season 2 of between come out on netflix,1,Between (TV series)
b4f19446-a8f0-46e7-b01a-5e3f0a6e0b9f,naturalqa,how long can i live in india with oci,1,Overseas Citizenship of India
b2c74aa0-97fc-4f8d-b348-3b0d408b46b7,naturalqa,where was the film conflict of wings filmed,1,Conflict of Wings
5976653d-1a73-4f7f-a9ae-58d5c2b7babc,naturalqa,what is the meaning of the name paige,1,Paige (name)
1489025b-7892-4182-8a65-7cdac1c7a9ea,naturalqa,where is the nerve located in a tooth,1,Pulp (tooth)
bbbff8bb-3191-4766-ace7-15df7daccdba,naturalqa,who was involved in the moral reform movement,1,Birth control movement in the United States
094a8214-1820-4895-89c2-d636ef0857be,naturalqa,when did the king kong ride burn down,2,King Kong Encounter
ed80b70e-b3bf-47bf-8a8d-e247e5a8e503,naturalqa,who built the temple of amun at karnak,1,Karnak
55a92649-d8c5-4b1b-a597-733d21528329,naturalqa,when was the idaho state capitol building built,1,Idaho State Capitol
de6483d9-553a-4278-9662-d3ed3e58afeb,naturalqa,who plays shannon on how i met your mother,1,Katie Walder
a014da91-d089-45a9-9c33-9c6f109f5d89,naturalqa,what did the marshall islanders use stick charts for until the 1950s,1,Marshall Islands stick chart
8e034a46-5c23-4a52-85e1-9e36369cd7dc,naturalqa,when did the anti smacking law came in,1,Crimes (Substituted Section 59) Amendment Act 2007
fa7df306-6fc6-4cd0-b876-552d6cae2989,naturalqa,where was the movie cahill us marshal filmed,2,Cahill U.S. Marshal
2e734997-7796-4124-b016-ff8f95af84ae,naturalqa,what did the reciprocal trade agreements act of 1934 give the president the power to do,1,Reciprocal Tariff Act
97956ad0-677e-4f4d-96d6-53a595e55f48,naturalqa,who did the astros trade for brandon backe,1,Brandon Backe
f8e87363-81be-4dd7-a44e-1eab84ed7682,naturalqa,when did lollipop by lil wayne come out,1,Lollipop (Lil Wayne song)
a9c542c8-c835-4e30-9f2f-9a9caeb0bad4,naturalqa,where do the detroit tigers have spring training,2,Joker Marchant Stadium
c3fdc7d9-5ab4-42ae-9c06-78650d54df17,naturalqa,who sings the song i am a warrior,1,The Warrior (song)
79a4c7c3-c089-4808-9ba7-b8b6456186fc,naturalqa,how many helicopters did the soviets lose in afghanistan,1,List of Soviet aircraft losses during the Soviet–Afghan War
6ec6c5a2-f14c-4701-9726-1abe9eb686ae,naturalqa,the first experimental laboratory in psychology in the united states was founded by,1,Experimental psychology
b5d6a8cc-7bb7-4d56-a48e-1d09e3eed2b0,naturalqa,in which date the sangeet natak academy recognised satriya nritya,2,Sattriya
c2349dfe-8fa2-4051-bb31-2695c2192453,naturalqa,what mental disorder does sybil's mother have,1,Sybil (1976 film)
fa134f69-49f9-4647-bac0-ba27e431f89c,naturalqa,most fluid in the body is found where,1,Body fluid
ef02e253-6ff8-43ff-92d6-dd6e5422ec11,naturalqa,how are lacrimal secretions drain from the surface of the eyeball,1,Lacrimal gland
645debed-477b-4c4d-afa1-99757b60a809,naturalqa,what is civil peace by chinua achebe about,1,Civil Peace
d88fce1e-0c89-431a-a4c6-41469a39717c,naturalqa,when was the women's boat race first televised,2,Women's Boat Race
078e62ea-415d-47f3-914b-60372be5446f,naturalqa,who was the last pow released from vietnam,1,Robert R. Garwood
e249f844-db58-4ecf-879c-b1923a6e8122,naturalqa,when did the puerto rican day parade start,1,Puerto Rican Day Parade
23282223-c4ea-445c-b46d-950b1271cc2d,naturalqa,where do partial seizures originate in the brain,1,Focal seizure
f8098dbf-cd88-4258-947f-492b7421c35e,naturalqa,who was the guy that shot himself on tv,1,R. Budd Dwyer
16782900-3dd2-4aab-bbb4-88dbdc713ea8,naturalqa,who won tag team championship at wrestlemania 34,1,WrestleMania 34
bd131739-29b7-4fc0-87aa-1c16f6478a99,naturalqa,who is natalie on orange is the new black,2,Alysia Reiner
acc405f8-ada7-4a19-be47-f4785e32b341,naturalqa,an example of monocot showing secondary growth in stem is,1,Secondary growth
06b1b417-0635-4334-94bc-b7615613f919,naturalqa,when was landscape with the fall of icarus written,1,Landscape with the Fall of Icarus (poem)
54bdfe93-4c93-4a80-ab2b-7957de250591,naturalqa,when was dark they were and golden eyed published,1,"Dark They Were, and Golden-Eyed"
236feb5c-8a19-4977-945f-fbadd386fafd,naturalqa,hannah montana episode choosing between jake and jesse,1,Miley Stewart
ef464135-fd63-45a0-9c86-6bebaa6adec9,naturalqa,the early effect in a bjt is caused by,1,Early effect
b6a0f015-6660-4d44-a099-36e7e4871db6,naturalqa,when was harvest moon by neil young released,1,Harvest Moon (album)
1421881a-29e9-4dd3-a6d9-f1c505c2ef6a,naturalqa,when did the grateful dead stop using the wall of sound,2,Wall of Sound (Grateful Dead)
1ba42a06-b314-4357-be2b-fa0912f1c5f7,naturalqa,who said pain is what the patient says it is,1,Margo McCaffery
185374bd-8d0c-4695-a091-d817daf06590,naturalqa,when was the idea for putting war criminals on trial first developed,1,War crimes trial
13f9d330-f403-4e2d-b280-2ab6dd2b2ea7,naturalqa,who owns the aquarius casino in laughlin nv,2,Aquarius Casino Resort
0604b5e9-2a57-4fba-9c7b-7244e5f4af7f,naturalqa,how many sheep to make a bale of wool,1,Wool bale
0ca847ef-e318-4f95-8cad-219c9673df11,naturalqa,what is the meaning of nil battey sannata,2,Nil Battey Sannata
b0e02070-ee57-42b0-ba91-663e5058b77a,naturalqa,where is mesh placed in inguinal hernia repair,1,Inguinal hernia surgery
eff857c5-1b0c-413d-9c11-a9afd258e4c7,naturalqa,where did sarah alto come in x factor,1,Saara Aalto
f269053b-c1c1-4ba9-a2ef-3373907592fc,naturalqa,an important ottonian church was built at hildesheim under,1,Hildesheim Cathedral
80179463-d2ab-4a0a-a702-6a4c7fdce6ef,naturalqa,how many fred astaire dance studios are there,1,Fred Astaire Dance Studios
61604cfe-f428-4225-b69d-e3ee2055303d,naturalqa,what is the date of the nrl grand final,1,2018 NRL Grand Final
b9c659e2-c379-410e-9649-6313424a8141,naturalqa,what part of atlanta is gwinnett county in,1,"Gwinnett County, Georgia"
e4443635-8cb8-4202-9ef8-d8f375dab1c8,naturalqa,who played honey on wind at my back,1,Wind at My Back
6119578a-9d9b-4cf7-bc9a-24cef3ec6cb1,naturalqa,who did george harrison wrote the song something for,1,Something (Beatles song)
ff312569-6162-430b-b8a5-6bf4f990a2b6,naturalqa,who sang with you i'm born again,2,With You I'm Born Again
24cf50d9-8c94-47d0-b0b3-d0ce482fe405,naturalqa,what is surrey with the fringe on top,1,The Surrey with the Fringe on Top
6a9e78ff-5788-4706-8ada-f02358387c0d,naturalqa,who wrote the song the king is gone,1,The King Is Gone (So Are You)
ee0d5c02-10a6-4183-8ca1-2f2210492c4d,naturalqa,who sings the song i can dream about you,3,I Can Dream About You
45280bc7-ab54-432c-aee9-0f77200ab5b4,naturalqa,where was the movie the tall man filmed,1,The Tall Man (2012 film)
f5ba432d-f367-44ca-b887-8b3170c61469,naturalqa,where does the last name enriquez come from,1,Enríquez
1679f344-cc40-47f0-a2da-d3290cbe5904,naturalqa,what type of joint is the proximal tibiofibular,1,Superior tibiofibular joint
900bc6f8-11ca-443f-abcd-5c95e8b5d059,naturalqa,who sets the requirements within the intelligence cycle,1,Intelligence cycle
b573716c-81d6-43b3-9399-e9cf7a785cd7,naturalqa,where was the movie first kill filmed at,1,First Kill (2017 film)
b0f261c9-6cee-483e-ae9f-272bec287eea,naturalqa,who plays patty in malcolm in the middle,1,Melody Perkins
ef078fa0-83f0-43a0-9b0f-8060bddb7ba7,naturalqa,methods of post marketing surveillance in clinical research,1,Postmarketing surveillance
79ce9338-e850-42c8-90ae-cbeef6ee9698,naturalqa,when did albert einstein publish his first paper,2,List of scientific publications by Albert Einstein
d69248ed-9c28-4e52-83ab-a8d4e87c827a,naturalqa,where did the name mungo jerry come from,1,Mungo Jerry
9ccd2a52-1f17-4a1d-836f-8ac96367c592,naturalqa,when was the first episode of morse aired,1,Inspector Morse (TV series)
88abcbbf-7d56-4022-97b9-310ef0295b3c,naturalqa,who sings there's no place i'd rather be,1,There's No Place I'd Rather Be
29126e9c-2c5c-4832-8b8a-f7b5b2ecc3d3,naturalqa,who sang when i fall in love with you,1,When I Fall in Love
cf984069-2fdb-4c5d-87b2-3f3f0ffd981e,naturalqa,who directed the famous tv serial tandoori nights,1,Tandoori Nights
f0e306dd-c99e-4557-9c3a-5be80a6204bc,naturalqa,what is the song new years day about,1,New Year's Day (U2 song)
1b13e6cb-2bd5-4472-897c-40b4d6f397d2,naturalqa,where does the brazos river empty into the gulf of mexico,1,Brazos River
4b0c2564-b26c-439d-a0f3-af31cc3a15a9,naturalqa,what is the father name in swiss family robinson,2,The Swiss Family Robinson
95922924-d9bf-4ca0-aa4c-33b8b77261ff,naturalqa,who used to present one man and his dog,1,One Man and His Dog
9b067deb-0fde-49bd-b865-1ac0bbfceccf,naturalqa,which property is used ti identify the electric charge on the object,1,Electroscope
eefbbb46-6d89-4300-bb3d-dc5c046b4ba7,naturalqa,who votes for the winners of los premios juventud,1,Premios Juventud
6567f232-cc6c-4239-8040-2b63a2be5f42,naturalqa,what are the different cultures in new orleans,1,Culture of New Orleans
65ee4171-ae71-4179-846e-8f3dc9fbc8e3,naturalqa,what place in australia has the record for the wettest year,1,1950 Australian rainfall records
5a4dab51-416a-478b-ad80-d21cbacb0f8d,naturalqa,working edge of an alidate is known as,1,Alidade
c4d365ee-cb81-4c75-a4e1-9c490b598e4b,naturalqa,when did no mans sky come to xbox,1,No Man's Sky
21761f0b-8ca2-4d79-a3a0-d34e05e9557e,naturalqa,what does it mean to be in the catbird seat,1,Catbird seat
382d5ce3-f717-47d0-b8e9-023c12a7eb8b,naturalqa,where are the lifters located in an engine,1,Hydraulic tappet
06c86b2f-7878-4e6e-8b4b-a527267ecc08,naturalqa,when do millennials end and gen z start,1,Generation Z
429dee68-5c70-40c8-8071-d2bc76a4cd3b,naturalqa,when did the genre of installation art start to gain acceptance,1,Installation art
b59de824-c591-43f7-b2f4-a6fb0ca08678,naturalqa,who sang i won't take less than your love,1,I Won't Take Less Than Your Love
c36b2376-2d91-4d77-9510-52b3c8a866e0,naturalqa,when did nico and the niners come out,1,Nico and the Niners
cb39167d-41ae-4969-93fd-78a0cf36649a,naturalqa,what is the meaning of the name dayna,1,Dayna
1a27495b-a0e5-44a4-9abd-9f6f94f39118,naturalqa,when did the bride of chucky come out,1,Bride of Chucky
909cef3f-396d-4cde-b165-0e54780ca366,naturalqa,who plays melissa horton on days of our lives,1,Melissa Horton
c19226cf-10a9-4b3f-9638-e1260340f777,naturalqa,who won the 2007 little league world series,1,2007 Little League World Series
0a0a947c-8a31-439f-ba99-914d5b0f3eb0,naturalqa,where is the ogden hotel in las vegas,1,The Ogden
0bc543e4-7dac-424a-badc-e0659139f449,naturalqa,which is the highest glacier in the world,1,Khumbu Glacier
bc8cc8b3-f034-4311-9302-beb7d52c2fe7,naturalqa,who sings the song lay it all on me now,1,Lay It on Me (Vance Joy song)
5801228d-fa0c-49b1-a759-e8fe373f7ebb,naturalqa,who wrote beat it on down the line,1,Beat It On Down the Line
672e8fa2-192b-467f-81e8-010fdbc49b9e,naturalqa,what kind of plane does the secretary of state fly on,1,Boeing C-32
b2f3cd6f-c68c-496c-8c6f-f13ec6c7e245,naturalqa,when does the north american butterfly association count butterflies in the u. s. each year,1,Butterfly count
bf80ff20-1094-47ee-90c7-82dbd7db83c4,naturalqa,where are the four corners of the united states,1,Four Corners
bc63e3b0-d283-400d-b336-badcd97f5349,naturalqa,who developed his approach to personality based on the reticular activation system,1,Gray's biopsychological theory of personality
017bc2a1-4f23-40df-9048-7772bbe0d029,naturalqa,where is the us embassy located in italy,1,"Embassy of the United States, Rome"
98a05270-b135-48f6-830c-c8ce856e2aee,naturalqa,when was the last time the kitchener rangers won the memorial cup,1,Kitchener Rangers
ea9fbdaa-f7d2-44e1-bf75-78364fa87c4e,naturalqa,who sang you're the one that i want with arthur mullard,1,Arthur Mullard
e64be23f-8f5b-48c0-becc-a8837c4ba0e4,naturalqa,before the spanish took over who owned the land that is now mexico,2,History of Mexico City
0e8c312f-da89-43ed-87b9-eafea98e8801,naturalqa,who plays liam in season 1 of black mirror,2,The Entire History of You
510a7b19-62dd-41e0-851e-dd0947e7094c,naturalqa,most road maps are what kind of map,1,Road map
07ebc904-8749-4b59-ad45-2f8391b645e2,naturalqa,when did salt lake city became the capital of utah,1,History of Salt Lake City
d0bdeb29-0551-436d-8513-9e1df43e6e9c,naturalqa,who wrote tonight the heartache's on me,1,Tonight the Heartache's on Me
15d234b8-aa88-4f69-acd0-aa235eb34869,naturalqa,who was the first african american woman elected to congress,1,Shirley Chisholm
2da9aaa6-9ad8-4812-8b16-04668460b3ee,naturalqa,when did ireland change from miles to kilometers,1,Metrication in Ireland
fecdaae0-0841-4012-bd1b-e66dafa84ede,naturalqa,when did cup o noodles change to cup noodles,1,Cup Noodles
1ba1c521-7501-49d6-807b-0fed84277a16,naturalqa,who designed and sent the first christmas card,1,Christmas card
c92f1856-61d1-4041-902f-b2bcb08b1f6a,naturalqa,who played old geena davis in a league of their own,1,Lynn Cartwright
c0ed32dd-aeeb-42be-b405-4cc50f1eb808,naturalqa,where was indian independence league formed in 1942,1,Indian Independence League
03db4ea8-693a-4d77-897c-d5568682f49d,naturalqa,who sang just to be close to you,1,Just to Be Close to You
a55d1002-0058-44df-a7ad-f32a9f28fc8c,naturalqa,who won the 2017 qatar motogp grand prix,1,2017 Qatar motorcycle Grand Prix
7bd486ca-8cde-4286-bb40-c504e9f6f70d,naturalqa,who sang the song you are my starship,1,You Are My Starship
a1a0606d-6bf1-41f3-881b-34659cbbd557,naturalqa,when was the first honda car sold in america,1,Honda N360
40491eff-63b2-4a0d-98bf-1267983a6e5f,naturalqa,what type of relationship is represented by the scatter plot,1,Scatter plot
799a2ae7-984e-4dac-a314-31cc40037d6b,naturalqa,where does the leader of the opposition live,1,Stornoway (residence)
e8a43b10-a713-490a-b333-72c3fe1870bb,naturalqa,who sang the original version of rockin robin,2,Rockin' Robin (song)
dd35c7ee-7d64-44f2-a076-000bae6b86e8,naturalqa,where was the movie woody wood pecker filmed,1,Woody Woodpecker (2017 film)
92052108-89c6-433a-b5de-e1bbf1eb82e2,naturalqa,who sings lips of an angel country version,2,Lips of an Angel
a85f5b8e-48e4-4a90-9a28-760efab61959,naturalqa,when was the last time wales won the rugby world cup sevens,2,Wales national rugby sevens team
a2f28501-225a-492f-9d31-a629e338e9f3,naturalqa,who plays andy's dad in the office,1,Garden Party (The Office)
51b72cdd-ea8d-4e05-9008-f2fad63f43c4,naturalqa,who sang she's acting single i'm drinkin doubles,1,She's Actin' Single (I'm Drinkin' Doubles)
047ac0cf-32cd-49a0-ab9b-82bc8f1ad06c,naturalqa,who is the girl in the video i don't want this night to end,2,I Don't Want This Night to End
34704125-69ab-4970-a315-1bc005859f18,naturalqa,who set up fort defiance and then later named it glenwood springs,1,"Glenwood Springs, Colorado"
0b3ee7f9-5168-4bc6-9285-270b9405372b,naturalqa,when did the samsung galaxy core prime come out,1,Samsung Galaxy Core Prime
794160ae-42f4-4334-8b32-869092183212,naturalqa,what is the most common crime committed in australia,1,Crime in Australia
8516c3ee-b2fb-420e-9c29-098aef8bd067,naturalqa,who is the minister of agriculture in south africa,1,Senzeni Zokwana
faec59f5-09fe-4894-b885-01533b181edd,naturalqa,the office season 6 episode 1 guest stars,1,Gossip (The Office)
b102756f-44a6-483b-b8a7-3a8d62daa475,naturalqa,number of cities and towns in rhode island,1,List of municipalities in Rhode Island
ca3fd5e8-6290-48cb-83ba-486dcc1c5f39,naturalqa,who wrote the song a world without love,2,A World Without Love
0ad365fc-015b-4798-9203-699d0bda1be2,naturalqa,what is the route number of the lincoln highway,1,Lincoln Highway
62975763-d6b7-4b25-863b-587659160d3e,naturalqa,when was the bible first translated into french,1,Bible translations into French
7cb82a0b-0dba-43a1-a2a9-5dcfe4946e51,naturalqa,who sang i've got you under my skin first,1,I've Got You Under My Skin
17392fe3-674c-4d82-8517-f0ce5e4ed18e,naturalqa,when is the major league baseball home run hitting contest,1,2017 Major League Baseball Home Run Derby
0274dd0c-15bc-4753-89d8-250c96d82faa,naturalqa,who was named india crickter of the century by wisden,1,B. S. Chandrasekhar
b0d17d78-c228-4630-9180-8dcf818282f8,naturalqa,who signed an alliance between germany and italy,1,Pact of Steel
c911fd20-2c2e-4d9f-b3c6-19f67b69a363,naturalqa,where is mall of asia located in the philippines,1,SM Mall of Asia
e3c62cba-d019-44b9-9d38-9fd31f2f4273,naturalqa,who sings the song there is no arizona,1,There Is No Arizona
e5e36a20-6cfb-4b6d-affe-c3c567407daa,naturalqa,this nb town has a giant axe statue,1,World's largest axe
a5fa1b0d-1f46-444e-8bc0-4e1ab291ca17,naturalqa,who was the treasurer of the united states in 1950,1,Treasurer of the United States
c3a34224-038a-401f-8f3e-e98af0724b3a,naturalqa,where was the movie come and find me filmed,1,Come and Find Me
9611689c-44b3-462d-bd42-b81661526e28,naturalqa,who fired the first shot at bunker hill,1,John Simpson (soldier)
20abbe8e-2632-498c-85c2-02dba07e4b47,naturalqa,who says by the pricking of my thumbs,1,By the Pricking of My Thumbs
9843e02d-3d1b-4160-b1f1-f32b342b90f1,naturalqa,where does the last name stephenson originate from,1,Stephenson
cd2edbc9-1877-4028-bd4c-c42c8e050a42,naturalqa,the gestalt principle of proximity refers to the idea that,1,Principles of grouping
3c68d65b-f8ef-4086-b6c3-d366c27860c3,naturalqa,what happened to darrell from ice road truckers,1,Darrell Ward
deacf98e-1883-434f-a593-3c66d593fab6,naturalqa,what movie is the song all star from,2,All Star (song)
0c4feda4-e1fa-4f5b-a4aa-f707fbe895ec,naturalqa,where is dr k exotic animal er located,1,Dr. K's Exotic Animal ER
c4e0d393-699b-48d8-859b-df22d460b063,naturalqa,when were electric christmas tree lights first used,1,Christmas lights
76b2c533-f16f-4d61-bb5f-a18abb580997,naturalqa,when was lagos annexed by the colonial masters,1,Lagos Colony
e7937e3d-d8a6-4565-9fb5-7be6cf8e960e,naturalqa,who sang hey girl don't bother me,1,Hey Girl Don't Bother Me
62cc3dc2-8764-4dd2-b4cd-bee6c17359f7,naturalqa,who killed henry in the time traveler's wife,1,The Time Traveler's Wife
00bfd1eb-be2d-452a-bfff-7366b34221e1,naturalqa,who sang you gotta show me love,2,Show Me Love (Robyn song)
11514e16-910a-4fab-ae77-73eab1766f18,naturalqa,twilight zone stopover in a quiet town cast,1,Stopover in a Quiet Town
64b2d66c-9651-4d3f-8a4a-b18a9df3dcba,naturalqa,where did the battle of lake george take place,1,Battle of Lake George
170c4c63-2174-4248-8e19-4ec56a0715fd,naturalqa,how many new zealand athletes in winter olympics,1,New Zealand at the 2018 Winter Olympics
b95344cb-8ca0-42ca-aa6c-9e1573d5fbdf,naturalqa,where was the first monday night raw held,1,WWE Raw
753a8701-a8a7-48a3-993d-395bfa1fbe34,naturalqa,what is the plain of jars in laos,1,Plain of Jars
5b5f2f5c-1292-4035-8645-cf81f02d8150,naturalqa,who did jordi vilasuso play on guiding light,1,Jordi Vilasuso
54cbdfa5-7302-49af-97a7-7b6538a74430,naturalqa,the biggest centre of iron and steel industry in china is,1,Steel industry in China
46ee2566-37f9-4404-adb3-0a01efd43103,naturalqa,what was the first episode of the waltons called,1,List of The Waltons episodes
67051769-4c69-4b89-8516-383210245bd1,naturalqa,who plays devon butler in cop and a half,3,Cop and a Half
3e1685fb-ce1f-47b1-8f3e-c1a2c9e086aa,naturalqa,who sang this time i'm in it for love,1,This Time I'm in It for Love
70c4f190-f0c1-4425-af04-58a6f073f160,naturalqa,what is the name of the oldest business in rockhampton,1,The Morning Bulletin
1e6aec14-900d-4c75-8574-6b0d0d29e7df,naturalqa,when were the stocks last used in england,1,Stocks
e32ed1f8-b36d-478c-83c0-aa6a02d3a18f,naturalqa,when is 200 rupees note introduced in india,1,Indian 200-rupee note
d25fcaf6-217b-480a-a601-362313167bcf,naturalqa,tin bhiga lease by india to bangladesh was a part of,1,Tin Bigha Corridor
aad3d64d-b57d-49b5-9a30-4d9b0a0d22f7,naturalqa,who plays clay's son on one tree hill,1,Pierce Gagnon
783c5d78-b9ef-4dac-9295-9cce073afc7d,naturalqa,where did they film all the pretty horses,1,All the Pretty Horses (film)
b6d01f7e-0ca4-41a1-be1d-befc70dc6e5f,naturalqa,who is the president of the university of virginia,1,Teresa A. Sullivan
c06ab122-9696-4ed4-84a3-9c4c15c45c7d,naturalqa,who drove the mellow yellow car in nascar,1,Mello Yello
aeeb6822-1f85-4db7-b16a-656881d29ff8,naturalqa,when do the salmon run in lake tahoe,1,Taylor Creek (Lake Tahoe)
036f61e2-674d-4876-ad35-c8ba66b56e37,naturalqa,who sings this ain't no thinkin thing,2,(This Ain't) No Thinkin' Thing
c71fc536-60f0-4cd9-a779-190620af5e6f,naturalqa,who did lucy jo hudson play in hollyoaks,2,Lucy-Jo Hudson
c4b824c6-663c-46a5-8ebe-e210053bc938,naturalqa,the two major lineages that make up the living amniota are,2,Amniote
82e0a7f5-ac55-45da-a243-2aaada52a722,naturalqa,who does the voice of zoom on the flash,1,Hunter Zolomon
321dfd9a-3c23-48bf-8983-09a829dfed7c,naturalqa,who were the artists who made the first cajun record,1,History of Cajun music
920662be-42c4-4aa6-941f-ec1ae6e1456f,naturalqa,where did the name cedar rapids come from,1,"Cedar Rapids, Iowa"
f3a21441-2df4-4ee7-9293-b743dc95291e,naturalqa,who was the congress president when india became free,1,J. B. Kripalani
3bd5e0e8-161d-421e-8e05-0a16e122541d,naturalqa,release date of kya kool hai hum 3,1,Kyaa Kool Hain Hum 3
04f6e5fd-529a-4348-b8a7-edbd0d5fb902,naturalqa,when is freestyle skiing in the 2018 olympics,1,Freestyle skiing at the 2018 Winter Olympics
6e9ee141-ef58-4323-a079-648253b79e3d,naturalqa,british show about the end of the world,2,"You, Me and the Apocalypse"
aff87c09-7841-48c7-b2a6-fcb26e14bc77,naturalqa,where does the lily of the valley grow,1,Lily of the valley
db5006a9-12e9-422d-9ced-b1b9a4d18f1d,naturalqa,when did myrtle beach air force base close,1,Myrtle Beach Air Force Base
6273b7b7-6a81-42c4-96a3-dce2f38400ed,naturalqa,where do the blood vessels in the mesenteries lead,1,Mesenteric arteries
62d23b37-525e-4f6c-a89b-4e59276a5034,naturalqa,who wrote i'd rather drink muddy water,2,Jimmie Gordon
0f3e7440-c6f9-4941-9da5-9d4dc8a7c1e0,naturalqa,how does california economy rank in the world,1,Economy of California
182ace3f-a5cb-4c45-8a16-dd43a38fc0da,naturalqa,what movie has the song upside down in it,1,Upside Down (Jack Johnson song)
29d33eff-6a12-4272-97b5-d8079cafc4aa,naturalqa,when is national i c e cream day,1,National Ice Cream Month
9d2965f6-6582-4cf2-98b5-b2c9880e8be1,naturalqa,who plays marlins wife on the show marlon,1,Marlon (TV series)
6276d0e5-e0c7-4ce7-b710-24fc2610c0dd,naturalqa,who wrote i've got to be me,1,I've Gotta Be Me
76cd18b5-018f-45f8-852b-5bdc047f1c73,naturalqa,what does the prefix tre mean in cornwall,1,"Tre, Pol and Pen"
fc03e71a-9d6f-4fa7-a5ff-b1fdf5257eaa,naturalqa,when was islamic banking system introduced in pakistan,1,Islamic economics in Pakistan
25585196-92c3-4dc0-a2ec-8e1b6dad7a5f,naturalqa,the movement of an aircraft about its normal axis is called,1,Aircraft principal axes
aafc655b-d4c7-4f02-ab12-c250d61b6f0a,naturalqa,least amount of pitches thrown in mlb game,1,Red Barrett
4a018e22-f15e-45c8-9482-a2eb1f20199e,naturalqa,what is the origin of the name rhoda,1,Rhoda (name)
091f53db-c331-4001-8bf4-2b07fb16b997,naturalqa,what mountain range runs along the borders of italy france and switzerland,1,Italy–Switzerland border
1ebe77db-976d-4ffc-80bf-1c10793c4132,naturalqa,what are the main components of a crm system,1,Customer relationship management
4754d6c4-1d55-4891-a896-caa16bb6356c,naturalqa,what states plan created the house of representatives,1,History of the United States House of Representatives
97cafe71-d604-48af-8930-f88521c996cb,naturalqa,who sings its not easy to be me,1,Superman (It's Not Easy)
6460f6ec-b546-458b-9ef3-7321f25a39db,naturalqa,who wrote i drove all night roy orbison,1,I Drove All Night
6a815abc-53d8-41f3-a459-3a1be2239c31,naturalqa,once upon a time song from what musical,1,Once Upon a Time (Charles Strouse and Lee Adams song)
19ca9451-39f1-41ff-b25a-07f814ddf1bf,naturalqa,where does drag me to hell take place,1,Drag Me to Hell
755d8baa-2c5c-46ad-b415-c4d23330cba1,naturalqa,who wrote she used to love me alot,1,She Used to Love Me a Lot
d339e101-d3d2-49a5-a51b-677d1e225efe,naturalqa,when was the code of criminal procedure introduced in india,1,Code of Criminal Procedure (India)
181ac99c-a2e7-4231-b24c-711ecbad0baf,naturalqa,when was the first nuclear power plant built in canada,1,Nuclear power in Canada
ad83c5a4-ba3f-4f42-aabb-00f17e71766d,naturalqa,which type of algae do carrageenans come from,1,Carrageenan
46347810-058b-491f-8f9c-caa1e3687a23,naturalqa,where does the baby on board sign go,1,Baby on board
2e5bfe9e-c14b-4b56-8c92-2fb937cc3a73,naturalqa,where was the clock tower in back to the future filmed,1,Hill Valley (Back to the Future)
53b6f34e-7b9e-4c3b-8b07-1c30cbf930a3,naturalqa,who voices friday in captain america civil war,1,Kerry Condon
eb540a6d-57e7-4190-806a-f74af6ff84f4,naturalqa,who sings if i could kiss you tonight,2,Kiss You Tonight
b4f44536-120e-4cdf-ac4f-ece440000de7,naturalqa,what is the gold by manchester orchestra about,1,The Gold
760bad97-0f3e-4b7d-98d1-660aeb2bd95c,naturalqa,who proposed the modern synthetic theory of evolution,1,Modern synthesis (20th century)
95b6b48d-5473-4b38-8ac0-f2cc1d9f756b,naturalqa,what is the population of desmet south dakota,1,"De Smet, South Dakota"
6be38553-6c97-40fe-aa0d-576006bbf2b4,naturalqa,what city does home improvement take place in,1,Home Improvement (TV series)
fac6734f-9fb7-4246-9891-12831ad32a3b,naturalqa,when was beverly cleary's first book published,2,Beverly Cleary
885c0289-9396-4441-ad0a-d1a98211a415,naturalqa,who played the role of 'chandrakanta' in the serial 'chandrakanta',1,Chandrakanta (2017 TV series)
88060b84-7005-4a3f-80d1-9d66df3959eb,naturalqa,how much money does paris make from tourism,1,Tourism in Paris
37df3142-b68f-4a99-85c0-5a5e3738beda,naturalqa,what is the mascot of oregon state university,3,Benny Beaver
25d3993f-e8d7-48ed-a4d6-525b792b2378,naturalqa,the tribute money depicts a scene from the,3,The Tribute Money (Masaccio)
8ddf2a62-fb39-4e30-ba40-44f5b770bb2d,naturalqa,when did sophia the robot get her citizenship,1,Sophia (robot)
9d05ea93-a1c6-4184-a6bf-fb9b95286dfd,naturalqa,who is the founder of the mexican mafia,2,Mexican Mafia
5b2c0297-cd92-449a-b8e3-1838198d755c,naturalqa,mf global's huge losses in 2011 were a result of,1,MF Global
31ba694c-7a66-4a38-a657-8c646f20ff27,naturalqa,where is the super cup being played 2017,1,2017 UEFA Super Cup
f07cfa2f-424d-45a5-ad59-b4277ce65c13,naturalqa,what was on the bottom of the barrel in breaking bad,1,Fifty-One
c4755b8b-e46d-447c-a4f5-da7b965a977b,naturalqa,1701 act of settlement heirs to the throne,2,Act of Settlement 1701
7ad77101-1873-4a4d-8125-c27e736d2757,naturalqa,who wrote the song fishing in the dark,1,Fishin' in the Dark
2d4f2de3-efc0-44ec-b6a4-03627e3e4075,naturalqa,who plays mike ehrmantraut on better call saul,1,Jonathan Banks
4543d9d5-53fb-4739-ac26-9cff389a0ca3,naturalqa,little big shots australia channel 7 air date,1,Little Big Shots (Australian TV series)
2b0acaa0-72cb-43cb-8095-4029d605e963,naturalqa,who won the most medals in the 1960 winter olympics,2,List of 1960 Winter Olympics medal winners
43c19a3d-bc52-44b1-9df1-6a0d896a2037,naturalqa,where is the great british sewing bee filmed,2,The Great British Sewing Bee
d12887cf-49f8-481a-889a-a0fef071642b,naturalqa,who scored the most goals against man utd,1,Manchester United F.C. league record by opponent
fca94411-d3ae-4b3b-b776-b3a13224aef8,naturalqa,when was the current department for education formed,1,Department for Education
56fd9866-0d01-4b33-8c0f-04f76eef66fa,naturalqa,who said if you find yourself in a hole stop digging,1,Law of holes
ab502c5e-f165-4763-9ca1-a78b458c91b8,naturalqa,what is the airport in cabo san lucas,1,Cabo San Lucas International Airport
358ebe49-0a52-4f13-9960-e20a84c32559,naturalqa,who sings with michael buble on quando quando quando,1,Quando quando quando
98790bb3-2888-45c8-a850-4f7c2aeff91c,naturalqa,who is the actor who plays liam in benidorm,1,Adam Gillen
1a832336-294b-4058-a442-6d190b7e5e15,naturalqa,who wrote just you and me by chicago,1,Just You 'n' Me
2efbfc03-2920-420f-89d8-626c39d9e000,naturalqa,where did the phillips screwdriver get its name,1,Henry F. Phillips
1d224ec2-8345-42ac-9109-0728b7f638b2,naturalqa,where does the elder scrolls online take place,3,The Elder Scrolls Online
d96876d6-ec2f-456e-a319-af2b6cd8cfa0,naturalqa,who does the coal mining safety & health act apply to,1,Mine Safety and Health Administration
d82b8870-816d-4678-9b06-fe8c964a665e,naturalqa,who is trying to kill bea in wentworth,1,Bea Smith (Wentworth)
8c4f70b0-cd3b-4fb5-a940-ed85f1f7e6d5,naturalqa,how do you write the date in japan,1,Date and time notation in Japan
8997d0e6-875c-464e-934d-864907c5cf7f,naturalqa,where are rod cells located in the retina,1,Rod cell
12931c07-9d1b-4777-adc7-53f6b0d0466b,naturalqa,how many medals did new zealand win at the 2014 commonwealth games,1,New Zealand at the 2014 Commonwealth Games
d9701a49-824d-42a1-8aa6-30539af63f72,naturalqa,who is the first vice chancellor of sikkim university,1,Sikkim University
ccc0db95-eb56-4a89-8911-4488f12ff058,naturalqa,what style of electronic dance music developed in chicago,1,Electronic dance music
fa661909-7319-4dee-8038-fdc8a1848069,naturalqa,where was the deep end of the ocean filmed,1,The Deep End of the Ocean (film)
544825c3-82f8-4930-89ae-35d309f40e9b,naturalqa,who did holly matthews play in waterloo rd,1,Holly Matthews
91d77555-a3b3-4820-9ae0-33f6e1d73772,naturalqa,who did villanova lose to in the 2017 tournament,1,2016–17 Villanova Wildcats men's basketball team
fbeec6c9-4c82-4ebf-9091-019c0c22ccd4,naturalqa,who is the lead singer of the flying pickets,1,Brian Hibbard
77f485e6-e0a6-4463-9324-c2d9d87c9993,naturalqa,when was the first £50 note issued,1,Bank of England £50 note
5c26d431-a718-4c8b-be4e-dc4b29d65b3b,naturalqa,rem sleep is also called paradoxical sleep because,1,Rapid eye movement sleep
465459a5-11f6-4bfa-bb66-2447343b261d,naturalqa,who has the most gold medals in gymnastics,1,List of Olympic medal leaders in women's gymnastics
bce97780-5d32-4c45-a8c7-0372e1cc070c,naturalqa,where was irving berlin when he wrote white christmas,1,White Christmas (song)
653f4bc5-17ef-42af-96c1-ca671f0e06b7,naturalqa,who is mr clarke in the looming tower,1,The Looming Tower
22e27b13-75a5-4ee1-a3ff-904d66e4934c,naturalqa,where was the music video what if filmed,1,What Ifs
8be81d46-fb97-4f62-ba34-85f5bce86fac,naturalqa,who played miss yvonne on pee wee's playhouse,1,Lynne Marie Stewart
0c35ec6c-25eb-4944-b47b-514c28db7a56,naturalqa,who played piano on oh you pretty things,5,Oh! You Pretty Things
b64bd6bf-d850-48da-a973-6e998ca0c3ce,naturalqa,at the apex of cahokia the population stood at,1,Cahokia
9e922efc-38fc-4ae8-8b31-2b6fc5db68f2,naturalqa,who wrote love's gonna make it alright,1,Love's Gonna Make It Alright
4a1858ae-87db-4977-8fe4-cf0189aed6a8,naturalqa,who does the album art for circa survive,1,Esao Andrews
02ac05e3-74bb-4949-a1f4-7733e2d88919,naturalqa,where did dr cox go to medical school,1,Perry Cox
1eba9d35-b96b-41b7-b0e3-94f33b97d7c9,naturalqa,where was the movie charlie st. cloud filmed,2,Charlie St. Cloud
574bb8e8-4588-41fb-b02d-ffde03bcf92e,naturalqa,who sang the song let's groove tonight,1,Let's Groove
26fcedd6-5aaf-4c99-8e77-c78fdbc3a70e,naturalqa,who played the first kryten in red dwarf,1,Kryten
77253f38-10a3-4c8b-a660-fc4cb5ac19d3,naturalqa,when did american chopper go off the air,1,American Chopper
0eeb9ef7-b04a-42bc-88fd-0a2ecc0f5062,naturalqa,in which part of the u.s. is the majority of state boundaries based upon natural features,1,List of river borders of U.S. states
39fb928e-6ca4-412f-9afb-01262040c39b,naturalqa,where does medea go at the end of the play,1,Medea (play)
40987ad3-0e62-47f7-a29f-b01dd02c4c44,naturalqa,where does the charlie in charliecard come from,1,CharlieCard
42ff5554-8521-4e16-a8df-d5b45bb4d6fb,naturalqa,who sang there ain't nobody here but us chickens,1,Ain't Nobody Here but Us Chickens
fe2cc50c-5f61-4d32-a1cf-4c5cdc1d212f,naturalqa,when did david luiz go back to chelsea,1,David Luiz
ff3c6558-dbd8-4a65-a8aa-72481fd14764,naturalqa,who owns the digital pay tv service called startimes,1,StarTimes
95a4e84f-87b8-4d81-bffd-1e5a6a957875,naturalqa,who was the first public protector in south africa,1,Public Protector
a12e72a1-9431-4f50-b3dd-fa5c89224531,naturalqa,who owns the hollywood casino in columbus ohio,2,Hollywood Casino Columbus
85b8fe3f-fa08-46e0-8fff-7dd548c77e07,naturalqa,who sang love won't let me wait,1,Love Won't Let Me Wait
42be1c0e-c308-4ba4-bde8-f6ead8815a32,naturalqa,the term magnificent seven is another name for,1,Magnificent Seven (gymnastics)
b0461517-8efb-45fe-ab6a-8adee0c1386e,naturalqa,when did ron banks of the dramatics die,1,The Dramatics
4e9cdbef-4628-4820-934b-b5c8dd0afa58,naturalqa,movies with the word orange in the title,2,A Clockwork Orange (film)
23fd2b38-3033-4acc-80d1-5b4bd4b74c01,naturalqa,who sings the theme song to grizzly adams,1,Thom Pace
90ea94df-0c30-4ef9-84fa-e1a8fe9df4f5,naturalqa,when did power rangers jungle fury come out,1,Power Rangers Jungle Fury
e8296b60-aa17-4c2a-b537-2d68d857352c,naturalqa,how far is pollock la from alexandria la,1,"Pollock, Louisiana"
ff24dca7-5870-4571-939b-84d750a2d283,naturalqa,who sings bj and the bear theme song,1,B. J. and the Bear
2d8453a7-f4f8-4b60-9d41-72659f32d3ab,naturalqa,when is the advance auto parts clash at daytona,1,2018 Advance Auto Parts Clash
f24cd531-9ad0-4078-89ed-f9a2714630f3,naturalqa,who played simon on as the world turns,1,Paul Leyden
34c869c6-e2dd-4a3f-bfa7-74b9a9145228,naturalqa,who plays animal mother in full metal jacket,1,Adam Baldwin
7affc6ae-c3e8-48a8-a39e-f486b5baecf9,naturalqa,why was the deed of cession important to fijis history,1,Fiji during the time of Cakobau
9bbedb6d-8f1f-44f0-aa17-b77666969ed9,naturalqa,who plays uncle josh in girl meets world,1,Uriah Shelton
4f1b4b17-a8b2-4ea0-aeab-207b9e8c22bc,naturalqa,cocoon man book strange things about the johnsons,1,The Strange Thing About the Johnsons
6672ef4c-8edf-4037-92e8-2e28cf5a24b8,naturalqa,where did the dakota tribe live in minnesota,1,Dakota people
1f2e9113-e95e-4e92-835d-9ac21a2db146,naturalqa,who is the first to flee in the battle of maldon and why did he flee,1,The Battle of Maldon
cb00f288-35b3-46dc-aa7e-099df07066b4,naturalqa,who won the world baseball classic this year,1,2017 World Baseball Classic
34a6287a-fce1-40f2-9c6f-cbe5a8a0d5e6,naturalqa,when did the first syrian refugees come to canada,1,Syrian Canadians
7eb1c795-0789-484f-9133-f7bc49a4d250,naturalqa,which major u.s. company was attacked by the wannacry randsomware,1,WannaCry ransomware attack
bd105df3-cd8f-48ca-86dd-39108e01d76a,naturalqa,where was the world record lake trout caught,1,Lake trout
111a73f8-8510-4d9c-90e0-76b12e3b00e5,naturalqa,what does the word redemption mean in the bible,1,Redemption (theology)
9e1c9353-0ec7-4f8b-b97a-36302c7062c2,naturalqa,who wrote as the deer panteth for the water,1,As the Deer
f4d3ee51-76ac-43d6-ad7c-75d05b08b4a9,naturalqa,what is the song brown eyed girl about,1,Brown Eyed Girl
7f64ab8c-8de6-4897-bceb-7d743e7fae52,naturalqa,who wrote the song ps i love you,1,P.S. I Love You (1934 song)
19782307-c8a7-4c17-acf7-54bb9588aa35,naturalqa,where does the term here here come from,1,"Hear, hear"
13674963-999e-4437-8981-cfc76069fccd,naturalqa,what is a landed immigrant status in canada,1,Permanent residency in Canada
cd4dced4-48dd-49f2-8458-c3d6e9643308,naturalqa,when did six flags new orleans shut down,1,Six Flags New Orleans
6d74c873-2ec0-43ba-a22b-81ff70793a78,naturalqa,what episode of supernatural does crowley first appear in,1,Crowley (Supernatural)
e28d1936-c85f-4854-8310-c62c7ce2086b,naturalqa,who voiced chip skylark on fairly odd parents,1,Chris Kirkpatrick
238a1de1-90d6-4b74-a292-fdd5a71fdc19,naturalqa,where did super dave osborne get his start,1,Super Dave Osborne
8b4df7c5-64d8-434a-afef-bc6426a2b4d5,naturalqa,who sings the song step into my world,2,Step into My World
ebab7a6e-f95d-4bee-803a-e5db33944269,naturalqa,who sings save it for a rainy day,1,Save It for a Rainy Day (Stephen Bishop song)
b0849097-f899-4f9c-98f0-1dea57b03e89,naturalqa,where did the concept of human rights come from,1,History of human rights
f6cc097e-9a0f-416f-a2b9-efbd82be1b67,naturalqa,the princess bride i am inigo montoya quote,1,Inigo Montoya
75f1c6eb-fd68-4001-a0c9-0ed33fb1d3b9,naturalqa,currently how many schools make up the tiger schulmann's organization,1,Tiger Schulmann
af631df5-5d2f-41f3-93e7-5d67f1216123,naturalqa,the inventor of the popular roll-film camera was,1,Roll film
548f1397-7ad0-4308-b505-a3b25f1a6e9f,naturalqa,who came third in the 2018 grand national,1,2018 Grand National
1c07769d-2a46-49e1-b48c-022dfc42a2e3,naturalqa,what is the most famous sport in russia,1,Sport in Russia
37bac8cd-6f93-48f3-8b30-0a31b7f23a35,naturalqa,who won the 2016-17 hsbc world rugby 7s series,1,2016–17 World Rugby Sevens Series
6fa5be57-a11f-488b-97ce-3e3ad77d621c,naturalqa,who played rachel lynde in anne of green gables,1,Patricia Hamilton
3fd6e2da-fea0-4ac0-97cb-bad7b39ed3d2,naturalqa,who wrote i've done everything for you,1,I've Done Everything for You
5ebece50-fb77-44ae-a1a6-4b9ae2740a6a,naturalqa,who sang the song i want you to stay,1,I Want You to Stay
26232115-b5c1-45df-a86d-9fdd5bb57d50,naturalqa,escape from germany in a hot air balloon,1,Night Crossing
6e7370cf-1f21-489f-b7a5-77df4fe74bca,naturalqa,a pioneer in the field of eye witness research,1,Eyewitness testimony
fd6387ff-eef2-415d-9059-d46426a03f1b,naturalqa,who won the woman's single title in the world badminton championship in glasgow,1,2017 BWF World Championships – Women's singles
17939667-c963-4acf-ac97-7d169352e9b2,naturalqa,who was the first person to ever dab,1,Dab (dance)
d5df677f-dfea-4d3e-a85c-518768557e58,naturalqa,who sang the song what might have been,1,What Might Have Been
a2b169cb-f958-44e2-9461-fdbef14cc38a,naturalqa,who sings she's just a small town girl,1,Small Town Girl (song)
04223c64-438d-4114-8798-c85594c479b9,naturalqa,where was the movie nim's island filmed,1,Nim's Island
379a5841-b85a-4e4d-83f1-cc4ebebc8bcc,naturalqa,when did in real life become a band,1,In Real Life (band)
980e7abc-a526-4d7f-a584-9a81a92f775b,naturalqa,who owns eddie v's in la jolla,1,Eddie V's Prime Seafood
e1075f50-c1b4-4d4b-8be2-3c896ba0d280,naturalqa,who was the founder of two nation theory,1,Two-nation theory
5c41c27e-05fe-44ec-9527-123e1e6f681a,naturalqa,how much percent of energy is produced in india by using coal,1,Energy in India
b17514dd-4f23-42df-9144-e17a9bc71a64,naturalqa,green red and yellow flag with star in the middle,1,Flag of Cameroon
8dde1848-869c-40eb-9fdc-4e1913118217,naturalqa,who sings for eric in happy feet two,1,Happy Feet Two
fff7cdd5-0db0-4988-ba9d-ef63bb69037c,naturalqa,who does lennie choose in the sky is everywhere,1,The Sky Is Everywhere
124b1e1e-96cb-45ef-93ba-e17bb7c9beb7,naturalqa,when did the song girl fight come out,1,Girlfight (song)
d62655fa-6482-4bae-b99e-0b116bfe4777,naturalqa,the national institutes of health is a federal agency that is responsible for,1,National Institutes of Health
988a0304-dc62-46a7-a8b1-6adde656afcf,naturalqa,who played eugene tooms in the x files,2,Tooms
70b8860d-1adb-4f85-8de6-55d5728e0dbf,naturalqa,when did i didn't do it start,1,I Didn't Do It (TV series)
4ee2399a-1046-40e4-99ed-33257db98a3f,naturalqa,who said a place for everything and everything in its place,1,Charles A. Goodrich
85aa96e2-de38-4962-8c46-c90959f0c7b0,naturalqa,who won the title of femina miss india 2017,1,Femina Miss India 2017
485c5175-a817-4f9f-a2fc-34f3c078356b,naturalqa,who was the last woman to be hanged in ireland,1,Capital punishment in Ireland
e8fb65da-96e8-435e-b168-1f70626b2762,naturalqa,where was the headquarters for the continental army,1,Departments of the Continental Army
ebf5484d-e96f-4025-9df5-dabc59ebe3d1,naturalqa,when does the under 20s rugby world cup start,1,2018 World Rugby Under 20 Championship
64a61f54-85e2-401b-801b-310d6f855a91,naturalqa,how long do finch eggs take to hatch,1,House finch
0c4a8fa5-227a-46ce-ad29-fe56fedfeabc,naturalqa,who was the first leader of the universities mission to central africa,1,Universities' Mission to Central Africa
230ec1d1-d73a-4c2b-bf85-ebb3e22caf2c,naturalqa,what u.s. legend of the old west became a sports editor for the new york morning telegraph,1,Bat Masterson
3c00edeb-fb7c-4e7f-b61b-ec8e058bb9cc,naturalqa,who said the phrase handle it handle it,1,Carter Country
42b30054-b177-44f5-91f4-0e79c170bb58,naturalqa,actor that plays mr. noodle on sesame street,1,Mr. Noodle
ae71cb2e-95c7-498c-85f2-7626d465ba8a,naturalqa,who wrote the song rest your love on me,1,Rest Your Love on Me
1daf8899-e835-4c4f-a201-fbe693b4a39a,naturalqa,what did mr blobby beat to number 1,1,Mr Blobby (song)
ce194733-7353-4eb0-84dc-bea717e6ae28,naturalqa,where does the condamine river start and finish,1,Condamine River
3d14e0cd-0a89-407d-8739-fced7026816b,naturalqa,who sings love me like you mean it,3,Love Me Like You Mean It
9ef96578-9fe5-4772-9cc6-418b91e1f431,naturalqa,who started first ever bus service in madras,1,Transport in Chennai
5ae9be80-e3e8-415c-972c-6ce8defcede8,naturalqa,who do researchers think the capulet family is based on,1,Juliet
a1e92389-f8c6-4790-a55f-7f108813c89e,naturalqa,who played cathy in the movie petals on the wind,1,Petals on the Wind (film)
a5e922c0-2aaf-4934-be16-b5502307f4af,naturalqa,who is on the cover of enema of the state,1,Enema of the State
f4e120ff-9047-4119-8e8e-ed52802973c2,naturalqa,who do you play as in gone home,3,Gone Home
ec519ec8-1edc-41e3-8668-44df4249c54d,naturalqa,who is the manager of the washington nationals baseball team,1,Dave Martinez
4aba50bc-07ae-4c71-8a45-faceb88cda2d,naturalqa,what caused the malay world to be divided into two countries now known as malaysia and indonesia,1,Indonesia–Malaysia relations
4edf816c-4235-4f3e-a420-8935e3703923,naturalqa,what is the name of the annual awards given exclusively to gospel artists,5,46th GMA Dove Awards
872b8d8f-bff0-4e99-8853-fca86b5d4d76,naturalqa,when did arts and crafts became tools used in occupational therapy,1,Occupational therapy
94aa7d22-0ebe-49c8-9b49-38a57aa55022,naturalqa,who sings famous last words of a fool,1,Famous Last Words of a Fool
1912dcc1-b771-42f1-8b4f-eab6e1faf268,naturalqa,in sg iron graphite will be in the form of,1,Ductile iron
ef97409a-99a7-4491-b6e5-b61354143424,naturalqa,who sings every little thing that you do,1,Every Little Thing U Do
f0d42770-981e-460c-9828-ba955cdf9db8,naturalqa,when did the wave hill walk off occur,1,Wave Hill walk-off
dd2d07e4-b4e2-4f5d-951f-74590814e9f2,naturalqa,when is the last time auburn won in baton rouge,1,Auburn–LSU football rivalry
47726b42-a9a5-45e5-8d7a-d214aef55aed,naturalqa,who sang the song push it to the limit,1,Scarface (Push It to the Limit)
9e538c22-fe6e-47fb-8b6e-f3edd14a9a53,naturalqa,what type of oil to use for sharpening stone,2,Honing oil
622f90ad-8046-448e-a140-e4268fbe579b,naturalqa,when did the constituent assembly hold its first session,2,1st Nepalese Constituent Assembly
f3310858-e20b-44bc-9193-58ebd49958a1,naturalqa,how many dukes of edinburgh have there been,2,Duke of Edinburgh
d4910723-c05e-4835-a0b4-0bee6b79245b,naturalqa,when does the movie dog days come out,2,Dog Days (2018 film)
fabc8367-7b3f-49e0-8439-61c1af3ea617,naturalqa,what kind of frog is green with black spots,4,Green and black poison dart frog
ca5decf0-3879-4721-b40d-34b69b075320,naturalqa,what is the highest point on vancouver island,1,Golden Hinde (mountain)
2f91082d-b7c9-43ba-9ea1-31d5a492b2e2,naturalqa,the land of steady habits where was it filmed,1,The Land of Steady Habits
d6d9e5ab-3f18-4425-929f-9de3c5becf44,naturalqa,who is wennerstrom in the girl with the dragon tattoo,1,Mikael Blomkvist
6cfd8a41-e49f-46e9-a318-6b6b37e8c7f5,naturalqa,who originally sang have some madeira my dear,1,Have Some Madeira M'Dear
d46ffef8-9c9c-4608-bae1-e37ecccdc4cc,naturalqa,u.s. ambassador killed in the line of duty,1,J. Christopher Stevens
1390a113-417b-40dc-a303-2a3f1a74e938,naturalqa,how many letters are in the hungarian alphabet,1,Hungarian alphabet
1dbaeda1-c31c-4a5e-8ff9-0964615e898e,naturalqa,where does rabbit live in winnie the pooh,1,Rabbit (Winnie-the-Pooh)
637b3981-de74-45db-b059-2053b39f62fb,naturalqa,what do you call a queen in egypt,3,Great Royal Wife
00367852-4217-48b1-9313-2c21ea592610,naturalqa,the sunken spanish treasure fleet (florida usa),3,1715 Treasure Fleet
33ff85b8-b71e-4296-9fac-42e1d64edc99,naturalqa,how many mini games in mario party switch,4,Super Mario Party
cc7aa608-9733-43f7-904d-92d524913a0d,naturalqa,why is the greatest number of species found in the ecotone,1,Ecotone
c40899ee-2c9b-4379-b998-acbdc3650212,naturalqa,where is the solar plexus located on the body,1,Celiac plexus
76936927-5461-446f-9562-b7898cb8a18c,naturalqa,aisi deewangi dekhi nahi kahi serial actress name,1,Aisi Deewangi Dekhi Nahi Kahi
7ac7d9f9-b8f4-45c9-996d-69d3c56dfb98,naturalqa,who wrote the song my heroes have always been cowboys,1,My Heroes Have Always Been Cowboys (song)
ef93c13e-a941-4566-b3c8-70c7953e2941,naturalqa,who wrote if drinkin don't kill me,1,If Drinkin' Don't Kill Me (Her Memory Will)
33cbe8bd-c555-4204-b505-1586729281b7,naturalqa,where is the resort dirty dancing was filmed,1,Mountain Lake (Virginia)
36e1d60d-ba39-4646-97f4-273b30a0c2b4,naturalqa,where is the deepest part of the atlantic ocean located,1,Puerto Rico Trench
73e00448-14f8-4e30-be6c-4042cebae9c5,naturalqa,when did spain take over the canary islands,1,Conquest of the Canary Islands
4e5917cd-d712-4dc0-9886-fc29442ce09d,naturalqa,my sassy girl korean drama number of episodes,1,My Sassy Girl (TV series)
8bb1eb9a-823e-4caf-80d2-40b9a344df45,naturalqa,when is bravest warriors season 3 coming out,1,List of Bravest Warriors episodes
2651082a-e327-4d67-aaf2-e335731d85ce,naturalqa,nursery rhyme i've been to london to visit the queen,1,Pussy Cat Pussy Cat
15ac8337-51e3-4c6b-94c1-2146f6daae04,naturalqa,when did the first fungi appear on earth,1,Evolution of fungi
630afb5c-db7f-4156-ba05-f9d0a592eb6a,naturalqa,when did the plane crash on the m1,1,Kegworth air disaster
12d5802b-7847-4472-be38-8909f1845608,naturalqa,when was the palace pier in brighton built,2,Brighton Palace Pier
fbaf24c1-8d4d-4a1b-bc93-7cb8a7273b43,naturalqa,who sings i just want to use your love,2,Your Love (The Outfield song)
197ab9e0-993a-41c3-9dbf-dc2e1951ffad,naturalqa,who is responsible for selecting a public school superintendent,1,Superintendent (education)
f97b3f21-59de-4437-bab1-8d14c77726aa,naturalqa,when was the last time someone was executed in the state of california,1,Capital punishment in California
b7fcb734-1186-4e82-9725-e5b680e35ed6,naturalqa,what side of the road do they drive on in gibraltar,1,Transport in Gibraltar
47b63aca-5833-461d-ae7e-26c3efb95b8e,naturalqa,who did renee estevez play on the west wing,1,Renée Estevez
c08027c4-9f42-4846-9f82-2a9aa918a57c,naturalqa,where is the world's largest concentration of sea mounts found,2,Seamount
dbac1329-a134-476d-ba29-29c90972636c,naturalqa,when did old 5p go out of circulation,2,Five pence (British coin)
25c42a87-e8f4-4ead-be03-49b0d3105c5e,naturalqa,what is the percentage of upper middle class in america,1,Upper middle class in the United States
ec85ace5-fa19-4b03-8e0d-5ea1b8b4c716,naturalqa,when did the indiana jones ride open at disneyland,2,Indiana Jones Adventure
a1822a1b-c4f9-4a6d-b4a9-123965b6c393,naturalqa,who said and down the stretch they come,1,Dave Johnson (announcer)
ff7e34b7-b02a-474a-bf76-0e8d34b3ed6b,naturalqa,what are the little butterflies that look like monarchs,4,Viceroy (butterfly)
b83ab57a-bfab-4355-8ece-3bd4366d096e,naturalqa,what is the moral of the two pots,1,The Two Pots
a0e279fd-fa70-4540-a908-b2b9582512d9,naturalqa,who plays dennis in dennis the menace strikes again,1,Dennis the Menace Strikes Again
9ffabcc6-b459-4586-8049-598dd2f49526,naturalqa,what do you call a quarter pounder in france,1,Quarter Pounder
f6210552-c2a1-4559-8b9e-2f847820f6fa,naturalqa,where does chicken licken get there chicken from,1,Chicken Licken (restaurant)
f32928f9-29ae-4578-b347-03db9f56329b,naturalqa,who grants a city charter to a community,1,Municipal charter
b875ec12-7760-48ee-baf2-0858c6943902,naturalqa,who played madeline bassett in jeeves and wooster,1,Elizabeth Morton
46e72572-f384-4470-a5d9-3ea6211be802,naturalqa,when did grand theft auto 3 come out,1,Grand Theft Auto III
34873f04-1fcf-43c4-ac27-d59edd8daabe,naturalqa,when did the new alex box stadium open,1,"Alex Box Stadium, Skip Bertman Field"
c8cd8f9d-e96c-4ed0-a625-94ab85f4d66a,naturalqa,where does the mayor of new york work,1,Mayor of New York City
8d1b608b-d9e3-48e9-acfa-d5557115cbb2,naturalqa,where was the movie my cousin rachel filmed,1,My Cousin Rachel (2017 film)
3f9c9870-489e-4c12-a0f4-2143889d2668,naturalqa,when did roughing the kicker become a rule,1,Roughing the kicker
e152fd63-3bf6-4dcd-a428-b5d1ebef6d5f,naturalqa,actor who plays happy on sons of anarchy,1,David Labrava
7e65f2cc-54c6-4d62-9568-897114473726,naturalqa,who sings i'll do anything for you,1,Denroy Morgan
66d24fbd-9e2b-4e1d-903d-b369ee640a19,naturalqa,who sang my name is jack and i live in the back,1,My Name Is Jack
5d39c0b9-f7fc-4211-96d6-aecaa7accd3d,naturalqa,who played mary ellen rogers on leave it to beaver,1,Pamela Baird
8fe8878f-48bd-4c39-be24-785b855646b5,naturalqa,who won pfa player of the year 2015,1,PFA Players' Player of the Year
d80c199f-24f3-4da6-8c22-eda09fc8d1e7,naturalqa,when was the dubai metro green line opened to public,1,Green Line (Dubai Metro)
b8a48c53-1dea-449c-ac9f-1cfaa418355e,naturalqa,where is the port of palm beach florida,1,Port of Palm Beach
4093f6b2-00c0-4939-ae63-645a141cbca2,naturalqa,where was the law and jake wade filmed,1,The Law and Jake Wade
431fc924-7c47-43a4-9620-97814f982685,naturalqa,who killed omar's boyfriend in the wire,1,Omar Little and associates
1ff3fe38-3984-4722-a00f-b676dad69a39,naturalqa,how many stories is the westin in atlanta,1,Westin Peachtree Plaza Hotel
fa9b485b-5ce3-4344-a429-62b542dd5d94,naturalqa,who is pyramid head in silent hill movie,1,Pyramid Head
29ab296a-fcb6-478c-873e-02e7c719023e,naturalqa,who sings no matter how high i get,1,No Matter How High
e585bd63-229f-44a4-a9aa-2f8e5576cc4c,naturalqa,how many lakes in crow wing county mn,1,"Crow Wing County, Minnesota"
cf8fc01e-330b-4130-9cf8-728c708d90ea,naturalqa,where does the term dutch uncle come from,1,Dutch uncle
e57198d9-ce60-4dc8-8d2f-4324d57cd115,naturalqa,where are the new winchester model 70s made,1,Winchester Model 70
396a1438-ccbd-4dde-9c78-f7618efda7dd,naturalqa,when did elvis record if i can dream,1,If I Can Dream
f3126d2a-22f5-4e0a-9a93-9e07f1d28d11,naturalqa,who is the well spoken man on top gear,1,James Hewitt
8a2d98e3-35ee-4a21-9e0b-5bce1839348d,naturalqa,how many wastewater treatment plants are there in the us,1,Publicly owned treatment works
57998291-3a53-4544-972b-c2c63508b89a,naturalqa,who sings we are coming to your city,2,Comin' to Your City
80432570-d9c8-4dc0-b6d6-d20fc5fcd19f,naturalqa,what is the meaning of the name halley,1,Halley (surname)
0e51bf70-ea91-41f7-8bf8-1b84944fa4f1,naturalqa,off balance sheet items for credit risk assessment,1,Off-balance-sheet
ef3365f2-2dda-40ed-a28b-368c6c45f76e,naturalqa,how old are the counselors in friday the 13th,1,List of Friday the 13th characters
c744c37e-9cb4-4625-b175-18f7051d8e2d,naturalqa,what film did barbra streisand win for best director,1,Barbra Streisand
e1d90fcd-3b54-4557-811c-691857470590,naturalqa,who sings the song it's a living thing,4,Livin' Thing
dce57778-d119-45df-bff2-7e5c4da7802a,naturalqa,who has designed the symbol of indian currency,2,Indian rupee sign
44150c18-4fee-40fa-b2fc-50aaed511313,naturalqa,when did the first gi joe come out,1,G.I. Joe
6effd1e8-b1bb-4be0-908d-2b5cde52879e,naturalqa,what is the meaning of r and d,5,Research and development
5304658a-3bc8-4526-9625-1b2e310e8a24,naturalqa,who is the singer of tere sang yaara,1,Tere Sang Yaara
7c73f34b-5720-4504-98f9-a1137bbc290f,naturalqa,who plays the author in house of cards,1,Paul Sparks
d21f3cf0-93ce-4ba7-8e2f-808b5d059110,naturalqa,what is richard's last name in tommy boy,1,Tommy Boy
da1964c7-75b6-49aa-91b9-417e394852c5,naturalqa,what kind of government does israel have today,1,Israeli system of government
a46acad7-0095-4e2f-9a35-0ff0b5dc07b9,naturalqa,what is the theme song for the tv show s.w.a.t,1,Theme from S.W.A.T.
5aa8d2cb-fbf5-4379-b314-ca401f59aa0a,naturalqa,who is credited as the founder of entomology as a science,1,Entomology
199d1744-352e-4a26-9a41-2acf7c77e916,naturalqa,who invented the first gear driven calculating machine,1,Mechanical calculator
53b5604f-3dcd-4b64-930e-67f53e18e29e,naturalqa,who has the most around the horn wins,1,Around the Horn
f04943ba-d999-4024-9885-191134dc81de,naturalqa,alteration of consciousness during deep sea diving is known as,5,Nitrogen narcosis
875a9750-e201-4a32-9fd5-db924d53cf57,naturalqa,who plays ron in a very potter musical,1,A Very Potter Musical
031403a6-d90a-4f0f-98f5-fa029008f797,naturalqa,who wrote that's why god made the radio,1,That's Why God Made the Radio
1a1a4e73-52c5-44e7-a163-c396d642aee7,naturalqa,who played the father in papa don't preach,1,Alex McArthur
b0207003-97cb-4fb7-8def-82b20593ce0d,naturalqa,what is the discovery institute's center for science and culture agenda with regard to evolution,1,Center for Science and Culture
c2e89890-1160-460e-aa4c-f69707004a65,naturalqa,how are state court judges in georgia selected,1,Supreme Court of Georgia (U.S. state)
e95b966b-52c2-44b0-bf23-2ff2268aab3d,naturalqa,la belle indifference describes which feature of a psychological disorder,1,Conversion disorder
138029c6-d774-438c-835d-b5b553b60e78,naturalqa,when did bruce forsyth finish strictly come dancing,1,Bruce Forsyth
3bea0449-430a-41cb-adb1-299859598ce3,naturalqa,how many grammy awards does r kelly have,1,List of awards and nominations received by R. Kelly
af13cf7b-ab5e-4892-964a-8bd68cae631c,naturalqa,who sings the song can you woo woo woo,1,You Should Be Mine (The Woo Woo Song)
2300c21d-b868-448f-bd2d-d3a423bf3d26,naturalqa,who did elton john write philadelphia freedom for,2,Philadelphia Freedom (song)
ac0c468b-49bf-43c0-9faf-b9c76b99984c,naturalqa,when did goa daman and diu become a part of india,1,"Goa, Daman and Diu"
afc0f499-ed45-4b43-9f73-499895c02ec8,naturalqa,where does the cisterna chyli collects lymph from,1,Cisterna chyli
a0791de2-f506-4369-896c-10a8c8a39533,naturalqa,who sang i didn't sleep at all last night,2,(Last Night) I Didn't Get to Sleep at All
2b6ec82a-47e8-4eb1-b69c-ad991b9dd686,naturalqa,where did the boo radleys get their name,1,The Boo Radleys
51ebd455-3954-4e0e-b894-5eea6bf88c23,naturalqa,where does the last name santamaria come from,1,Santamaria
0ac57c83-867f-43d3-a023-8959885a1573,naturalqa,who put the drugs in the bag brokedown palace,1,Brokedown Palace
2538bddb-f1d7-47a7-bed3-d30e03833080,naturalqa,korean movie about a man on an island,1,Castaway on the Moon
ea85d7a8-4b55-45da-9697-9cfbdbb1d389,naturalqa,vani vilasa sagara dam popularly known as mari kanive is over which river,1,Vani Vilasa Sagara
72a9e30a-83fd-4794-bd0a-3d3242bc4ce2,naturalqa,who won the 1963 little league world series,1,1963 Little League World Series
05112933-d2d1-40cc-8a92-c7809af9ba07,naturalqa,who sang fings ain't what they used to be,1,Fings Ain't Wot They Used T'Be
df33e78f-2641-4357-85a8-bf30285eb101,naturalqa,who played the medical examiner on law and order,1,Leslie Hendrix
7fb970ad-5e02-4cf3-bedf-e5a801806482,naturalqa,who is the girl in marc anthony video you sang to me,2,You Sang to Me
c689151e-0ef6-4091-8217-8ac6ab3d517b,naturalqa,trade or functional discounts are offered by manufacturers to,1,Discounts and allowances
f922e779-eb7d-4a77-a72c-df1670ef3f3d,naturalqa,who wrote my kinda party by jason aldean,2,My Kinda Party (song)
b54d44b7-b453-4850-9673-c16609e723c4,naturalqa,is sailor moon crystal a remake or continuation,1,Sailor Moon Crystal
2e56bbbe-b2d2-42d4-aad7-9918f2c5ccea,naturalqa,what is a turbo on a diesel truck,1,Turbo-diesel
9c70dca5-7aa8-4ec5-8610-28a1ad9c624f,naturalqa,what is the purpose of egg wash in baking,1,Egg wash
247084de-1a65-44cc-bace-d7f030292cc2,naturalqa,who invested in the green fresh patch pitch,1,Fresh Patch
ccb2c894-d0d7-4f6a-acaf-ae0a65100e5a,naturalqa,who is merle haggard singing about in the song leonard,1,Leonard (song)
188f1de6-1e27-4790-a7f9-f7836351abc2,naturalqa,where does the show here and now take place,1,Here and Now (2018 TV series)
07a6711c-6836-42e5-bdc5-a5e39726c05a,naturalqa,when does nathan for you season 4 come out,1,Nathan for You
8af93770-dac1-4daa-be1b-c50e064b8615,naturalqa,who played the violin in the red violin,1,The Red Violin
3cc04dc9-dba4-4d5c-8362-14a51e35365b,naturalqa,who played ben's wife cindy on the waltons,1,Leslie Winston
96c5ff0e-4028-4126-b9fe-0b6263e6fa93,naturalqa,purpose of the rule of nines when treating burn victims,1,Wallace rule of nines
be292836-4739-45d2-822b-dffbad28a923,naturalqa,who did johnny ruffo play on home and away,2,Johnny Ruffo
a339a4ef-e7e2-43a8-8589-6797e8c3ca57,naturalqa,where do you find the wrap around spider,1,Dolophones conifera
88ef11f2-9c9f-4d6a-8e1c-323ccf94a91c,naturalqa,when did don't trust me come out,1,Don't Trust Me
ded3e474-4081-4ab5-91eb-d3c328729470,naturalqa,who was the first indian to cross english channel,1,Arati Saha
27cd7f54-0199-403b-a578-3636809d45ef,naturalqa,what is the name of the plain in westmoreland,1,Westmoreland Parish
cc5d17f9-eeae-400d-bfbb-e1b3b2a8ccd0,naturalqa,where is area code 931 located in usa,1,Area code 931
0e54e28d-90a7-490a-8725-762090628a2c,naturalqa,when did the age of consent change in canada,2,Age of consent reform in Canada
aa573ffb-00b1-439d-94e1-f73bab3ec5ea,naturalqa,who played dr kildare in the tv series,1,Richard Chamberlain
978f529e-2968-4ca9-bc71-c5cd3a1c91a0,naturalqa,list the three goals pursued by human service organizations,1,Human services
f1176802-8811-4e33-ba79-0791a39b7158,naturalqa,when was the last time sunderland were relegated,1,List of Sunderland A.F.C. seasons
82d3614b-703f-472c-9239-bb86953e942e,naturalqa,where are the ailerons located on a plane,1,Aileron
83dfaaed-e386-4582-9c7b-88cc66fee28e,naturalqa,where did european colonization of australia and oceania begin,1,Europeans in Oceania
3568cf5d-afd3-4338-b1ac-3a5946d2987d,naturalqa,what is a life prison sentence in the uk,1,Life imprisonment in England and Wales
7693079f-9aed-4dbd-bb7d-b5832cdcfc11,naturalqa,where did the first recorded speed skating race take place in canada,1,Speed Skating Canada
c923911a-6953-449c-9d95-7737e30ab978,naturalqa,what exit does hov lane start on lie,1,Interstate 495 (New York)
40f452a4-b201-44fe-952c-7d411700922e,naturalqa,what is the percentage of asian population in the us,1,Demographics of Asian Americans
4b6c92fd-50bc-44c6-8861-7b260d0b2fbb,naturalqa,ascites is one of the late features of,1,Ascites
4877cd5c-f0cb-4b76-bf9c-5f274a31f109,naturalqa,who plays chloe's mom on days of our lives,1,Nancy Wesley
1e1d95d9-dc8c-4027-ab04-87cb79f95e1d,naturalqa,who sings when my baby smiles at me i go to rio,1,I Go to Rio
203d0368-6a0d-4373-a30d-37b59a616566,naturalqa,what galactic cluster is the milky way in,1,Virgo Supercluster
d1892f48-9ee2-4a14-9b7b-7416caed631c,naturalqa,where was the durand cup football tournament first played,1,Durand Cup
168fdba9-05e4-46b3-96b8-05a8fe84e48f,naturalqa,a language used for describing the appearance of a printed page is called,1,Page description language
f0e2f22c-4769-43bf-9f1a-b7154988414f,naturalqa,what is the role of the ventral root,1,Ventral root of spinal nerve
870d9005-dd4d-4868-8e7a-424fb75d96d8,naturalqa,who wrote the song one in a million,1,One in a Million You
7b264b42-ddcc-4ae0-a1c5-ba8bd049af97,naturalqa,who invented the iconic sperry boat shoes we love as today,1,Sperry Top-Sider
00acbdb7-0afa-4f62-81b7-a95e501336a4,naturalqa,in day of the locust where is tod hackett originally from,1,The Day of the Locust
7b093167-deef-43cd-8266-4e99b5bb23b0,naturalqa,who sang take me for a night in new york,1,Ron Rogers
f141dafe-ba82-4410-8b07-61c4cb35ccc2,naturalqa,who was awarded param vir chakra during un peacekeeping missions,1,Indian Army United Nations peacekeeping missions
6495c367-eebd-4480-b1fb-8f499c389f3b,naturalqa,who played the traveler in star trek the next generation,1,Eric Menyuk
35943f7a-128f-4477-8c85-311861f7d486,naturalqa,where did they film the ghost and the darkness,1,The Ghost and the Darkness
af59ee85-7913-4907-aefb-8b49e2fb9bdb,naturalqa,who sings give me just a little more time,3,Give Me Just a Little More Time
afc8b472-32c7-4e05-9248-3de6b0452470,naturalqa,who wrote the song miracles by jefferson starship,2,Miracles (Jefferson Starship song)
d73911cc-e857-4620-a6df-26ac96f283b6,naturalqa,where is the site of the glomerulus and bowman's capsule located,1,Bowman's capsule
fe4dc9ad-7e66-411c-b36f-e4e31e155ca6,naturalqa,when was chasing cars played in grey's anatomy,1,Chasing Cars
30001213-9ced-454e-86ed-19867e10c6e3,naturalqa,the cathedral hull allows a boat to do what,1,Cathedral hull
3801ac32-9115-4f16-b9f8-f2a1e736b001,naturalqa,who was the first black student admitted to the university of mississippi,1,James Meredith
479b2bf2-448c-4c99-8c08-02664daaab8a,naturalqa,which is the new player in kerala blasters,2,2017–18 Kerala Blasters FC season
5f8b1d47-9f46-4c9a-94e7-cfd07a4fb066,naturalqa,when are the closing ceremonies for the paralympic games,1,2018 Winter Paralympics closing ceremony
31f8b31a-7b0c-4da2-8a16-401197eb4520,naturalqa,where did motionless in white get their name,1,Motionless in White
2c70db7c-c2f6-4921-b8b1-e1ff68cddb1c,naturalqa,when does the serpent's shadow take place,1,The Serpent's Shadow (Riordan novel)
6946d69a-a4d7-4881-be85-b21423803827,naturalqa,who sang you wont find another fool like me,1,You Won't Find Another Fool Like Me
5c8a976a-8878-4fa7-aeeb-2720995fe777,naturalqa,who sang i wanna fall in love with you,1,I Wanna Fall in Love
42d0f555-10af-44bf-8caa-9d6a0d6f00b1,naturalqa,who made the song that's just my baby daddy,1,My Baby Daddy
249b38ec-8714-4f78-968d-0cc56b1c4b69,naturalqa,joanne froggatt coronation street who did she play,2,Joanne Froggatt
cfc5895e-a681-4650-b583-479f93b81d6f,naturalqa,who wrote i see the moon the moon sees me,1,I See the Moon
2ffc6732-fcd1-41cd-9455-7341a3af0cb7,naturalqa,where does the last name tobias come from,1,Tobias (surname)
3142f090-64e6-49a6-8ad1-6e6ad7e3ab37,naturalqa,what does the letters in sos stand for,1,SOS
1079c503-cbe8-468d-912b-e7e16a820a89,naturalqa,who played the guitar in rock around the clock,3,Danny Cedrone
f00f9a41-44de-4de1-a0a4-94b4b6b24247,naturalqa,when is the last time matchbox 20 toured,1,Matchbox Twenty
f9c12c42-028c-4ea2-b293-62447a64bdfb,naturalqa,the stimulus package proposed by the bush administration in early 2008 relied upon,1,Economic Stimulus Act of 2008
8b68c77a-803e-46c7-a087-8612817b0cfc,naturalqa,when did the moto z droid come out,1,Moto Z
853bd210-f2ea-4e8f-9a5d-3596bb25f571,naturalqa,who is the well known photographer of telangana,1,Bandi Rajan Babu
c6578205-2313-46a1-8361-a5022839fae3,naturalqa,who was chris fountains partner on dancing on ice,1,Chris Fountain
2db7b869-42a5-4ba2-ad44-1698492fc3e3,naturalqa,when did mutual of omaha wild kingdom air,1,Wild Kingdom
ea9d4580-9dca-4bd1-89e0-a51845d09d02,naturalqa,what channel is live from daryl's house on,1,Live from Daryl's House
797b3ae5-3b13-4b78-bc0c-6afd34c2e86e,naturalqa,who wrote get ready cause here i come,1,Get Ready (The Temptations song)
c7f7563a-bf67-4760-9652-b396b432df58,naturalqa,who sang let the sideshow begin hurry hurry,1,Sideshow (song)
c0de26f6-7b50-4be2-9c7b-df71adc08f39,naturalqa,who sang didn't we have a lovely time the day we went to bangor,1,Day Trip to Bangor (Didn't We Have a Lovely Time)
167fb825-219f-4426-9dce-fac67c375f6d,naturalqa,who was u of m quarterback in 1993,4,1993 Michigan Wolverines football team
991b5f30-b394-44f2-9564-e1a60994c4a5,naturalqa,who played felix in once upon a time,1,Parker Croft
a35d5748-074a-4023-b3e5-ee0026ab657a,naturalqa,when does krillin come back to life in dragon ball,1,Krillin
63755016-b0e1-4404-a2ea-3d0c0b712513,naturalqa,in what year did brothers first start selling pear cider at glastonbury festival,1,Brothers Cider
9f79b56f-af5a-4949-abe7-672643529425,naturalqa,who sings daddy never was the cadillac kind,1,Daddy Never Was the Cadillac Kind
cc7822a4-281c-491e-86d8-7ce663f1de9c,naturalqa,what is the definition of a turbidity current quizlet,1,Turbidity current
5b880043-5707-435b-8b46-0d7b68e1998e,naturalqa,when does after hours trading start and end,1,Extended-hours trading
f8380fce-20ee-45dc-939f-d73e93417a3f,naturalqa,who is responsible for starting the nordic games and presenting the idea for the winter olympics,2,Nordic Games
5a55b266-af87-4b93-bc7c-f2617d8b69eb,naturalqa,who was the dictator who ruled spain for 40 years,1,Francisco Franco
0c7136bf-c12d-47db-a30d-06ff8cf1a6ef,naturalqa,when was the first samsung mobile phone released,1,Samsung Telecommunications
4305bd96-d43b-4259-8672-10af706af8d8,naturalqa,what is the average gaa in the nhl,1,Goals against average
dbdba183-632d-4d35-a11c-53380193ae0c,naturalqa,write two words as examples of borrowed words in english,1,Loanword
91038787-6880-4a13-bf55-ab712bd6a775,naturalqa,who was the first elected president of poland,1,President of Poland
1859420b-d892-4a0e-9225-9c0411490990,naturalqa,who was buried at the african burial ground,1,African Burial Ground National Monument
6405cfa1-04db-481d-b5f5-c24c51b1a90d,naturalqa,who controlled the house and the senate in 1997,1,105th United States Congress
a1f1ec7b-b987-4809-89d7-8c7b172243ab,naturalqa,who played lexie carver on days of our lives,1,Lexie Carver
98acaa4c-e61f-4e98-94dd-b80a6e185ade,naturalqa,where is the house used in dark shadows,1,Collinwood Mansion
ff9c6351-cc86-439e-9302-a9e9cc43c60d,naturalqa,how i met your mother the robin episode number,1,The Final Page
de3772c7-c835-4ae7-8dc1-fe5f6c0a78f0,naturalqa,who holds the baby in a catholic baptism,1,Infant baptism
b6061401-ef11-4a95-bcba-4eab8a24d297,naturalqa,how many games in a japanese baseball season,1,Baseball in Japan
5cc99fc3-6054-4597-bc7c-285402178cf8,naturalqa,who came up with the blood type diet,2,Blood type diet
132ebb2f-b327-4eb1-b81b-33d2e0b902fc,naturalqa,who does the voice over in threat level midnight,1,Threat Level Midnight
9ac5588f-7007-4776-b600-8a7f8bcaddf9,naturalqa,where did free rural mail delivery service begin in the us,1,Rural Free Delivery
1df92d01-f388-4bf5-8740-3e2d96cfeef2,naturalqa,who is the actress who played ophelia on the royals,1,Merritt Patterson
f73904da-cb9b-4880-bc5d-203b72127c7b,naturalqa,reasonable ground for believing that a person should be arrested or searched,4,Reasonable suspicion
eab2a2aa-75d9-41bb-b28d-2fbb09f59de4,naturalqa,when did dade county become miami dade county,1,"Miami-Dade County, Florida"
fe7d0b82-367f-413e-93d6-642f21e01b9c,naturalqa,who is the bad guy in the negotiator,2,The Negotiator
7d1a5eec-36d0-4e0c-b389-85a1c51295b2,naturalqa,what is the alcohol content of malibu rum,1,Malibu (rum)
2f112c05-7aa2-4890-bec1-56205fddc5dd,naturalqa,how many episodes of sea patrol are there,2,List of Sea Patrol episodes
48c22313-3ec0-409d-a9e9-d6d166d32f06,naturalqa,the ataxic form of cerebral palsy results from damage to the,1,Ataxic cerebral palsy
dbed7302-a440-4052-961a-7176af84ad05,naturalqa,when was the equality and human rights commission established,1,Equality and Human Rights Commission
58b2b0fb-3b4d-4a49-8409-4c58a0591b70,naturalqa,who sang i'm just a ghost in this house,1,Ghost in This House
67c80478-4c34-4d77-8619-0378192be6a5,naturalqa,where did they film jingle all the way,1,Jingle All the Way
8b8582fe-6643-4ec0-a090-cc9c703f9476,naturalqa,where was let me clear my throat recorded,1,Let Me Clear My Throat
ee3ac56d-db45-465a-89e5-a3bbdf64d694,naturalqa,what is the function of the accounting standard​ setters,1,Financial Accounting Standards Board
3759bae7-7c14-4c4d-b2e3-d07db93dd86f,naturalqa,when was why am i always the bridesmaid written,1,Lily Morris
a3bc2b15-ecac-49ad-92f2-f999d6740b45,naturalqa,when did the u.s. government recognize pi day as a holiday,1,Pi Day
a857e97b-a520-4894-b076-21328e85eccf,naturalqa,who plays white josh on crazy ex girlfriend,1,David Hull (actor)
3ef40793-222e-467f-92d5-d5f0d778996b,naturalqa,where does revenge of the bridesmaids take place,1,Revenge of the Bridesmaids
4a7c9e5a-e5ca-42cd-bce7-f21124ac69ae,naturalqa,when might we be able to demonstrate superhuman strength,1,Hysterical strength
bcd0604d-7a7f-4c0e-85ae-4c6cb0b69193,naturalqa,who wrote the lord knows i'm drinking,1,The Lord Knows I'm Drinking
3d273ed1-1d73-4770-8316-4a594ecf2491,naturalqa,what are the protests in st louis about,1,2017 St. Louis protests
eaccc6ae-2b34-43a5-b699-1206f47ea8b8,naturalqa,who sings the wow wow wubbzy theme song,1,Wow! Wow! Wubbzy!
398b6545-21d5-4af9-9630-bbf1c1692869,naturalqa,when did the cubist movement start and end,1,Cubism
d83a77ef-4733-4a59-9c8d-e3b9f913e45b,naturalqa,who wrote peace is flowing like a river,1,Carey Landry
47ac96c6-f9e5-46ec-8e39-5e06759beb4e,naturalqa,when was dream of a sunday afternoon made,1,Sueño de una Tarde Dominical en la Alameda Central
90e56cb8-de5f-4ddf-99db-af6580f1640a,naturalqa,who has been appointed as the first president of brics promoted new development bank,2,New Development Bank
e41a08f4-3652-4549-90b0-1e8fe83230fd,naturalqa,a sound of thunder what is the sound of thunder at the end of the story,1,A Sound of Thunder
2afbd3b1-c075-4fa6-8fa4-3f98362e696b,naturalqa,who does miranda cosgrove play in despicable me,1,Miranda Cosgrove
47ac030e-91f7-43e1-a36d-d080f7b7b7a8,naturalqa,who played rachel's boss kim on friends,1,The One Where Rachel Smokes
2a478916-5e0f-43cf-9af3-e71d1ddd0734,naturalqa,when was st patrick's day first celebrated,1,Saint Patrick's Day
cee7c033-5af6-48a4-ab98-54ec90ca3f78,naturalqa,what is the point of the staar test,1,State of Texas Assessments of Academic Readiness
b5b2729c-f6b5-4316-8b17-37da44fe27f2,naturalqa,when do rigsby and van pelt get back together,1,Wayne Rigsby
ac9bb3bb-9413-4cd4-b075-61021afff436,naturalqa,when did the coyotes change from phoenix to arizona,1,Arizona Coyotes
03dffa64-6eaf-4db6-b71c-dc8aa452bd58,naturalqa,when is coming of age day in korea,1,Coming of age
5c17b0f3-d320-47d0-bf93-b54ee36b91b9,naturalqa,who sings the song it's just an illusion,1,Just an Illusion
1370862e-28af-4e9e-a81d-e0d6f8d1e97e,naturalqa,which major city was founded by spanish colonist in 1718,1,History of San Antonio
92a2b999-e5b7-428c-933e-4761b5545342,naturalqa,who controlled the house and senate in 2010,1,111th United States Congress
db1b505d-9f67-4aca-a032-6cf3f45fccb6,naturalqa,where does the coin go in a french drop,1,French drop
8733e87c-513c-470d-9ea5-54059fd86265,naturalqa,what kind of gearbox do rally cars use,1,Sequential manual transmission
b988494a-f93d-4e62-ac21-426ad4bcbc13,naturalqa,who played father role in munna bhai mbbs,2,Munna Bhai M.B.B.S.
67fdaa1a-fe7e-4c06-8cb7-1a9e23642b0e,naturalqa,who wrote ain't wastin time no more,1,Ain't Wastin' Time No More
42c22b48-c5a7-48fe-8e2e-68ce99f21d37,naturalqa,the la plata river basin of south america is also known as,2,Río de la Plata Basin
008fd8b4-b967-4dcf-8653-7ff87134a99e,naturalqa,tree in a bud appearance in ct scan,1,Tree-in-bud sign
712d1e67-4ebe-4629-aa18-73f02cd73a05,naturalqa,when were cctv cameras first used in the uk,1,Closed-circuit television
f394d4fd-0e29-4eef-8797-67fd033e31c4,naturalqa,when did the tenancy deposit scheme start in scotland,1,Tenancy deposit schemes (Scotland)
8596e0ad-921c-4bf5-a677-32c504c8b06e,naturalqa,how many marvel civil war comics are there,1,Civil War (comics)
795e9e1b-8771-4af1-9540-e40495cd6fc2,naturalqa,who sang ava gardner's part in showboat,1,Show Boat (1951 film)
9fda75b3-aadb-4043-a0e7-3d111739fa84,naturalqa,demi lovato tell me you love me key,1,Tell Me You Love Me (song)
d323fe7e-aa00-47cf-b5b6-bff8e78dd0b2,naturalqa,who said what if they gave a war and nobody came,1,Suppose They Gave a War and Nobody Came
a3948445-4a75-4f9d-81b8-e9152e0c9b11,naturalqa,in addition to hypothesis testing effect size calculations are recommended as a way to assess,1,Effect size
4ca7336c-4762-4003-8315-dc8ea04c0d93,naturalqa,what combination of design principles is used in the cross page from the lindisfarne gospels,1,Lindisfarne Gospels
238fa7fc-8d82-4191-84d3-a3c38783e2b9,naturalqa,where did the nets play in new jersey,1,History of the Brooklyn Nets
aeee945e-0d03-4a9a-be8e-9395ad3f4177,naturalqa,when does women's world cup qualifying start,1,2019 FIFA Women's World Cup qualification
ccb31a45-95d2-4f1d-91aa-e3ab668c07b2,naturalqa,what part of the brain does glutamate affect,1,Glutamate (neurotransmitter)
746af3d2-b851-412f-96a0-23d15ffc1d1b,naturalqa,who wrote trew law and what was it about,1,The True Law of Free Monarchies
9f88d6d6-97d7-4271-ba44-a1806e495f56,naturalqa,who wrote soldier of love for the launch,1,Soldier of Love (Lay Down Your Arms)
52891b62-9b0b-487a-802b-5fd8ce20edc1,naturalqa,canadian charter of rights and freedoms language rights,1,Section 23 of the Canadian Charter of Rights and Freedoms
9da99def-8733-4992-8b42-72b4ffe0bccd,naturalqa,who sang one tin soldier in billy jack,2,One Tin Soldier
28b55f71-0a58-42ee-9d36-7c0e406afdba,naturalqa,who says science in she blinded me with science,1,She Blinded Me with Science
b6fde32f-ae36-4454-819b-fb8253d937eb,naturalqa,how many seats are required for punjab government,3,Provincial Assembly of the Punjab
b24925af-eca5-4ffb-a830-2c4aed1c0c81,naturalqa,when did pablo sandoval go back to the giants,1,Pablo Sandoval
451c2cee-c97d-4238-8d83-69963963dbe6,naturalqa,who sang i'll be over you by toto,2,I'll Be Over You
48d4d7b3-039d-4f10-8075-7373d655a60b,naturalqa,who wrote the song this is my country,1,This Is My Country
b429a531-31a5-44d6-83fa-e05adecf1a42,naturalqa,who has first introduced the concept of merit goods and when,1,Merit good
32db14e4-d989-4ffd-a50e-0fb3d12d7cb8,naturalqa,one of the first american psychologists to advocate a behavioral approach was,1,John B. Watson
4de8ef9c-5b63-4995-b1cd-3f601e77762b,naturalqa,who wrote queen of my double wide trailer,1,Queen of My Double Wide Trailer
39fd8b75-f68a-4592-8394-9f1dea480a55,naturalqa,where does stu get married in the hangover,1,The Hangover Part II
fa4c4c35-a8f0-436f-a501-bdf470df8dc6,naturalqa,when did yamaha start making 4 stroke outboard motors,1,Outboard motor
61e7fd79-e425-4d38-9956-1933b052d09b,naturalqa,when was the last time ohio state won a national championship in basketball,2,Ohio State Buckeyes men's basketball
5512f7ae-ac40-408d-b366-3bbd328d9650,naturalqa,when did ebola break out in sierra leone,1,Ebola virus epidemic in Sierra Leone
1a898971-a8e1-4eb9-a281-44cee4832367,naturalqa,where are the kjolen mountains located on a map,1,Scandinavian Mountains
0d6c92c1-8b1f-43ae-b9e9-d78a3165ed49,naturalqa,basic dimensions for npt american national taper pipe threads,1,National pipe thread
b0bdbe59-c98e-4497-9629-b6b09e41b141,naturalqa,when was sociology's code of ethics first published quizlet,1,American Sociological Association
c578f75d-181a-4108-8458-16b1bdc4be67,naturalqa,when did wendy's release the vanilla frosty,1,Frosty (frozen dairy dessert)
44bf0161-350e-4eb3-8562-0550bae43b46,naturalqa,a necker cube is an example of a(n),1,Necker cube
fe3a331c-8b17-4be9-829b-03cd14e75a9a,naturalqa,sony xperia xa1 when did it come out,1,Sony Xperia XA1
ebaea623-0e13-42af-8b43-610e29d21da0,naturalqa,who sings youre the biggest part of me,1,Biggest Part of Me
8048615e-e82a-4b18-a403-c42cf8d3a848,naturalqa,where is the prado museum located in spain,1,Museo del Prado
fb678c9a-4c4e-4441-b6c2-bfb0eb760619,naturalqa,who sang bass on let me be there,1,Let Me Be There
c4297a25-29b9-4860-97bd-c1fcd0063d5e,naturalqa,who sings i don't want to play house,1,I Don't Wanna Play House
948d13be-40a8-416c-a175-87ca8a5da5af,naturalqa,when did the 2nd constituent assembly come into being pak301,1,Constituent Assembly of Pakistan
e360dbf5-895c-4066-bcbf-1912688ca237,naturalqa,who is the lead singer of fitz and the tantrums,1,Michael Fitzpatrick (musician)
e4ce8ba9-bd7b-4f06-b5cf-537f2a9e90c5,naturalqa,which group was instrumental in getting the 1956 georgia state flag changed,1,Flag of Georgia (U.S. state)
429d5512-6294-45a7-b6e5-6951eae7a47e,naturalqa,who won the rugby 7 in las vegas,1,2018 USA Sevens
12540fc1-9a17-4864-8f93-d56ef7ebb20f,naturalqa,who represents fresno in the california assembly and state senate,1,California's 31st State Assembly district
c976f835-397e-44d0-b1df-4124c5f82c65,naturalqa,nature is the healer of disease in greek,1,Vis medicatrix naturae
87ee09ca-f528-460e-a57a-2bb6701016e6,naturalqa,who won the little league world series in 1966,1,1966 Little League World Series
203f87b1-bfee-40ac-90b4-792b0685ec0a,naturalqa,who does the secretary of the air force report to,1,United States Secretary of the Air Force
8cbd9a37-be30-47a1-a163-298e2a749772,naturalqa,who wrote the song mary in the morning,1,Mary in the Morning
8a800183-9748-42d8-be93-20db34599033,naturalqa,when did the french come to the caribbean,1,French West Indies
e34cb993-5142-4f5c-a3c2-d0c8294e21cc,naturalqa,who formed part of the process of setting up the freedom charter,1,Freedom Charter
0cfdbb1b-ef64-4b72-aefb-ae834367820e,naturalqa,what kind of hot dogs does rutt's hut use,1,Rutt's Hut
d288782e-8b10-434c-a650-3498bf61e7e9,naturalqa,what does ers the card game stand for,1,Egyptian Ratscrew
b293898d-b76f-44c1-95ec-940bb010d3a3,naturalqa,who sings with nickelback in she keeps me up,1,She Keeps Me Up
b196856f-7ad6-42e7-b136-8638bd5772cb,naturalqa,where did the last name alexander come from,1,Alexander (surname)
290f1351-72d1-419b-8b0c-b032f03ed041,naturalqa,what part of the pig do pork wings come from,1,Pig wing
9f72905d-6f41-4ab8-9b86-19c60cdfb77e,naturalqa,who did taylor swift write back to december about,2,Back to December
a1425a3a-4fb9-49b7-998c-a8f87f162f8f,naturalqa,when did iron brew change to irn bru,1,Irn-Bru
dca105b7-6f1d-4ef5-bf45-7809aa7e334c,naturalqa,when was tar creek named a superfund site,2,Tar Creek Superfund site
de0d92c5-09c1-4af8-b578-cda9e883ffb6,naturalqa,what was the unilateral declaration of independence in southern rhodesia in 1965,1,Rhodesia's Unilateral Declaration of Independence
95e48920-8a14-405e-bf31-e5725a8c4aa4,naturalqa,who set sail from the mayflower steps in 1620,1,Mayflower Steps
02bf010a-d977-4209-84d3-2617803c735e,naturalqa,when does ripper street start on bbc 2,1,Ripper Street
0daeeb1b-d47a-4511-acac-bdc75bab8c9f,naturalqa,what is the name of the flying fish,2,Flying fish
fe92c73e-9db9-44db-a1ab-f7a9d2c5d77c,naturalqa,who sings the girl part in we made you by eminem,2,We Made You
85a7efe5-46aa-4603-8f5f-69a1a189aa29,naturalqa,who won the 1964 little league world series,1,1964 Little League World Series
b4185428-9cdd-46ac-9564-33e01874a9df,naturalqa,where is the jubilee river flood channel located,1,Jubilee River
903b90f7-0656-449e-9783-99f7e513ec95,naturalqa,what state is flag day a national holiday,2,Flag Day (United States)
1a93f165-0405-45db-9893-5fb78e0216af,naturalqa,who wrote the song heaven help us all,1,Heaven Help Us All
748311f4-91d1-40f7-9dc3-b00668a787c4,naturalqa,how many coaches on a college football team,2,List of current NCAA Division I FBS football coaches
e8325db3-3a13-4dba-bc07-db70f3cc95b5,naturalqa,who plays annabeth in the lightning thief musical,1,The Lightning Thief (musical)
124f0a25-3db4-47a8-9257-01f4b462f38c,naturalqa,where is the rio grande river located in jamaica,1,Rio Grande (Jamaica)
f1c6bf84-73a4-40e1-9e5e-e92a97cbbbe0,naturalqa,where is the statue from midnight in the garden of good and evil,1,Bird Girl
160a73fd-9d09-4958-be09-b7340805e156,naturalqa,who sang shout in the movie animal house,1,Otis Day and the Knights
fb279741-34f9-4c7e-a891-f6c767624a7a,naturalqa,the free surface of a rotating fluid is,1,Free surface
995f388b-ede7-4484-94ae-d7eb0d4d8eeb,naturalqa,who sings stop look listen to your heart,1,"Stop, Look, Listen (To Your Heart)"
0897fdfb-0105-4bff-8501-000f703d4caa,naturalqa,is aqua a shade of blue or green,1,Aqua (color)
62943db6-5d7e-4037-bf90-6fb2566e2d0c,naturalqa,who owns the bank of america building in san francisco,1,555 California Street
e1e08e63-350f-4820-9269-25a766485142,naturalqa,who developed the sixteen personality factor questionnaire (16 pf) ​,1,16PF Questionnaire
92ad33ec-fafb-44b7-8563-0b2d5f609879,naturalqa,which english word is thought to be the origin of the word pidgin,1,Pidgin
95dc49ec-840e-416e-ae2d-f4eb2e70a07b,naturalqa,when did the fix by nelly come out,1,The Fix (song)
226b1acb-52ac-4bca-81c7-8b16391b4718,naturalqa,when did ju ju on that beat come out,1,Juju on That Beat (TZ Anthem)
6fd2e067-227b-4fd0-a770-5788b4ed1c6c,naturalqa,horse shoe arches were an important architectural feature of,1,Horseshoe arch
3c516f41-fdb5-4fa4-a335-d4e41449ce7a,naturalqa,when does the next series of lucky man start,1,Stan Lee's Lucky Man
06f1424d-9639-47c7-b804-bf72e5cd9117,naturalqa,what is the largest provincial park in ontario,1,Ontario Parks
35865182-8ee7-4e25-8d0c-ff7ad6106251,naturalqa,when is ft how to spend it published,1,Financial Times
5be3a346-059d-4a90-8c9f-7cc56566e424,naturalqa,who is credited with having coined the term platonic love,1,Platonic love
b04c3f11-c668-4c75-b731-d9c9bc313cf6,naturalqa,who played brian in dr quinn medicine woman,1,Shawn Toovey
b6daa190-55db-406e-9831-c1296a9c4c82,naturalqa,when is a car classed as vintage in ireland,1,Motor tax in the Republic of Ireland
7d270aba-45b5-4342-832a-74b404327bf5,naturalqa,where was the film high plains drifter filmed,1,High Plains Drifter
394f926f-abec-412a-b16d-8a892af74a97,naturalqa,paraiso by smokey mountain what is the song all about,1,Paraiso (Smokey Mountain album)
5ce13428-48a1-485f-bb28-4755533e9734,naturalqa,who did kansas city lose to last year in the playoffs,2,2016 Kansas City Chiefs season
1a17df27-1575-497a-8d70-fd456b478c51,naturalqa,who sang the song gimme gimme good lovin,1,Gimme Gimme Good Lovin'
8ec49f60-2dfb-46ec-ad96-f84aed4b8ff5,naturalqa,who did aberdeen beat in the super cup,1,1983 European Super Cup
e5cabde3-5094-4c20-98b0-7c82cdaf85f7,naturalqa,the area in which crop is grown at a particular time or crop season is called,3,Growing season
461ec343-59e5-4eb4-9bea-7ac83cbcbd25,naturalqa,what is the recording academy's full name,1,The Recording Academy
aaf0b598-dd5f-4e81-b118-98c8105b1484,naturalqa,where is the steve harvey talk show filmed at,1,Steve Harvey (talk show)
cd505f20-b1ae-42d1-be8f-9f9d27b31117,naturalqa,who did the rockets trade for kyle lowry,1,Kyle Lowry
61fa02e3-d64a-4ba7-8384-e6af34f9da2c,naturalqa,when did the government take all the gold,1,Executive Order 6102
b982663b-c168-47bb-9b80-38547b4907eb,naturalqa,where was the first krispy kreme store located,1,Krispy Kreme UK
d5aac0e8-5e75-4c63-a65f-eac17f8250d7,naturalqa,when did the new season of colony start,1,Colony (TV series)
1b39c4fd-735f-405f-99dc-63d7fa89312d,naturalqa,odalisque is a turkish term and can be defined as,1,Odalisque
fb6440aa-b6cd-43f7-9c26-fb236427cd39,naturalqa,what does the name kyra mean in japanese,1,Kira (given name)
d92ac055-3bc1-4011-abf1-ed1e9e79d0af,naturalqa,who sang if the devil danced in empty pockets,1,If the Devil Danced (In Empty Pockets)
ae2127d6-36fd-4157-b91a-3a6da378bf11,naturalqa,how many big ten championships does michigan state have,1,Michigan State Spartans football
0f727c15-95d2-463d-845c-5531a10ccdaa,naturalqa,the flaplike opening in the interatrial septum of the fetus,1,Interatrial septum
8211507e-e639-4651-b440-7b301dee87d1,naturalqa,when does the memory keeper daughter take place,1,The Memory Keeper's Daughter
26716559-3194-48b4-aee1-139e664ad211,naturalqa,who sings jesus and momma always loved me,1,Jesus and Mama
d441f255-dfa8-4f15-aa29-f2fa308384fd,naturalqa,who was the character hannibal lecter based on,1,Hannibal Lecter
aea13642-1d77-4f87-95cc-6d9fbf3139ec,naturalqa,who wrote the song good directions by billy currington,1,Good Directions
7abddd87-c20c-442f-b8e6-4520807db6d1,naturalqa,when was the steam powered paddle boat invented,1,Steamboat
98d952b5-3f69-497b-8017-6e7943ddd693,naturalqa,when did cavity wall insulation become part of building regulations,1,Cavity wall
e1b465c4-1e69-462d-9688-6a8365855b05,naturalqa,the mali epic of son jara is the cultural history of,1,Epic of Sundiata
05f7e1f9-8394-4dcd-9638-9468ccbad59c,naturalqa,where did walter hear about the million dollar distress sale mansion,1,The Money Pit
a8b12d82-c692-4cc8-90f0-da3d880e6f26,naturalqa,who sang the song uncle tom's cabin,1,Uncle Tom's Cabin (song)
5acf85f5-6385-4c5b-b2a1-440e002d6787,naturalqa,who played primrose in the darling buds of may,1,Abigail Rokison
55a3e867-d47a-4a6b-8d9a-a83516e25ed7,naturalqa,what do you call a lion headed monster,1,Cerberus
36aac076-2bd9-4c68-99c1-73b21fecc719,naturalqa,who gave the slogan jai hind to the nation,1,Jai Hind
51ca49a4-f897-448e-9d11-89b7235edd95,naturalqa,what is the meaning of the word toronto,1,Name of Toronto
77b9b942-05ad-4baa-96b8-4408c10511e4,naturalqa,who played the original floyd the barber on the andy griffith show,1,Floyd Lawson
9c97c933-7814-4ba6-b350-2890dbda86c8,naturalqa,where did charles grandison finney launch his spectacular revivals,2,Charles Grandison Finney
1e242b00-32ce-4823-b196-7a01d355ad99,naturalqa,who sings something coming in west side story,1,Something's Coming (song)
c0763815-8e9b-47ca-927a-196953289d5c,naturalqa,who plays adrienne on days of our lives,2,Judi Evans
976d097d-02de-4680-ac98-a249610e7694,naturalqa,what's the population of walnut grove minnesota,2,"Walnut Grove, Minnesota"
04ea042c-6ac2-4988-9acf-831c96f8c605,naturalqa,when did the first tablet computer come out,1,History of tablet computers
cbad4a87-ed12-46aa-ae84-e55f206b1ece,naturalqa,where does the last name tobar come from,1,Tovar (surname)
7d52b5b6-2397-48f9-903b-f4dba1a3401f,naturalqa,where did most loyalists go after the revolution,1,Expulsion of the Loyalists
726284f1-6ec1-4648-91dc-783eb167e2f1,naturalqa,when did the song thunder rolls come out,1,The Thunder Rolls
893c6c38-3aa0-4eea-bc68-67d01e6dd2fa,naturalqa,the african prime minister who first came to power in ghana,1,Jerry Rawlings
d5a4bd92-bb41-428a-842d-a7f81bf5c01d,naturalqa,when was the last time the erta ale volcano erupted,1,Erta Ale
20b804e2-9f8e-4033-a8b6-92f06d91194e,naturalqa,when did they change the wind chill formula,1,Wind chill
77c73ad0-6392-4770-b5c4-1819b37e92a3,naturalqa,where is the longest bridge located in africa,1,Third Mainland Bridge
91fd22b3-ac1d-4144-b710-945f723cbb98,naturalqa,how much points did lavar ball average in college,2,LaVar Ball
5ad040c9-3010-4bba-88b1-23e26798e6f6,naturalqa,when did smosh get bought by a company,1,Smosh
748005d7-f4cc-4f6f-aeb6-62928d1a2950,naturalqa,when did iron maiden release their first album,1,Iron Maiden (album)
a5cd0d53-e72a-4c6e-b941-5aaeb2b9c0cb,naturalqa,where is the darts being held in las vegas,1,2018 US Darts Masters
9078ac24-deab-4549-a691-fcc59135f1cb,naturalqa,when did the babysitters club books come out,1,The Baby-Sitters Club
35251e9c-ee4a-486e-bc62-5372077e294f,naturalqa,who is named as responsible for the st james massacre,1,Saint James Church massacre
34fca91c-9359-4ab7-8993-bf22639c7497,naturalqa,where is lalit kala academy rabindra bhavan situated,1,Lalit Kala Akademi
46c958f7-26b3-44dc-865a-ebbbdd6f6c99,naturalqa,how many students in virginia beach public schools,1,Virginia Beach City Public Schools
6218335c-b4e3-4869-ad00-06c5b7a6beb5,naturalqa,when was the first version of word released,1,History of Microsoft Word
b9550cb9-e08c-442b-a15d-d547a849db81,naturalqa,where is the tpc sawgrass golf course located,1,TPC at Sawgrass
3cb66e57-607b-490d-a09a-656e4cfde9f5,naturalqa,when is puerto rico competing in the winter olympics,1,Puerto Rico at the 2018 Winter Olympics
3b854fe4-5a62-4988-a5bd-74caa058df39,naturalqa,what is the relationship between south africa and china,1,China–South Africa relations
9ed605c6-66f9-4374-a1b4-0a4589dfabce,naturalqa,where does the name de souza come from,1,Sousa (surname)
54010099-ba2d-426d-8156-a28eb6afae9a,naturalqa,who wrote the song tell it like it is,1,Tell It Like It Is (song)
907e319c-b977-44fa-b419-a0d5ba5e42f0,naturalqa,when was nigeria security and civil defence corps established,1,Nigeria Security and Civil Defence Corps
d01c91f7-c72c-420d-bdbc-434809debaff,naturalqa,where are jonathan and charlotte britains got talent from,1,Jonathan and Charlotte
d97a1117-ee15-43b7-b4e0-5a87da66ab92,naturalqa,when was the ngi system first used by the fbi,1,Next Generation Identification
e0b80236-64a5-4186-adf0-128100fbcb5c,naturalqa,who paid to make the documentary what the health,1,What the Health
22f65465-3e64-45e0-b915-fe019397eeb4,naturalqa,who plays nim in return to nim's island,2,Return to Nim's Island
02556af3-b594-4f08-82a7-b9f7fb3be2b3,naturalqa,who wrote the song dimming of the day,1,Dimming of the Day
03de4e22-83a1-4d7f-aa5b-87639064fbe3,naturalqa,what was ian fleming's last bond book,1,List of James Bond novels and short stories
ae145032-4b31-49cc-bf82-02eb2e7f2076,naturalqa,who sings the song let me love you tonight,1,Let Me Love You Tonight
adffd9b7-bc72-488a-8773-4c9087ee9852,naturalqa,who sings i just wanted you to know,1,I Just Wanted You to Know
f0c17eed-d79c-44f7-ace3-36ca92294a30,naturalqa,name the largest national park in east africa,1,Ruaha National Park
f612e493-8d19-4fd1-8ef5-223c154de929,naturalqa,who created the magnetic stripe on credit cards,1,Forrest Parry
8a877747-f00f-4ccf-9755-0e8b72c82d00,naturalqa,who was you make loving fun written about,1,You Make Loving Fun
07fed32d-62d2-4369-8f1e-89eb6dc6ca09,naturalqa,the side chain for valine is classified as a,1,Valine
697da438-81a5-4a2b-8bec-9f27f55c3176,naturalqa,how big is the denny sanford premier center,1,Denny Sanford Premier Center
b5413411-21e0-43e2-8fc5-3d85a11c5c65,naturalqa,the whmis logo was developed to represent the partnership of,1,Workplace Hazardous Materials Information System
9b8080d3-0349-407c-87e4-13220e91783c,naturalqa,who is bardia in till we have faces,1,Till We Have Faces
5f568940-6c58-4663-b0eb-23b1ce9de415,naturalqa,who sang sleeping single in a double bed,1,Sleeping Single in a Double Bed
44031d65-c745-4bb8-8f82-1db5dbc4d0fa,naturalqa,who is the founder of clean up australia day wikipedia,1,Ian Kiernan
e9661d07-53e7-42d6-80d7-79db37f2bca5,naturalqa,when was google translate launched for the first time,2,Google Translate
5bb45397-30d5-410e-8103-e6cc7c2da6ea,naturalqa,where do you get license plates in ontario,1,Vehicle registration plates of Ontario
86f94edf-393c-4293-bdec-705e90df451a,naturalqa,who won the first gold medal at the winter olympics,1,List of 1924 Winter Olympics medal winners
05ef2653-804c-4c80-9eae-f32d25e5934b,naturalqa,who played stacks on bj & the bear,1,Judy Landers
a2c32297-83b7-46c9-be83-556cb6508f65,naturalqa,what is the meaning of the name denise,1,Denise (given name)
5c3292ac-5aef-4acf-8b3a-0225b4709d90,naturalqa,when did shania twain released come on over,1,Come On Over
2aa2d8e9-7841-4393-9bb8-599db5d1b605,naturalqa,when did the baiji river dolphin become extinct,1,Baiji
f435775f-3235-429e-9fe1-bf73270c9805,naturalqa,where was the movie boy filmed in new zealand,2,Boy (2010 film)
d0f6ec74-75e7-4d20-a4d4-a194bfb5305d,naturalqa,who set up the first stockyard for texas cattle in abilene kansas,1,"Abilene, Kansas"
77fa9a40-c796-4156-9161-442a745868a8,naturalqa,who commanded the crew of seven of the columbia on the 38th flight of the shuttle on sts-35,1,STS-35
fea914cf-2cd1-432e-bf8f-1d098788b747,naturalqa,who is on the cover of the contra album,1,Contra (album)
9bed0419-2256-49af-82a0-645ece8b37aa,naturalqa,who is the protagonist in the last action hero film,3,Last Action Hero
0c3128d6-436f-45d7-86bb-b81bb320c494,naturalqa,first person to be made an honorary citizen of the united states,1,Honorary citizenship of the United States
3fce5941-6b66-4688-b541-bf1f4622abc5,naturalqa,how many different species of hedgehogs are there,1,Hedgehog
6cca0e07-180b-4f40-9078-e6519f52d3c1,naturalqa,where did the new york giants first play,1,History of the New York Giants
d2af41a1-6366-470e-a46e-83855847b511,naturalqa,where did the red sox get phillips from,1,Brandon Phillips
f2605810-d4ea-4fa0-b0b9-160d90edb599,naturalqa,where do x-ray telescopes have to be placed in order to view objects in space,1,X-ray telescope
2ddb0c0d-b199-4250-a9c5-6757a2076ad0,naturalqa,who is the head of the secret service,1,Director of the United States Secret Service
c2127b46-9f28-40b1-b31c-5749f48d484d,naturalqa,where is the portugal fort build in 1503,1,Pallipuram Fort
22521d43-35a8-40ae-a787-ce1be0dc3f68,naturalqa,cells attracted to the site of infection by il-8 are,1,Interleukin 8
659e063d-e395-42d8-863b-8402a9faa2f2,naturalqa,where did the battle of roberts ridge take place,2,Battle of Takur Ghar
bfcc61c9-9942-4482-9fb7-009c887e834e,naturalqa,the circular muscle of the iris uses which parasympathetic receptor,1,Iris sphincter muscle
1b1625d5-c1bc-415f-bda7-e600a7a174c3,naturalqa,who plays david harrington on the haves and have nots,1,Peter Parros
f61d5d56-7c31-4d67-969b-b71656878d30,naturalqa,where were the first oreo cookie sold in the us,1,Oreo
ff9f5251-9b00-45ff-8e2a-ffc6e3c65a66,naturalqa,where did le'veon bell go to high school,1,Le'Veon Bell
698f933a-b21f-4933-bc47-1936a72987fc,naturalqa,who wrote the theme song for the tv show mash,1,Suicide Is Painless
94f2b853-1a91-4861-a1cc-26fe1dcfbb17,naturalqa,who wrote the song in the shelter of his arms,1,Ray E. Heady
b2a41fa5-eb35-4178-81b4-5c53ad750cde,naturalqa,who sings the song everybody's talkin at me,2,Everybody's Talkin'
62a89a93-1074-4a9b-bc50-a87b4d48ebe5,naturalqa,when does the adventures of kid danger come out,1,The Adventures of Kid Danger
e9303a95-d00a-4d9a-9fb1-00437794daac,naturalqa,where was one more from the road recorded,1,One More from the Road
607e2720-3107-4af6-91f6-6c859196cc91,naturalqa,who sings it's late in the evening,1,Late in the Evening
15224e94-a14b-4f9d-9547-82395444cccf,naturalqa,who sang the songs in the movie your cheatin heart,1,Your Cheatin' Heart (film)
bd3f5241-f77b-479e-a353-639b6bbb0c85,naturalqa,when did the eminem show cd come out,1,The Eminem Show
9f31d8c4-76c7-49d2-aa85-632bbd3ff2cf,naturalqa,when was the medical card introduced in ireland,1,Medical card
1f48639b-8d9c-46fc-bd3e-3436be0cb6a9,naturalqa,who wrote the love that i have is all that i have,1,The Life That I Have
35e5559d-7b62-4d81-8c16-633a41d03796,naturalqa,who does the voice of sully in uncharted,1,Richard McGonagle
48cc3ee9-b726-4be7-b165-1bd2deb5022e,naturalqa,mera joota hai japani song from which movie,1,Mera Joota Hai Japani
3690c559-09a4-4c78-8dec-1022afc1c1da,naturalqa,what kind of a dog is spuds mackenzie,1,Spuds MacKenzie
57465897-9a01-4d92-8738-1fa713da6df0,naturalqa,where did duke get the name blue devils,1,Duke Blue Devils
4505881a-983c-43f3-8cc9-78c6b602f59c,naturalqa,when did jerry become larry on parks and rec,1,Jerry Gergich
5a671d72-cc6e-40f5-ab6c-2e98f9196519,naturalqa,who won afl mark of the year 2017,1,2017 AFL Mark of the Year
e374a01d-19d4-4df2-9299-27875d6d9ac0,naturalqa,who sang for the rest of my life,2,For the Rest of My Life
44b0c907-652b-4269-a0e9-aee1edadfb07,naturalqa,where did they film the general's daughter,1,The General's Daughter (film)
bfd20f17-f8eb-4309-90f5-5e006cf35318,naturalqa,when is agatha christie's crooked house set,1,Crooked House
a4f5f9b3-9c07-402b-bc6e-b4805280f071,naturalqa,when did the liberals take power in canada,1,Liberal Party of Canada
41ee3a7e-1124-4637-89de-0bd455c92323,naturalqa,when did the north african elephant became extinct,1,North African elephant
d02499d9-1973-4e4e-bd5d-e0630a2252e1,naturalqa,who won the little league world series 2017,1,2017 Little League World Series
15e6474a-8ec3-4e30-aa86-1e08adcfe644,naturalqa,where does the book black and white take place,1,Black and White (novel)
a6d01f26-7d86-49b8-9e66-657f91c846be,naturalqa,when does the arena football season start 2017,1,2017 Arena Football League season
4edc60a7-782c-48a3-83bf-d5ce851423f9,naturalqa,who lead the second military coup in nigeria,1,1966 Nigerian counter-coup
cff6d951-cb4e-4789-a303-90e082143dec,naturalqa,when was the golden nugget in atlantic city built,1,Golden Nugget Atlantic City
ccd627aa-7d06-45b2-b16a-424f2dc7cf8a,naturalqa,what type of bridge is the west gate bridge,1,West Gate Bridge
4ff41540-9a41-4ebd-b0d3-1aead261bfbc,naturalqa,what are the big waves in hawaii called,5,"Peahi, Hawaii"
b9f8e10a-dd8a-44b5-8701-c75ad58b63eb,naturalqa,who invented the trigger for the atomic bomb,1,Dayton Project
723e97c6-ca64-462f-ac1c-d15cb9cb1845,naturalqa,who has been honoured with the pulitzer prize for music 2018,1,2018 Pulitzer Prize
bc19c61e-9a98-4f27-9501-215b60b2f82f,naturalqa,who wrote more than this by one direction,2,More than This (One Direction song)
196c5072-9aa0-455c-a5ae-2c086943d329,naturalqa,who is the girl in zz top legs video,1,Legs (song)
f050c5e3-0409-41cf-b433-3e121d28dfb3,naturalqa,who was mcclellan air force base named after,1,Sacramento McClellan Airport
218eb4ed-22b7-4ec0-9571-7715fb4dc193,naturalqa,when does jack of red hearts come out,1,Jack of the Red Hearts
c633c263-d7b5-418f-baa7-5d020bef620a,naturalqa,when does buffy tell her mom she's the slayer,1,Joyce Summers
b6e2e73d-289d-4a31-874e-f2493ab36811,naturalqa,us president that could write with both hands,2,List of multilingual presidents of the United States
3981fe86-a7de-44b1-93ef-51b4655a4ed9,naturalqa,where did the light brown apple moth came from,1,Light brown apple moth
6eef4a91-593e-48cc-bf48-e56a340e397d,naturalqa,when did the movie staying alive come out,1,Staying Alive (1983 film)
b0f07247-568b-45b1-94d6-162cab3cde30,naturalqa,what animal is on the australian ten cent piece,1,Australian ten-cent coin
15347ac0-9add-45b8-a998-57fb04d39c76,naturalqa,who played jade on days of our lives,1,Gabrielle Haugh
13fc0ee7-cb14-470c-b119-bfe60786f67e,naturalqa,what is the net worth of the gupta family,1,Gupta family
d9ea5003-5900-4ffd-a387-a66316d300f8,naturalqa,when did not your father's root beer come out,1,Small Town Brewery
cd3d0435-497f-4d36-8963-997258a566a2,naturalqa,who sings the song i'm going down,1,I'm Going Down (Rose Royce song)
fedf8508-98c2-4461-8fa6-be281ff4d3d8,naturalqa,what is the most common drug to incapacitate someone,3,Date rape drug
3d8b0333-962e-4560-96f0-d101d5b2b69f,naturalqa,who played george hazard in north and south,1,James Read
54ecd0ac-cd6b-4571-9bfa-d9e763653fd8,naturalqa,who sings the song go big or go home,1,Go Big or Go Home (song)
c15094bd-24fb-442f-9dfe-738adee9bb07,naturalqa,which is the oldest municipal corporation in india,1,Greater Chennai Corporation
720d7f49-51b7-42eb-8f94-063347529b27,naturalqa,in which ww11 battle was the gothic line of defence breached,1,Gothic Line
ab1d12e6-326f-4b56-850d-bce82b7160d3,naturalqa,where is the georgia dome located in atlanta,1,Georgia Dome
c6c7522b-d5be-4ae6-9219-07c4b5b4b2d3,naturalqa,where does the water for lake las vegas come from,2,Lake Las Vegas
f0d68a31-4a30-4b26-9b10-fa418f1ce816,naturalqa,who played benny in my babysitters a vampire,1,Atticus Mitchell
7ce1cbbb-3fd3-4cb7-bdec-ac2148c51f1e,naturalqa,where were cane toads first introduced in australia,2,Cane toads in Australia
8c080921-757d-4050-8be2-cf0b9058faee,naturalqa,who did david hasselhoff play on young and restless,2,Snapper Foster
e7075a14-cc5a-468d-97fe-c54f0267399c,naturalqa,where was the movie bullet for a badman filmed,1,Bullet for a Badman
242654c4-b4d1-4257-b210-23e4e913159c,naturalqa,who is the girl in she's so mean video,1,She's So Mean
cab55a8f-40ca-417b-979d-93df5a55bba9,naturalqa,when did buy you a drink come out,1,Buy U a Drank (Shawty Snappin')
3bc6529b-76d9-486c-adb2-1b50f2acaf68,naturalqa,themes in wole soyinka the lion and the jewel,1,The Lion and the Jewel
13ef499e-03e6-4258-a7b7-a5d664da1cc7,naturalqa,who played baby moses in the ten commandments,1,Fraser Clarke Heston
6a05b06c-711a-4aae-a3e2-28b0a13b3553,naturalqa,who plays dale on king of the hill,1,Johnny Hardwick
9c74eb18-a365-4e39-98c8-e77d94e9a729,naturalqa,who did tony gordon kill in coronation street,3,Tony Gordon
64e5d07a-41ac-4882-9032-1e25604061f9,naturalqa,how many medals did canada win at the 2014 olympics,1,Canada at the 2014 Winter Olympics
e1b51ea8-13c0-4069-9782-dbc8e648f777,naturalqa,who won the battle of fisher's hill,1,Battle of Fisher's Hill
df10a769-410a-4455-b058-cc587e2197b6,naturalqa,who was the first national chairman of the proscribed social democratic party,1,Social Democratic Party (Nigeria)
83bf689d-4e0e-4bf3-981b-0b899af85b4c,naturalqa,when was the first mcdonald's opened in canada,1,McDonald's Canada
20be3967-1415-4f1b-a246-0628fb8943a4,naturalqa,who sang for tony in west side story movie,1,Jimmy Bryant (singer)
7a3e96d2-7c15-4656-a9d5-f45f3d41fd1e,naturalqa,who wrote the way you make me feel janelle monae,1,Make Me Feel (Janelle Monáe song)
4ef75864-dfef-4420-b6c8-c0c9cdedcd80,naturalqa,who wrote you're the cream in my coffee,1,You're the Cream in My Coffee
55b9d1f5-bc5f-4c19-88ed-3df442fea287,naturalqa,where was the adventures of sherlock holmes published,1,The Adventures of Sherlock Holmes
37a50565-8419-4841-9d60-bf63e45250ec,naturalqa,where is the comb located on the chicken,1,Comb (anatomy)
bac83ab7-f9d3-4751-b308-70d8f80e83c2,naturalqa,when does kuroko no basket movie come out,1,Kuroko's Basketball
2657ac08-40a0-4408-b2f9-975d5c6add2a,naturalqa,who is on the cover of american beauty american psycho,1,American Beauty/American Psycho
c84458cb-83cd-42fb-8d70-f8f094767760,naturalqa,what is the dominant strategy in an ascending bid (or english) auction,1,English auction
abe0915c-6b74-4fa3-a31a-d5f891cb3661,naturalqa,which part of the golden eagle is gold,1,Golden eagle
4b483388-220f-4e5e-98e6-ddef16eda3bb,naturalqa,who won the espy for best nba player,1,Best NBA Player ESPY Award
512fbc49-6182-44d1-b680-ba2aadefad5e,naturalqa,who plays eva on the bold and the beautiful,1,Kelly Kruger
76779d21-4f61-4246-bd60-62b2df0166cc,naturalqa,what is the canada us air quality agreement,1,U.S.–Canada Air Quality Agreement
0c0d211e-4342-4dee-a1b2-dd5e15c6478c,naturalqa,how many hotels are in new york city,1,List of hotels in New York City
1f37c6a8-49d0-4ee4-b26c-18e241aaec5e,naturalqa,who sings do it til you're satisfied,2,Do It ('Til You're Satisfied)
3121e4f5-359b-4de5-b4f9-9b5477f10a5c,naturalqa,when did bilingual education start in the us,1,Bilingual Education Act
c1289753-9541-4a48-b48e-3f1107a18858,naturalqa,who is the kung fu master in kill bill,3,Gordon Liu
68719efb-8d3d-4c3a-a08f-baeaa4249ee8,naturalqa,who played ricky's mom on silver spoons,1,Silver Spoons
7a3470f2-fd9c-4738-981e-1bc6871150ca,naturalqa,when was new super mario bros wii made,1,New Super Mario Bros. Wii
252b5125-26d3-4b4c-a20a-65ed54e1f7a7,naturalqa,who played topsy in uncle tom's cabin 1927,1,Uncle Tom's Cabin (1927 film)
83f5a08d-d707-4006-a6a9-e71ac26f66fb,naturalqa,what does the abc in abc liquor stand for,3,Alcoholic beverage control state
3ae2b6a7-b325-4237-98d5-e8cfd8f576c4,naturalqa,who wrote only daddy that'll walk the line,1,Only Daddy That'll Walk the Line
2d6293c8-b242-42e3-90fe-02ff15d78e55,naturalqa,who plays sally on flight of the conchords,2,Sally (Flight of the Conchords)
e1135f88-431a-426e-9127-66e59db5306c,naturalqa,where does a black tip reef shark live,1,Blacktip reef shark
1db667eb-1019-4a4f-b287-e5f2328c2bf7,naturalqa,when did memphis state became university of memphis,1,University of Memphis
55937c6e-165e-49e1-89e0-5f5e30e39db7,naturalqa,when did central pacific railroad trains first pass over donner summit,1,Donner Pass
c2680d33-86ae-4834-a374-4adf545d9882,naturalqa,who did natalie hall play in pretty little liars,1,Natalie Hall
a3adb747-b954-4bef-ba8a-4b6ed32212ea,naturalqa,who played gupta in only when i laugh,1,Only When I Laugh (TV series)
f7eb8418-175a-4cba-a7d6-964ef2b4ef9a,naturalqa,who is credited with establishing the constantine chapter,1,Sigma Chi
a2ca3597-cc52-4beb-a882-4e6728253a3d,naturalqa,who said the answer lies in the soil,1,Beyond Our Ken
8b877adf-f10b-4081-9f72-efca605afc6b,naturalqa,who has won the 2017 formula monaco grand prixs world championship,1,2017 Monaco Grand Prix
5b0fba50-6fbf-4a1c-81bd-a9818692312c,naturalqa,who wrote the song till the storm passes by,1,Mosie Lister
4bbe82de-0a97-42ac-96e6-1bd95168941b,naturalqa,the technical name for the sense of balance or equilibrium,1,Sense of balance
1136dc83-04cb-478a-b12f-8bb53f229636,naturalqa,who played julia on as the world turns,1,Julia Snyder
98786f23-4178-441e-af55-d5b6d99ed75e,naturalqa,who shifted the capital of magadh from rajagrih of patliputra,1,Rajgir
cc610800-361b-4d86-bc54-122f8ed8fa08,naturalqa,when did every light in the house is on come out,1,Every Light in the House
f93382d2-e1ba-4f90-a16b-384fb50dc20b,naturalqa,who played the title role in maisie raine,1,Maisie Raine
21cd0c35-53b4-4ca3-8e30-7439dd22aa92,naturalqa,when was the reflecting pool in washington dc built,1,Lincoln Memorial Reflecting Pool
f549e0f9-2b66-4656-a2be-3e411ef19209,naturalqa,what is the use of cursor in database,1,Cursor (databases)
4a0ab616-1fca-4c99-9824-5046d78b39e4,naturalqa,where is the town of fortitude supposed to be,1,Fortitude (TV series)
615f7a1e-add5-4ee5-b697-abe5844355ca,naturalqa,who played jimmy olsen in the original superman,1,Jack Larson
24f4cbf2-b4ed-4415-9694-6b40123a125a,naturalqa,when did oreo os cereal first come out,2,Oreo O's
c8083789-0407-48ac-8daa-6e64884378d5,naturalqa,when was the last time two hurricanes hit the united states,1,2016 Atlantic hurricane season
6aa71d78-3ab2-42dc-b3af-2d519b00e172,naturalqa,who is the killer in along came a spider,1,Along Came a Spider (film)
de2e7d9f-270a-48b7-9ae6-ad7e178d2063,naturalqa,who performed the first successful heart transplant in australia,1,Fiona Coote
6b06c087-23d7-44ad-b29a-f3b6953b570c,naturalqa,alternative pathway of complement activation is initiated by,1,Alternative complement pathway
59f48885-5b58-42e4-a3f7-e2a0bc44766f,naturalqa,how many schools are in greenville county school district,1,Greenville County School District
d4fe0909-7f11-42b6-b13b-71bc80b6212d,naturalqa,who hosted the tv show *jeena isi ka naam hain*,1,Jeena Isi Ka Naam Hai
3020fc51-0e4a-4dd5-aed8-fb0a7ad8ddc0,naturalqa,how many chiefs signed the declaration of independence,1,Declaration of the Independence of New Zealand
3d775e16-347a-4966-8f20-c032fd0aca01,naturalqa,what are the nearest cross streets to the carnegie deli,1,Carnegie Deli
4666ba07-b57d-4672-9e78-f4bfcd3c3ecd,naturalqa,when does the jaguar f pace come out,1,Jaguar F-Pace
47bcaf70-a836-4c8d-bd9a-8f07d8401a10,naturalqa,what does the p stand for in p45,1,P45 (tax)
c9892f32-9488-4e30-8704-67afbe8d725f,naturalqa,who played dogberry in much ado about nothing,1,Dogberry
e60375f8-6bd0-4bd0-9ae9-91bcd1af0917,naturalqa,when did rugby league go professional in australia,1,Rugby league in Australia
304a7164-2cb5-4b67-a7b6-a4fd29c93502,naturalqa,who pays for paid family leave in california,1,Paid Family Leave (California)
5339cfe0-3bb3-487c-90e6-51ed6d00514c,naturalqa,who played bo buchanan on one life to live,1,Robert S. Woods
3a1fe6a4-7d3f-466a-a228-db5d9599f17e,naturalqa,what is the population of the fargo moorhead area,1,Fargo–Moorhead
4b4b959b-1f3a-4aef-a7c5-116eeeaf6f20,naturalqa,who wins season 11 of the amazing race,1,The Amazing Race 11
6e6db12a-3661-4b4d-9b08-02c1524378d4,naturalqa,when did the first rainbow vacuum come out,1,Rexair
7005fccb-e475-453e-b6a7-fbbf35d8411b,naturalqa,what is the function of pharyngeal pouches in aquatic chordates,1,Pharyngeal slit
00a8cc56-8d6d-4b72-a1e2-25bd986b8fbc,naturalqa,actor who played william beech in goodnight mr tom,1,Nick Robinson (English actor)
6b9e7bf8-2031-44cd-834d-c446a8f0e27e,naturalqa,when did pokemon diamond and pearl come out,1,Pokémon Diamond and Pearl
c391025b-16f7-4a5c-a570-763f519c0fdf,naturalqa,in india which businessman had pilot license number one,2,J. R. D. Tata
d1f55c61-e4e5-4d12-8be2-edc4f88d674b,naturalqa,journal of the kansas entomological society impact factor,1,Journal of the Kansas Entomological Society
51c2cb8d-c545-4521-aed6-d08ee6c93f1c,naturalqa,a famous feature of the national theatre's olivier stage is its,1,Royal National Theatre
2dde6cd9-ab13-4ed8-81b2-09de4944bbaa,naturalqa,where in the constitution are civil liberties protected,1,Civil liberties in the United States
458727e4-def7-4195-9757-7915d6181806,naturalqa,who won the 2017 sultan azlan shah hockey championship organised in malaysia,1,2017 Sultan Azlan Shah Cup
ee977f2b-1b37-485f-900b-c7f6e3dd9e8b,naturalqa,when was the first dollar general store opened,1,Dollar General
ccdfdb68-a8c5-4883-8d5e-6225bf727ecf,naturalqa,how abundant is calcium in the earth's crust,1,Calcium
9e879b03-ee86-4071-81eb-52b1b9f4805e,naturalqa,who wrote the book 'silent spring ' inspiring a new environmental movement,1,Rachel Carson
59d35ad7-6897-4085-b5f7-5e1e68cdb833,naturalqa,what episode of southpark does cartman sing poker face,1,Whale Whores
a23972a4-fc49-4eea-b43e-fc537b19b7b3,naturalqa,where is the tv show single handed filmed,1,Single-Handed (TV series)
87b12ee0-e4c3-468a-a4ab-43ad9c7b0657,naturalqa,who sings how do you solve a problem like maria,1,Maria (Rodgers and Hammerstein song)
2b11cb18-cc8a-47c1-a8b7-c31eacee3269,naturalqa,when did josh join red hot chili peppers,1,Josh Klinghoffer
28144833-b9fd-4204-a741-b14ebe6a8c39,naturalqa,where is the university of oregon state located,1,Oregon State University
81747f82-27de-4f60-95bf-3084f5e6b9ff,naturalqa,when is descendants 3 going to be on disney channel,1,Descendants 3
e3d1f213-84e2-4c15-b482-f8bb6f642b61,naturalqa,who wrote i'm a dreamer by living joy,1,Dreamer (Livin' Joy song)
861b9c66-3d01-4c41-8076-b78a320e9f78,naturalqa,who is the girl in she's so lovely video,1,She's So Lovely (song)
f70c5393-3020-482b-af4f-bb84d7f68b99,naturalqa,who sings let it rock let it roll,1,Let It Roll (Let It Rock)
39e69ce5-fc26-41d4-ace9-da488232105d,naturalqa,when did the flood on spring creek occur,1,"Spring Creek (Fort Collins, Colorado)"
83ec7285-7636-41f3-8994-3ce37826fb3a,naturalqa,who sings the country song down on my knees,1,Down on My Knees
a03d9c8f-9067-46a4-bf9d-a12ccd4d2fe7,naturalqa,what type of music did vernon dalhart sing before switching to country music,2,Vernon Dalhart
6ba10599-2cfd-49de-8d7c-a7a550b3ba81,naturalqa,where did dierks bentley go to high school,1,Dierks Bentley
2f3ebdc0-8c47-45e3-9160-2baa8e36e855,naturalqa,where is agatha christie ordeal by innocence filmed,1,Ordeal by Innocence (TV series)
68a7c287-c982-4138-b6de-1663c892afdf,naturalqa,what commodity formed the economic backbone of bengal in the eighteenth century,1,Economy of India under Company rule
310f6a65-ebf9-4661-98b9-6bf81f17f823,naturalqa,where did the battle of romani take place,1,Battle of Romani
d049f705-5268-48d3-8ea6-487f2654c059,naturalqa,who owned the farmhouse where the two commanders of the civil war met to end the war,2,Bennett Place
a0abbcf7-35ac-46b6-b273-f230a448b8ae,naturalqa,who was the last baton carrier at the opening ceremony of the 2014 commonwealth games,1,2014 Commonwealth Games opening ceremony
306884e8-7360-4ef1-ab39-ffe3feaa445c,naturalqa,who were the survivors of the sosoliso plane crash,1,Sosoliso Airlines Flight 1145
177f4948-1f01-4c97-9606-26e4dfc4a79f,naturalqa,when did the battle of hamel start and end,1,Battle of Hamel
74eda7a1-b2d2-4827-a036-a3db3ae85ba9,naturalqa,when was golf first played in the olympics,2,Golf at the Summer Olympics
098ef241-00c9-4a36-b472-235662c1e633,naturalqa,where is the main post office in norwich,1,United States Post Office–Norwich Main
fab1b743-3fdb-4f1b-a3b4-41879fe946a8,naturalqa,rad52 is involved in which type of dna damage repair,2,RAD52
c0ac312a-ec2f-4e13-9114-41938aa75281,naturalqa,who designed the labyrinth that houses the minotaur,1,Labyrinth
ff99c92b-7613-411b-9bea-41a228a47df2,naturalqa,where is the first reading held for a bill,1,Reading (legislature)
e2fae8eb-43bb-4b48-8ca7-a47a3c5370f1,naturalqa,when did the young bucks join bullet club,1,Bullet Club
578e5173-a306-4d33-ace5-a9a8d442a12a,naturalqa,what is the english name of sapota fruit,1,Sapote
7058d518-d808-4604-9b6d-af3be3787275,naturalqa,where is the canadian music hall of fame located,1,Canadian Music Hall of Fame
6e823b86-3a80-4210-bc4f-b66993899e1a,naturalqa,how much did matt damon win in rounders,1,Rounders (film)
ba895266-63c2-4a3e-85e7-8d2c66d226bd,naturalqa,who wrote round and round by tevin campbell,1,Round and Round (Tevin Campbell song)
598bc329-6a49-41f4-abaf-4456abfa0b71,naturalqa,where was the movie the long hot summer filmed,2,"The Long, Hot Summer"
d4430b18-0bfa-418b-b76b-7af07cc7d8bb,naturalqa,where does the last name ruiz come from,1,Ruiz
2942b4bd-4f5d-40c1-9cc9-b82b4d61a84c,naturalqa,when did the original freaky friday come out,1,Freaky Friday (1976 film)
f8a847c5-9886-4293-aac8-64672048de16,naturalqa,who is the song missing you by diana ross about,1,Missing You (Diana Ross song)
f8e9a3dd-fe4b-4dbc-9d14-b7897a5cd092,naturalqa,when did raging waters san dimas first open,1,Raging Waters
82e6173f-73b5-49f0-bb14-a36cf2ba6a33,naturalqa,when was the last touch of frost made,1,A Touch of Frost
580e50ba-d322-47cd-b586-d94c68bd139e,naturalqa,what does the thermal cycler do in pcr,1,Thermal cycler
1c1cc98e-7a50-420f-8577-8bf7a4c60719,naturalqa,on which national holiday are the padma awards given,1,Padma Shri
e1875fa1-97e4-43ec-83b0-451060add210,naturalqa,how many episodes in kyle xy season 1,1,List of Kyle XY episodes
2a176549-37be-4165-9a63-8ba2723e09f8,naturalqa,when is the 2018 canadian figure skating championships,1,2018 Canadian Figure Skating Championships
f2b708dd-ff6d-4538-9b91-ac39f99be3d7,naturalqa,who was considered for the role of gabbar first,1,Gabbar Singh (character)
c6d51be1-64ca-49cd-86e1-475146451529,naturalqa,what is the purpose of the fecl3 test,1,Ferric chloride test
c4d85a35-9e88-4728-92c6-359a222d8b82,naturalqa,where do most chinese live in los angeles,2,List of U.S. cities with significant Chinese-American populations
b515a985-d814-4ae8-975b-43101363aacb,naturalqa,in which state rastriya rakshak dal was established,1,Rashtriya Raksha Dal
369893a3-2549-4ae4-a357-76e7d64a137d,naturalqa,who played eric olsen on north of 60,1,North of 60
f7a5c37c-568b-4e1e-9a31-3bb6321e6ddc,naturalqa,who sings the theme song for mcleod's daughters,1,Music from McLeod's Daughters
3d3bf5e8-5c1b-489b-b66f-9e11169f1d81,naturalqa,who plays missy in love's enduring promise,1,Love's Enduring Promise
2ed3e599-2149-491f-a36f-24e1503d9574,naturalqa,where is the urethral opening located in females,1,Urinary meatus
2c65462c-487f-4e8d-be23-419959730567,naturalqa,animal that live both on land and in water,1,Terrestrial animal
159727c6-ba66-4eb4-96b5-3ac8b0feb0cb,naturalqa,who sang the song the little white cloud that cried,1,The Little White Cloud That Cried
62b0e481-182b-4954-a1dd-5813d5563549,naturalqa,who wrote the song the old bog road,1,The Old Bog Road
d322dde6-dc64-4e92-8dbe-fc8ff0d82fb9,naturalqa,what is the biggest john deere tractor in the world,1,John Deere 9630
cf035bc9-fcfd-4129-bcd7-fa9672c9a009,naturalqa,who wrote the anti-war song draft dodge rag,2,Draft Dodger Rag
c436982b-c9a3-47fb-a00d-df25885ea0ba,naturalqa,when do the mistral winds blow in provence,1,Mistral (wind)
8ca4f0fa-d4cb-401e-8c3f-fd1656d30b4e,naturalqa,who sang we're in the army now,1,You're in the Army Now (song)
9301875e-9bcf-4425-9097-c4e3396394cc,naturalqa,how many juvenile offenders are there in the us,1,Youth incarceration in the United States
6e714feb-2217-435b-915f-a0d2f34b9eae,naturalqa,how many troops did australia send to korea,1,Australia in the Korean War
af4db582-1932-4c55-ba71-8ab8ec870f2e,naturalqa,who made the bamboo organ in las pinas,2,Bamboo Organ
f76c15e5-7b1f-4825-a20e-0f7398d7da06,naturalqa,what breed of dog has won the most best in show crufts,1,List of Best in Show winners of Crufts
f4ebc8cc-bbc2-434c-9727-675ca749c136,naturalqa,who is considered as senior citizen in india,1,Elder law in India
3fa85785-7dc6-4ccf-b593-1da092f106c8,naturalqa,who is the jacobs school of music named after,1,Jacobs School of Music
99f92d54-8faf-4fd7-b14c-3dd3c512d44d,naturalqa,who did fernando tatis hit 2 grand slams off of,1,Fernando Tatís
09b83c91-a90f-48bb-8760-db37dce0092e,naturalqa,when does death of superman come out 2018,1,The Death of Superman (film)
b697a49b-1deb-4c5e-a440-a7642366b1a8,naturalqa,what is the most obese province in canada,1,Obesity in Canada
8f2e9bbe-340f-42e4-a6cd-27bbbfd0fdd5,naturalqa,when was the last time a magician won agt,1,Mat Franco
40761d31-934a-4926-a520-aea3a2b4a57a,naturalqa,who sings god's problem child with willie,1,God's Problem Child
3bb314e9-ed37-4d21-b739-0a6742df8461,naturalqa,how many animals are at the cleveland zoo,1,Cleveland Metroparks Zoo
dabb87a8-1339-4c0f-ae49-a8ee555cfe06,naturalqa,what christian denomination was illegal in the colony of virginia,1,Religion in early Virginia
050da5b4-8c3e-419e-a66f-db4d7029ff3a,naturalqa,where did the idea of retirement come from,1,Retirement
bcaa83dd-a97c-4bf6-9d1a-81eac5110ce8,naturalqa,what do you get with my coke rewards,1,My Coke Rewards
89990b66-fda9-47a8-b6ba-e1dc069e594a,naturalqa,when did the full throttle saloon burn down,1,Full Throttle Saloon
7913db85-01b8-4045-a349-33e8a7b8cb8f,naturalqa,when did the tamils arrived in sri lanka,3,Sri Lankan Tamils
015a400e-89bc-49fc-8404-1de3238b795e,naturalqa,where does fight the good fight come from,1,Fight the Good Fight
6e9c6059-bc5c-45b7-a051-9ae0353819b2,naturalqa,where was in the name of the king filmed,1,In the Name of the King
160c6945-6649-423e-8ded-8bd88c2afdf5,naturalqa,what is the largest province in bicol region,2,Bicol Region
bd127c49-67ec-44dd-bfc0-f312036d12fb,naturalqa,the population of the oceania / pacific region is approximately,1,Economy of Oceania
574f0d76-3c94-400c-a29f-e6ec0aff51f7,naturalqa,what is the alcohol content of dr mcgillicuddy,1,Dr. McGillicuddy's
9186fdb6-743e-4acd-8466-e437d36428b7,naturalqa,who signed the wrong scorecard at the masters,2,1968 Masters Tournament
5b4bf21f-2ea5-4689-bde4-2cc872b48af7,naturalqa,who played lucy's son on the lucy show,1,The Lucy Show
fa81c6ca-f0dd-4128-9414-635f23ed08e9,naturalqa,what does 1 2 3 4 5 mean in basketball,1,Basketball positions
b6b87545-165f-4fe7-b38f-065c8aeef286,naturalqa,what was the outcome of the naval battle between the bonhomme richard and the serapis,1,USS Bonhomme Richard (1765)
aa6a354c-1c16-4501-9e59-0b06d84dcb3f,naturalqa,which type of soil is formed by leaching process,1,Leaching (pedology)
69006e95-e9d3-482a-a6d2-5b62e9f9726f,naturalqa,where does helicase separate the strands of dna,1,Helicase
cbb94873-06d0-4bb4-86b2-77eaf4eae4d3,naturalqa,who is the winner of sbse bda kalakaar,1,Sabse Bada Kalakar
6a31b7e2-bbc9-4281-8bd1-1adae8db8394,naturalqa,who wrote the song there goes my baby by charlie wilson,1,There Goes My Baby (Charlie Wilson song)
ccec3811-56a3-4a0d-9415-d31cae39e848,naturalqa,where was the netflix movie like father filmed,1,Like Father
5a5aa696-b6ea-42ca-986b-93e370619140,naturalqa,where was it's a boy girl thing filmed,1,It's a Boy Girl Thing
7b3c0010-09ba-400a-9fa4-b6e742a9e5a0,naturalqa,who owns the m casino in las vegas,2,M Resort
770751a2-f87f-4bf2-a8e7-2a23fa7d19c9,naturalqa,what is the real name of karan luthra,1,Dheeraj Dhoopar
265e69d5-87ab-4635-9465-c7ef0c76e938,naturalqa,where is the london school of economics located,1,London School of Economics
35407a24-3d22-47b6-b984-2262b091ddb4,naturalqa,what type of wine is made from concord grapes,2,Concord grape
02e79187-40dd-4fe8-954f-1f299cb842d7,naturalqa,when did the first episode of rugrats air,1,Rugrats
a210c249-21d6-4b1a-9d9f-fd29730c94db,naturalqa,what was sarah lancaster name in coronation street,1,Sarah Lancashire
a5d3262f-cc3b-4afe-b911-a01eaf57a47a,naturalqa,what's the population of north platte nebraska,1,"North Platte, Nebraska"
af266a90-b84e-41a2-9e38-a07b0b475bf2,naturalqa,who shifted the capital from hanamkonda to warangal,1,Warangal
d613acae-736b-48fd-9afe-59f4b1240c34,naturalqa,when did the jaguar e pace come out,1,Jaguar E-Pace
9270f540-06e9-48dc-ba3f-27c461fb3cda,naturalqa,when did pudsey the dog win britain's got talent,2,Ashleigh and Pudsey
d5b7ef37-a839-4f62-a35b-6d3ddc60182b,naturalqa,the zygapophyseal joints of the vertebral column are classified as,1,Facet joint
c1a684f9-f604-4c59-8de9-424188ae3e54,naturalqa,when did come dine with me first start,1,Come Dine with Me
8087d909-de1e-4f96-9429-4aa94848ac6d,naturalqa,who does the voice of santa on american dad,1,For Whom the Sleigh Bell Tolls
3337fd5e-8696-4078-a473-8ddc2482ada7,naturalqa,when did anchor butter stop being from new zealand,1,Anchor (brand)
73a186a1-cba8-4380-9dc7-a97d0b4878a4,naturalqa,where was beneath the 12 mile reef filmed,1,Beneath the 12-Mile Reef
7ae57d1d-9b73-4dae-941f-15053eeba038,naturalqa,when did what's the 411 come out,2,What's the 411?
f7b9a600-77ae-410c-ac20-c06e19229da5,naturalqa,who sang the song easy come easy go,1,"Easy Come, Easy Go (Bobby Sherman song)"
97f76c3c-6989-42b7-9ed2-f39f8638cf23,naturalqa,what was the point of the skinner box,2,Operant conditioning chamber
d1e5c00c-656a-439e-884a-4c9fdb86fb64,naturalqa,who drained the marshes of medoc in bordeaux france planting small vineyards,1,History of Bordeaux wine
7206e993-346a-4b3a-8ed3-65c67dff6dc5,naturalqa,where does the uterine artery anastomoses with the ovarian artery,1,Ovarian artery
e853fe75-ad9d-49bb-82d4-0bff3fb580da,naturalqa,who sang i wanna be with you,2,I Wanna Be with You (Mandy Moore song)
fbc9aa59-435e-434b-83f3-5c42e6f7eaf7,naturalqa,who plays bug in my soul to take,2,My Soul to Take
b64f6208-298f-4ff3-85f0-dd835af2af7b,naturalqa,when did the movie country bears come out,2,The Country Bears
5fb0f938-17ad-4c6e-a09e-885c3a938d2d,naturalqa,who sang i love you baby 90s song,1,I Luv U Baby
7fd7f867-e28d-4a03-ac74-5d6aa918a487,naturalqa,who sings the song i'm coming over,2,I'm Comin' Over (song)
f72369ec-6291-4de9-8f7c-cfcff9e52a28,naturalqa,where did the story so far get their name,1,The Story So Far (band)
7d74618b-392b-4b1a-972e-02cb8933c794,naturalqa,who was the song baby blue written about,2,Baby Blue (Badfinger song)
3ac009b4-6009-4edf-b3c2-bcf2148b901d,naturalqa,when was the bee gees one for all tour,2,One for All Tour
cd75af0c-dfbd-4e2b-8f6c-ab1088e9d594,naturalqa,how many mps voted for the eu referendum,1,European Union Referendum Act 2015
7dd2f15d-e15a-483a-a080-fbb0988cc4c9,naturalqa,who put peter rabbit's father in a pie,1,The Tale of Peter Rabbit
51f209d9-0efd-47ec-8d2b-c72c164104c7,naturalqa,where was two thousand acres of sky filmed,1,Two Thousand Acres of Sky
20b180a4-736d-44d0-9f21-d435336e025c,naturalqa,this was invented at london club called the cat whiskers,1,The Cat's Whisker
6450421f-1a2b-4bb7-9966-9eff8dca4e94,naturalqa,how many seconds do you have to throw a grenade,1,M67 grenade
d2c20dbd-ac9c-4a0c-ab5c-ea4ddd376e6b,naturalqa,who won the wwe championship elimination chamber 2015,1,Elimination Chamber (2015)
3a3032b8-f986-49da-9079-b62300c89e15,naturalqa,in which state is the mukheshwar temple situated,1,Mukteshwar Mahadev Temple
182840d0-41aa-4c18-9cc2-430d1f769c91,naturalqa,the simpsons episode where marge plays online game,1,Marge Gamer
196379a2-e48f-4a2f-a328-03562825456f,naturalqa,who wrote the song put another log on the fire,1,Tompall Glaser
c2533ffd-b89b-4b22-8be7-41638a52fb8a,naturalqa,who lead the first revolt against british in assam,1,Gomdhar Konwar
d77be1bd-001a-4a87-8dfc-647e25350a0c,naturalqa,when did mike she schefsky start coaching at duke,1,Mike Krzyzewski
5b37bc6b-2071-4ff8-8bf8-2ddd23163c75,naturalqa,what was commemoration day in uae earlier known as,2,Commemoration Day
2da9a769-09db-4115-b162-0d12ad6bd02d,naturalqa,who sings the song me and god with josh turner,1,Me and God
c0694294-122f-49f1-acd8-144fd2729b69,naturalqa,where was the tv series hamish macbeth filmed,1,Hamish Macbeth (TV series)
20fad95c-bf4e-4eff-a5b8-f1680e6fcff2,naturalqa,what is the purpose and authority of kansas supreme court,1,Kansas Supreme Court
81e29bd7-db0d-4243-8c98-5d9154397166,naturalqa,what is the meaning of situ in chemistry,1,In situ
b7a607dc-67fe-43dd-84da-d5e549513e48,naturalqa,where does the last name roche come from,1,Roche (surname)
e5515b57-cefe-4a87-bcfb-0759e3fcdf00,naturalqa,what is the national bird of costa rica,2,Clay-colored thrush
dcca8627-c2c1-4a4c-b71a-5559306ff2a8,naturalqa,what radio station is the mexico soccer game on,3,Fútbol de Primera (radio network)
2d916f10-0bad-4130-8b36-9176f8272a21,naturalqa,where does the steve wilkos show take place,1,The Steve Wilkos Show
531be208-88e0-4b43-b91b-96a6ba97ab66,naturalqa,who is the male singer in total eclipse of the heart,1,Rory Dodd
73d9e0b8-4bad-4723-826b-66b4d25fd612,naturalqa,one criticism of the usa patriot act is that,1,Controversial invocations of the Patriot Act
eb13c290-8ce1-4fa5-810d-7d0c31996fb3,naturalqa,what is the movie the constant gardener about,1,The Constant Gardener (film)
2aa86a74-f053-44d7-84b2-78a322c09b28,naturalqa,who sings rip it up and start again,1,Rip It Up (Orange Juice song)
d0315d2c-2bc6-482f-9283-e07b03fef1e6,naturalqa,what is the meaning of the name adelaide,1,Adelaide (given name)
238aeb81-db76-4e7f-bd80-92204a260fc9,naturalqa,what kind of bbq sauce does burger king use,1,Bull's-Eye Barbecue Sauce
98ccedc9-2764-48bc-8bdd-be500b81492b,naturalqa,when did season 2 of good morning call come out,2,Good Morning Call
4c68359c-4537-4873-aed7-4860e18df3b3,naturalqa,who played the waitress in the movie michael,1,Michael (1996 film)
e2d56595-fbcd-4cf6-85cb-3752ba2e0147,naturalqa,who sang never gonna fall in love again,1,Never Gonna Fall in Love Again
26932980-5c82-4edc-83d0-71f5aacd2502,naturalqa,where did the gabbie show go to college,1,Gabbie Hanna
621cd45d-d0b2-49b1-b562-1652bfe60b00,naturalqa,when was the bunker built at the greenbrier,1,The Greenbrier
a98dc51c-12a8-4a12-b11b-2e3c3a6d27f5,naturalqa,the famous slogan developed by the us department of transportation for designated drivers is,1,Designated driver
88e6497a-b2ac-4428-a8c6-a331cf526581,naturalqa,how many costas are there in the uk,1,Costa Coffee
60c71156-78f6-45e7-adea-94d5da25fe51,naturalqa,when did pizza hut start charging for delivery,1,Pizza delivery
73166935-0790-4832-a775-3b979ddefdb0,naturalqa,when does the twenty one pilots tour end,1,Emotional Roadshow World Tour
1ad75c3c-cf45-4440-958e-18c6307ed9c8,naturalqa,what language do they speak in the grand cayman islands,1,Culture of the Cayman Islands
a0c16e84-43da-461c-aaf6-a82809c96cb7,naturalqa,who is frank supposed to be in donnie darko,1,Donnie Darko
7aa5b2a6-4442-416c-9c27-a9cb7f4807a4,naturalqa,who played mrs. bellows on i dream of jeannie,1,Emmaline Henry
ded87b24-7aa7-436b-a239-777f38351004,naturalqa,what is last resort by papa roach about,1,Last Resort (song)
e314765b-003c-472d-a1a9-6fb523febc92,naturalqa,the development of a mid-latitude cyclone according to the norwegian model begins along the​,1,Norwegian cyclone model
70916465-cfd5-49bd-ad01-200b9c006e8b,naturalqa,who played honey in how i met your mother,1,Oh Honey
4ca1de7b-3208-42b8-8d94-0c8f169429d7,naturalqa,who played pedro in the movie napoleon dynamite,1,Efren Ramirez
6f1d61fb-4b31-4a86-a5d8-6f4621c28633,naturalqa,what was the attendance at the 2017 belmont stakes,1,2017 Belmont Stakes
2c19d4d2-902e-49b7-bbca-457abde959aa,naturalqa,mippa was enacted in 2008 and is an acronym for,1,Medicare Improvements for Patients and Providers Act of 2008
16a5e3c7-3521-4aff-bd84-478daf7c4dd3,naturalqa,what is the principal objective of a political party,1,Party platform
46c60080-3898-4e9e-8a4c-e22184408f64,naturalqa,who is the actress that plays the darkness in supernatural,2,Emily Swallow
3def7c75-4674-4dde-8f98-ad09823e5f3d,naturalqa,who was the first indian to climb mount everest without carrying an oxygen cylinder,1,Phu Dorjee
ab5a6493-bace-4c5f-a012-5036e4e91e1a,naturalqa,they call us monsters where are they from,1,They Call Us Monsters
2af1eaaf-26aa-4938-b7d7-63927305f106,naturalqa,the music of louis jordan and his tympany five is an example of,1,Louis Jordan
5611807d-7565-41f7-aea2-bd0bfe9c8024,naturalqa,who is the president of nicaragua right now,1,Daniel Ortega
447db41b-7920-42ad-95e5-0387c6a2354d,naturalqa,a joey is the baby of what animal,1,Joey
a10203b5-f7ed-4211-b0bc-15d701704301,naturalqa,when does ender's game take place book,1,Ender's Game
314c14e1-e050-4dab-8e97-4941270f3e89,naturalqa,where does the cochlear nerve transmit impulses to,1,Cochlear nerve
92a5d504-10fa-49fc-a207-15747632417e,naturalqa,instructions not included what did maggie die of,1,Instructions Not Included
8eb0d8e4-fcb5-4b75-a469-5509672d953d,naturalqa,formal balance is another word for which type of balance,1,Formal balance
4f8d3323-58fd-4d57-99ec-6fd8b10a33c6,naturalqa,who won season three of the rap game,1,The Rap Game
b0746266-4359-48d9-a7de-8aafbf9b9b18,naturalqa,what is the function of development bank of the philippines,1,Development Bank of the Philippines
09e2931c-09fa-4db9-a4b5-39c2f97d7cb6,naturalqa,where is the american athletic conference championship game held,1,American Athletic Conference Football Championship Game
b51aca9b-01b2-4506-94d8-eebe22b00e9f,naturalqa,grey's anatomy who killed the burn victim,1,I Saw What I Saw
d660c1f7-84c2-4865-a5ac-07deaca8cab3,naturalqa,when was direct rule introduced in northern ireland,1,Direct rule (Northern Ireland)
7193c332-c527-4a76-bf2e-800f6ac1232e,naturalqa,when did the radio become popular in canada,1,History of broadcasting in Canada
472827fe-bc72-41ac-9b23-e40c90cb113c,naturalqa,who played emilio on days of our lives,1,Billy Hufsey
21646893-3677-4e38-8371-77cff8af6c32,naturalqa,where was the movie digging to china filmed,1,Digging to China
ff81c96e-bafd-4609-b741-f96802a29f98,naturalqa,when did the república de yucatán declare independence from mexico,1,Republic of Yucatán
a9a12bf0-28ff-4be9-af01-af6753a805e1,naturalqa,when did the second basic principles committee presents its final report,1,Basic Principles Committee
f93aef15-4b8f-463d-a876-88da71de4472,naturalqa,where is the national museum of the philippines located,1,National Museum of the Philippines
221593e1-d4d4-4cda-80f1-68c0e7110e5a,naturalqa,who sings with eric church mixed drinks about feelings,1,Mr. Misunderstood
f1460b88-40f4-480c-a201-14f88937847a,naturalqa,who was the first resident university poet in the uk,1,James Kirkup
a269e897-e328-4689-a869-35926a932c2c,naturalqa,world's largest uranium reserves found in india,1,Tummalapalle uranium mine
c39432ad-bdd2-47b0-b7cc-67a0cfe668e2,naturalqa,who played alan michael spaulding on guiding light,1,Alan-Michael Spaulding
8816c1e1-711e-4afd-9a2f-9af3492be797,naturalqa,what is the volume of a spherical shell,1,Spherical shell
94a93563-4ced-4959-bd3c-01df15265aa2,naturalqa,what illness did catherine have in wuthering heights,1,Catherine Earnshaw
85b03b65-c2cd-436a-8346-853f113a3b6b,naturalqa,when was the wellness recovery action plan developed,1,Wellness Recovery Action Plan
e7ffbf2d-2752-4dd3-bf4b-1d19cd1131c8,naturalqa,what percentage of djiboutian workforce are employed in agriculture,1,Agriculture in Djibouti
6c6f27e2-51cc-41ed-8c6d-a48da6a147b6,naturalqa,when was chinese drywall used in the us,1,Chinese drywall
41ccbd3e-a69e-4f60-8533-4c292a9099fb,naturalqa,where was the movie the matchmaker filmed in ireland,1,The Matchmaker (1997 film)
45b009ea-0492-4318-8bae-978631b94c6b,naturalqa,what bible translation does the orthodox church use,1,Russian Synodal Bible
cbcdc9ca-db79-42dd-bd31-da90ad50ee6b,naturalqa,what was wrong with keith in the movie keith,1,Keith (film)
37a5362f-7bdc-47f2-9ce9-ff6fc873e982,naturalqa,who played amelia earhart in star trek voyager,3,The 37's
a5023906-e82b-4b93-89cb-ef87aaac6a30,naturalqa,when did lumbering and mining become important in michigan,1,History of Michigan
5cd4d37c-17ee-4931-8537-8f95ba3c8bb0,naturalqa,a disease is considered as rare disease if,1,Rare disease
95f8f1fb-f8e7-4397-9dcd-a15be32ef195,naturalqa,who is scott air force base named after,1,Scott Air Force Base
523963b0-6f8b-4427-b67d-b04b8542c271,naturalqa,where is the calf of the leg located,1,Calf (leg)
5682bec7-0828-424a-81bf-f0247f1c137d,naturalqa,when do england play cricket in sri lanka,1,English cricket team in Sri Lanka in 2018–19
56c2113e-6eef-4704-b207-6a20d7cbfd99,naturalqa,who lives the longest in the united states,2,List of U.S. counties with longest life expectancy
f5e7f92e-b375-4b1b-8c2b-bbebbe6f088d,naturalqa,whats the name of the kellogg's rooster,1,Corn flakes
d097c264-23a0-42c9-ac66-ebab301cb235,naturalqa,who sang you are the love of my life,1,Love of My Life (Sammy Kershaw song)
9a28eaa9-2a03-42c2-ba9c-4104fe06736a,naturalqa,when was the administration of justice act passed,1,Administration of Justice Act 1774
6da76950-68b8-4587-a089-419771d00a4c,naturalqa,how many times did vinny win sports jeopardy,1,Sports Jeopardy!
e1b9ae24-5c42-4cd9-8bde-66229b6386db,naturalqa,what album is man of the world on fleetwood mac,1,Man of the World (song)
cbc9e0d0-8c9b-4117-89b4-7b35a61eca3c,naturalqa,where was paper planes filmed in western australia,1,Paper Planes (film)
e21c10cb-861a-4c33-8b5f-53f5a099aa32,naturalqa,who won season 1 of the glee project,1,The Glee Project
3773d9b3-8b65-4ea7-9bc0-6f5d630a9157,naturalqa,who wrote i always get lucky with you,1,I Always Get Lucky with You
d677ee52-a48b-4a37-bb00-1dcacfc7149d,naturalqa,who took control of the florida national bank in 1929,1,Florida National Bank
29945fae-1d47-4ec8-914e-2f5503690316,naturalqa,in which topology is the central connecting device known as a multistation access unit (mau),1,Media access unit
3f85c78f-4493-4f53-8d24-acf22c802c84,naturalqa,who sings what a beautiful world this would be,1,I.G.Y. (What a Beautiful World)
5413ce3f-ae46-44e5-89b8-b466dbd31a3c,naturalqa,where is the pitch lake located in trinidad and tobago,1,Pitch Lake
e1ff5db2-763f-42dd-8c30-9ad311a99bc3,naturalqa,where is port au prince located in haiti,1,Port-au-Prince
f247880e-9b53-48f1-870f-069c9cf337b9,naturalqa,where was the movie dolphin tale 2 filmed,1,Dolphin Tale 2
620c1de0-6b7f-4106-a140-d93bc963c874,naturalqa,where is the door of no return located,1,House of Slaves
051d0674-57d0-4858-8a7e-edc2f540c4bd,naturalqa,who bombed guernica during the spanish civil war,1,Bombing of Guernica
018a5779-9152-4555-909c-4d7a12421ba0,naturalqa,who sang i was kaiser bill's batman,1,I Was Kaiser Bill's Batman
291cdb94-c9d5-4d31-b51e-e8d80c0dce45,naturalqa,where would the greatest resistance to airflow be found,1,Airway resistance
a0e9cc6b-6e13-40df-ab2a-9e641be6914d,naturalqa,who sings shake it like a salt shaker,1,Salt Shaker (song)
54323a49-f4c1-44a9-b839-c63e1315795c,naturalqa,when did wirral postcode change from l to ch,1,CH postcode area
50de340d-d009-415b-808f-ea003e43a6c4,naturalqa,who is the captain of the giants netball team,1,Giants Netball
40e8bcb7-946d-43a4-89da-b6a944f09d89,naturalqa,who played betsy in the white cliffs of dover,1,The White Cliffs of Dover (film)
23ea2b65-2b23-42bb-8c94-771ae8a56b55,naturalqa,with reference to the body of the scapula where is the corocoid process located,1,Coracoid process
eda9e1ba-9fa0-444e-bfe9-417601fb7071,naturalqa,where was panic at the disco miss jackson filmed,1,Miss Jackson
aa6d7f9b-8d26-4cc4-9525-c95a95f25235,naturalqa,who played cousin millie on father knows best,1,Susan Oliver
5030660f-c2de-4bb2-a1f1-613c48fcd8f3,naturalqa,who did man city beat to win the league,2,2013–14 Manchester City F.C. season
10d36863-7c6e-42ab-b47e-054f97d4a350,naturalqa,what is the meaning of the name otto,1,Otto
8782b908-c656-4407-a068-21377f7ab25b,naturalqa,what is the meaning of chetan in hindi,1,Chetan (name)
815a3cc3-fb1d-4e54-86fd-e74ff42c6470,naturalqa,in the canterbury tales who is the prioress,1,The Prioress's Tale
3ebf96f5-b4ed-4294-8728-08c3dea3b59d,naturalqa,who does gary cole play in family guy,2,Gary Cole
e6f72d37-89de-4a85-900f-0b84e4f5e196,naturalqa,international cricket player sushma verma belongs to which district of himachal pradesh,1,Sushma Verma
9106f75c-908e-4a98-b3b4-0c1be0222e9f,naturalqa,when was don go breaking my heart backstreet,1,Don't Go Breaking My Heart (Backstreet Boys song)
36141022-513b-41c8-9278-8a27f21a03e7,naturalqa,who sang lonely is a man without love,1,A Man Without Love
0235ae54-78d0-49ea-ab57-9917b3e81eae,naturalqa,where does the name joy division come from,1,Joy Division
f1c1176e-4ae9-4ed1-9220-89ad1a64396a,naturalqa,where does lost in the barrens take place,1,Lost in the Barrens
bba9c69d-6820-485c-a569-f2b3b8c22b62,naturalqa,when does twenty one pilots release their new album,1,Blurryface
152dca22-09f0-4340-acb4-e32ce05c16dd,naturalqa,what three main things does a soundscape include,1,Soundscape
9ca14e11-ba92-449d-b0e7-addf51b031b4,naturalqa,poems of the past and present thomas hardy,1,Poems of the Past and the Present
bce5aafc-0b10-4cdd-9621-936e1d8da04e,naturalqa,who played ed shames in band of brothers,1,Edward Shames
d5083873-987c-4d7d-b98c-cf80e7a62ea2,naturalqa,when did slavery end in the state of florida,1,History of slavery in Florida
4ed16aa3-cb63-4f83-9571-1716bdcffd9a,naturalqa,when does percy get his memory back in the son of neptune,1,The Son of Neptune
791defe8-db44-4f27-9eb2-81a636f1c6ac,naturalqa,who wrote the song i overlooked an orchid,1,I Overlooked an Orchid
845852d6-c868-482f-a94d-1b72d5bf8faa,naturalqa,what kind of rose is used to make rose water,1,Rose water
8907ef0a-ff56-420b-98cd-7ec1b7f55ba0,naturalqa,why is one to one ratio transformer used,1,Isolation transformer
cb8d949d-7d2d-4d33-adf3-bdab836effd4,naturalqa,what is the mascot for the new orleans saints,1,Gumbo (mascot)
0a4c5314-0558-410b-89f2-d0bccec919bd,naturalqa,main function of the office of war mobilization during ww2,1,Office of War Mobilization
6419d043-cdf3-4d3b-83cd-da55573eb597,naturalqa,who is the original singer of la bamba,1,La Bamba (song)
30dae05e-b30d-4083-bbf9-4500874795d4,naturalqa,who is the man who biked to the south pole,1,Daniel Burton
09e1e02b-424f-4f45-b6b4-c2cd3ef1ce8b,naturalqa,who sang i wouldn't have missed it for the world,1,I Wouldn't Have Missed It for the World
e80709de-64e4-46a4-b9e7-4e816869ac2f,naturalqa,where was welcome to the jungle movie filmed,1,Welcome to the Jungle (2013 film)
2418f066-cd18-45a1-bec3-5960b2aa37e3,naturalqa,when did the uk join as a member in international criminal police commission,1,Interpol
9b3be367-8ce2-4c08-8a14-62f71b9c4332,naturalqa,when does state champs new album come out,1,State Champs
87eaf124-4f3f-4e4f-8258-d549276a9dc4,naturalqa,where did the last name puckett come from,1,Puckett
232695e6-5e58-4b4e-b709-f14958f0fdb3,naturalqa,who is the original singer of only a fool breaks his own heart,1,Only a Fool Breaks His Own Heart
6ee1f072-e84e-4f57-b32b-15106e51188d,naturalqa,where did most of the fighting take place in ww1,1,European theatre of World War I
28570aba-c168-4d4d-87ba-7fb0a55d3ded,naturalqa,who wrote somebody bigger than you and i,1,Somebody Bigger Than You and I
c64e2750-7b62-4a9d-bbf9-91c440128171,naturalqa,where are h1 receptors found in the body,1,Histamine H1 receptor
0630b2b1-b108-42fc-92b5-e191a691190e,naturalqa,who is piper from orange is the new black married to,1,Piper Kerman
17ce0fc2-eaab-4e27-b043-fe0de6a0e28e,naturalqa,when are the queens birthday honours 2018 announced,1,2018 Birthday Honours
d4d369d2-a8e6-4aba-9d96-9fee7f4adc22,naturalqa,when did the dockers play in the grand final,2,2013 AFL Grand Final
bcfce6ca-b14e-494b-977a-74b8940e617a,naturalqa,where does the last name leonard originate from,1,Leonard
24397f81-540c-4dc5-95d7-0078cbe1d757,naturalqa,when waves approach the shore and enter shallow water,1,Waves and shallow water
680647b4-c033-4cde-b3f0-32d5d486e3b0,naturalqa,what are the two breeds which were crossed to make the columbia,1,Columbia sheep
f4f2d9e4-3a9b-4e99-90ab-d99e09fdcdcd,naturalqa,pillared halls where the buddhist monks worshipped were known as,3,Chaitya
460305c3-6a72-4c3b-8698-c937d322ea1e,naturalqa,when did humans begin to live in san francisco,1,History of San Francisco
3c6f91f6-c634-4a1d-847a-8fb6b1147a11,naturalqa,who was the first child born after migration (hijrat),3,Abd Allah ibn al-Zubayr
ec97fbe8-0e86-42b1-a9ed-0ee0384cc8d6,naturalqa,tu is tarah se meri zindagi mein shamil hai movie name,1,Aap To Aise Na The
7f3ad17e-6e00-48de-8866-b0f7210d6e23,naturalqa,when was the last time the generals beat the globetrotters,1,Washington Generals
c62a29de-1805-488b-b434-a44360118e04,naturalqa,who plays aladdin in once upon a time,1,Deniz Akdeniz
8eb38142-1054-4d16-86d1-6cc6b99ff251,naturalqa,who sang what the life song in geetha govindam,1,Geetha Govindam
1d549252-baef-45ad-9fa3-c07f7a9e73bf,naturalqa,where is the mass of blood located in a subdural hematoma,1,Subdural hematoma
3cf945f7-3fca-4cf3-92c7-ad44723f96d7,naturalqa,where does the last name cash come from,1,Cash (surname)
67aedb84-4290-4e85-964e-f866a6a925fc,naturalqa,where does night of the iguana take place,1,The Night of the Iguana
ae1ce6a8-7c33-44f2-8518-d92a853c1faa,naturalqa,how many lobes does a neutrophil nucleus have,1,Neutrophil
73eb1134-8448-4a76-aec2-59520e8fc014,naturalqa,who lived in the western part of the land claimed by the colony of georgia,1,Province of Georgia
688355ce-81bb-43d2-86c1-0d44dddfa5ed,naturalqa,who founded the first early childhood education program,1,Early Childhood Education Act
46ddee13-1597-4fbf-b327-e02bd35ced61,naturalqa,how many mandals are there in karimnagar district,1,Karimnagar district
98d21b9f-0d2e-4f91-a35a-9632286fd816,naturalqa,who is amy on good morning america married to,1,Amy Robach
04615435-ce54-410d-abb5-35bce105132d,naturalqa,how many hms hood's have there been,1,List of ships called HMS Hood
7cd1f303-e11a-414d-a554-0e4115cebf8c,naturalqa,who played guitar on midnight at the oasis,1,Midnight at the Oasis
a7e00333-1dd3-431d-a8c7-45f21b335ff1,naturalqa,why is the big brother show called big brother,2,Big Brother (franchise)
20bf4a26-5973-4095-b296-2e358cf3b14e,naturalqa,when is vip 2 release date in india,2,Velaiilla Pattadhari 2
a88b3658-26b3-4343-bd61-f77a56958cc2,naturalqa,where does the water from the la river come from,1,Los Angeles River
a3560a75-396c-43a4-aa8b-38ec4959bf1a,naturalqa,who is the boy in blues brothers 2000,1,J. Evan Bonifant
d98e7a16-5a42-42ea-b6c8-b5431a4cfab8,naturalqa,who played marta in the sound of music,1,Debbie Turner
126f7724-7eaa-4f6c-b77d-ec6b53e37268,naturalqa,black box testing is applicable to which level of testing,1,Black-box testing
0b0196ad-7a42-4e8d-820d-5486185b50be,naturalqa,where is the game show the wall australia filmed,1,The Wall (Australian game show)
696a91ad-fe73-47f2-88c2-df0830ff9b8a,naturalqa,when is the meyerowitz stories coming to netflix,2,The Meyerowitz Stories
72e13db3-1f37-40be-afbd-bc1d12b4819b,naturalqa,who is betagold in the gospel according to larry,1,The Gospel According to Larry
42dbb0f8-4435-42e2-aa66-fa93ef40aada,naturalqa,who sings will you still love me the same,1,Will You Still Love Me? (song)
d7b4fee0-ce64-498a-877d-9240962bdb3a,naturalqa,how much did zoolander 2 cost to make,1,Zoolander 2
7f1c8e90-0d72-4641-b882-5dc891fe06a1,naturalqa,who wrote remember me i'm the one who loves you,1,(Remember Me) I'm the One Who Loves You
2a02748f-f4e7-4d5f-953c-a0a5305d18e1,naturalqa,who does yankumi end up with in gokusen,2,Gokusen
01b6b760-a5d8-4230-9e8b-1f14fc323673,naturalqa,who sang you just don't love me no more,1,I Know (You Don't Love Me No More)
e86de018-79de-4276-a8e9-79854bdcb1dc,naturalqa,who wrote hard habit to break by chicago,1,Hard Habit to Break
4d45a0fe-5540-4b9e-ade0-8f4dfb27388a,naturalqa,who was the first person to find gold in colorado,1,Gold mining in Colorado
007dc247-272e-475c-96c2-5479c1df1d95,naturalqa,who is the director of lord of the rings,1,Peter Jackson
b505c6f7-4440-4848-9651-6b8ac9ffb4d2,naturalqa,who sings new york city with the chainsmokers,1,New York City (The Chainsmokers song)
392f060f-ce40-476e-86f4-862281cde6ee,naturalqa,when did the samsung gear fit 2 come out,2,Samsung Gear Fit 2
5541b962-0e01-46af-b2fb-6920c51afbcf,naturalqa,who played michael corleone's son in godfather 2,1,Anthony Corleone
41798c03-313e-4d9e-a187-69fd1052960a,naturalqa,when did the padres come to san diego,1,History of the San Diego Padres
9000eb2e-111b-47f3-a898-21e4f6891bd4,naturalqa,when do anchoring filaments open spaces between endothelial cells in lymph capillaries,1,Lymph capillary
2acd54f7-f90b-43f3-87d9-38309d45dd2a,naturalqa,who has won the 2018 formula 1 chinese grand prix tournament,2,2018 Chinese Grand Prix
9465d4db-fd09-405c-bc89-5f447de39c1e,naturalqa,who wrote but for the grace of god,1,But for the Grace of God
e94d1a9c-93a6-4917-b4fe-4f1815a7c23b,naturalqa,who has the highest reported iq in history,2,Marilyn vos Savant
8af59ef7-d317-4196-a466-4d3acb4b076e,naturalqa,when was the last juvenile executed in the us,1,Capital punishment for juveniles in the United States
5d668f9b-bb4b-454a-88ea-22c57c775741,naturalqa,who is langley air force base named for,1,Langley Air Force Base
781589b6-3d1e-4486-b5fb-9b2543dca7f8,naturalqa,where was surplus grain stored in indus valley cities,1,Granary
2ba6be9c-59a0-4039-8002-4a56d16619da,naturalqa,who had the right to vote after 1884,1,Representation of the People Act 1884
7809a3bf-da7a-4af6-8745-773a62e19649,naturalqa,how many shipwrecks are there in the great lakes,1,List of shipwrecks in the Great Lakes
ef43b28e-616a-4f3d-b50b-0b3c1186609b,naturalqa,the aids memorial quilt is an example of quizlet,1,NAMES Project AIDS Memorial Quilt
d79b16b8-8cd3-4113-8f99-66352c59798e,naturalqa,what is the meaning of raj mistri in english,1,Raj Mistry
6915c9b5-98b7-4bd9-8505-8506c34c8a49,naturalqa,where are hogs and pigs raised in the world,1,Pig farming
6440fb22-0a84-4a7b-ab3f-2159e61d1caa,naturalqa,who sings the song a girl like you,1,A Girl Like You (Easton Corbin song)
c580ade3-3920-42a0-889f-e30ba753f955,naturalqa,at which canadian arena was duran duran's video for the reflex filmed,1,The Reflex
6b8fd01f-48c7-4f91-b9bb-23259c854740,naturalqa,who sings i want to kiss you in the morning,1,Kiss You in the Morning
a294c572-2959-40e3-b856-02c22366bfff,naturalqa,when did scotland abolish the authority of the pope,2,Scottish Reformation Parliament
88084778-eb4d-473e-93c0-5524f4f77961,naturalqa,when did foster care start in the uk,1,Foster care in the United Kingdom
99a3f862-71d4-41e0-8cd6-8492e383513b,naturalqa,in quebec which bill of rights takes precedence that of quebec or that of canada,1,Quebec Charter of Human Rights and Freedoms
73a73e4e-a966-4667-8aa3-c41602d94b45,naturalqa,who started his career as the editor of the criterion in 1922,1,The Criterion
f9f8fde1-bbb4-42c0-bbc7-e97dfa766c34,naturalqa,the view that god's imminent divine judgment and the end of the world is near is,3,Apocalypticism
965d6646-33d3-423c-8541-546c1c597bbb,naturalqa,when did kliff kingsbury play for texas tech,1,Kliff Kingsbury
71c2d1f3-426f-4038-bf05-0de51e1d62a1,naturalqa,who played 99 in get smart the movie,3,Barbara Feldon
8e32a092-8c40-44f7-9740-a970c0b9b115,naturalqa,who built the port city of berenice on the red sea,1,Berenice Troglodytica
33357a24-eb99-428a-93a3-993007ef11bd,naturalqa,what is slow motion by third eye blind about,1,Blue (Third Eye Blind album)
6f1aa1db-dc9a-4afc-8a56-a6f425bd967f,naturalqa,what season of big brother was vanessa on,1,Vanessa Rousso
5098d37d-1569-4dbc-b461-860a0ffd3f2f,naturalqa,who developed what is considered to be the industry standard for assessing and diagnosing sociopathy,1,Psychopathy Checklist
51ab9e94-d6f2-44da-b99f-a6b36a36d9eb,naturalqa,who has won the most number of kerala state film award,2,Kerala State Film Award for Best Actor
5ee7e963-6dc5-4119-997c-cc56487e7199,naturalqa,what is the name of hanuman's father,1,Kesari (Ramayana)
691b023a-d6ee-4b94-9a16-85e5208aefa1,naturalqa,who lives in a house like this song,2,Neighbourhood (song)
5a2a4df1-b50b-4b0f-b7db-f092e643c906,naturalqa,who sang the songs in the helen morgan story,1,The Helen Morgan Story
bcad6a8a-c4e3-4a2f-aaa2-0c78e7b2cfff,naturalqa,who plays kuzco in the emperor's new school,1,The Emperor's New School
a73e10fc-9148-4853-a407-d871a599342d,naturalqa,when was the last time radford was in march madness,1,Radford Highlanders men's basketball
021fb235-0c79-40f0-ae6b-cce4d3cc08dd,naturalqa,what do you call a car without a roof,1,Convertible
2ae42b67-ae70-44c4-867d-a36ba1f253e8,naturalqa,who sang joey i'm not angry anymore,2,Joey (Concrete Blonde song)
2d1208bd-34dd-4645-a420-74edc3234f14,naturalqa,who wrote rock me gently rock me slowly,1,Rock Me Gently (Andy Kim song)
4efd5c48-fc9d-4f13-8bd9-b3b0b03e2202,naturalqa,when did the movie small soldiers come out,1,Small Soldiers
56f3ceaf-165a-49dd-880b-f6ef01b4f72b,naturalqa,for helical gear the helix angle generally ranges from,1,Helix angle
e08beebd-5613-40d3-ad73-0c8c6c510dd5,naturalqa,what does nha stand for in the medical field,3,National Healthcareer Association
13ebbe01-d440-4c8c-8f67-6ca777ff98d0,naturalqa,when does the playclock start in the nfl,1,Play clock
b145c0b4-2465-4d79-a29f-705f87de9897,naturalqa,when was the derby last run on a wednesday,1,Epsom Derby
9def3d80-f891-4f38-93d4-e4018db2865a,naturalqa,who published the health and social care act 2012,1,Health and Social Care Act 2012
614fc1ec-dbd2-49a7-8bf9-5e7393b37432,naturalqa,chemist who contributed towards the discovery of oxygen,5,Carl Wilhelm Scheele
c7fec6b0-9cc4-4214-b2bc-ee792465782b,naturalqa,who played beverly lasalle on all in the family,1,Lori Shannon
8b1ab5fc-f9fd-4cb9-ba43-02897bc6153e,naturalqa,who does nat wolff play in death note,1,Nat Wolff
5c189ea0-601e-4438-b34b-7d0687bf0e8b,naturalqa,the radio waves which are received after reflection from ionosphere are called,3,Skywave
7519a82f-e9e3-4794-b4f5-020525119bb1,naturalqa,who sings on right turn by alice in chains,1,Sap (EP)
d7ca2a35-bcc0-41f6-be31-9e74d172b1a7,naturalqa,what is the highest elevation in florida peninsula,1,Sugarloaf Mountain (Florida)
3d877a0a-81b7-4e21-9990-67f0692a448f,naturalqa,how many divisions did the us army have in ww2,1,List of United States divisions during World War II
b8b51b5b-3df9-4fbb-99bc-1c4651369a0e,naturalqa,who plays jonathan turner in boy meets world,1,Anthony Tyler Quinn
0de2924f-f178-49dd-ad81-73f12d1cdbc9,naturalqa,what is the biggest cash crop in kentucky,2,Agriculture in Kentucky
bd12be0f-8b11-450c-addd-e75953c80f37,naturalqa,where does the last name fox come from,1,Fox (surname)
9b1aa73a-32b5-42b3-81fa-e198d0432a01,naturalqa,when will the man who killed don quixote be released,1,The Man Who Killed Don Quixote
3fe7bccc-6480-45e4-9ecf-1cbaa48b8761,naturalqa,in 1991 what country declared great while sharks a legally protected species,1,Shark sanctuary
d6ce7ac4-8ba9-4f6f-a8b2-2f8d836819ea,naturalqa,who sang the bed you made for me,1,The Bed You Made for Me
9961409c-947e-4b3e-8c1b-d71b1a385588,naturalqa,who sings night time is the right time,2,Night Time Is the Right Time
228e3983-b32c-4adb-817e-81b373d2519d,naturalqa,who plays the theme tune to hetty wainthropp,1,Hetty Wainthropp Investigates
15ec8663-22ba-4a63-8a49-caadd4f06072,naturalqa,where did brazil come in the world cup 2010,1,Brazil at the 2010 FIFA World Cup
3221cd60-76ae-4358-ba35-a10e7d035c1b,naturalqa,what's the name of the pittsburgh steelers coach,1,Mike Tomlin
a8f46842-66e6-467c-8c27-65229c3735f1,naturalqa,who sings let it be in across the universe,1,Carol Woods
b619e526-c57d-43e8-a4b8-df3fa435f7b6,naturalqa,under the stafford act declaration process who requests federal assistance,1,Stafford Disaster Relief and Emergency Assistance Act
7ca61bbc-5e15-4f02-b462-33b6819026f2,naturalqa,who plays trina sister on real husbands of hollywood,1,Cynthia McWilliams
27a42872-7bfb-4cf2-a1f2-fc34b0285547,naturalqa,who played aunt pittypat in gone with the wind,1,Laura Hope Crews
d451f31a-ffbe-456e-a017-07c7a36a2c1e,naturalqa,where did the church of god come from,1,The (Original) Church of God
fd70b066-3190-494c-ba09-52f1385e9b92,naturalqa,the difference between the vestibular folds and the vocal folds is that the vestibular folds,1,Vestibular fold
b352c37c-c785-484b-9a51-3a6f6ba4886b,naturalqa,who is considered the backbone of police services,1,Cantonal police
59cd5ef7-30bc-4d13-a0e5-8576397555bd,naturalqa,what is the main theme of a clockwork orange,1,A Clockwork Orange (soundtrack)
2e8868d3-7056-41ae-9eaa-1202b7e56ef7,naturalqa,where are the green mountains located on a map,1,Green Mountains
c00c4c7b-7c19-4167-bddb-0bee9f55c1bc,naturalqa,where does the name salisbury steak come from,1,Salisbury steak
f3807516-12de-463a-93fe-8b7436d47156,naturalqa,who owns the ride the ducks in branson,1,Ride the Ducks
eec5ff72-ff70-496f-8de9-71e593bcde81,naturalqa,when did sourav ganguly made his odi debut,1,Sourav Ganguly
2be8c992-ac69-419b-98b1-78b51508035a,naturalqa,when is the big 12 football championship game,1,2018 Big 12 Championship Game
25739ae2-0db3-409f-ba68-635ec0d419e3,naturalqa,when did f w woolworth go out of business,1,F. W. Woolworth Company
dd098d12-6937-4baa-8862-fa6b88382556,naturalqa,groundnut is mostly grown in which part of nigeria,1,Groundnut pyramids
c8e7d964-47d4-4330-bb8b-ab8cd0cba80a,naturalqa,where was conquest of the planet of the apes filmed,1,Conquest of the Planet of the Apes
edd0201a-c2a7-4287-84c8-e9074e62a61e,naturalqa,what is the name of the trophies awarded at the annual montreal fireworks festival,1,Fireworks competitions
88145401-93fe-42c0-af75-86ebf8070ce4,naturalqa,who plays paul on days of our lives,1,Christopher Sean
f85da7df-7997-4e4d-a0cc-7ea25ee9693c,naturalqa,what brand of clothing has a whale logo,2,Vineyard Vines
dbe15cc9-7131-4b30-9f14-71e08d8fba98,naturalqa,who was the last man hung in australia,1,Ronald Ryan
5ff9d2b4-7792-46c4-b833-1ea95233345f,naturalqa,who played for the boston milwaukee and atlanta braves,1,Eddie Mathews
b561b47a-1f0d-47be-8772-c90cb8c41655,naturalqa,where do trumpeter swans go in the winter,1,Trumpeter swan
ea8eb8ae-5565-4518-a824-eec0f2bfb541,naturalqa,ravi teja raja the great movie release date,2,Raja the Great
bbc40917-15a6-413e-a8a3-918f3b7c2ded,naturalqa,what movie was the song never say never in,1,Never Say Never (Romeo Void song)
7d4879f2-fb38-4e4b-922d-b56f3d32e088,naturalqa,who is the greatest pool player of all time,1,Efren Reyes
9c4989a9-624f-43cb-877a-3f2e58ec38a5,naturalqa,what is the priesthood in the mormon church,1,Priesthood (LDS Church)
6190d18a-3949-4773-a72f-928fe4f79196,naturalqa,who captained england for the centenary cricket test sereis in 1977,1,Centenary Test
f32e40e4-5df4-4cfe-a0a4-ac42c65d11f6,naturalqa,where is klimt's tree of life located,1,"The Tree of Life, Stoclet Frieze"
5e1a5ef8-b61b-4c70-bcca-a1df4361dcdd,naturalqa,where does thunder bay get its name from,1,Thunder Bay
dbfac0ed-98b6-4c95-a853-62e4bdf06950,naturalqa,when was the last time norway was in the world cup,1,Norway at the FIFA World Cup
8dc6b343-61e0-4e2c-a9ac-3e804fdc25b1,naturalqa,the moral of the story of the lion and the mouse,1,The Lion and the Mouse
c15edb00-8fa0-4ed6-8b6a-b37813342474,naturalqa,a long chain of amino acids linked by peptide bonds is a,2,Peptide
c9821152-e4ad-4d74-ad2b-d135aee10ece,naturalqa,what was added to the illinois state flag in 1969,1,Flag and seal of Illinois
e5878c86-94d1-4575-8c47-a59e13ca613a,naturalqa,how many tiger projects are there in maharashtra,1,Tiger reserves of Maharashtra
fce52484-8e06-4202-9a49-bda550eb2fd4,naturalqa,what percentage of the us is home schooled,1,Homeschooling in the United States
410fa9d1-e68b-4da3-94ae-d247d828846c,naturalqa,last episode of one foot in the grave,1,Things Aren't Simple Any More
4a2d0e3e-0a2a-4153-a675-1d3230b4c54c,naturalqa,when was the first ever zumba instructor training conducted,1,Zumba
c427b3cb-6a7b-460c-87c7-20a4952b8df2,naturalqa,buffy the vampire slayer season 4 episode 20,3,The Yoko Factor
e3afa1f9-49db-44f4-b45a-a43edca52284,naturalqa,who does the voiceover for ice road truckers,1,Thom Beers
543c0850-af7b-4be2-af45-066fbeeae698,naturalqa,the largest meteorite ever found on earth has a mass of how many kg,1,Hoba meteorite
19aa96d9-19a5-4436-bbd3-4552b002e565,naturalqa,who raised oliver twist until he was 9 years old,1,Oliver Twist (character)
76f5b60d-11df-4863-8e1d-4e3604b70ec4,naturalqa,role of national human right commission in nigeria,1,National Human Rights Commission (Nigeria)
ec2bdfa9-96af-4159-a238-e4c2f6db55d0,naturalqa,where was the worlds strongest gust of wind recorded,1,Wind speed
d0d80a3c-431a-4d21-87a0-65ce7b04b76d,naturalqa,timing of serial jiji maa on star bharat,1,Jiji Maa
a8f0223b-3836-4e0c-b77d-9c42aa94f7a0,naturalqa,where do the us women's gymnastics team train,1,Karolyi Ranch
502a8879-a8fd-495d-9e65-7d93c326caf0,naturalqa,what is the solvency ratio for insurance company,1,Solvency ratio
12e687a6-5190-4230-a1df-f37592a1b74d,naturalqa,on which status quo album did the song 'marguerita time' appear in,1,Marguerita Time
85f7b37d-51aa-44df-ad9b-a643e15bad84,naturalqa,what are the stories based on the isle of youth,1,Isla de la Juventud
bef8992d-a86f-4243-ab1f-36a72ea332cb,naturalqa,dodgers second baseman with four silver slugger awards,1,List of Silver Slugger Award winners at second base
9f780e07-80cb-44b1-9648-adb9e995e48f,naturalqa,what is it called when a soldier is sent home,1,Leave (military)
971d11c8-a3ea-4e72-af89-8f1b4e56794e,naturalqa,what is chelsea real name from that so raven,1,Anneliese van der Pol
9875d8c2-d7c3-46f7-8854-3fd83870e507,naturalqa,who declared thanksgiving a national holiday in canada,1,Thanksgiving (Canada)
5f5d024a-809b-4b38-a5d1-e4f3b25836c8,naturalqa,where do they feed the birds in mary poppins,1,Feed the Birds
a25247ed-e524-460e-a93a-6d7bf4db9e36,naturalqa,where was the movie day of the outlaw filmed,1,Day of the Outlaw
35b722ae-131a-4793-8229-237e5bf17f77,naturalqa,who sang what we need is a great big melting pot,1,Melting Pot (song)
f78900ce-a7d6-4f9a-9e94-406fdb558508,naturalqa,when did the 5d mark iv come out,1,Canon EOS 5D Mark IV
5b52b353-87e5-4bcc-a1c1-0131a2a067ba,naturalqa,what is the meaning of bandar in english,1,Bandar
73804950-e2f9-4112-bbf5-70f1f3ad126b,naturalqa,what is the common makeup of a hydrogen atom,1,Hydrogen atom
9f3f7f7b-1312-47c5-91d7-689b759f55f2,naturalqa,who did the packers lose to in the 2016 playoffs,2,2016 Green Bay Packers season
b3190339-5f3b-4f96-ade4-eb5fa3e65ef1,naturalqa,what is the close up program in washington dc,1,Close Up Foundation
4db16418-61fb-4a35-be0e-fe357d989167,naturalqa,where in the oceans are siliceous oozes typically found,1,Siliceous ooze
d26ab727-ecb8-4768-955e-17ec0d6c4335,naturalqa,who has to ask the queen's permission to marry,1,Royal Marriages Act 1772
5f4e44ba-b3df-4f2c-ad8d-4ff9ab42946b,naturalqa,who is the managing director of access bank,1,Herbert Wigwe
d458cac7-6b52-4c06-9412-b8524a17745f,naturalqa,where would you find the ocean of storms,1,Oceanus Procellarum
7aa1d8c3-0fe9-4b5e-ab14-c32deb8a79b8,naturalqa,who brought the first lemon seeds to america,1,Lemon
50088aac-9c9b-49a1-8db2-e9c4873c027a,naturalqa,who wrote the song burning ring of fire,1,Ring of Fire (song)
ec9da5b3-c8a4-43ba-9298-dac15d9cd77e,naturalqa,the largest indian glacier i.e. siachen occur in,1,Siachen Glacier
b25bf54b-ff48-4473-98b9-a76061de5611,naturalqa,what is the generation between x and millennial,4,Xennials
aff9aa6d-d63e-4d58-ab3f-428a736257a1,naturalqa,who launched australia's first national daily newspaper,1,Newspapers in Australia
626ffaa2-111a-408e-824b-a15abe886677,naturalqa,what type of coaxial fitting is commonly used for cable tv,2,F connector
8c727f58-54e3-4451-a002-84e2f77c759d,naturalqa,what's the name of the target dog,2,Bullseye (mascot)
7f0c5861-b758-4b93-8772-fee18d10ea1a,naturalqa,where was a major strike held in poland,1,1988 Polish strikes
5767234c-37dd-49bc-bacd-da265c06d343,naturalqa,who wrote one day i'll fly away,1,One Day I'll Fly Away
fb7308a0-21e0-499b-b9a7-c60806c30627,naturalqa,when does the movie summer of 84 come out,2,Summer of 84
d9f492c3-1d13-4ca7-ad9c-2b9c90d67898,naturalqa,what do they call snowboarders in johnny tsunami,2,Johnny Tsunami
7e855515-7a85-49f8-8e29-6cd546c7e7ef,naturalqa,where did the paragon park roller coaster go,1,The Wild One (roller coaster)
768b2a00-aed3-4319-a09e-edb98110454d,naturalqa,who helped resolve the dispute between virginia and maryland,1,Maryland v. West Virginia
1cf63a43-9d42-44ae-a65d-b65948fd69ca,naturalqa,who sings the song don't tell me you love me,1,Don't Tell Me You Love Me
8e2e5f2f-73f9-47d3-b57c-6af54a91ce7e,naturalqa,what is the name of the circus in if i ran the circus,1,If I Ran the Circus
d711250b-265a-42b8-ae32-71a43e8e5b1a,naturalqa,where did you know what i mean vern come from,2,Ernest P. Worrell
fbb6cc60-c056-4a39-aca6-44218c162128,naturalqa,when did the argos move to bmo field,1,BMO Field
b6054e5b-2afe-4b0d-a51d-2c1f391c08fd,naturalqa,what is the meaning of the name parul,1,Parul
898f5e53-4cfa-4ce3-b7ba-c02f0d4655be,naturalqa,where did the first settlers of astoria move there from,1,"Astoria, Oregon"
17969b38-9f3e-43f5-9d05-6530a65eea0f,naturalqa,who sang looking through the window of love,2,Lookin' Through the Windows (song)
4a118acb-271f-453b-a847-789d93d4777a,naturalqa,where does the song wind the bobbin up come from,1,Wind the Bobbin Up
458056a9-1a72-4fb8-85c9-b7ca2382e645,naturalqa,where was the st louis world fair held,1,Louisiana Purchase Exposition
1f00b10f-00b7-4856-8b3a-1376269131a0,naturalqa,when were manatees put on the endangered list,1,Manatee conservation
dfd4f90e-2d7e-4090-9bc3-b0b5ee7e080d,naturalqa,who broadened the doctrine of philosophy of language,1,Philosophy of language
640487d6-8dd0-4241-af8d-cfb6f5707a73,naturalqa,how many times has india hosted asian games,1,India at the Asian Games
cb87f3ea-bcac-49aa-ad0f-9f2bf7ff7130,naturalqa,when was the first wind farm built in australia,1,Wind power in Australia
937e41df-d8fa-45d3-9ced-3179cf2467d0,naturalqa,the commercials that run across the bottom third of a tv screen are called,1,News ticker
245117b1-0d57-41b8-b4b5-6556234ad020,naturalqa,uae minister of foreign affairs and international cooperation,1,Abdullah bin Zayed Al Nahyan
c846b978-a3dc-4995-ab3a-bbef2fe0af23,naturalqa,where are the walking legs of crustaceans found,1,Crustacean
90323323-a16d-42b8-9cd5-f68b768358dd,naturalqa,who wrote the national anthem of antigua and barbuda,1,"Fair Antigua, We Salute Thee"
784de6c5-2810-4ff3-a111-c115d3c78a6b,naturalqa,where did tommy battle go to high school,1,Tommy Battle
85f5df26-bc24-439f-b974-cc3ed77c0c0a,naturalqa,which side of lake anna is the hot side,2,Lake Anna
43a0fd28-97c4-4d61-ae56-a5be74703b47,naturalqa,misfits who does simon lose his virginity to,1,Simon Bellamy
4384cb74-0de1-4be9-90db-ce1989c2910b,naturalqa,who plays mama hattie on love thy neighbor,1,Patrice Lovely
bde66848-30ae-43c5-a4b1-c795c673eb42,naturalqa,when was the bells by edgar allan poe written,1,The Bells (poem)
901c366e-7692-49e8-a323-da06a32ccff5,naturalqa,who owns the times and the sunday times,1,The Times
3194a9f2-6079-4ab3-ae3d-d48d42da02ea,naturalqa,nothing more the stories we tell ourselves release date,2,The Stories We Tell Ourselves
768a8acf-0db8-4496-8e63-72d8a9cf55f7,naturalqa,where is gifford pinchot state park in pennsylvania,1,Gifford Pinchot State Park
043d631c-33bd-4c32-aeae-ccbd4ae291e4,naturalqa,where was the john wayne movie hondo filmed,1,Hondo (film)
24a1e319-4957-412f-a7aa-75a22758d740,naturalqa,what is the meaning of lrt in the philippines,1,Manila Light Rail Transit System
39415add-e490-458b-a1bd-02f0eb5e43c4,naturalqa,who was the teacher who died on the challenger,1,Christa McAuliffe
af168bd3-6b65-471d-82ca-5fa2c6dba43b,naturalqa,who did david ryall play in call the midwife,1,David Ryall
89cdae3a-1e3d-4877-ae31-6abc81f06d77,naturalqa,what does the star on the jordan flag mean,1,Flag of Jordan
a60876e5-b6f7-4fe0-9cd6-c01c158fc197,naturalqa,what is the meaning of name iram in urdu,1,Erum (name)
5ddde381-3bc4-4265-a758-2f577aa9fc6c,naturalqa,where does the poop go in a space shuttle,1,Space toilet
6016dd06-a8a3-4855-8447-13ebf6424f3d,naturalqa,when did george patton compete in the olympics,2,George S. Patton
b5d1c6d1-a1fe-4fb8-bfb0-964973510923,naturalqa,when did the range rover evoque come out,1,Range Rover Evoque
692660e5-e856-4b31-a5d4-250bd8af0d75,naturalqa,what does the word meter mean in poetry,1,Metre (poetry)
9f8fcf86-032a-4143-aadc-7c9337d56dd4,naturalqa,how many horse hairs are on a violin bow,1,Bow (music)
6b149cba-382d-405f-b2ce-b60f0b62ee7d,naturalqa,what in greek orthodox church is a diocese,1,Diocese
b9f5c96a-0005-49a6-887c-42f8db6d01f1,naturalqa,who had founded the indian home rule society,1,Indian Home Rule Society
3813d903-ebe2-487c-b167-4261114b2d60,naturalqa,who is the first master chef of india,1,MasterChef India
91644883-fe68-4185-9f92-562774e886f1,naturalqa,which is the most powerful god in hinduism,1,Hindu mythological wars
8192694a-1e9b-4bc7-b432-25b2be32cc33,naturalqa,when did the show little bear come out,2,Little Bear (TV series)
2d70c838-cd18-4f06-a624-0071e0f6e9ec,naturalqa,who played ed hall on one life to live,1,Ed Hall (One Life to Live)
98cbd958-7e47-4c93-bdba-3fdbeabf2f29,naturalqa,when did meghalaya formed its first coalition government,1,Meghalaya Progressive Alliance
505cebdd-1d75-435a-ae53-6e7940ef82c2,naturalqa,when were electric trains introduced in the uk,1,Railway electrification in Great Britain
da11b107-4cdc-42b2-952d-445c37976143,naturalqa,who is the founder of khan academy of hugli popular free online education platform,2,Khan Academy
490e42a9-4bd3-4f30-939c-ae1269bbde2f,naturalqa,man who climbed mount everest with no legs,1,Mark Inglis
0a94f6e3-5d10-4eb3-9f59-39a678578e60,naturalqa,when did the song mony mony come out,2,Mony Mony
f12849b2-5566-475f-9d2a-d8b5c871d84a,naturalqa,who did the voice of cita on bet,1,Cita's World
25fc8c01-3e81-4a97-8410-214d68b3b8f1,naturalqa,who votes for acc player of the year,1,Atlantic Coast Conference Men's Basketball Player of the Year
b012f529-04a3-4bab-9beb-03754bc75fb7,naturalqa,what kind of car is jazz from transformers,1,Jazz (Transformers)
8588d86b-73b5-4280-9798-91ac57ae357f,naturalqa,who did dos anjos beat for the title,1,Rafael dos Anjos
cccaef82-9c5a-484f-82cf-8eb6a85be68e,naturalqa,what happened to the group brighter side of darkness,1,Brighter Side of Darkness
c9a982d0-5f38-4b75-a1c2-b688f47e8c65,naturalqa,when did women get the vote in switzerland,1,Women's suffrage in Switzerland
232a6546-c871-4418-b908-bb2d9c853cdb,naturalqa,name the president of india who inaugurated the birla planetarium,1,"Birla Planetarium, Chennai"
f96e8bfa-5f21-4fa0-9b2f-a8339e7a8298,naturalqa,when was the last time the dbacks went to the playoffs,1,List of Arizona Diamondbacks seasons
957f638b-7339-4ced-907a-d1912275e0e4,naturalqa,who is the book of titus written to,1,Epistle to Titus
0e721a84-eb90-4963-b8b1-5545cfd445e2,naturalqa,where is battleground 2017 going to be at,2,Battleground (2017)
32b1ad56-e177-4370-9cb8-5c4f3f16eeb3,naturalqa,who sings i hope that we can be together soon,1,Hope That We Can Be Together Soon
43098409-2266-4a7b-8ec6-f82973449e38,naturalqa,the kinked demand curve in oligopoly is used to explain,1,Kinked demand
055f6c96-01f3-4f61-a4be-18b3a1369335,naturalqa,who opposed the two factor theory of intelligence,2,Two-factor theory of intelligence
cb9d7222-3239-41d5-acfc-55660a5b9812,naturalqa,who was the first person to settle dodge city,1,"Dodge City, Kansas"
86cccd85-aceb-4e66-9efc-c2987dcee13b,naturalqa,name the village of telangana in which coal was found for the first time,1,Singareni Collieries Company
0929a316-9b92-4c70-a7e2-cb94cf89dcbd,naturalqa,what is the meaning of hundreds of thousands,1,Hundreds and thousands
bf78ced2-a034-4313-a957-49df2461895d,naturalqa,where does an ignition interlock device plug into,1,Ignition interlock device
ce4b539f-5924-40a9-91de-a8ea5e754dd1,naturalqa,winner of show me the money season 4,1,Show Me the Money 4
2eada383-4baa-44f6-9335-321a58eb23db,naturalqa,who sings is someone else calling you baby,2,Someone Else Calling You Baby
8cdc687d-016f-43b7-9c5e-27f6242502c6,naturalqa,official residence of south african president in cape town,1,Genadendal Residence
c4900a72-d97b-45d3-90b8-10272d4e42ba,naturalqa,what is the name of the uva mascot,1,Virginia Cavaliers
82cbe7e3-bb60-4f33-9eb5-fb035321a2e5,naturalqa,where does the last name chambers come from,1,Chambers (surname)
4d12ebba-2bb4-44c0-bc0a-5ecbc6160d69,naturalqa,function of department of social welfare and development in the philippines,1,Department of Social Welfare and Development
8bce434d-a33c-4f27-bb73-83922e17906d,naturalqa,little house on the prairie mr edwards wife,1,Mr. Edwards
ebc25e64-6083-4c31-b6cf-5049ae20c38a,naturalqa,when did wells fargo buy first interstate bank,1,First Interstate Bancorp
0153cd9c-7536-4ed5-9f1f-0dbf8472a40d,naturalqa,at canterbury cathedral the shrine of is today marked by a single,1,Trinity Chapel
5c27db3c-d045-4354-b0df-7ca6c34fa0de,naturalqa,when did bounce out with that come out,1,YBN Nahmir
cfd0c474-8842-433b-8c1f-411cb384e100,naturalqa,who played beth on mary tyler moore show,2,Lisa Gerritsen
020a7518-0292-4399-8560-d73be630f881,naturalqa,when did us beat england in world cup,1,United States v England (1950 FIFA World Cup)
b8850342-f6b0-4804-a3c8-bfafec33b868,naturalqa,where do you palpate the posterior tibial pulse,1,Posterior tibial artery
0d5b1766-37fc-4444-861f-12b1aa6c302d,naturalqa,who holds the record for most free throws made in a row,1,Tom Amberry
dbeb9215-c19b-4fed-8907-99248876d3e0,naturalqa,rebecca how to get away with a murderer actress,1,Katie Findlay
a09a5b1d-41ec-47b9-b1a1-78475bfa37a4,naturalqa,where was once i was a beehive filmed,1,Once I Was a Beehive
dded9671-7952-4b74-8a33-a9f6fc09b358,naturalqa,where are chief cells found in the stomach,1,Gastric chief cell
c03a910f-60e7-4169-b94f-bccd9c7d5b3e,naturalqa,who sings the song i want you to stay,5,Stay (Rihanna song)
be92b621-56c7-45c2-8fa8-2528e21768b5,naturalqa,who played little luke in the real mccoys,1,Michael Winkelman
ebd70ce3-d9bc-4649-b008-cffad43345d8,naturalqa,what type of chemicals are dhea and androstenedione,1,Dehydroepiandrosterone
09a8c7db-5658-472f-aaaa-14d74238b0c1,naturalqa,where is the bay hill golf course located,1,Bay Hill Club and Lodge
15feea43-d25e-4706-90d5-395ea4f43a81,naturalqa,who is known as the father of physical education in india,1,Harry Buck
4369b722-35ec-45a3-81c6-67a8cb67f917,naturalqa,what was the purpose of the zeppelin in ww1,1,Zeppelin
c45ba315-e340-4d12-8088-c02f5fcc147f,naturalqa,when was the last time china was in the world cup,1,China at the FIFA World Cup
d0a23c15-5f23-47e8-a5ad-eed763d0d79c,naturalqa,how many species of mangroves are there in australia,1,Australian mangroves
8830b86a-46bf-467d-8cd3-be7fe70fc28d,naturalqa,the school of gymnastics is called in athens as,1,Gymnasium (ancient Greece)
74662b29-a5b5-45c9-abdc-a4428871b8a2,naturalqa,who sings i'll take care of you,1,I'll Take Care of You (song)
83d7e1a2-7d7c-4b04-9d04-22481ed08cb8,naturalqa,what is the song zoot suit riot about,1,Zoot Suit Riot (song)
d2f3d24c-9aca-44b9-8e60-c8c83c77882f,naturalqa,who sang i got my mind made up,1,I Got My Mind Made Up (You Can Get It Girl)
0bf1915c-0394-4c44-995e-8cde2f93cc22,naturalqa,who does denise marry on the cosby show,2,Denise Huxtable
4569ae39-7578-45be-81c8-b9081323836c,naturalqa,where does the arizona trail start and end,1,Arizona Trail
69ee4b9d-a056-450d-af8d-7d667ec0b444,naturalqa,who played larry mondello in leave it to beaver,1,Larry Mondello
6f6fdb94-04f9-4731-b484-90737cae16dc,naturalqa,who played marco dane on one life to live,1,Marco Dane
5b37b2fc-3915-474f-947a-3f9e0e9e2646,naturalqa,how many islands are there in the polynesian triangle,1,Polynesia
237f4a41-3f99-4484-811b-16bd407c9076,naturalqa,what does the united states mission to the united nations do,1,United States Mission to the United Nations
078d5518-5972-4d9b-893a-9781f457892c,naturalqa,who sings the song breathe from grey's anatomy,1,Breathe (2 AM)
0fca9872-9b32-48ff-82cd-b8f4d39434ba,naturalqa,who played the girl in karate kid 3,2,The Karate Kid Part III
7e75bc56-99e8-4bc6-b02d-eba0b9a564db,naturalqa,what is the meaning of the name pascal,1,Pascal (given name)
6fcbceb4-4d50-4d5b-be20-f7f6faba7eca,naturalqa,what helped protect constantinople from invasion by land,1,Siege of Constantinople (717–718)
27fff648-225b-4330-81a2-ac23be262a2f,naturalqa,the kid from the big apple filming location,1,The Kid from the Big Apple
d3942df1-e572-4dee-b6dc-79dbe0c4edf0,naturalqa,what is put on top of tiger bread,1,Tiger bread
306abbcb-dd50-424d-b10f-5ff9731a9af9,naturalqa,who is the girl in the vermilion video,1,Vermilion (song)
5e9adc54-6c88-49bf-8722-04d207dc73d5,naturalqa,who sang too many fish in the sea,1,Too Many Fish in the Sea
fa76561f-1f9b-4fad-9dc3-281dd8aa7fb5,naturalqa,what is the meaning of potential in physics,1,Potential
f241fd1b-8990-4c3e-9bcb-68a89f7a66d3,naturalqa,when was i look at the world written,1,When I Look at the World
d67301d3-3c3a-4b4d-9b3e-249ad6c6cb2a,naturalqa,where did the first wisconsin state fair take place,1,Wisconsin State Fair
7e0df936-63c5-48b8-a0dd-e249b9937563,naturalqa,who plays noel kahn in pretty little liars,1,Brant Daugherty
ced17bd3-4060-4ada-bd83-8261ce51c559,naturalqa,who sang i'll sail this ship alone,1,I'll Sail This Ship Alone
b3304fa8-c8d7-459e-b7c3-99c7de8236b9,naturalqa,who sang the original version of my maria,1,My Maria
76ad3ac8-5232-4ca2-a1e6-c22bd64df3a4,naturalqa,who is john writing to in 3 john,3,Third Epistle of John
270a874b-4c36-4116-8180-de4c6cb51eaf,naturalqa,when do they issue a small craft advisory,1,Small craft advisory
33355bb9-d201-429d-95d9-d7a0ec3dfffd,naturalqa,who is known as iron woman of india,1,Irom Chanu Sharmila
2e406735-74af-4e4f-af44-8ab3be343fab,naturalqa,when did charles buy gad's hill place,1,Gads Hill Place
b321d7f5-4b5f-49d1-87c6-f9fdcbf502ff,naturalqa,why did new york city become the center of the garment industry in the united states,1,"Garment District, Manhattan"
e2ad7461-2483-423e-be39-1fcc37b2ba20,naturalqa,when did the bank of the united states fail,1,Bank of United States
e6bafead-695c-4474-b187-05ac8bfd185f,naturalqa,who sang the song stand up for the champion,1,Stand Up (For the Champions)
209d18ca-cfa1-4111-9e7d-9ab3b5a61dee,naturalqa,when did silver birch win the grand national,1,Silver Birch (horse)
6ee63b7c-5c60-423d-8c84-2ba31b548108,naturalqa,when was the city of coral springs founded,2,"Coral Springs, Florida"
31d2a112-9fc9-4263-9d19-0a73e92439e6,naturalqa,who voices the monkey in the pg tips advert,1,Monkey (character)
dbad9190-2366-4916-b26e-4c611e41638e,naturalqa,where does the last name curtis come from,1,Curtis
254eb98f-2433-4384-946c-ba11a86ed93a,naturalqa,the musketeers' trophy is awarded to the winner of men's singles title in,2,Coupe des Mousquetaires
55ef4a51-9f59-4102-a803-0d28424a21fd,naturalqa,where does laughter come from in the body,1,Laughter
027feee9-fcd1-448d-9dd3-d0db11d75431,naturalqa,who sang if you're looking for a way out,1,If You're Lookin' for a Way Out
5bc0db0d-99a8-448f-addf-3298af77118b,naturalqa,who played charlotte lucas in bbc pride and prejudice,1,Lucy Scott
3ff201ba-7b51-4bd5-a4b1-d12a3861c7e6,naturalqa,who lit the torch for the 2018 winter olympics,1,2018 Winter Olympics torch relay
534666c6-dabf-4d5e-a6c2-79ae5901064f,naturalqa,who sings a little dive bar in dahlonega,1,A Little Dive Bar in Dahlonega
d6250004-6e01-4293-8ff0-519720c49cee,naturalqa,where are they playing the memorial golf tournament,1,Memorial Tournament
63947709-9039-44b4-99d6-5b00d6a8d9f2,naturalqa,tenderness on pressure at mcburney point is a diagnostic indicator of,1,McBurney's point
7c1a13c8-5c7d-4fe0-80c3-08d4b3f026f2,naturalqa,where does the last name mullins come from,1,Mullins (surname)
56196913-9321-44bd-ae2c-2f99f6567f24,naturalqa,who plays judith on 3rd rock from the sun,1,Ileen Getz
c2e66e2e-3401-4bdb-ab94-e6a7e104519f,naturalqa,how did the calusa tribe get their food,1,Calusa
aa8c4e25-28af-4ade-b29b-badbb76049ff,naturalqa,man's best friend movie what kind of dog,1,Man's Best Friend (1993 film)
277c6e55-81d7-4e45-a739-ae7b87fa912f,naturalqa,who wrote we are standing on holy ground,1,Geron Davis
952f3793-a4fc-414c-8456-d07645a79ad9,naturalqa,who played uncle peter in reeves and mortimer,2,Charlie Chuck
6ea984e1-a843-4268-8717-9378e5147815,naturalqa,when was the last time burnley qualified for europe,1,Burnley F.C. in European football
75a1bccc-9df0-4dc8-8e45-5ee381b923ee,naturalqa,when is the sunday times rich list 2018 published,1,Sunday Times Rich List 2018
5f33782f-c3c1-4d85-a35e-94f7523516d0,naturalqa,who plays leroy jethro gibbs father on ncis,1,Ralph Waite
3898d8e1-5fe5-400b-811e-2f65b16f116a,naturalqa,where was the first ocean wave energy pilot power plant installed in india,1,Wave power in India
f0af9b37-a229-499e-9950-aa45da0f01d9,naturalqa,who won the mtv box cricket league 2018,1,Box Cricket League
187e1641-0ff5-4ba0-9a0f-e926482ef2d4,naturalqa,who played betty ramsey on i love lucy,2,Mary Jane Croft
9bc75d43-1090-49d9-946b-11a8c4e3eaa4,naturalqa,who sings the rhythm is going to get you,1,Rhythm Is Gonna Get You
ceca0598-8e1a-4131-95d6-3dd364401ff8,naturalqa,man who ran for president with boot on head,1,Vermin Supreme
e6b1254d-e043-4428-bdd4-70346cb13b2e,naturalqa,who plays dr maxfield in the vampire diaries,1,Rick Cosnett
79ad5f3d-6431-4d05-9b12-a2cfe1cddbc0,naturalqa,who played the role of shakuni in mahabharat 2013,1,Praneet Bhat
4fc51424-16b5-432c-8b47-a5405f1ff728,naturalqa,who played duncan in monarch of the glen,1,Hamish Clark
c56029c4-21a5-4309-b63a-d3fe7eec74b1,naturalqa,what does the word peloton mean in english,1,Peloton
127be7e5-29a5-4e26-8872-5815b75a7078,naturalqa,what is the song feed the machine about,1,Feed the Machine (Nickelback song)
758fc9ad-29a3-4fa5-bb61-7102f6d4f36d,naturalqa,what is the largest outdoor mall in america,3,Ala Moana Center
6a2f0fc4-bc16-47a1-b707-bf72f72d5bdb,naturalqa,who wrote the song ask the blind man he saw it all,1,Daryl Mosley
feacc46e-948c-4259-80c0-ec7c3f0f0789,naturalqa,what does the n on cortexs head mean,1,Doctor Neo Cortex
117eea89-f5ec-4aa7-b344-4f55a88a03d9,naturalqa,who is the editor of the canberra times,1,The Canberra Times
72e901d6-b277-47c4-856e-59b2c623acd0,naturalqa,who owns gloria jeans coffee shops in australia,3,Gloria Jean's Coffees
8470b620-4a1b-42c4-b3e7-addd7f52e6d6,naturalqa,who played big sam in gone with the wind,1,Everett Brown
2aef71d3-c33d-445d-997f-d527ec191b77,naturalqa,who is the girl in the aha take on me video,1,Bunty Bailey
653737fc-1f49-417d-9a02-d700beefa86c,naturalqa,where did they film hot tub time machine,1,Fernie Alpine Resort
ea232c29-b7b8-4012-9d54-62f2de795ebe,naturalqa,what does the td in td ameritrade stand for,1,TD Ameritrade
a063eb3a-c108-4837-9cd9-b8b7863ae3de,naturalqa,when does the odds ratio approximate the relative risk,1,Rare disease assumption
8fd9cfb8-d505-472a-9943-cdf956fdae8a,naturalqa,what episode of glee does david try to kill himself,1,On My Way (Glee)
b1676e01-71eb-408f-8509-0a17f66ec97e,naturalqa,who sang now is the time to get things right,1,Jimmy James (singer)
297af2a1-2dc9-41c6-836c-5722890287af,naturalqa,when does kindred spirits come back on 2017,1,Kindred Spirits (TV series)
ae166fae-da4f-42be-85a7-9b34d0335988,naturalqa,where did the name locks heath come from,1,Locks Heath
1ba701ba-df0a-4aca-9308-b687401e053b,naturalqa,who played claudia in how i met your mother,1,Virginia Williams
6f8e96a6-b18b-4618-887f-8bf41c1cccf9,naturalqa,who is alma the younger in the book of mormon,1,Alma the Younger
b18aba6c-a614-4279-bff5-e2de2e73b72e,naturalqa,where is the hinge joint located in the human body,1,Hinge joint
727d31f4-5170-45dc-a68c-b99b70f5d598,naturalqa,when was the last time israel won the eurovision,2,Israel in the Eurovision Song Contest
fdbedf53-d886-4caf-899a-bcc1e351a500,naturalqa,who wrote the song when i get carried away,1,Carried Away (George Strait song)
3bec4aaa-a4db-4a1c-839a-2b6d67b7d901,naturalqa,who stars in the 2016 nollywood film surulere,1,Suru L'ere
e0ba846b-1fda-4eb1-a0d7-b6a70311f8d6,naturalqa,where does the last name urbina come from,1,Urbina
b6ce357c-97c1-4742-ab5e-4c53804a4e95,naturalqa,how many students attend deer creek high school,1,Deer Creek Public Schools
af371d39-535a-4e99-b106-df9df1eb6aa2,naturalqa,when is the lizzie borden movie coming out,2,Lizzie (2018 film)
107c1cd4-6dee-4878-a24a-df99f8c1bf50,naturalqa,who is sara harvey in pretty little liars,1,Sara Harvey (Pretty Little Liars)
702fa526-980c-43e1-9615-458df8ec2ccf,naturalqa,what type of bridge is the infinity bridge,1,Infinity Bridge
f26f9395-696b-4072-a010-7565a38641e9,naturalqa,what is the difference between a raven and a crow in australia,1,Australian raven
28208fc1-564e-4110-a474-af4c7442f4f2,naturalqa,how many sampath bank branches in sri lanka,2,Sampath Bank
ceb44908-b4d6-4d7d-82ab-3f62529d575d,naturalqa,what was the highest number of u.s. soldiers in south vietnam at one time,1,1968 in the Vietnam War
9d7f7341-7930-4a38-addb-a656c0646598,naturalqa,who plays dr russell on grey's anatomy,1,Dominic Hoffman
47c4d33a-0d0a-4a25-8ba9-9c9a7a9c8210,naturalqa,when did canada withdraw from the kyoto protocol,1,Canada and the Kyoto Protocol
afca7717-4ffb-4e32-ba65-5b74509f85c0,naturalqa,who was the founder of the varmana dynasty,2,Varman dynasty
391a0af8-e4de-4833-9de8-d0c5f4c22055,naturalqa,when did zagreb become the capital of croatia,1,Zagreb
40663928-4eea-4dce-a0c9-7486a974b643,naturalqa,who played the killer in scary movie 1,1,Scream (1996 film)
4505c659-9c8c-4f3f-a943-e82085365b96,naturalqa,when was the ferris wheel in paris built,1,Roue de Paris
6aef1404-b80d-4377-9966-cd00bf6faddc,naturalqa,where did they film the roy rogers show,1,The Roy Rogers Show
c9bcdbd2-356d-48a9-a79b-784a35047769,naturalqa,when did the halfpenny go out of circulation in ireland,1,Halfpenny (Irish decimal coin)
861f18d5-64d8-4e4a-b821-b8e6b3495c95,naturalqa,number of weddings per year in the us,1,Wedding industry in the United States
2fca1fff-9207-45f3-92a6-a8885a97a8c0,naturalqa,the oxygen flow rate for a nasal cannula should not exceed,1,Nasal cannula
255a5773-f6e4-4747-9320-203f2883143b,naturalqa,where is the red dog saloon in alaska,1,Red Dog Saloon
7a5c4229-5710-4a2e-b569-c87fc288052b,naturalqa,who plays dixie in the fox and the hound 2,1,The Fox and the Hound 2
59c23a40-944f-40bc-99bc-8548ad75eee1,naturalqa,who came up with the theory of endosymbiosis,2,Symbiogenesis
91e4b8d4-c51b-4dd0-9c35-a63343a954f3,naturalqa,what level of hockey are the humboldt broncos,2,Humboldt Broncos
56813310-da5d-4a4a-b057-34d219783933,naturalqa,when did the london docklands go into decline,1,London Docklands
4bdb1976-0ab0-4e99-92aa-7f991040d99c,naturalqa,who funds the frontier centre for public policy,1,Frontier Centre for Public Policy
11a07df8-da94-41d7-ac75-f2023f7babaf,naturalqa,when was krakauer considered a success as a writer,1,Jon Krakauer
d991f532-a66d-4d34-abea-0cc7ad075056,naturalqa,who played dr loveless in wild wild west movie,2,Dr. Loveless
ad327a1e-f1ab-467a-90a8-af720af50f85,naturalqa,who is the first female engineer in india,1,Ruchi Sanghvi
1fd23cbe-9e30-4218-bb30-43dbcc80260e,naturalqa,who played the witch in hr puff n stuff,1,Billie Hayes
f5058627-5b62-42df-b21d-3d64558e8862,naturalqa,when were state pensions introduced in the uk,1,Pensions in the United Kingdom
8786236b-04fc-42b8-8395-f4dabe5071b7,naturalqa,themes in my mother said i never should,1,My Mother Said I Never Should
e4c0bb9f-a6a1-4ca9-85af-00b68def652d,naturalqa,who sings the song i'm on my way,1,I'm on My Way (Dean Parrish song)
f21f46a4-4850-4614-92ff-dfe81ded4b62,naturalqa,for a patient who is short of breath and is experiencing cardiac problems a helpful position may be,1,Tripod position
62e46243-2501-4b5e-9360-b32d861457ff,naturalqa,when did meadowlark lemon play for the globetrotters,1,Meadowlark Lemon
d1ac7d16-31fe-40f1-9df7-99913c205cc8,naturalqa,when did the weather channel start naming winter storms,1,Winter storm naming in the United States
9da5337f-1d2d-4e8d-bc80-abb6347f1f5c,naturalqa,who sang the song your nobody called today,1,Nobody (Sylvia song)
65a1bf0f-c3d1-4df3-b883-db05e18f529d,naturalqa,who sang i've got the key i've got the secret,1,The Key the Secret
108c2185-4e3e-421f-96b5-542df1a2db1c,naturalqa,who played detective green on law and order,2,Jesse L. Martin
53d63c54-8425-4a86-8f2f-30410dc7fbb0,naturalqa,when did gas monkey bar and grill open,1,Gas Monkey Bar N' Grill
30de8797-8d0e-4163-a987-24ff5f3f889a,naturalqa,who wrote the music for muppets most wanted,2,Muppets Most Wanted (soundtrack)
56b58735-f467-4329-b336-1a5d93fa377f,naturalqa,who wrote the song am i losing you,1,Am I Losing You
1f0395ca-c389-4bf8-a09d-e59ee2005bea,naturalqa,where do wax worms live in the wild,1,Waxworm
d6f0dee2-0377-45fc-a284-b7a04bd5e73a,naturalqa,who wrote the assyrian came down like a wolf on the fold,4,The Destruction of Sennacherib
366dc660-a05d-40a2-9f11-1935e3fc7c2a,naturalqa,degree of workability is high when slump is,1,Concrete slump test
1f952bda-8508-4181-a57c-102764aef0fb,naturalqa,who voiced edward kenway in assassin creed 4,1,Matt Ryan (actor)
c8aea232-ae2d-46e4-8f67-c2745ddd4636,naturalqa,who is the mayor of salt lake city utah,5,Jackie Biskupski
de809bce-d245-4dc6-be3d-a6f9ee629a51,naturalqa,how many villages are there in phek district,1,Phek district
11c10101-834b-40d8-b14a-537f1e15c488,naturalqa,who played mickey pearce in only fools and horses,1,Patrick Murray (actor)
23881d38-4129-439c-a38a-5f3243dd88aa,naturalqa,where is the born place of cp pallipuram,1,Sippy Pallippuram
17bf44ed-8bbe-45e4-8f89-2ba9dca2c4fa,naturalqa,gestational sac but no yolk sac and embryo,1,Blighted ovum
9cfcb51e-8d12-42f4-8bc8-eb0a2727e4f3,naturalqa,when did the modern slavery act come into force,1,Modern Slavery Act 2015
931316fc-ab57-4038-b943-d1921750a672,naturalqa,who is regarded as the first law giver,3,Draco (lawgiver)
2f567c17-613d-4258-949b-231559d4b350,naturalqa,who does liliana mumy play in the loud house,2,Liliana Mumy
8b52aad2-dbd2-4b5d-984d-ceccfb30394b,naturalqa,what is the forest spirit in princess mononoke,1,Princess Mononoke
23aa61ed-25a4-4da1-98a4-cec2b137db65,naturalqa,who hosted the reality show called mr. personality,3,Mr. Personality
0c3a8eee-3661-48e4-8a8d-13e7c8b355eb,naturalqa,who sings the song i feel like bustin loose,1,Bustin' Loose (song)
379dac27-ff26-457a-b7d0-39f8935af965,naturalqa,who is the host of top chef canada,1,Top Chef Canada
16d2df98-c0ac-4aa6-a946-77ea5159a8b2,naturalqa,tortug'air is which country's national flag carrier,1,Tortug' Air
8f2a3a81-4b32-4ced-8dc5-b46763285975,naturalqa,when was the bull leaping bronze statue found,1,Minoan Bull-leaper
5691acc8-3dcf-4fb3-bc05-efa118f9c01a,naturalqa,what is the meaning of the word beowulf,1,Beowulf (hero)
53f768c4-39bf-42b7-92d0-ca8a1efab503,naturalqa,where was the movie fathers and daughters filmed,1,Fathers and Daughters
f8f70d51-fa28-4ab6-8320-6086ab51e9ce,naturalqa,fairground ride where you stick to the wall,1,Rotor (ride)
274344a9-e033-44c5-a81a-c3868025cb39,naturalqa,who did jessica mcnamee play in home and away,1,Lisa Duffy (Home and Away)
0e389d88-7c84-4c49-bcba-c8df52939734,naturalqa,who played peter on days of our lives,1,Jason Brooks (actor)
b318a94a-8d3f-4d43-98ed-0e1fc814255d,naturalqa,who wrote the music for a bridge too far,1,John Addison
be4ce566-6482-4bf5-92fc-02edeb3a4702,naturalqa,what does walls by kings of leon mean,1,Walls (Kings of Leon album)
cddfef5f-1848-4c97-b8d0-591ec344cf24,naturalqa,where is located the house of the hart to hart,1,Hart to Hart
a33c8170-d7fe-4723-9fdc-3c2d898df50b,naturalqa,when was the first mall built in india,1,Spencer Plaza
1ad9cccb-f53f-47dc-90af-2a36f2de8f95,naturalqa,which tribe was allied with the british in the battle of queenston,1,Battle of Queenston Heights
b332740b-0629-4790-beab-aca612eeb474,naturalqa,when was the first solar powered calculator invented,1,Solar-powered calculator
745e1581-1f65-4e06-8e65-c94fa6dee78c,naturalqa,when was most of the continental us deforested,1,Deforestation in the United States
6b0227d5-c2d0-425b-8dfc-b104a253d1a3,naturalqa,where did the tour de france start in 1954,1,1954 Tour de France
0083a85a-6c8e-41ab-9bad-0bffb78e75ab,naturalqa,who wrote like a fox on the run,1,Fox on the Run (Manfred Mann song)
4efa7b5a-078b-4f42-aeec-e682f6cc8395,naturalqa,when did baseball players stop leaving their gloves on the field,1,Baseball glove
a2c68978-eef6-4efe-930e-f666e114b669,naturalqa,when did the first pair of beats come out,1,Beats Electronics
96c30813-4c8c-4af0-aa4d-2fb18e0523ad,naturalqa,more recent versions of flywire are made of a thread comprised of what material,1,Nike Flywire
75c77ef5-54c8-4669-a06c-9608393146a2,naturalqa,who sings the song the bluest eyes in texas,1,The Bluest Eyes in Texas
d66a294d-16a7-4cee-b90f-7ea416c3272e,naturalqa,when is bring your dog to work day,1,Take Your Dog to Work Day
10a86bbe-3e4d-4939-aefe-629f0fcf8b4a,naturalqa,in against the sun what type of plane is shown in the movie,2,Against the Sun
ec163b99-d6fd-43a1-9f20-e0fb3a84da60,naturalqa,when was oriental life insurance company established in india,1,Life Insurance Corporation
c8067ec5-a989-449a-a1f4-be975d531981,naturalqa,when was south oak cliff high school built,1,South Oak Cliff High School
7b2ea574-ad76-464d-84f2-77bf5a96e5d3,naturalqa,when was the big walker mountain tunnel built,1,Big Walker Mountain Tunnel
0a700775-0ff0-4743-9562-bc51284214b5,naturalqa,where was the first air force base located,2,First Air Force
845e2e2d-50f4-4a2d-a11b-a91c00217c83,naturalqa,who plays nick on the young and the restless,1,Joshua Morrow
8c577cdb-39ea-4c85-bc69-bdfb80362d96,naturalqa,where did twin explosion that took place in quick succession on april 14 2006,1,2006 Jama Masjid bombings
55b7dd57-02fe-4ab1-9265-b79705942fda,naturalqa,who migrated to south australia in the colonial era,1,History of South Australia
bf91f1bb-7a30-430c-89f2-fcfbd94851bb,naturalqa,where was the first world youth day held,1,World Youth Day
39c54a99-3abe-4486-b7eb-f7aa555faac1,naturalqa,who played jenny wolek on one life to live,2,Jenny Wolek
fbf7a239-4685-4426-bd5b-7eb4c0d5db2f,naturalqa,when did the simpsons get a new intro,1,The Simpsons opening sequence
40f797fd-fc17-4431-86a5-4f90afd6bd79,naturalqa,where is the kola peninsula located on a map,2,Kola Peninsula
5f036c42-0c74-48f9-b94f-d319e148e36f,naturalqa,who plays nurse rose on grey's anatomy,1,Lauren Stamile
bc2e296e-588e-4adc-83cc-c9a5161751ea,naturalqa,when does the movie flat liners come out,2,Flatliners (2017 film)
f96199f8-822a-4da3-875c-9b9e93ed486c,naturalqa,where is shoal creek golf course in alabama,1,Shoal Creek Club
44bf7c60-e6c1-4fc3-bd19-7b61b0343338,naturalqa,actresses who played margo hughes on as the world turns,2,Margo Hughes
b0ed0845-e7d6-4a00-8865-03d5dc02e4f0,naturalqa,who is the writer of a century is not enough,1,A Century Is Not Enough
94e84715-a176-43f7-a8e6-8173b702a17a,naturalqa,who sang i won't give up on you,1,I Won't Give Up on You
c92c6cc0-5ee9-422d-94c5-86998dedcdeb,naturalqa,who plays tom on halt and catch fire,1,Mark O'Brien (actor)
3c1e1eb0-0e3c-413a-8cb5-ace7c2d5c4b4,naturalqa,what is the song kill a word about,1,Kill a Word
1212eef7-c458-4ebf-9590-f02668dc3661,naturalqa,when did amsterdam become capital of the netherlands,2,Capital of the Netherlands
7a3259ee-ae3c-4bd2-a9f1-6d337209778d,naturalqa,what is the meaning of nandini in english,1,Nandini
a0f2b2ab-30ff-46df-b7b8-a33f06e212e6,naturalqa,2) what type of nutrition do euglenids have,2,Euglenid
9cc436b9-8d71-40b0-8f25-2993fd1ecbe5,naturalqa,who sang i love you yes i do,1,I Love You Yes I Do
84ed648c-2e33-4a80-8e5c-f1c3b456f930,naturalqa,who is the actress who plays mary in coronation street,1,Patti Clare
e305bf54-35df-46ff-83db-20e49a2c66ec,naturalqa,where was the movie across the line filmed,1,Across the Line (2015 film)
7e22196d-7cc6-42f7-b044-922367e7754a,naturalqa,who was the second prime minister of kenya,2,Prime Minister of Kenya
61a9d75a-3b38-4eaa-af20-8589c5e6b492,naturalqa,what is the song wide open spaces about,3,Wide Open Spaces (song)
99d22ddd-b4d4-4853-b664-3e405a891b81,naturalqa,when was new york taken by the british,1,History of New York City (1665–1783)
b9f6ed12-3343-4a05-ad29-6f5a25500de5,naturalqa,where does the river alt start and end,1,River Alt
8bcf6c4c-6b63-4686-a5ff-b6b6322a5745,naturalqa,what is the mass of the last supper,1,Mass of the Lord's Supper
5f1a8e47-981c-4297-929b-239fbf70f0d2,naturalqa,when did daddy die from the dog whisperer,2,Daddy (dog)
5e14ae15-2cd8-43ff-8a2a-f8eb043c98e9,naturalqa,when do the trolls first appear in homestuck,1,List of Homestuck characters
97b3e57d-9d4c-4239-9fa6-051316ccff4d,naturalqa,where was it came from outer space filmed,1,It Came from Outer Space
35bf8b25-3b24-4af7-9bfc-9becc9c11f14,naturalqa,the injection of a drug with a needle is called,1,Drug injection
39d749c5-cc02-46bd-a018-568b86da7f3c,naturalqa,indian who played a very important role in world communist movement,1,Shripad Amrit Dange
33c3bae3-421e-44d5-ab16-bb700730ecb0,naturalqa,shahrukh khan & aamir khan together in a film,1,Pehla Nasha
37022ac5-a113-4a57-a66c-a957b080694f,naturalqa,knoop hardness test is used to measure the hardness of,1,Knoop hardness test
9be437c6-dc80-4b15-8780-7641a0ee9e44,naturalqa,miss world japan 2016 is a great grand child of a former chief minister of,1,Priyanka Yoshikawa
67a5217e-9d3c-4ae1-9a16-f85d9b42d8dc,naturalqa,who played andy garvey in little house on the prairie,1,Patrick Labyorteaux
f2097657-c625-4408-b97a-92d07e931a31,naturalqa,who does blaine sing to in silly love songs,1,Silly Love Songs (Glee)
fc1793f8-10ee-43ce-90f9-b2c845f6e1af,naturalqa,who wrote the song if that isn't love,1,If This Isn't Love
f12adebc-8b4a-4ced-9a22-ceb102246ea9,naturalqa,what is the name of the game in love 020,2,Love O2O (TV series)
580b7c99-a101-4b17-849e-c394c6f24702,naturalqa,who has won the chennai open atp men's singles,1,2018 Chennai Open Challenger
a7e2a213-a2ac-4871-a9aa-74c56aff9e25,naturalqa,vice president of the confederacy during the civil war,1,Alexander H. Stephens
598137ec-0baa-41bd-a880-f4b6eb9eaf5a,naturalqa,what song did katrina and the waves win eurovision with,5,Love Shine a Light
5d9956b0-e242-482e-928d-60d103457cdf,naturalqa,who played carmen's boyfriend on george lopez,1,Bryan Fisher
d03622b6-e0b6-48b8-90c6-24025d17958d,naturalqa,where does the blue poison dart frog live,1,Blue poison dart frog
3bbb9a71-5bf9-4932-a527-75751e80de49,naturalqa,where are the icbms in the us located,1,LGM-30 Minuteman
87faa16a-1dc5-41cd-826f-060e3be7c108,naturalqa,bank of england base rate what does it mean,1,Official bank rate
a71de356-b407-484f-9eae-849e4df3df51,naturalqa,rick and morty episode where rick freezes time,1,A Rickle in Time
a25c3194-1329-455b-8f10-20018febfde7,naturalqa,where did don't talk to me or my son again come from,1,Don't talk to me or my son ever again
956dcb1c-b89b-4096-be78-da95f890df37,naturalqa,who is the owner of v6 telugu news channel,1,V6 News
682dab0e-3b21-474a-832b-581dc9678022,naturalqa,who does the voice of kaos in skylanders,1,Richard Steven Horvitz
811edd6a-f849-4286-9ad4-94bea9da4524,naturalqa,who was the last person to be hanged in northern ireland,1,Robert McGladdery
a9472b05-eb87-4107-b6d8-b102a4521e55,naturalqa,why is there a welsh community in patagonia,1,Patagonian Welsh
43070eb1-852c-42b4-9ac4-50f340d65a33,naturalqa,how many episodes in season 4 of rectify,2,List of Rectify episodes
1917a740-8f35-4a4b-ba14-bb0f81f1107f,naturalqa,how many rv parks are there in the united states,1,RV park
2c3670b4-8b36-45c0-a4b3-ca45128d9a29,naturalqa,who plays doug witter on dawson's creek,1,Doug Witter
3d41cf3a-aeb0-45a8-b6b3-5a13493b0dcc,naturalqa,who played mr dewey on saved by the bell,1,Patrick Thomas O'Brien
d0479c19-fc57-4c1c-ae73-acba64f75bc5,naturalqa,where does the last name calderon originate from,1,Calderón
c865c695-da43-49e0-b2b6-c3c310efebe4,naturalqa,where did nick from new girl go to college,1,Jake Johnson
261ca2a4-ebfc-4fc3-8f7c-00d5d4057b29,naturalqa,who plays elliot in a very murray christmas,1,A Very Murray Christmas
4fe85d0c-5276-4510-bd5f-828a28bebf02,naturalqa,who tells rachel that ross slept with chloe,2,The One with the Morning After
2377edfe-7f7e-4120-8bd2-146528ba34ec,naturalqa,first blues artist to play the electric guitar,1,Electric blues
1f534c0c-52d4-4486-9cae-7a000874cd05,naturalqa,a flat utensil on which we food to eat,1,List of eating utensils
879e1a2d-a215-4622-87c8-5d7e66ab3e94,naturalqa,who explored the entire mississippi to the gulf of mexico,1,"René-Robert Cavelier, Sieur de La Salle"
68954111-258d-4b65-ac64-9aef8059ffef,naturalqa,first jet to land on an aircraft carrier,1,HMS Ocean (R68)
b9c2c227-d5ed-4637-a8f5-5bfa3912ffcc,naturalqa,who sings the song my love is alive,1,Love Is Alive (Gary Wright song)
3adc2afa-400b-48a2-a4b5-a71dbe4b9fd6,naturalqa,who wrote what a feeling by one direction,1,What a Feeling (One Direction song)
2dc49645-a028-4441-8123-509536d688c4,naturalqa,what is the tallest building in miami florida,1,List of tallest buildings in Miami
3c7e13dd-e10d-4ea3-a330-2fbbab845da8,naturalqa,where is air vented from a hydronic heating system,1,Hydronics
062abe30-ca86-4f63-ab31-52ba9eee2d3a,naturalqa,what breed of dog was zoltan hound of dracula,1,Dracula's Dog
0b0528f5-2381-4d05-83d4-4a24212abc1b,naturalqa,what term is used to describe a childs inability to see the world,5,Egocentrism
2e86c027-b5f4-48e7-bd6d-1da70adc7e4b,naturalqa,what is the name of the restaurant that insults you,1,Dick's Last Resort
e0778589-ce17-4784-ae49-7b3dba6431d9,naturalqa,what is the population of yankton south dakota,1,"Yankton, South Dakota"
c45e550f-c715-4ab7-a5cb-52e1a425dad7,naturalqa,you were never really here uk release date,2,You Were Never Really Here
73db1899-5d1c-4748-9827-a19fc727832d,naturalqa,how far is the gulfstream from charleston sc,1,Charleston Bump
7fc233f3-14f0-4d6c-85b5-76bd3f5b8ec4,naturalqa,where had the man set a fire in 2006 for which he was also arrested and charged,1,2008 Namdaemun fire
cb2fdd5d-9033-4fbc-b94c-82f8127920b0,naturalqa,boston bruins retired his number 4 in 1979 robert,1,Bobby Orr
5706f37b-c37e-4255-986d-f37a6ca0aaeb,naturalqa,where is the whistle stop cafe from the movie fried green tomatoes,1,Fried Green Tomatoes at the Whistle Stop Cafe
56b01203-905e-4f3b-944f-7a376c8b7df7,naturalqa,when does dr. hahn leave grey's anatomy,1,Erica Hahn
f1348f25-59d6-4ca5-9d85-a614dd55de1b,naturalqa,who did lia williams play in the missing,1,Lia Williams
f7bbaea2-ea6f-4efb-b73f-754291985471,naturalqa,when was crawl out through the fallout made,1,Sheldon Allman
e3140eae-0c93-48f9-9804-2ac58813b14b,naturalqa,when did grant's vodka change to glens,1,Glen's Vodka
1c1ffa9a-a1f4-4904-a1dc-7022d450cfbc,naturalqa,where is airport high school in south carolina,1,Airport High School (South Carolina)
3ec6d825-3c17-4452-8ef6-a1289c146498,naturalqa,who plays lily in power rangers jungle fury,1,Anna Hutchison
69dd219c-1710-4040-bfec-fc7f552b853a,naturalqa,who gets cut in half in bone tomahawk,1,Bone Tomahawk
1f28ec36-e8ac-4dcb-8153-3a4ebf9925e9,naturalqa,who sings tell me if you still care,1,Tell Me If You Still Care
04f5ff17-9bc4-4345-8047-743f9daf6246,naturalqa,who was the lead singer of new birth,1,New Birth (band)
8a092b12-c90a-444d-8924-23f9d144d165,naturalqa,where was the movie seven days in utopia filmed,1,Seven Days in Utopia
c7ec5f04-d99a-4a38-bb93-7e0a2acb062f,naturalqa,what is the meaning of the name demetrius,1,Demetrius
53d403fd-5122-41fc-811a-caed330fbb23,naturalqa,who did the music for the last unicorn,1,The Last Unicorn (album)
0b4bf749-6031-4501-9c91-6e3598db9868,naturalqa,what engine does a 2003 honda accord have,1,Honda Accord (North America seventh generation)
1791cc2d-bd45-4576-8036-642446017130,naturalqa,when was the ford sierra launched in the uk,1,Ford Sierra
21205cca-d5ee-466f-ae7f-d3ae6b628066,naturalqa,when was the first open university established in india,1,Dr. B.R. Ambedkar Open University
7c161769-711f-4275-bf5c-b8bf15a08d43,naturalqa,who founded the royal academy of music answers,1,Royal Academy of Music
a4dd402e-2495-481b-bd05-b098edf9e66a,naturalqa,who sang amen in lilies of the field,1,Lilies of the Field (1963 film)
13ce2f29-07a3-499c-9941-ce4d4372bd41,naturalqa,what is the characteristic feature of bouchard's nodes,1,Bouchard's nodes
33efc33f-d2b2-40d7-a9a9-6d5a229acb8f,naturalqa,how do you spell the girl's name louis,1,Louie (given name)
b483a8f8-a71c-4b5a-a9bb-90e7f5a32c2e,naturalqa,who wrote the song unthinkable for alicia keys,1,Un-Thinkable (I'm Ready)
15cc5806-54be-4cf2-ba7c-b68ecb491d52,naturalqa,when was a ceasefire agreement signed in darfur,1,2004 Darfur Humanitarian Ceasefire Agreement
6aa2a094-8697-4be5-9063-4d35f3ad3a6f,naturalqa,where does tempe town lake water come from,3,Tempe Town Lake
281ae9ee-bd0f-4784-b387-5fb0dc2198a9,naturalqa,who are responsible for enforcing the weights and measures act,1,Weights and Measures Acts (UK)
71878309-d246-4492-b0fe-9a6a50ff3af6,naturalqa,who sang the song rub it in rub it in,1,Rub It In
f83a5a96-8816-408d-9733-6a207ba50cb9,naturalqa,who sings it don't hurt like it used to,2,It Don't Hurt Like It Used To
06fb2b32-ca3b-43c7-97ed-5ff4f25416ad,naturalqa,who wrote the song miles and miles of texas,1,Bob Johnston
bde951e1-4faa-4bdb-8c93-955ff6c7081b,naturalqa,where does the river roch begin and end,1,River Roch
a3d9c7ab-dceb-4ff1-aaa7-09c68d2025ea,naturalqa,when did team spirit win the grand national,1,1964 Grand National
f91d4a25-aad1-47e9-a1b4-39c83eaa9701,naturalqa,who wrote the opening number for the 2013 tony awards,1,67th Tony Awards
263e7533-4742-45c5-b0c9-36213cfd2784,naturalqa,which two us senators proposed and helped pass the investment platform roth ira,1,Roth IRA
d3e3f147-13b5-4dba-a612-1bc61b326ece,naturalqa,what kind of clams are used for clam strips,1,Fried clams
44692645-3776-4740-8af3-0a8958ae3a34,naturalqa,who is the current chairman of the ntsb,2,Christopher A. Hart
378f3bad-898d-4b76-91bd-9fdbfc0cf0aa,naturalqa,who sang there no one quite like grandma,1,There's No One Quite Like Grandma
2cea7015-46e1-4708-b3ca-19f9a9d12a8c,naturalqa,who sings oh santa in a christmas melody,1,A Christmas Melody
cfe060fa-c6a2-47b0-804a-8a51b7d3baff,naturalqa,who divided the interior of the earth into 3 zones sial sima nife,1,Sial
6de8e479-869b-4373-b8f8-af7d7d34edb3,naturalqa,how many different species of birds are there in australia,1,Birds of Australia
1238c059-5e79-42a6-9ac0-ddb8aeeb88e5,naturalqa,what is the origin of the name dominic,1,Dominic
d1c45695-d0ed-4f4b-85f1-fded639ba81c,naturalqa,what do you call a person who tastes food,3,Food taster
f9d9a717-8917-47ea-8542-51c7911335a1,naturalqa,when does the school year start in taiwan,1,Education in Taiwan
24707889-4468-40eb-9a43-8a9ef7fc92d3,naturalqa,who was donald fisher married to in home and away,1,Donald Fisher (Home and Away)
5b7d47e3-1411-4a11-8279-f23d5a6350da,naturalqa,who was inducted into the national inventors hall of fame first,1,List of National Inventors Hall of Fame inductees
7b6a4dda-35ae-4a5b-a9aa-41f9039a588a,naturalqa,who is the girl in the walking after you video,1,Walking After You
6ba65dd9-8164-46a9-a3b9-abc7118dcafe,naturalqa,who left the joint in the parking lot the office,1,Drug Testing (The Office)
f641f3cd-33f7-4b94-97a4-43d648ab108a,naturalqa,according to daniel 7 what did daniel see in his dream,1,Four kingdoms of Daniel
748f95c7-0838-48d8-9c59-f2737f79406c,naturalqa,who wrote the song i let her lie,1,I Let Her Lie
7d11c1a6-fe2d-4d33-82c2-5e15774203db,naturalqa,who did peter egan play in downton abbey,2,Peter Egan
d456d294-b85d-4c31-82f6-155d094e5345,naturalqa,who plays sonny's dad on days of our lives,1,Sonny Kiriakis
94b73363-b6be-4bd4-8969-bf488ff30784,naturalqa,how long is the bio sat subject test,3,SAT Subject Test in Biology E/M
e4e23bd6-581d-4273-907b-5d0d4238ecbd,naturalqa,what ocean zone does the frilled shark live in,2,Frilled shark
7dbdf842-410c-464c-aace-fc26bdb21953,naturalqa,who sings must be the music that's turning me on,1,Secret Weapon (group)
c95dc789-b9ab-4cff-8104-bea8f86c9a05,naturalqa,how many games did the oakland raiders win last year,1,2016 Oakland Raiders season
70f87bae-5f99-4f95-8b5a-135ed7521504,naturalqa,who played trinity in sons of anarchy season 3,1,Zoe Boyle
d83df613-e4ad-452b-98ba-c1b16c6015ad,naturalqa,party cove lake of the ozarks mile marker,1,Party Cove
2a7dce13-9fb4-4112-ba89-b7d5566c6935,naturalqa,who played paul in monarch of the glen,1,Monarch of the Glen cast
eaad3ff2-057a-4129-b451-3742dadc5835,naturalqa,when does edge of the empire take place,1,Star Wars Roleplaying Game (Fantasy Flight Games)
6ee543f4-bc00-4678-a688-50420f3d4f7e,naturalqa,who is the rapper that wears a clock,5,Flavor Flav
b3bd0295-359e-4db4-b4c4-60a5954c8911,naturalqa,where was the movie pink cadillac filmed at,1,Pink Cadillac (film)
eba5c59a-0c50-4dd3-9b6c-feaad6ae6069,naturalqa,what is the name of thor s hammer,4,Mjölnir
47cf509d-e108-42e4-a67c-faae09bc3ec9,naturalqa,who said we are not retreating we're advancing in another direction,1,Oliver P. Smith
04143d8f-4f0d-4e04-942f-fa12e26305a0,naturalqa,what is the first step in the marketing research procedure,1,Marketing research process
206d3c94-d68a-4290-b160-517972c278d3,naturalqa,when did the new shape kia sportage come out,1,Kia Sportage
94023aaf-0027-4609-a5b4-03aac350f789,naturalqa,who played the lawyer in parks and recreation,2,Kaboom (Parks and Recreation)
82b1174a-2100-43af-9968-47a762675875,naturalqa,where does the water from turner falls come from,1,Turner Falls
99731164-b1e3-4b83-8046-dbe61dcab4aa,naturalqa,how many species of bats are there in australia,1,List of bats of Australia
a40ec5f3-9901-4dd2-9f83-de768bdf43df,naturalqa,who wrote safe and sound by capital cities,1,Safe and Sound (Capital Cities song)
98c53279-11ba-4e71-8cfa-4796f0ffd41d,naturalqa,who is the most decorated marine in history,1,Chesty Puller
ee429fdf-f808-4ee1-bc1a-adda0f833d73,naturalqa,who is known as the father of strategy management,1,Igor Ansoff
5bd1cfce-3799-4fbd-b5ec-3a49a9a350ff,naturalqa,where did the ioway tribe live in iowa,1,Iowa people
df951fbf-a11a-4a89-83c0-fe538f6ff6ff,naturalqa,when was the first pair of headphones invented,1,Headphones
321503b4-eecc-4315-b75c-b56cb1b5c204,naturalqa,global 500 award is given for rare achievement in the field of,1,Global 500 Roll of Honour
324dca59-1cee-48a7-9e9d-bb2bb22d95e5,naturalqa,what is an animal that has a segmented body,1,Segmentation (biology)
56dd5d4e-cb76-4e63-82dc-47d3134f34f2,naturalqa,what kind of animal is squidward on spongebob,1,Squidward Tentacles
0fe9a01a-c9c7-4358-af8c-2787e53584fc,naturalqa,who is often considered the first feminist psychologist,1,Feminist psychology
b46eb36a-ce48-4e81-b165-4f2674965311,naturalqa,when did london win the 2012 olympic bid,1,London bid for the 2012 Summer Olympics
4920affd-3eb6-4499-a91b-0e17c5f2d89e,naturalqa,who sang i got bills i gotta pay,1,Bills (song)
4b6e2d40-14c0-4da3-8e61-3f2d72999cee,naturalqa,who plays the voice of steel in max steel,1,Max Steel (film)
3c8ce945-e9d8-4aac-9d7a-58758a1940e8,naturalqa,who wrote sunday will never be the same,1,Sunday Will Never Be the Same
e47ea1c0-2745-43de-b1b5-288d9dc7945a,naturalqa,who was the first american killed in afghanistan,1,Johnny Micheal Spann
7e0e572f-9ef2-4950-a470-d079a85c1b04,naturalqa,where did the dog strangling vine come from,1,Vincetoxicum rossicum
11f3aef8-65c7-44ca-8b7a-621b2c80c872,naturalqa,who won the missouri valley conference this year,2,2017–18 Missouri Valley Conference men's basketball season
aff9e351-8b53-49d6-bf7b-1febc3b251d4,naturalqa,who sang i wanna go outside in the rain,1,Go Outside in the Rain
86d58cc2-5c38-45ab-9cc3-db8a683996d1,naturalqa,who did batman fight in marvel vs dc,1,DC vs. Marvel
6a8cc627-5f2b-4198-b884-8f6915341f16,naturalqa,who plays edward meechum in house of cards,1,Nathan Darrow
705e65f8-b76a-43b7-936e-2954661b52cc,naturalqa,how many colleges and universities in the uk,1,List of universities in England
eb1405f4-32f4-49b0-a69b-0aaf5fb44ff7,naturalqa,when is the start of pba commissioner's cup 2018,1,2018 PBA Commissioner's Cup
60aeb348-bbab-4b05-8048-b4f978842084,naturalqa,where was the trail of the lonesome pine filmed,1,The Trail of the Lonesome Pine (1936 film)
0e596195-2369-48f5-a080-d4efe35d06e4,naturalqa,in classical conditioning the term neutral stimulus is used to indicate that a stimulus,1,Neutral stimulus
54325fe6-a9f0-415d-9523-353c5dbb0c2d,naturalqa,who is playing in the cure bowl 2017,1,2017 Cure Bowl
0b12ed58-0a54-41f7-9ee4-6c66787b1681,naturalqa,when did they start making fuel injected dirt bikes,1,Kawasaki KX450F
d5d2f72d-5e8e-4bcf-84ee-b7fc35445d00,naturalqa,who sings the song you light up my life,1,You Light Up My Life (song)
ac576cb8-278a-485f-8e27-fd3413a7fbb5,naturalqa,who played in the movie the man who fell to earth,1,The Man Who Fell to Earth
be9b6222-64b1-43d4-9b5d-9afc45d3ccb2,naturalqa,who did lincoln play in home and away,1,Lincoln Lewis
9269adcf-01fc-40e7-8e74-a5246c4bcb90,naturalqa,in the episode homer alone where is marge sent for a weekend break,2,Homer Alone
65698fc5-b951-4569-ac23-526d0a0967c0,naturalqa,what football team did al bundy play for,1,Al Bundy
895c2d3b-8fa7-4fe4-b606-b7872c444b95,naturalqa,who was the first guitarist to use a wah wah pedal,1,Wah-wah pedal
c5ee6689-d0e6-4b41-a24a-f17b36e59511,naturalqa,what is red hot chili peppers snow about,1,Snow (Hey Oh)
e6060e53-61e9-4a9b-b9db-7dd8fa3a9fce,naturalqa,who played the guitar solo on midnight at the oasis,2,Amos Garrett
9ed494e5-af3f-4213-a748-90932d27b180,naturalqa,who does the bc employment standards act apply to,1,Employment Standards Act of British Columbia
fa484e06-bb02-449a-a422-559296f8bd36,naturalqa,when did good guys go out of business,1,Good Guys (American company)
626f2bdd-c349-4830-8fe8-e360d47506ba,naturalqa,who wrote the song don't take the girl,1,Don't Take the Girl
b0093ed6-c113-4e3e-b7f5-bdd837e6ef1e,naturalqa,who sings i left something turned on at home,1,I Left Something Turned On at Home
4de66498-ac33-42df-9704-a4537b13f3d1,naturalqa,what does first aid in disk utility do,1,Disk First Aid
0e2ca09e-d2dc-4f64-b479-7707e9ea575b,naturalqa,who has the best bowling average in test cricket,2,Bowling average
8c51178c-5d2d-45d7-9a32-78ea0243bcaa,naturalqa,independence of judiciary is pertinent because it accords the judiciary the power to,1,Judicial independence in Singapore
31b02784-4f5b-4b75-ae1f-f4dd55709c66,naturalqa,what part of boston is umass boston in,1,University of Massachusetts Boston
837f52ea-632a-49ca-8521-78938949b600,naturalqa,who won the first wanna be a vj contest on mtv,1,Wanna Be a VJ
b013ac1c-7e1c-41f4-a5a7-8601a51ad7d2,naturalqa,what was the last year ford made tractors,2,Fordson
af9d345b-c8ad-4834-b104-de3a92d0040d,naturalqa,when did the yamaha xt250 get fuel injection,1,Yamaha XT250
db09fcfa-3849-4bcf-a1bf-179003fa1c22,naturalqa,when was the first hard disk is made available for macintosh computers,1,Hard Disk 20
b4da35f5-eef5-4203-ac34-1c8f3fc55360,naturalqa,where is the mls all star game being played,1,2017 MLS All-Star Game
a768c32b-41a8-465c-b00c-aaaa881c92c2,naturalqa,who played kowalski on voyage to the bottom of the sea,1,Del Monroe
0908275c-e7ed-4a97-bf72-55ff953046b2,naturalqa,who wrote please don't tell me how the story ends,1,Please Don't Tell Me How the Story Ends
218c4cc8-169b-4a4b-85d4-c452abb8ac9e,naturalqa,where does the heat from geothermal energy come from,1,Geothermal heating
aa90107c-aa5d-4107-9dea-7c1c26f08a7d,naturalqa,who played archie bunker on all in the family,1,Carroll O'Connor
8de1b9a5-d179-4e2f-86bc-6e1b40e6fe02,naturalqa,who is the winner of top model india,1,Top Model India
d8658e55-4771-4ccb-8607-0533b0c3d895,naturalqa,who sings the song i hate my life,1,Hate My Life
8c870892-6e85-43b1-bce2-b412aef37e1c,naturalqa,who was conferred with dcl an honorary degree by oxford university,1,Doctor of Civil Law
a855c125-211a-4d2d-bb2f-cbef2aa13484,naturalqa,when was here i am to worship written,1,Here I Am to Worship (song)
75a0508a-ca76-418f-8aeb-f7fdfd13d092,naturalqa,march of the penguins is an example of,1,March of the Penguins
192f2e77-4743-46cb-9268-ec69f7b11c1b,naturalqa,during the 1920s the united states economy move through which phase of the business cycle,1,Economic bubble
68874f28-11d5-46a7-89aa-231747eef6fe,naturalqa,who has the most home runs in red sox history,1,List of Boston Red Sox team records
f0d5cefd-565d-4946-86cd-1bd4f82c293b,naturalqa,who designed the church of the holy cross in southwest germany,2,"Holy Cross Church, Frankfurt-Bornheim"
5a55e013-ddb0-444a-9acc-813b3145e041,naturalqa,when is a case allocated to its appropriate track,1,Civil procedure in England and Wales
46c18bc5-9976-40ac-a999-b4e78d66786b,naturalqa,the boy scout who built a nuclear reactor,1,David Hahn
d70034dc-b244-4784-a298-c2e5517847f5,naturalqa,who was the bobby hopper tunnel named after,1,Bobby Hopper Tunnel
97a94821-7b1c-4bda-b1be-6a793686d63a,naturalqa,who is the owner of being human brand,2,Being Human Foundation
81958ef6-e1a0-4b33-81b5-76f0951c7a05,naturalqa,what channel did faction move to on sirius xm,2,Faction Punk
485a3d38-0f5b-41f5-bb56-f49c12846dc2,naturalqa,who makes the diesel engine for land rover,1,Land Rover engines
0177bf17-6a23-45b0-a27d-1cd9acc1290c,naturalqa,who played betsy stewart on as the world turns,1,Steve Andropoulos and Betsy Stewart
2a59ea78-bd80-4e16-9fe6-16475ca0be32,naturalqa,who won last year’s timico cheltenham gold cup,1,2017 Cheltenham Gold Cup
358598c9-1d2f-46e7-b2b9-f79eea58c627,naturalqa,2000 film starring imelda staunton and peter postlethwaite,1,Rat (film)
658a9083-9ec6-40f1-8764-c4733bc63a3f,naturalqa,where was the first ever bitcoin atm machine installed,1,Bitcoin ATM
c1ea4d2d-3801-44e6-9621-084593731f1a,naturalqa,when was the guns and roses riot in st louis,1,Riverport Riot
ea47eb83-2715-4291-bbe6-22c00ca01e9d,naturalqa,who played roy disney in walt before mickey,1,Walt Before Mickey
65cc67ba-2472-4a04-9bb2-66bf474a6f86,naturalqa,how many stories is the tallest building in nigeria,1,List of tallest buildings in Nigeria
f8db1c78-647b-4b35-862b-3c5118a0a594,naturalqa,who played the role of anant velankar in the movie ardh satya,1,Ardh Satya
1bba7a4d-765a-4740-868a-9f6a97080219,naturalqa,who sings will you ever see the day,1,See the Day
14aa09dc-deaa-4948-9959-05eefd09a38b,naturalqa,what album is palm trees by flatbush zombies on,1,Flatbush Zombies
6f7f8513-61f5-4068-b39f-4dc0147c5dae,naturalqa,who came up with the hammer and sickle,1,Hammer and sickle
542da057-8afa-4e86-bc3e-b923edfc30d0,naturalqa,who played superman in the hindi version of the film in 1987,1,Superman (1987 film)
39d87ea8-d472-493e-99a7-98eb293bbcac,naturalqa,what is the meaning of the name fernanda,1,Fernanda
e68d993e-88f7-4962-91a6-819ff97420ce,naturalqa,when did the united nations designate henderson island a world heritage site,2,Henderson Island (Pitcairn Islands)
1efa352d-0037-4c10-a4eb-37b7dbb52d54,naturalqa,who runs the brothel in game of thrones,1,Petyr Baelish
0638c271-7115-44da-a63e-1d75a9ad28b9,naturalqa,title given to the eldest son of the king of france,1,Dauphin of France
ed18a7be-3c00-469b-a08c-3d0abf0e1763,naturalqa,when did roller derby first appear in the press,1,History of roller derby
b967e21f-f3af-44aa-a39e-76220488e0d2,naturalqa,what region of the world is sudan in,2,Sudan
9df9ae97-d211-43fb-be25-7c0f44333db5,naturalqa,where did kent hrbek go to high school,1,Kent Hrbek
2f7468e0-751c-4274-98cf-5d6440189a4e,naturalqa,who was the voice of carlton the doorman,1,Carlton Your Doorman
59c5d04f-1043-4ebb-b67a-5d62e125d2b0,naturalqa,what is the meaning of my name adrian,1,Adrian
c215ffca-72fa-45d2-ab78-15efe0ff46ad,naturalqa,who wrote all the way home tamar braxton,1,All the Way Home (Tamar Braxton song)
787b0989-279f-4721-87b6-fc425ec77009,naturalqa,when was the last time the spurs won less than 50 games,1,List of San Antonio Spurs seasons
7525fad1-1668-4a1f-8ce3-c7d3fef57345,naturalqa,who plays the director of funny girl in glee,2,"Love, Love, Love (Glee)"
51f5d368-43d8-430b-93e1-f62bed15bf70,naturalqa,when one of a kitten's eyes was sewn shut the main changes in the visual system affected the,2,Monocular deprivation
74b10d31-3e2d-406c-a0c9-e5117ec7bcdb,naturalqa,who laid the cornerstone of the us capitol,1,United States Capitol cornerstone laying
d47101e0-d301-4447-9883-5484edcf413d,naturalqa,what are the financial plans that governments and businesses prepare yearly,1,Financial plan
3b33da99-122f-4207-bfda-e3d3cbc5a7b8,naturalqa,where does the last name boren come from,1,Boren (surname)
6cd1327b-c1a1-4743-82c9-749b097fc6a6,naturalqa,what are the duties of a church usher,1,Church usher
6b1a562c-5256-4e68-be02-a5f006ef1471,naturalqa,where was the film ring of bright water filmed,1,Ring of Bright Water (film)
e0bf039d-1538-4431-94b6-6cf8da40cdb3,naturalqa,when did the 5th circuit became the 11th circuit,1,United States Court of Appeals for the Eleventh Circuit
0ca957f1-8ce1-4387-8cc1-a01182d671b3,naturalqa,what animal lives in the center of the puerto rican coat of arms,1,Coat of arms of Puerto Rico
527fefcc-796c-48df-8fd3-a4320d21efdf,naturalqa,priyanka chopra got national award for which movie,2,List of awards and nominations received by Priyanka Chopra
75acb2e8-d7a8-419f-b295-7868c9005f65,naturalqa,who was the first ghanaian to become a lawyer,1,Ghana Bar Association
29f38b3b-2a85-48b3-9ad6-dbd683358700,naturalqa,where are caucasus mountains located on a map,1,Caucasus Mountains
9794ff24-d2e0-40b8-83cb-1093c2ddbd56,naturalqa,who sings do you mind if i stroke you up,1,Stroke You Up
90208337-99ac-4688-88e5-bb28d628502a,naturalqa,11. what was the legislative assembly of czarist russia from 1905 to 1917 called,1,State Duma (Russian Empire)
aa50a4f8-3ac3-4a62-bfa6-87b0087b29f8,naturalqa,what is plug and play installation of windows,1,Plug and play
0b26ea53-cba9-490b-8df0-a1c5ccaa36d7,naturalqa,who was shane park named after in detroit,1,Detroit International Riverfront
bc7eb9de-4aa6-4fab-a101-4df49bff458e,naturalqa,when was the first synthetic blood approved for human use,2,Blood substitute
c3c4696f-9cf4-4e8e-bc30-7a9f2bd27e76,naturalqa,who does max greenfield play in ice age,1,Max Greenfield
a678719b-f812-4d97-8599-e82df231196d,naturalqa,where is blanco canyon from the movie the big country,1,The Big Country
34f7fd84-fe8e-4560-a672-eaf543a0ca48,naturalqa,who plays zach in the big bang theory,2,Brian Thomas Smith
2f1c156b-031f-4f15-8c3c-9ffc0d5b7fb4,naturalqa,when did john terry first play for chelsea,1,John Terry
af1707d9-d6f5-4b58-add2-faee01383cd9,naturalqa,when was pslv launched for the first time,1,Polar Satellite Launch Vehicle
7df81962-729c-410a-b67a-9c1a3fad56d5,naturalqa,when did equal pay for equal work begin,1,Equal pay for equal work
4986cbab-e33d-48c0-891d-61cc95b388dd,naturalqa,who did john stape kill in coronation st,2,John Stape
1fd92b9b-c8e8-4cc3-aa8a-f9ee9dc2b682,naturalqa,who wrote double shot of my baby's love,1,Double Shot (Of My Baby's Love)
2d340825-2884-4fde-a4f8-46e39ea6c6f9,naturalqa,what day does the chester chronicle come out,1,Chester Chronicle
1a556a00-4c18-4feb-905b-a8f49b3080bf,naturalqa,who scored winning run in 1997 world series,1,1997 World Series
49d08b1e-b3bc-46c7-bc71-45a3e17ebbba,naturalqa,who identified several general guiding principles for moral behavior,5,Aristotelian ethics
ab840d29-2ecb-48bd-adeb-caf027582170,naturalqa,what is the full form of p r i,3,Primary Rate Interface
d411e624-c4e3-4ceb-aafc-c674ce6eedd5,naturalqa,who wrote the song all i have to offer you is me,1,All I Have to Offer You (Is Me)
56ae02be-a365-4ece-8bb1-aed30a46b89b,naturalqa,when was the first comprehensive school opened in england,1,Comprehensive school
cbe6c567-22c5-4501-b2a7-2e03e5e687fa,naturalqa,when did the fire falls stop in yosemite,1,Yosemite Firefall
f4e7f948-41a5-4543-9ee6-585b5d56d0ac,naturalqa,who starred in the movie angels in the outfield,1,Angels in the Outfield (1951 film)
b928c73b-cfcd-43ee-8cd1-7c9973c7a404,naturalqa,when was ethnomethodology used for the first time,1,Ethnomethodology
58845e58-a9e2-4ed3-8d8e-0940e7236413,naturalqa,who started the chant i believe that we will win,1,I believe that we will win!
c45c1bc7-55ea-4363-a43c-b52d9fd649f7,naturalqa,how many uk number ones has boyzone had,1,Boyzone
94046dae-dcd1-47f5-9247-d852c67d8718,naturalqa,who played mary mae ward on general hospital,1,Mary Mae Ward
492f7e41-3de1-4389-989c-6e25d64ba5f5,naturalqa,how long is the roosevelt bridge in stuart fl,1,Roosevelt Bridge (Florida)
20b54e69-b4a6-4b27-a9e6-c24e450b38d6,naturalqa,who played jordan on the bernie mac show,1,Jeremy Suarez
73e11b9c-9810-4ed7-ad6c-bb087c589f44,naturalqa,when do you hand in a term paper,1,Term paper
c876ea7d-6019-4073-8719-c442b43dc34d,naturalqa,who sang shall we dance in the king and i,1,Shall We Dance? (1951 song)
c51bc5a4-4d51-421d-8922-8fc09ff6cd39,naturalqa,where was the movie the way west filmed,1,The Way West (film)
4df51f5e-9d46-4df7-96c6-cfc2facd3dee,naturalqa,who played nancy in little house on the prairie,1,Allison Balson
4d1552f5-c69f-4e12-a07d-e6497d1a08e7,naturalqa,in which year the nationalisation of subsidiary bank of the state bank of india was done,1,State Bank of Mysore
4d623c82-664f-40d8-9062-dfa6a8e348e8,naturalqa,where does the snake river in minnesota start,1,Snake River (St. Croix River tributary)
fc5abcc1-da4c-4947-8d4c-6ce2a45bf1f6,naturalqa,when was the soil and water conservation act passed,1,Soil and Water Conservation Act
1f784dbe-a5a7-4f33-85bf-b358d6d7d956,naturalqa,who was the first host of first take,1,First Take (talk show)
6728929d-e7b8-4f9f-a17e-0c11d409eadc,naturalqa,which information service provides market share information for an investor,2,Financial data vendor
185e6f99-b852-4326-a081-92506a27b542,naturalqa,how many citizenships can you have in switzerland,1,Swiss nationality law
51744937-3d20-4834-8288-a7773d1aa76d,naturalqa,sri lanka cricket team highest score in test,1,Indian cricket team in Sri Lanka in 1997
4811110c-2c79-4067-ae44-8e13574691d6,naturalqa,where was the very first tarzan movie filmed in 1917,1,Tarzan of the Apes (1918 film)
116a0b6a-2443-4aa8-a998-5fee769b3d16,naturalqa,what is the genus edition of trivial pursuit,1,Trivial Pursuit
31d11be4-235d-44a3-b1da-45daae35bd8d,naturalqa,what is a cake of raisins in the bible,1,Raisin cake
7a58db32-ca87-4968-a969-5ab398a13a0f,naturalqa,who sang live fast love hard die young,1,"Live Fast, Love Hard, Die Young"
371a1065-fab0-4bbc-80e8-29eec425e3ab,naturalqa,who is on the cover of the very best of the smiths album,1,The Very Best of The Smiths
85819b9c-1e92-44fe-b595-2ae5b9b268e9,naturalqa,how many ip addresses in a 8 block,1,List of assigned /8 IPv4 address blocks
ea6139c1-092a-42f3-91d3-e4e0820a858f,naturalqa,who sang i'll cry if i want to,1,I'll Cry If I Want To
1bf6280f-09c5-4774-9530-745cefd82b02,naturalqa,where do 2 000 musicians from over 20 countries play each july,1,Montreal International Jazz Festival
18551907-55f5-46c6-8575-587dd95a0ab8,naturalqa,who plays tris prior in the movie divergent,1,Shailene Woodley
5bda6798-eadc-48ad-98a6-1f59d260ccf0,naturalqa,what flag is black with a white cross,2,Saint Piran's Flag
9caa573b-69b2-45c7-a97a-a0684adf0939,naturalqa,the baker plan for addressing the debt crisis was based on the assumption that,1,Baker Plan (debt relief)
4f0fa626-cfea-4332-aea9-48315c03dd6f,naturalqa,when did medical center of the rockies open,1,Medical Center of the Rockies
674c5aef-9a8a-41be-9480-198d0f842079,naturalqa,who plays cindy sanders in freaks and geeks,1,Natasha Melnick
c42acb8a-0a14-4e76-aaa1-0703f3903c77,naturalqa,orion was killed by a massive scorpion sent by gaea after he,1,Orion (mythology)
31d55f9e-7c5c-4064-8315-0c82eb486fdf,naturalqa,when was the place de la bastille built,1,Place de la Bastille
0bd6c66b-a83e-43c8-9a80-2ed73d8ed4b7,naturalqa,who composed the music of the national anthem of mauritius,1,Motherland (anthem)
fc0f1771-30af-4bf0-a515-f558c4fd07ee,naturalqa,where does aero contractors fly from in lagos,1,Aero Contractors (Nigeria)
c08fd785-78cb-42ea-8574-296d03ac991f,naturalqa,where did king of prussia get its name,1,"King of Prussia, Pennsylvania"
51bef1b7-86eb-42a8-aba0-1a271fab310f,naturalqa,where does the last name zacarias come from,1,Zacharias (surname)
e26626a0-1e24-4e17-8581-dd965d060343,naturalqa,when did communication scholars start to research new technologies like the internet,1,Internet studies
88946ba3-3360-42f8-8189-88a59880a76a,naturalqa,when did it become legal to own gold again,1,Gold Reserve Act
e094b130-8524-4ec0-aef1-337eab1dfe16,naturalqa,where is sagawa express co. ltd's headquarters located,1,Sagawa Express
4e28e937-7e72-4479-9fa5-b6c77328d522,naturalqa,why were 11 miles of the cuckoo trail sold in 1986,1,Cuckoo Trail
3dbc9107-7717-4fbb-8f1f-06d608030d4f,naturalqa,last cardinals pitcher to throw a no hitter,1,List of St. Louis Cardinals no-hitters
2afd4e24-4efd-4dc0-bf37-099f6b38c34f,naturalqa,when was the first combatives field manual written,1,Combatives
bed492fe-5338-4c98-be6f-190fde2c0704,naturalqa,when was the north dakota state capitol built,1,North Dakota State Capitol
b0af7935-d54a-4f82-814b-0f756f9f9179,naturalqa,where does the cuckoo bird lay its eggs,1,Common cuckoo
f57eedf4-d73d-4898-874c-334ee249b0ec,naturalqa,what episode of adventure time is lemongrab in,5,Too Young (Adventure Time)
e44e6bbb-d6d5-427b-b5ab-6dd529d9cd2a,naturalqa,who played chips girlfriend polly on my three sons,1,Ronne Troup
60a7bf98-636d-4182-a5f9-c4b1912c5ca3,naturalqa,when did coco pops come out in the uk,1,Cocoa Krispies
94f20d78-1dc8-45cb-b888-09e5ec4fb6fc,naturalqa,who won season 4 of the amazing race,1,The Amazing Race 4
e836518b-5d27-4a18-86c0-f0c15aebfcdb,naturalqa,who did ed sheeran wrote nancy mulligan about,1,Nancy Mulligan
a9e557e5-fb15-4ccb-a054-b7e04f7b5410,naturalqa,who played howard in last of the summer wine,1,Robert Fyfe
fac8e9e6-dd08-4c6a-8685-51935142d91f,naturalqa,a promise in exchange for a promise is an example of,2,Promise
767d0538-ada5-4222-bcf0-e2f9034368f4,naturalqa,what type of loan is the perkins loan,1,Federal Perkins Loan
e725b897-88b6-486e-b210-db5e52f094d1,naturalqa,where does the last name ewing come from,1,Ewing (surname)
65f2a26c-37dc-4e50-b19f-5a2f7ccfcc08,naturalqa,when did the lead singer of survivor die,1,Jimi Jamison
a8f521ee-76b8-4a3f-b81f-68545b0307a0,naturalqa,who won the roller derby world cup 2018,2,2018 Roller Derby World Cup
7c245f5a-537b-4ed2-a34d-b666bb67ed50,naturalqa,where did they film the movie summer rental,2,Summer Rental
9a7d895c-3127-4986-a1c7-8d719fae50be,naturalqa,where did rolling out the red carpet come from,1,Red carpet
689d04c8-1fe6-43c3-8a73-3398aec2e303,naturalqa,how many games did okc win last year,1,2016–17 Oklahoma City Thunder season
846a77a6-6cf4-4cd1-bf14-5259fdfae31b,naturalqa,when did the last steam train run on the london underground,1,Metropolitan Railway steam locomotives
fe4164c9-25bf-4d78-80c2-daaba221d91c,naturalqa,where does the last name monaghan come from,1,Monaghan (surname)
4ad391ac-a9a7-4c73-a50c-b40d402eac61,naturalqa,where does ford rank in the auto industry,2,Big Three (automobile manufacturers)
51c98369-8f27-4445-a201-c4992a4633ce,naturalqa,the first weekly bengali newspaper samachar darpan was published by,1,Samachar Darpan
78b34555-6dee-4281-982d-3fa195988945,naturalqa,where does the steller's sea eagle live,1,Steller's sea eagle
30ef49f4-e8b6-4291-983c-a6163e46300c,naturalqa,who played elvis in the movie elvis and me,1,Elvis and Me
3e2ff7f9-e444-4b0d-be53-d4b8c782fb01,naturalqa,when was the last time mount cameroon erupted,1,Mount Cameroon
50b74dea-3475-4986-aed4-c86a757f60d4,naturalqa,when did parents just don't understand come out,1,Parents Just Don't Understand
6d86f3a8-1fc4-4f80-9fbc-bfdf201f8d5b,naturalqa,who wrote the song let the good times roll,1,Let the Good Times Roll (Louis Jordan song)
a02d581a-5b97-4953-af4f-728cc0e7209b,naturalqa,where was the killers read my mind filmed,1,Read My Mind (The Killers song)
3bc5db08-7df7-48f5-a51a-586bdebe6956,naturalqa,who does michael marry in the wedding plan,1,The Wedding Plan
f4138809-c5e2-4556-ae6b-edbc5e3eb9d4,naturalqa,who played scott in buffy the vampire slayer,1,Fab Filippo
55dd8699-1a46-4070-a529-4a334e4e705a,naturalqa,who sang i like driving in my car,1,Driving in My Car
588c55e8-0da4-4b1a-a9ce-ba17c0c34cc3,naturalqa,what does milli mean in the metric system,1,Milli-
fa951faa-16ad-40e2-8d6e-53d5b885e914,naturalqa,what was built in an effort of cooperation between north and south korea,1,Korean reunification
01fa3800-7594-4f6d-8871-b3fb685de2f3,naturalqa,who wrote the poem the days of wine and roses,1,Days of Wine and Roses
38e80fec-f901-4bbe-9b0e-f929cf50cfdb,naturalqa,what is ralph angels real name on queen sugar,1,Kofi Siriboe
d8920444-50fa-4e1c-a55c-dc01fb3f7026,naturalqa,who is the host of big beach builds,2,Marnie Oursler
a7f2cca8-4028-4682-8904-6bc1aafa2bb2,naturalqa,what does m and m stand for in medicine,4,Morbidity and mortality conference
e71d5d48-b0b1-4205-b041-4b73cf894c1f,naturalqa,who wrote it was almost like a song,1,It Was Almost Like a Song
9c46bb19-63d1-4b79-aa84-6dfd4392480b,naturalqa,who was the lead singer of ram jam,1,Ram Jam
c2e8d677-ef0d-413f-88d1-3d0b4c818c87,naturalqa,what is the meaning of nilesh in hindi,1,Nilesh
dea3dd15-40ff-4ad8-8f86-872a4970a4d0,naturalqa,who scored the first ever goal at pride park,1,Pride Park Stadium
52c86fb1-8760-4f0a-8308-8b026657995c,naturalqa,who sings burgers & fries & cherry pies,1,Burgers and Fries
6783dcd2-26da-4085-9d48-55e37fca4d3a,naturalqa,how do you say zero fear in spanish,2,Pentagón Jr.
35c12d8f-04cc-4a48-ad8b-d0969fe608d5,naturalqa,who was buried in the rock-cut tombs at beni-hasan,1,Beni Hasan
501c6109-9f65-4549-96be-6d513849b828,naturalqa,judas priest defenders of the faith tour dates,1,Metal Conqueror Tour
a0c07e2d-99a1-44a8-99ef-e42f17ec395e,naturalqa,who wrote the song paint me a birmingham,1,Paint Me a Birmingham
9e6c8bd9-75a3-450d-9727-5fe3dd5c5ea8,naturalqa,what is the busiest station on the london underground,3,List of busiest London Underground stations
e107dc08-50d7-4f15-b363-74c70f778202,naturalqa,when did the song selfish by rihanna come out,1,Selfish (Future song)
b9472c74-98e5-4d0e-af17-4b799008badc,naturalqa,when do you need a hearing conservation program,1,Hearing conservation program
74d7ddd5-7ff9-45ef-bb76-40ba58ac8be9,naturalqa,who wrote the song something's gotta give,1,Something's Gotta Give (Johnny Mercer song)
04c2f805-fcae-42fe-878c-bd4b65b6e4fd,naturalqa,where does the napa valley wine train go,1,Napa Valley Wine Train
ab718570-3a68-4925-96c3-d5466b9a62dd,naturalqa,when do we find out who killed amy barnes,1,Amy Barnes
70f1855f-6397-416d-beb7-a06d0ca1ba83,naturalqa,where is the patent process referenced in the constitution of the united states,1,United States patent law
278653a4-47ed-4113-a1b0-2399a1ceaf14,naturalqa,what year did molissa fenley perform state of darkness,2,Molissa Fenley
94d6a3cc-0b53-4c17-b099-3198435d531c,naturalqa,how many fraternities and sororities are at miami university,1,Miami University
bf5d189b-95be-433d-a5d1-741c33f0538d,naturalqa,who led the revolt of 1857 in allahabad,1,Maulvi Liaquat Ali
b57ca4b6-270a-43ee-94b7-15526c79c73b,naturalqa,who does victoria justice play in zoey 101,3,Victoria Justice
0df93d33-2d5b-4276-873b-eb757ad32a85,naturalqa,who sings she only smokes when she drinks,1,She Only Smokes When She Drinks
0de2bd9d-dc31-4ee3-acd7-2bcba6d95b54,naturalqa,what ship was used in the movie magnum force,1,USS Rabaul
4caee934-f0dd-484a-b409-acd446e81cdb,naturalqa,who is principal secretary to prime minister of india,2,Nripendra Misra
073c2a08-384e-42af-bd54-94427eeefb85,naturalqa,how many embassies are there in washington dc,1,"List of diplomatic missions in Washington, D.C."
b3280207-812a-4dab-83ae-8bcfc4b1b3d9,naturalqa,when did from the d to the a release,1,Tee Grizzley
d831815b-772d-4089-a583-a1a5b50e7611,naturalqa,where does the last name atkinson come from,1,Atkinson (surname)
6348ef45-6a87-4ea9-a637-644daba3a33c,naturalqa,where is the 2017 mountain west championship game played,1,2017 Mountain West Conference Football Championship Game
50147706-a815-4f3e-a9d3-f8a7dc3e67fa,naturalqa,when does the movie eigth grade come out,1,Eighth Grade (film)
418d0f5e-39b1-4248-9428-7e5fb83ae732,naturalqa,which american inventor invented the commercial telegraph based on joseph henry work,1,Joseph Henry
0db3fe6c-ccbb-4d63-9ed5-063d81e556d0,naturalqa,where is oxbridge academy located in south africa,1,Oxbridge Academy (South Africa)
f2dfaab6-6930-4145-9315-e48d675506a4,naturalqa,who is known as the father of homeopathy,1,Samuel Hahnemann
2a7b4f9c-e9ef-43bb-980d-88fac4bb0053,naturalqa,when does the movie woman walks ahead come out,2,Woman Walks Ahead
d9fe4d9d-c270-48a0-83b0-58da3e0aa329,naturalqa,what vertebra is at the level of the iliac crest,1,Iliac crest
b713eea8-9661-4e71-aa89-fa82ee438163,naturalqa,who wrote a good heart is hard to find,1,A Good Heart
0b079adb-060d-4d55-9135-c93b793337e6,naturalqa,when did arthur fowler steal the christmas money,1,Arthur Fowler
7783cfac-355a-4bb3-86b4-9ab7bf840c79,naturalqa,who is the childhood prodigy who mastered the mandolin,5,U. Srinivas
52168ef1-a665-4dd1-946b-260af532d98b,naturalqa,who sang i love to laugh in mary poppins,1,I Love to Laugh
7aa7857c-5544-4fcf-83f1-90a1bacb4791,naturalqa,who sings she ain't worth the whiskey,2,Ain't Worth the Whiskey
83a57c76-0af4-48fb-9b1e-d5b15c3fa54f,naturalqa,when did mario kart come out on wii,1,Mario Kart Wii
13fb1195-c1a2-477f-9955-5da19c130422,naturalqa,who wrote in the heart of the night,1,Heart of the Night (song)
120c9ac6-98af-4f79-8b15-7322d8dd0dc4,naturalqa,what was bill cosby's job in the cosby show,1,Cliff Huxtable
09db4ed5-5a50-4183-b18e-9bea5e40ab48,naturalqa,how many eiffel towers are there in the world,1,Eiffel Tower replicas and derivatives
05268f7e-1589-4217-bfff-596a72e4ac96,naturalqa,where does the san fermin festival take place,1,San Fermín
9463a750-d1f4-4df3-920c-d6d0aacf012f,naturalqa,who plays jacqueline in the devil wears prada,1,Stéphanie Szostak
05601fe3-53db-4672-b170-026d158dd6cb,naturalqa,who sang please don't talk to the lifeguard,1,Please Don't Talk to the Lifeguard
1deb5a7f-8ffd-4673-a6c3-377b2c2ca5b0,naturalqa,who does tom have an affair with desperate housewives,1,Tom Scavo
abc3f703-100b-402a-a859-a7c679860ff7,naturalqa,synthetic approaches to instruction are also known as what kind of approach to instruction,1,Synthetic phonics
9c0a85ec-3a17-4582-8637-5cba0663bf1a,naturalqa,when is the constellation perseus visible in the northern hemisphere,1,Perseus (constellation)
d23862f4-d471-45c8-a9e2-0ded2f638719,naturalqa,what number does the bars of tres zapotes represent,1,Tres Zapotes
759a3d4e-ac7c-4abe-85fe-2f319b446e15,naturalqa,when did o level grades change from numbers to letters,1,GCE Ordinary Level (United Kingdom)
856c60b6-903a-4e0b-a290-7fc2ef3de543,naturalqa,where does my grandmother asked me to tell you shes sorry take place,1,My Grandmother Asked Me to Tell You She's Sorry
9576171a-9d0b-4b56-bede-c4c8af896a50,naturalqa,first secretary of defense for the united states,1,James Forrestal
8f8d7e0b-8910-4c87-b3a6-c6a2f80c4030,naturalqa,who voiced uncle ted on bobby's world,1,Bobby's World
9f20cd83-3e8c-4035-82e8-3a9614cb259b,naturalqa,who was the second pope of the catholic church,4,Pope Linus
475ea5ac-9304-40db-becd-248799ae9fc1,naturalqa,when is the world figure skating championships 2018,1,2018 World Figure Skating Championships
655b553d-b2c5-4537-b2d0-081fb434ad48,naturalqa,when did bill knapps go out of business,1,Bill Knapp's
95738924-bcfc-45f8-bd29-48c03c6c4770,naturalqa,when does the champions league group stages start,1,2017–18 UEFA Champions League group stage
1f6f3943-64b1-4cb0-b2d2-b4a37da37181,naturalqa,macbeth drama in kannada was written by which author,1,Ramachandra Deva
63d1fa8c-2797-4dff-accb-402874a67636,naturalqa,who did the panthers lose to in the playoffs last year,1,2017 Carolina Panthers season
653c2398-0c3c-4414-a3a8-c4ac818aca82,naturalqa,where does the movie revolutionary road take place,1,Revolutionary Road (film)
82d1af2c-e5fc-4737-8872-b9b5fd2c1598,naturalqa,on what day of the year is the sun near the star regulus (alpha leo),1,Regulus
4f2576b5-cd0e-4da6-b308-b1cea1d89571,naturalqa,when do symptoms of axon damage show up,1,Diffuse axonal injury
09ee1c68-7198-4fe8-8164-71a171cbd490,naturalqa,what is the top of a pyramid called,4,Pyramidion
6a89ba95-c14e-4be3-8108-17977ca8e57d,naturalqa,what does nec aspera terrent mean in english,1,27th Infantry Regiment (United States)
3f2261a1-0c1a-459c-8daf-479bfd184dd7,naturalqa,how many dd's discount stores are there,1,Ross Stores
31f22d39-d937-493d-b0ef-4d3ae7473e64,naturalqa,who is the girl in crawling linkin park video,1,Crawling (song)
0958b7c5-40b3-464c-8e28-cecef2150365,naturalqa,what continent is new zealand part of map,4,Zealandia
8c3bf1c1-dc01-45df-b7fa-371dc469aac3,naturalqa,according to john hopkins university what is the color of the universe,1,Cosmic latte
7fc27155-ed24-4646-9bbd-55910b2cedb2,naturalqa,who played aunt ethel on sanford and son,1,Esther Anderson (Sanford and Son)
12429974-6802-47a9-b23f-509d8f3ae9c8,naturalqa,begum akhtar specialised in which form of vocal music,1,Begum Akhtar
1160f607-cab6-4a81-8470-14bf468d0bb6,naturalqa,how much data does the large hadron collider produce,1,Worldwide LHC Computing Grid
ecc4bfba-0824-4ce7-a0a5-be49d84d4e0b,naturalqa,acral gangrene is a complication of which disease,1,Acral necrosis
5bfa99a9-685b-4231-b55e-c8701e77bb72,naturalqa,where did the idea of a messiah come from,2,Messiah in Judaism
dd92d7db-65ce-47ca-b27a-71be066d87c4,naturalqa,who plays emily and katie's dad in skins,1,Katie and Emily
32422c5e-6375-430f-8391-c8c9e2303d77,naturalqa,where did the denver broncos coach come from,1,Vance Joseph
b6c1bf6b-612e-4d23-bbc5-af01be7a8457,naturalqa,who sings the song if i die before i wake feed jake,1,Feed Jake
341c5a2f-0145-471c-a69d-6b7f0e717cc1,naturalqa,who selects georgia's state superintendent of schools,1,Georgia Department of Education
d8f4104d-44e0-4ec0-a4e4-f589379775e2,naturalqa,who pitched the first no-hitter in orioles history,1,List of Baltimore Orioles no-hitters
4b5cd469-ce39-4ef4-ac9b-c7b2a0776cb2,naturalqa,what type of currency is used in afghanistan,5,Afghan afghani
4c371d64-def0-4cf3-b08e-3fbf3b823aea,naturalqa,who sings zoom zoom zoom and a boom boom,1,Rump Shaker (song)
4af0944d-c3ec-4a31-b9f0-2bc7dda1f463,naturalqa,who owns the old course hotel st andrews,1,Old Course Hotel
5e819854-8c5e-4dd1-b07f-27b8c227547e,naturalqa,who is talking at the beginning of wale matrimony,1,The Matrimony (song)
d1549e91-ca63-4e8e-bd84-11333c219f73,naturalqa,super glue was discovered by accident during development research on what,1,Harry Coover
d4cd764f-d408-48e1-93e8-ce9efb4de994,naturalqa,where is the nehru boat race held in india,1,Nehru Trophy Boat Race
f23a3530-493f-4cbb-9a05-7a4c779c2e5c,naturalqa,what is the system of government in indonesia,1,Politics of Indonesia
24a54b34-c219-44b6-9c18-320176e6fe71,naturalqa,what does nam mo a di da phat mean,1,Buddhism in Senegal
aca219cd-0304-448e-970a-ae4d935f40d6,naturalqa,what is the population of co op city,1,"Co-op City, Bronx"
6cacc34c-9908-4461-bd20-94392f195796,naturalqa,who played sax on a million love songs,1,A Million Love Songs
c780a5fc-36b3-486c-917b-63691e80e158,naturalqa,when did st george last win the grand final,1,2010 NRL Grand Final
094f6482-cea7-46f3-aac8-50d610f3d49e,naturalqa,when do the swallows go back to capistrano,1,When the Swallows Come Back to Capistrano
b1cb4688-3086-4262-9611-852659b85f5d,naturalqa,where is the harley davidson street 750 made,1,Harley-Davidson Street
c8d95aa0-bf6d-4b8c-a057-d3b9e2ac547d,naturalqa,who did the brewers get for khris davis,1,Khris Davis
dc49b3a1-729b-4673-95aa-f3cc723997d1,naturalqa,the negro act of 1740 was a reaction to what,1,Negro Act of 1740
faecbc42-d3fe-4f5d-9adf-98fe0a934001,naturalqa,when did full throttle open at six flags,2,Full Throttle (roller coaster)
561058c5-481a-47ad-b6f3-2e1584eacaee,naturalqa,this person was a long-standing leader of the dravidian movement,1,M. Karunanidhi
5e0cc0b2-9bcf-48a2-bce3-87c75710cfb2,naturalqa,when was the temple of hercules victor built,1,Temple of Hercules Victor
3bc6802b-a987-4fca-8105-275e75e77017,naturalqa,who plays papi jr in beverly hills chihuahua 2,1,Beverly Hills Chihuahua 2
07eace9c-2b78-4d0e-9858-a8a26501981d,naturalqa,the barkana waterfalls is located in which state,1,Barkana Falls
423a5f5a-094b-4c22-abef-22b97cf15e85,naturalqa,how many rings does kenny the jet smith have,1,Kenny Smith
e0d764cc-dc8f-4ef2-baed-7af0d5496c70,naturalqa,how many seasons of young dracula are there,2,List of Young Dracula episodes
5b186405-1f78-48b6-b2fc-b0089959f350,naturalqa,who's the captain of the new jersey devils,1,Andy Greene
85313a78-700a-4773-aed0-25ea0b6f74a2,naturalqa,where did andy sail to in the office,1,The Boat (The Office)
a5bba2af-54ce-4c07-9e82-d5363bb06630,naturalqa,who is credited with bringing intelligence testing to the united states,1,Henry H. Goddard
7f4213a0-7f5e-478f-8aff-e6e935c632b6,naturalqa,give an example of an application use of thermal death time,1,Thermal death time
0ffbb1b4-95aa-4250-8ffa-f890e528c7c4,naturalqa,who sang one step forward two steps back,1,One Step Forward
366e9cb3-5934-483a-ac71-710541902138,naturalqa,in damon and pythias why does damon offer to take pythias's place in prison,1,Damon and Pythias
6dd776a5-c337-4765-9ab0-1f19fd19e905,naturalqa,the current value in the arc welding is decided by,1,Arc welding
16cbde4b-7072-4cef-8287-8efa531b8421,naturalqa,the first model playground in the united states was,1,Playground
3ea88bb1-1a69-484c-9009-817edba36da6,naturalqa,who sings got you where i want you,2,Got You (Where I Want You)
25ecf674-79ad-4ed4-9406-c33f8c2ab173,naturalqa,who wrote hell is the impossibility of reason,2,The Impossibility of Reason
e9053d98-4e7f-4d6f-b89c-b065ee1c3b4f,naturalqa,when does rebel in the rye come out,2,Rebel in the Rye
5fce97d1-610a-459a-ac6e-44581f053c5f,naturalqa,who was the leader of the french in the french and indian war,1,George Washington in the French and Indian War
ef70ecf8-89eb-44dc-8e01-f0215ed0f0ce,naturalqa,when did the sony alpha a6000 come out,1,Sony α6000
849d92de-5f3b-4eae-a764-37364e7e58fa,naturalqa,who does the voice of paulie the bird,1,Paulie
3e1d60c0-0293-4f1e-b3d7-b673c29a0abb,naturalqa,where is the location of the dining room in relation to kitchen and serving area,1,Dining room
4863a683-7f86-4bd6-932d-2b000183aede,naturalqa,where did hurricane edith make landfall in 1971,1,Hurricane Edith (1971)
9f0c3f6f-403c-4160-aff0-9e46e427a1a9,naturalqa,down by the river lyrics milky chance meaning,1,Down by the River (Milky Chance song)
0b151daf-1483-49cd-820b-cfbd77e2dbff,naturalqa,who sings the dumb ways to die song,1,Dumb Ways to Die
5d6612ac-b289-425e-aa8a-0ffe17e07417,naturalqa,when is mating season for white tailed deer,1,Rut (mammalian reproduction)
6bb6e54e-9217-4d12-920f-2a065bbd2bb1,naturalqa,what kind of processor is in a ps4,1,PlayStation 4 technical specifications
ec38696e-567a-4ec9-aa50-070459771d6e,naturalqa,where would phase contrast microscopy improve image quality,1,Phase-contrast microscopy
0f596904-3f28-4bbf-a5dd-1dc681fc3565,naturalqa,how many number 1 hits did van halen have,1,Van Halen discography
375fdfd4-d553-4fa3-b9b5-55607133ef74,naturalqa,what does it mean when you flood your engine,1,Flooded engine
3924c9fc-fd86-4711-80f0-711b4b225c60,naturalqa,the washing or irrigating of the sinuses of patients who are failing to respond to treatment,1,Antral lavage
ad3f6cb6-016b-46ff-8834-8f8b2aad8fef,naturalqa,when did the international house of prayer start,1,International House of Prayer
9f29528d-83fb-4f49-9c64-e0103730c9ac,naturalqa,what is a echogenic focus on an ultrasound,1,Echogenic intracardiac focus
16dc6e6e-1f77-498c-b6ca-bd8d9ffef4e7,naturalqa,who sang hold on to what you got,1,Hold What You've Got
7dedbacd-f8c8-4db3-8ab9-2d93bbc7020c,naturalqa,who plays chris on fear the walking dead,1,Lorenzo James Henrie
1fe16b57-d6ff-4cc2-aa03-efe6d814140d,naturalqa,who sang loving you has made me bananas,1,Loving You Has Made Me Bananas
065963cd-dbe8-488e-afa9-ca1a470b1d13,naturalqa,who did oliver valentine marry in holby city,1,Oliver Valentine
6e7f4753-4f2e-4fd1-bb11-fdb51f9e68a6,naturalqa,trains from kings cross to central station sydney,1,"Kings Cross railway station, Sydney"
815e1bd7-6f6f-4027-9e7b-de4a9b24f493,naturalqa,when is the jim jefferies show coming back to comedy central,1,The Jim Jefferies Show
5bb53fb4-f1ab-4334-bfa6-9577eea20b05,naturalqa,when was model secondary school for the deaf founded,1,Model Secondary School for the Deaf
b7b3b398-5b43-49e5-93d5-aba655add326,naturalqa,when did the maverick at cedar point open,1,Maverick (roller coaster)
620ffaf6-9078-4db6-86a0-d17ca825f0fe,naturalqa,what county is st vincent's hospital in oregon,1,Providence St. Vincent Medical Center
358f7131-e164-4fd7-98d0-bf5522e53fcb,naturalqa,what is the death penalty in south korea,1,Capital punishment in South Korea
e7caa8c2-48fb-447a-ae16-c6641af8335d,naturalqa,what is meant by segmentation in image processing,1,Image segmentation
63a37092-fc9d-4c24-95a2-8e14187ec1b2,naturalqa,who owns the golden lamb in lebanon ohio,1,Golden Lamb Inn
446e81af-6e8a-42d2-8216-21ba494d0be6,naturalqa,where does the last name roybal come from,1,Roybal
6af02871-12c6-43fe-8580-7ea0c96125ad,naturalqa,who sings timber i'm falling in love,1,"Timber, I'm Falling in Love"
2814043b-db5e-4cd1-8a42-6138c4cb29fb,naturalqa,what does tmz stand for on the tv show,1,TMZ
f8d429ce-ef4a-4333-81fa-a4e329a62c97,naturalqa,when was the federal bureau of narcotics (now the dea) established,1,Federal Bureau of Narcotics
9771eed2-02ed-4f5d-9c23-43e8a1e9e6df,naturalqa,most points by nhl player in one game,1,List of players with eight or more points in an NHL game
bd0ae995-90b7-4337-8b2e-11f7be1516c5,naturalqa,who wrote lord have mercy on the working man,1,Lord Have Mercy on the Working Man
3d8f85b1-0db5-4d64-a94a-cd3112a0f8b8,naturalqa,two examples where low voltage transformers are used,1,Transformer types
09f78ab2-4fb1-4830-a787-cedffafa49c7,naturalqa,when was the r10+20 summit in rio de janeiro held,1,United Nations Conference on Sustainable Development
0c452066-c52e-4790-a605-dd6ca52e6d33,naturalqa,when did david akers kick the 63 yard field goal,1,David Akers
8e68b25c-81b8-4461-bbb2-45acae8ed359,naturalqa,what does the sun represent on the uruguay flag,1,Flag of Uruguay
02dce04c-eff1-4a64-8944-9e2577b3c25f,naturalqa,ambulatory is a term used in health care to describe,1,Ambulatory care
2cf03c06-6147-41b3-b231-a149226041a8,naturalqa,who played mr. willoughby in sense and sensibility,1,Greg Wise
5c55ab79-d75e-4e8e-a138-b6011fe99048,naturalqa,where does the river irk start and finish,1,River Irk
14d72c1e-64e9-4ba2-8f49-f56c989ff5a6,naturalqa,who gave a speech to the democratic national convention in 1984,1,1984 Democratic National Convention
bed7f5b4-5f1d-4f4c-804f-55f89296ff5c,naturalqa,what is the oldest street in the philippines,1,Colon Street
1cf50345-8af1-4ee7-bcc1-2c0a702e85c5,naturalqa,who sang the song oh what a lonely boy,1,Lonely Boy (Andrew Gold song)
569c2f3c-fa4e-4d63-b3fa-7e074d26ee2f,naturalqa,the intermaxillary segment formed by the fusion of the,1,Intermaxillary segment
30022686-db0c-45bc-bff4-ae032dd38fd3,naturalqa,author of the hymn great is thy faithfulness,1,Great Is Thy Faithfulness
06219aa5-92a7-4a92-b74f-d92061d2d847,naturalqa,who played the detective in little boy blue,1,Little Boy Blue (TV series)
6cc74acc-ff73-4f4c-bfd4-43176e1144e1,naturalqa,who killed missy in a bend in the road,1,A Bend in the Road
09dacc5e-8897-4d63-94d8-fadfcfad51b1,naturalqa,who said have you no sense of decency,1,Joseph N. Welch
316834da-31b3-4e50-a7b6-15ddf4c3272e,naturalqa,why was the battle of carnifex ferry important,1,Battle of Carnifex Ferry
90d028c9-1515-44e9-9bfe-3913c34d30c0,naturalqa,ajay devgan preity zinta and madhuri dixit movie,1,Yeh Raaste Hain Pyaar Ke
82b63fab-fb7a-462f-a7d1-5dae9997a038,naturalqa,who invented the submarine during the civil war,2,H. L. Hunley (submarine)
65e66530-5181-4e2c-ac79-8e87fa428ca7,naturalqa,when did athens emerges as wealthiest greek city state,1,Economic history of Greece and the Greek world
7ddb9352-d380-447c-8478-60cfc9227c80,naturalqa,what is the origin of the name marilyn,1,Marilyn (given name)
0078f48f-b72d-4b72-b386-cc4086c9e9ee,naturalqa,who sings i feel love with the blue man group,2,Venus Hum
702a5f8b-b978-47c5-8db3-fae23e5dc6e6,naturalqa,where did the battle of corinth take place,5,Siege of Corinth
889f4bb9-3edd-418c-85ba-2dacc801fd56,naturalqa,when did brent barry won the dunk contest,2,Brent Barry
ed4a8ac4-865e-450e-a9ef-82e48abd3653,naturalqa,what type of joint connects the incus with the malleus,1,Incudomalleolar joint
fcfb8d25-069f-4934-b649-dd31aebaa661,naturalqa,when was the day that the pubs ran dry in the poem 9-3,1,Llanelli RFC
6f8912fe-2506-43c2-a729-12d716043c5f,naturalqa,who designed the traffic circle in long beach ca,1,Los Alamitos Circle
947aec7e-ebf5-4eeb-9bf4-204f8deb79f4,naturalqa,the oligodynamic effect is a phenomenon that describes,1,Oligodynamic effect
a4fdfc3e-f77f-407a-8d16-781d5720e7fd,naturalqa,where does kfc get their chicken in south africa,1,KFC in South Africa
d5e1769b-40cc-43e7-9f64-f8ebff4fdbcb,naturalqa,who was the first executive president of guyana,2,Arthur Chung
c24062ec-7f86-4b59-b21d-db66b716c6d9,naturalqa,who was the famous scientist that ran the research lab moseley went to in manchester,1,Henry Moseley
02c08840-2fde-4cf7-8d6f-e0f3df7978a4,naturalqa,who plays the lion in the movie zookeeper,1,Zookeeper (film)
201370b6-7dc9-4892-af81-2ca62b6aea28,naturalqa,when did radio shack change to the source,1,The Source (retailer)
c6732c6a-caa6-4301-ba5b-489a4802e528,naturalqa,what is the processor for google nexus 5,1,Nexus 5
